ISO-10303-21;
HEADER;
/* META-MATIC-ID: 2b8c56eccc0e */
FILE_DESCRIPTION(('Pan head screw - meta-matic-generator 1.2'),'2;1');
FILE_NAME('Pan head screw_2b8c56eccc0e','2026-07-06T03:15:57',('Takahashi Mizuki @tkhsmz'),('meta-matic.com'),'meta-matic-generator 1.2','Open CASCADE','META-MATIC-ID: 2b8c56eccc0e');
FILE_SCHEMA(('AUTOMOTIVE_DESIGN { 1 0 10303 214 1 1 1 1 }'));
ENDSEC;
DATA;
#1 = APPLICATION_PROTOCOL_DEFINITION('international standard',
  'automotive_design',2000,#2);
#2 = APPLICATION_CONTEXT(
  'core data for automotive mechanical design processes');
#3 = SHAPE_DEFINITION_REPRESENTATION(#4,#10);
#4 = PRODUCT_DEFINITION_SHAPE('','',#5);
#5 = PRODUCT_DEFINITION('design','',#6,#9);
#6 = PRODUCT_DEFINITION_FORMATION('','',#7);
#7 = PRODUCT('2b8c56eccc0e',
  'Pan head screw - meta-matic-generator 1.2 [2b8c56eccc0e]','',(#8));
#8 = PRODUCT_CONTEXT('',#2,'mechanical');
#9 = PRODUCT_DEFINITION_CONTEXT('part definition',#2,'design');
#10 = ADVANCED_BREP_SHAPE_REPRESENTATION('',(#11,#15),#9854);
#11 = AXIS2_PLACEMENT_3D('',#12,#13,#14);
#12 = CARTESIAN_POINT('',(0.,0.,0.));
#13 = DIRECTION('',(0.,0.,1.));
#14 = DIRECTION('',(1.,0.,-0.));
#15 = MANIFOLD_SOLID_BREP('',#16);
#16 = CLOSED_SHELL('',(#17,#335,#390,#553,#1518,#1565,#2225,#3215,#3378,
    #3845,#3872,#3879,#4146,#4200,#4231,#4238,#4292,#4323,#4330,#4384,
    #4415,#4422,#4476,#4507,#4514,#4564,#5253,#5569,#6228,#6391,#6858,
    #6865,#6924,#7857,#8173,#8885,#8960,#9321,#9349,#9356,#9388,#9468,
    #9769,#9824,#9848));
#17 = ADVANCED_FACE('',(#18,#54),#31,.F.);
#18 = FACE_BOUND('',#19,.T.);
#19 = EDGE_LOOP('',(#20));
#20 = ORIENTED_EDGE('',*,*,#21,.F.);
#21 = EDGE_CURVE('',#22,#22,#24,.T.);
#22 = VERTEX_POINT('',#23);
#23 = CARTESIAN_POINT('',(2.8,0.,-2.4));
#24 = SURFACE_CURVE('',#25,(#30,#42),.PCURVE_S1.);
#25 = CIRCLE('',#26,2.8);
#26 = AXIS2_PLACEMENT_3D('',#27,#28,#29);
#27 = CARTESIAN_POINT('',(0.,0.,-2.4));
#28 = DIRECTION('',(0.,0.,1.));
#29 = DIRECTION('',(1.,0.,-0.));
#30 = PCURVE('',#31,#36);
#31 = PLANE('',#32);
#32 = AXIS2_PLACEMENT_3D('',#33,#34,#35);
#33 = CARTESIAN_POINT('',(0.,0.,-2.4));
#34 = DIRECTION('',(0.,0.,1.));
#35 = DIRECTION('',(1.,0.,-0.));
#36 = DEFINITIONAL_REPRESENTATION('',(#37),#41);
#37 = CIRCLE('',#38,2.8);
#38 = AXIS2_PLACEMENT_2D('',#39,#40);
#39 = CARTESIAN_POINT('',(0.,0.));
#40 = DIRECTION('',(1.,-0.));
#41 = ( GEOMETRIC_REPRESENTATION_CONTEXT(2) 
PARAMETRIC_REPRESENTATION_CONTEXT() REPRESENTATION_CONTEXT('2D SPACE',''
  ) );
#42 = PCURVE('',#43,#48);
#43 = CYLINDRICAL_SURFACE('',#44,2.8);
#44 = AXIS2_PLACEMENT_3D('',#45,#46,#47);
#45 = CARTESIAN_POINT('',(0.,0.,-2.4));
#46 = DIRECTION('',(0.,0.,1.));
#47 = DIRECTION('',(1.,0.,-0.));
#48 = DEFINITIONAL_REPRESENTATION('',(#49),#53);
#49 = LINE('',#50,#51);
#50 = CARTESIAN_POINT('',(0.,0.));
#51 = VECTOR('',#52,1.);
#52 = DIRECTION('',(1.,0.));
#53 = ( GEOMETRIC_REPRESENTATION_CONTEXT(2) 
PARAMETRIC_REPRESENTATION_CONTEXT() REPRESENTATION_CONTEXT('2D SPACE',''
  ) );
#54 = FACE_BOUND('',#55,.T.);
#55 = EDGE_LOOP('',(#56,#85,#114));
#56 = ORIENTED_EDGE('',*,*,#57,.F.);
#57 = EDGE_CURVE('',#58,#60,#62,.T.);
#58 = VERTEX_POINT('',#59);
#59 = CARTESIAN_POINT('',(1.399999976321,2.574892905355E-04,-2.4));
#60 = VERTEX_POINT('',#61);
#61 = CARTESIAN_POINT('',(1.0752404736,1.221245327088E-15,-2.4));
#62 = SURFACE_CURVE('',#63,(#67,#74),.PCURVE_S1.);
#63 = LINE('',#64,#65);
#64 = CARTESIAN_POINT('',(0.698923665495,-2.983670904877E-04,-2.4));
#65 = VECTOR('',#66,1.);
#66 = DIRECTION('',(-0.999999685686,-7.92861201735E-04,0.));
#67 = PCURVE('',#31,#68);
#68 = DEFINITIONAL_REPRESENTATION('',(#69),#73);
#69 = LINE('',#70,#71);
#70 = CARTESIAN_POINT('',(0.698923665495,-2.983670904877E-04));
#71 = VECTOR('',#72,1.);
#72 = DIRECTION('',(-0.999999685686,-7.92861201735E-04));
#73 = ( GEOMETRIC_REPRESENTATION_CONTEXT(2) 
PARAMETRIC_REPRESENTATION_CONTEXT() REPRESENTATION_CONTEXT('2D SPACE',''
  ) );
#74 = PCURVE('',#75,#80);
#75 = PLANE('',#76);
#76 = AXIS2_PLACEMENT_3D('',#77,#78,#79);
#77 = CARTESIAN_POINT('',(1.397846655616,2.550849891341E-04,
    -2.399990577797));
#78 = DIRECTION('',(-7.907006235604E-04,0.997274646939,
    7.377434083563E-02));
#79 = DIRECTION('',(-1.355252715607E-20,-7.377436389778E-02,
    0.997274958691));
#80 = DEFINITIONAL_REPRESENTATION('',(#81),#84);
#81 = B_SPLINE_CURVE_WITH_KNOTS('',1,(#82,#83),.UNSPECIFIED.,.F.,.F.,(2,
    2),(-0.701076554863,-0.376316926387),.PIECEWISE_BEZIER_KNOTS.);
#82 = CARTESIAN_POINT('',(-9.573904180058E-06,2.153345057397E-03));
#83 = CARTESIAN_POINT('',(9.422205824693E-06,-0.322606282864));
#84 = ( GEOMETRIC_REPRESENTATION_CONTEXT(2) 
PARAMETRIC_REPRESENTATION_CONTEXT() REPRESENTATION_CONTEXT('2D SPACE',''
  ) );
#85 = ORIENTED_EDGE('',*,*,#86,.T.);
#86 = EDGE_CURVE('',#58,#87,#89,.T.);
#87 = VERTEX_POINT('',#88);
#88 = CARTESIAN_POINT('',(-0.369370835561,-1.350394455645,-2.4));
#89 = SURFACE_CURVE('',#90,(#95,#102),.PCURVE_S1.);
#90 = CIRCLE('',#91,1.4);
#91 = AXIS2_PLACEMENT_3D('',#92,#93,#94);
#92 = CARTESIAN_POINT('',(0.,0.,-2.4));
#93 = DIRECTION('',(0.,0.,1.));
#94 = DIRECTION('',(1.,0.,-0.));
#95 = PCURVE('',#31,#96);
#96 = DEFINITIONAL_REPRESENTATION('',(#97),#101);
#97 = CIRCLE('',#98,1.4);
#98 = AXIS2_PLACEMENT_2D('',#99,#100);
#99 = CARTESIAN_POINT('',(0.,0.));
#100 = DIRECTION('',(1.,-0.));
#101 = ( GEOMETRIC_REPRESENTATION_CONTEXT(2) 
PARAMETRIC_REPRESENTATION_CONTEXT() REPRESENTATION_CONTEXT('2D SPACE',''
  ) );
#102 = PCURVE('',#103,#108);
#103 = CYLINDRICAL_SURFACE('',#104,1.4);
#104 = AXIS2_PLACEMENT_3D('',#105,#106,#107);
#105 = CARTESIAN_POINT('',(0.,0.,-7.4));
#106 = DIRECTION('',(0.,0.,1.));
#107 = DIRECTION('',(1.,0.,-0.));
#108 = DEFINITIONAL_REPRESENTATION('',(#109),#113);
#109 = LINE('',#110,#111);
#110 = CARTESIAN_POINT('',(0.,5.));
#111 = VECTOR('',#112,1.);
#112 = DIRECTION('',(1.,0.));
#113 = ( GEOMETRIC_REPRESENTATION_CONTEXT(2) 
PARAMETRIC_REPRESENTATION_CONTEXT() REPRESENTATION_CONTEXT('2D SPACE',''
  ) );
#114 = ORIENTED_EDGE('',*,*,#115,.F.);
#115 = EDGE_CURVE('',#60,#87,#116,.T.);
#116 = SURFACE_CURVE('',#117,(#150,#186),.PCURVE_S1.);
#117 = B_SPLINE_CURVE_WITH_KNOTS('',6,(#118,#119,#120,#121,#122,#123,
    #124,#125,#126,#127,#128,#129,#130,#131,#132,#133,#134,#135,#136,
    #137,#138,#139,#140,#141,#142,#143,#144,#145,#146,#147,#148,#149),
  .UNSPECIFIED.,.F.,.F.,(7,5,5,5,5,5,7),(0.,0.154911780284,
    0.365311023675,0.491985981775,0.636568721263,0.804210461195,1.),
  .UNSPECIFIED.);
#118 = CARTESIAN_POINT('',(1.0752404736,1.110223024625E-15,-2.4));
#119 = CARTESIAN_POINT('',(1.090152715354,-9.056077787149E-02,-2.4));
#120 = CARTESIAN_POINT('',(1.095638292224,-0.182717699396,-2.4));
#121 = CARTESIAN_POINT('',(1.091692115283,-0.27520252572,-2.4));
#122 = CARTESIAN_POINT('',(1.078542373664,-0.366841591598,-2.4));
#123 = CARTESIAN_POINT('',(1.056545040987,-0.456562693533,-2.4));
#124 = CARTESIAN_POINT('',(0.984994964462,-0.661326692856,-2.4));
#125 = CARTESIAN_POINT('',(0.928380909983,-0.77396514836,-2.4));
#126 = CARTESIAN_POINT('',(0.857606020456,-0.878866400874,-2.4));
#127 = CARTESIAN_POINT('',(0.77432228792,-0.974119558196,-2.4));
#128 = CARTESIAN_POINT('',(0.680371999564,-1.058205312867,-2.4));
#129 = CARTESIAN_POINT('',(0.516108166072,-1.173291093102,-2.4));
#130 = CARTESIAN_POINT('',(0.451250215056,-1.21211128161,-2.4));
#131 = CARTESIAN_POINT('',(0.383705112559,-1.246271261849,-2.4));
#132 = CARTESIAN_POINT('',(0.313918991786,-1.275602687047,-2.4));
#133 = CARTESIAN_POINT('',(0.24234125271,-1.299993220502,-2.4));
#134 = CARTESIAN_POINT('',(8.619203367261E-02,-1.341508683094,-2.4));
#135 = CARTESIAN_POINT('',(1.208796827281E-03,-1.357120355808,-2.4));
#136 = CARTESIAN_POINT('',(-8.486207401609E-02,-1.366124703918,-2.4));
#137 = CARTESIAN_POINT('',(-0.171375526743,-1.368519691665,-2.4));
#138 = CARTESIAN_POINT('',(-0.257710251909,-1.36438199669,-2.4));
#139 = CARTESIAN_POINT('',(-0.442477065403,-1.341653124539,-2.4));
#140 = CARTESIAN_POINT('',(-0.540652236705,-1.320861261154,-2.4));
#141 = CARTESIAN_POINT('',(-0.636868651453,-1.291707056187,-2.4));
#142 = CARTESIAN_POINT('',(-0.730285830288,-1.254541448326,-2.4));
#143 = CARTESIAN_POINT('',(-0.820139492094,-1.209802650531,-2.4));
#144 = CARTESIAN_POINT('',(-1.005722069722,-1.097545793167,-2.4));
#145 = CARTESIAN_POINT('',(-1.099919728276,-1.027454832463,-2.4));
#146 = CARTESIAN_POINT('',(-1.1872450905,-0.948586677139,-2.4));
#147 = CARTESIAN_POINT('',(-1.266816703315,-0.861906245915,-2.4));
#148 = CARTESIAN_POINT('',(-1.337915891383,-0.768450939459,-2.4));
#149 = CARTESIAN_POINT('',(-1.4,-0.66934220184,-2.4));
#150 = PCURVE('',#31,#151);
#151 = DEFINITIONAL_REPRESENTATION('',(#152),#185);
#152 = B_SPLINE_CURVE_WITH_KNOTS('',6,(#153,#154,#155,#156,#157,#158,
    #159,#160,#161,#162,#163,#164,#165,#166,#167,#168,#169,#170,#171,
    #172,#173,#174,#175,#176,#177,#178,#179,#180,#181,#182,#183,#184),
  .UNSPECIFIED.,.F.,.F.,(7,5,5,5,5,5,7),(0.,0.154911780284,
    0.365311023675,0.491985981775,0.636568721263,0.804210461195,1.),
  .UNSPECIFIED.);
#153 = CARTESIAN_POINT('',(1.0752404736,1.110223024625E-15));
#154 = CARTESIAN_POINT('',(1.090152715354,-9.056077787149E-02));
#155 = CARTESIAN_POINT('',(1.095638292224,-0.182717699396));
#156 = CARTESIAN_POINT('',(1.091692115283,-0.27520252572));
#157 = CARTESIAN_POINT('',(1.078542373664,-0.366841591598));
#158 = CARTESIAN_POINT('',(1.056545040987,-0.456562693533));
#159 = CARTESIAN_POINT('',(0.984994964462,-0.661326692856));
#160 = CARTESIAN_POINT('',(0.928380909983,-0.77396514836));
#161 = CARTESIAN_POINT('',(0.857606020456,-0.878866400874));
#162 = CARTESIAN_POINT('',(0.77432228792,-0.974119558196));
#163 = CARTESIAN_POINT('',(0.680371999564,-1.058205312867));
#164 = CARTESIAN_POINT('',(0.516108166072,-1.173291093102));
#165 = CARTESIAN_POINT('',(0.451250215056,-1.21211128161));
#166 = CARTESIAN_POINT('',(0.383705112559,-1.246271261849));
#167 = CARTESIAN_POINT('',(0.313918991786,-1.275602687047));
#168 = CARTESIAN_POINT('',(0.24234125271,-1.299993220502));
#169 = CARTESIAN_POINT('',(8.619203367261E-02,-1.341508683094));
#170 = CARTESIAN_POINT('',(1.208796827281E-03,-1.357120355808));
#171 = CARTESIAN_POINT('',(-8.486207401609E-02,-1.366124703918));
#172 = CARTESIAN_POINT('',(-0.171375526743,-1.368519691665));
#173 = CARTESIAN_POINT('',(-0.257710251909,-1.36438199669));
#174 = CARTESIAN_POINT('',(-0.442477065403,-1.341653124539));
#175 = CARTESIAN_POINT('',(-0.540652236705,-1.320861261154));
#176 = CARTESIAN_POINT('',(-0.636868651453,-1.291707056187));
#177 = CARTESIAN_POINT('',(-0.730285830288,-1.254541448326));
#178 = CARTESIAN_POINT('',(-0.820139492094,-1.209802650531));
#179 = CARTESIAN_POINT('',(-1.005722069722,-1.097545793167));
#180 = CARTESIAN_POINT('',(-1.099919728276,-1.027454832463));
#181 = CARTESIAN_POINT('',(-1.1872450905,-0.948586677139));
#182 = CARTESIAN_POINT('',(-1.266816703315,-0.861906245915));
#183 = CARTESIAN_POINT('',(-1.337915891383,-0.768450939459));
#184 = CARTESIAN_POINT('',(-1.4,-0.66934220184));
#185 = ( GEOMETRIC_REPRESENTATION_CONTEXT(2) 
PARAMETRIC_REPRESENTATION_CONTEXT() REPRESENTATION_CONTEXT('2D SPACE',''
  ) );
#186 = PCURVE('',#187,#300);
#187 = B_SPLINE_SURFACE_WITH_KNOTS('',1,10,(
    (#188,#189,#190,#191,#192,#193,#194,#195,#196,#197,#198,#199,#200
      ,#201,#202,#203,#204,#205,#206,#207,#208,#209,#210,#211,#212,#213
      ,#214,#215,#216,#217,#218,#219,#220,#221,#222,#223,#224,#225,#226
      ,#227,#228,#229,#230,#231,#232,#233,#234,#235,#236,#237,#238,#239
      ,#240,#241,#242,#243)
    ,(#244,#245,#246,#247,#248,#249,#250,#251,#252,#253,#254,#255,#256
      ,#257,#258,#259,#260,#261,#262,#263,#264,#265,#266,#267,#268,#269
      ,#270,#271,#272,#273,#274,#275,#276,#277,#278,#279,#280,#281,#282
      ,#283,#284,#285,#286,#287,#288,#289,#290,#291,#292,#293,#294,#295
      ,#296,#297,#298,#299
    )),.UNSPECIFIED.,.F.,.F.,.F.,(2,2),(11,10,8,9,8,10,11),(0.,
    0.548073520823),(0.,0.25,0.375,0.5,0.625,0.75,1.),.UNSPECIFIED.);
#188 = CARTESIAN_POINT('',(1.0752404736,1.221245327088E-15,-2.4));
#189 = CARTESIAN_POINT('',(1.075642392113,-0.506921496507,-2.4375));
#190 = CARTESIAN_POINT('',(0.808248362562,-1.012470669129,-2.475));
#191 = CARTESIAN_POINT('',(0.282424455392,-1.365295048825,-2.5125));
#192 = CARTESIAN_POINT('',(-0.413943196385,-1.401166267696,-2.55));
#193 = CARTESIAN_POINT('',(-1.052062482877,-1.051310012873,-2.5875));
#194 = CARTESIAN_POINT('',(-1.400965028501,-0.414054875451,-2.625));
#195 = CARTESIAN_POINT('',(-1.364542580346,0.281705252351,-2.6625));
#196 = CARTESIAN_POINT('',(-1.013317139679,0.809007013393,-2.7));
#197 = CARTESIAN_POINT('',(-0.506607916893,1.075309871495,-2.7375));
#198 = CARTESIAN_POINT('',(5.795531632698E-06,1.075289498069,-2.775));
#199 = CARTESIAN_POINT('',(0.253312651744,1.075279311355,-2.79375));
#200 = CARTESIAN_POINT('',(0.506595630365,1.00868831676,-2.8125));
#201 = CARTESIAN_POINT('',(0.740551077323,0.876210817943,-2.831249999999
    ));
#202 = CARTESIAN_POINT('',(0.935351164267,0.684000351072,-2.850000000001
    ));
#203 = CARTESIAN_POINT('',(1.074003598917,0.444993776879,-2.868749999999
    ));
#204 = CARTESIAN_POINT('',(1.14486853092,0.177774995766,-2.887500000001)
  );
#205 = CARTESIAN_POINT('',(1.143209081532,-9.60726523211E-02,-2.90625));
#206 = CARTESIAN_POINT('',(1.07165192549,-0.355176241511,-2.925));
#207 = CARTESIAN_POINT('',(0.807216781324,-0.807216369316,-2.9625));
#208 = CARTESIAN_POINT('',(0.355171484031,-1.071647070107,-3.));
#209 = CARTESIAN_POINT('',(9.606691379832E-02,-1.143203852093,-3.01875)
  );
#210 = CARTESIAN_POINT('',(-0.177778374181,-1.144866488939,
    -3.037499999999));
#211 = CARTESIAN_POINT('',(-0.444990836017,-1.074007853274,
    -3.056250000001));
#212 = CARTESIAN_POINT('',(-0.683989925993,-0.935361211572,
    -3.074999999999));
#213 = CARTESIAN_POINT('',(-0.87619857294,-0.740560719404,
    -3.093750000001));
#214 = CARTESIAN_POINT('',(-1.008686841803,-0.506594888179,-3.1125));
#215 = CARTESIAN_POINT('',(-1.075296827396,-0.253297444089,-3.13125));
#216 = CARTESIAN_POINT('',(-1.075296827396,0.253297444089,-3.16875));
#217 = CARTESIAN_POINT('',(-1.008686841804,0.506594888179,-3.1875));
#218 = CARTESIAN_POINT('',(-0.87619857294,0.740560719404,-3.206249999999
    ));
#219 = CARTESIAN_POINT('',(-0.683989925993,0.935361211572,
    -3.225000000001));
#220 = CARTESIAN_POINT('',(-0.444990836017,1.074007853273,
    -3.243749999999));
#221 = CARTESIAN_POINT('',(-0.177778374182,1.144866488939,
    -3.262500000001));
#222 = CARTESIAN_POINT('',(9.606691379845E-02,1.143203852093,-3.28125));
#223 = CARTESIAN_POINT('',(0.355171484031,1.071647070107,-3.3));
#224 = CARTESIAN_POINT('',(0.807216781324,0.807216369316,-3.3375));
#225 = CARTESIAN_POINT('',(1.07165192549,0.355176241511,-3.375));
#226 = CARTESIAN_POINT('',(1.143209081532,9.607265232099E-02,
    -3.393750000001));
#227 = CARTESIAN_POINT('',(1.14486853092,-0.177774995765,-3.412499999999
    ));
#228 = CARTESIAN_POINT('',(1.074003598917,-0.444993776879,
    -3.431250000001));
#229 = CARTESIAN_POINT('',(0.935351164266,-0.684000351072,
    -3.449999999999));
#230 = CARTESIAN_POINT('',(0.740551077324,-0.876210817943,
    -3.468750000001));
#231 = CARTESIAN_POINT('',(0.506595630365,-1.00868831676,-3.4875));
#232 = CARTESIAN_POINT('',(0.253312651744,-1.075279311355,-3.50625));
#233 = CARTESIAN_POINT('',(5.795531620278E-06,-1.075289498069,-3.525));
#234 = CARTESIAN_POINT('',(-0.506607916893,-1.075309871495,-3.5625));
#235 = CARTESIAN_POINT('',(-1.013317139679,-0.809007013393,-3.6));
#236 = CARTESIAN_POINT('',(-1.364542580346,-0.281705252351,-3.6375));
#237 = CARTESIAN_POINT('',(-1.400965028501,0.414054875451,
    -3.674999999999));
#238 = CARTESIAN_POINT('',(-1.052062482877,1.051310012873,
    -3.712500000001));
#239 = CARTESIAN_POINT('',(-0.413943196385,1.401166267696,
    -3.749999999999));
#240 = CARTESIAN_POINT('',(0.282424455392,1.365295048825,-3.787500000001
    ));
#241 = CARTESIAN_POINT('',(0.808248362562,1.012470669129,-3.825));
#242 = CARTESIAN_POINT('',(1.075642392113,0.506921496507,-3.8625));
#243 = CARTESIAN_POINT('',(1.0752404736,-7.771561172376E-16,-3.9));
#244 = CARTESIAN_POINT('',(1.575006415024,-1.620406651886E-02,
    -2.175598537777));
#245 = CARTESIAN_POINT('',(1.568088560714,-0.760721838259,
    -2.213953490729));
#246 = CARTESIAN_POINT('',(1.166923900021,-1.494190779192,
    -2.249777920019));
#247 = CARTESIAN_POINT('',(0.397352738145,-2.001587323411,
    -2.289233636008));
#248 = CARTESIAN_POINT('',(-0.635992465869,-2.055471915615,
    -2.32586415504));
#249 = CARTESIAN_POINT('',(-1.54997837128,-1.511560868151,
    -2.361974029254));
#250 = CARTESIAN_POINT('',(-2.06134439586,-0.593608952398,
    -2.402774376148));
#251 = CARTESIAN_POINT('',(-1.996147602729,0.436776197233,
    -2.436730940329));
#252 = CARTESIAN_POINT('',(-1.469540155687,1.200497817301,
    -2.476627148381));
#253 = CARTESIAN_POINT('',(-0.726467986898,1.582920005231,
    -2.513091931288));
#254 = CARTESIAN_POINT('',(1.662099943916E-02,1.575134666139,
    -2.550805157991));
#255 = CARTESIAN_POINT('',(0.388161831656,1.571264307209,-2.569711241823
    ));
#256 = CARTESIAN_POINT('',(0.757568116017,1.469603156032,-2.588233196417
    ));
#257 = CARTESIAN_POINT('',(1.098051228186,1.272202213387,-2.606977178345
    ));
#258 = CARTESIAN_POINT('',(1.380603197648,0.987800224015,-2.625841461983
    ));
#259 = CARTESIAN_POINT('',(1.580186897188,0.635343269172,-2.644643970423
    ));
#260 = CARTESIAN_POINT('',(1.679899006328,0.242531069447,-2.663348405944
    ));
#261 = CARTESIAN_POINT('',(1.673210240826,-0.158563638659,
    -2.682037394695));
#262 = CARTESIAN_POINT('',(1.564387340471,-0.536756288803,
    -2.700781060325));
#263 = CARTESIAN_POINT('',(1.170015274066,-1.194935451235,
    -2.738317822135));
#264 = CARTESIAN_POINT('',(0.50368765636,-1.575365398741,-2.775851959894
    ));
#265 = CARTESIAN_POINT('',(0.123270790431,-1.676158976973,
    -2.794591446313));
#266 = CARTESIAN_POINT('',(-0.277855677337,-1.674389310023,
    -2.813279867794));
#267 = CARTESIAN_POINT('',(-0.668446099854,-1.566459046412,
    -2.831989545428));
#268 = CARTESIAN_POINT('',(-1.016637505265,-1.359519023807,
    -2.850798922887));
#269 = CARTESIAN_POINT('',(-1.29509369635,-1.071015171645,
    -2.869665127079));
#270 = CARTESIAN_POINT('',(-1.485288380136,-0.726420402098,
    -2.88840305277));
#271 = CARTESIAN_POINT('',(-1.579007125571,-0.354993266131,
    -2.906915253356));
#272 = CARTESIAN_POINT('',(-1.571288768755,0.388182963425,
    -2.944718586933));
#273 = CARTESIAN_POINT('',(-1.469579216383,0.75758058485,-2.963228185374
    ));
#274 = CARTESIAN_POINT('',(-1.272185981304,1.09804973589,-2.981967950132
    ));
#275 = CARTESIAN_POINT('',(-0.987805042635,1.380599794419,
    -3.000836150596));
#276 = CARTESIAN_POINT('',(-0.635346098769,1.580189157994,
    -3.019644843235));
#277 = CARTESIAN_POINT('',(-0.242519548966,1.679903559581,
    -3.038352546091));
#278 = CARTESIAN_POINT('',(0.158573546706,1.673209563483,-3.057040529625
    ));
#279 = CARTESIAN_POINT('',(0.536748100716,1.564381770861,-3.075781418727
    ));
#280 = CARTESIAN_POINT('',(1.194927492298,1.170022757288,-3.113316181564
    ));
#281 = CARTESIAN_POINT('',(1.575371409473,0.50369599145,-3.150852338162)
  );
#282 = CARTESIAN_POINT('',(1.676162557665,0.123261608705,-3.16959460224)
  );
#283 = CARTESIAN_POINT('',(1.674387576137,-0.277867310186,
    -3.188283962356));
#284 = CARTESIAN_POINT('',(1.566455965341,-0.668444147577,
    -3.206990297707));
#285 = CARTESIAN_POINT('',(1.359517781673,-1.0166316645,-3.225793522703)
  );
#286 = CARTESIAN_POINT('',(1.071011896973,-1.29510495449,-3.244655971331
    ));
#287 = CARTESIAN_POINT('',(0.726406765778,-1.485307078562,
    -3.263398247405));
#288 = CARTESIAN_POINT('',(0.354973684812,-1.578986641348,
    -3.281922688538));
#289 = CARTESIAN_POINT('',(-1.656747085749E-02,-1.575146568378,
    -3.300828591631));
#290 = CARTESIAN_POINT('',(-0.759657107843,-1.56742180646,
    -3.338541454769));
#291 = CARTESIAN_POINT('',(-1.494576956218,-1.168647102275,
    -3.374998509187));
#292 = CARTESIAN_POINT('',(-2.004565522352,-0.395559861063,
    -3.414931626172));
#293 = CARTESIAN_POINT('',(-2.049029752867,0.637246519052,
    -3.448800112947));
#294 = CARTESIAN_POINT('',(-1.517227505065,1.544649311446,
    -3.489734107115));
#295 = CARTESIAN_POINT('',(-0.592428217871,2.06710715975,-3.525706654168
    ));
#296 = CARTESIAN_POINT('',(0.438599910991,1.993736109896,-3.562435599492
    ));
#297 = CARTESIAN_POINT('',(1.199024298298,1.468920898921,-3.601839885783
    ));
#298 = CARTESIAN_POINT('',(1.583260269627,0.727541865778,-3.637685348916
    ));
#299 = CARTESIAN_POINT('',(1.575176387756,-1.696449481517E-02,
    -3.676033770671));
#300 = DEFINITIONAL_REPRESENTATION('',(#301),#334);
#301 = B_SPLINE_CURVE_WITH_KNOTS('',6,(#302,#303,#304,#305,#306,#307,
    #308,#309,#310,#311,#312,#313,#314,#315,#316,#317,#318,#319,#320,
    #321,#322,#323,#324,#325,#326,#327,#328,#329,#330,#331,#332,#333),
  .UNSPECIFIED.,.F.,.F.,(7,5,5,5,5,5,7),(0.,0.154911780284,
    0.365311023675,0.491985981775,0.636568721263,0.804210461195,1.),
  .UNSPECIFIED.);
#302 = CARTESIAN_POINT('',(0.,0.));
#303 = CARTESIAN_POINT('',(1.627534093274E-02,4.442482215411E-03));
#304 = CARTESIAN_POINT('',(3.233136050419E-02,8.817893400175E-03));
#305 = CARTESIAN_POINT('',(4.814575091466E-02,1.312812948752E-02));
#306 = CARTESIAN_POINT('',(6.373329154225E-02,1.737741756223E-02));
#307 = CARTESIAN_POINT('',(7.910473181776E-02,2.156876145755E-02));
#308 = CARTESIAN_POINT('',(0.114864125324,3.132057627937E-02));
#309 = CARTESIAN_POINT('',(0.135082859911,3.683540007413E-02));
#310 = CARTESIAN_POINT('',(0.154945336118,4.225308644763E-02));
#311 = CARTESIAN_POINT('',(0.174484227838,4.758154437846E-02));
#312 = CARTESIAN_POINT('',(0.193718825374,5.28265267865E-02));
#313 = CARTESIAN_POINT('',(0.224051961216,6.109748149168E-02));
#314 = CARTESIAN_POINT('',(0.235345088839,6.417669047497E-02));
#315 = CARTESIAN_POINT('',(0.246534825751,6.722768478527E-02));
#316 = CARTESIAN_POINT('',(0.257624751401,7.025151318233E-02));
#317 = CARTESIAN_POINT('',(0.268618230377,7.324914662926E-02));
#318 = CARTESIAN_POINT('',(0.291957608877,7.961343551735E-02));
#319 = CARTESIAN_POINT('',(0.304275789304,8.297256882236E-02));
#320 = CARTESIAN_POINT('',(0.316475717073,8.629964043781E-02));
#321 = CARTESIAN_POINT('',(0.32856225173,8.9595945873E-02));
#322 = CARTESIAN_POINT('',(0.340539904176,9.286265297599E-02));
#323 = CARTESIAN_POINT('',(0.366176000919,9.985453648547E-02));
#324 = CARTESIAN_POINT('',(0.379799207462,0.103570112492));
#325 = CARTESIAN_POINT('',(0.393285237256,0.107248208705));
#326 = CARTESIAN_POINT('',(0.406640731998,0.110890522888));
#327 = CARTESIAN_POINT('',(0.419870930218,0.11449843187));
#328 = CARTESIAN_POINT('',(0.448286023539,0.122246799867));
#329 = CARTESIAN_POINT('',(0.463428469008,0.12637559882));
#330 = CARTESIAN_POINT('',(0.478409498563,0.130460071036));
#331 = CARTESIAN_POINT('',(0.493236920462,0.134502464615));
#332 = CARTESIAN_POINT('',(0.507916564341,0.138504558055));
#333 = CARTESIAN_POINT('',(0.522449923526,0.142466898151));
#334 = ( GEOMETRIC_REPRESENTATION_CONTEXT(2) 
PARAMETRIC_REPRESENTATION_CONTEXT() REPRESENTATION_CONTEXT('2D SPACE',''
  ) );
#335 = ADVANCED_FACE('',(#336),#43,.T.);
#336 = FACE_BOUND('',#337,.T.);
#337 = EDGE_LOOP('',(#338,#339,#362,#389));
#338 = ORIENTED_EDGE('',*,*,#21,.T.);
#339 = ORIENTED_EDGE('',*,*,#340,.T.);
#340 = EDGE_CURVE('',#22,#341,#343,.T.);
#341 = VERTEX_POINT('',#342);
#342 = CARTESIAN_POINT('',(2.8,0.,-0.857536964558));
#343 = SEAM_CURVE('',#344,(#348,#355),.PCURVE_S1.);
#344 = LINE('',#345,#346);
#345 = CARTESIAN_POINT('',(2.8,0.,-2.4));
#346 = VECTOR('',#347,1.);
#347 = DIRECTION('',(0.,0.,1.));
#348 = PCURVE('',#43,#349);
#349 = DEFINITIONAL_REPRESENTATION('',(#350),#354);
#350 = LINE('',#351,#352);
#351 = CARTESIAN_POINT('',(0.,0.));
#352 = VECTOR('',#353,1.);
#353 = DIRECTION('',(0.,1.));
#354 = ( GEOMETRIC_REPRESENTATION_CONTEXT(2) 
PARAMETRIC_REPRESENTATION_CONTEXT() REPRESENTATION_CONTEXT('2D SPACE',''
  ) );
#355 = PCURVE('',#43,#356);
#356 = DEFINITIONAL_REPRESENTATION('',(#357),#361);
#357 = LINE('',#358,#359);
#358 = CARTESIAN_POINT('',(6.28318530718,0.));
#359 = VECTOR('',#360,1.);
#360 = DIRECTION('',(0.,1.));
#361 = ( GEOMETRIC_REPRESENTATION_CONTEXT(2) 
PARAMETRIC_REPRESENTATION_CONTEXT() REPRESENTATION_CONTEXT('2D SPACE',''
  ) );
#362 = ORIENTED_EDGE('',*,*,#363,.F.);
#363 = EDGE_CURVE('',#341,#341,#364,.T.);
#364 = SURFACE_CURVE('',#365,(#370,#377),.PCURVE_S1.);
#365 = CIRCLE('',#366,2.8);
#366 = AXIS2_PLACEMENT_3D('',#367,#368,#369);
#367 = CARTESIAN_POINT('',(0.,0.,-0.857536964558));
#368 = DIRECTION('',(0.,0.,1.));
#369 = DIRECTION('',(1.,0.,-0.));
#370 = PCURVE('',#43,#371);
#371 = DEFINITIONAL_REPRESENTATION('',(#372),#376);
#372 = LINE('',#373,#374);
#373 = CARTESIAN_POINT('',(0.,1.542463035442));
#374 = VECTOR('',#375,1.);
#375 = DIRECTION('',(1.,0.));
#376 = ( GEOMETRIC_REPRESENTATION_CONTEXT(2) 
PARAMETRIC_REPRESENTATION_CONTEXT() REPRESENTATION_CONTEXT('2D SPACE',''
  ) );
#377 = PCURVE('',#378,#383);
#378 = SPHERICAL_SURFACE('',#379,5.);
#379 = AXIS2_PLACEMENT_3D('',#380,#381,#382);
#380 = CARTESIAN_POINT('',(4.163336342344E-15,0.,-5.));
#381 = DIRECTION('',(0.,0.,1.));
#382 = DIRECTION('',(1.,0.,-0.));
#383 = DEFINITIONAL_REPRESENTATION('',(#384),#388);
#384 = LINE('',#385,#386);
#385 = CARTESIAN_POINT('',(0.,0.976410526794));
#386 = VECTOR('',#387,1.);
#387 = DIRECTION('',(1.,0.));
#388 = ( GEOMETRIC_REPRESENTATION_CONTEXT(2) 
PARAMETRIC_REPRESENTATION_CONTEXT() REPRESENTATION_CONTEXT('2D SPACE',''
  ) );
#389 = ORIENTED_EDGE('',*,*,#340,.F.);
#390 = ADVANCED_FACE('',(#391),#75,.F.);
#391 = FACE_BOUND('',#392,.F.);
#392 = EDGE_LOOP('',(#393,#420,#552));
#393 = ORIENTED_EDGE('',*,*,#394,.T.);
#394 = EDGE_CURVE('',#58,#395,#397,.T.);
#395 = VERTEX_POINT('',#396);
#396 = CARTESIAN_POINT('',(1.399956453167,1.104215722668E-02,
    -2.545786600061));
#397 = SURFACE_CURVE('',#398,(#403,#410),.PCURVE_S1.);
#398 = ELLIPSE('',#399,18.976787649234,1.4);
#399 = AXIS2_PLACEMENT_3D('',#400,#401,#402);
#400 = CARTESIAN_POINT('',(0.,0.,-2.4115242414));
#401 = DIRECTION('',(-7.907006235604E-04,0.997274646939,
    7.377434083563E-02));
#402 = DIRECTION('',(5.849281253215E-05,-7.377431764729E-02,
    0.997274960397));
#403 = PCURVE('',#75,#404);
#404 = DEFINITIONAL_REPRESENTATION('',(#405),#409);
#405 = ELLIPSE('',#406,18.976787649234,1.4);
#406 = AXIS2_PLACEMENT_2D('',#407,#408);
#407 = CARTESIAN_POINT('',(-1.14834151608E-02,-1.397847092588));
#408 = DIRECTION('',(0.999999998289,5.849283081723E-05));
#409 = ( GEOMETRIC_REPRESENTATION_CONTEXT(2) 
PARAMETRIC_REPRESENTATION_CONTEXT() REPRESENTATION_CONTEXT('2D SPACE',''
  ) );
#410 = PCURVE('',#103,#411);
#411 = DEFINITIONAL_REPRESENTATION('',(#412),#419);
#412 = B_SPLINE_CURVE_WITH_KNOTS('',5,(#413,#414,#415,#416,#417,#418),
  .UNSPECIFIED.,.F.,.F.,(6,6),(1.570187354729,1.584415484635),
  .PIECEWISE_BEZIER_KNOTS.);
#413 = CARTESIAN_POINT('',(1.838892188728E-04,5.0000006));
#414 = CARTESIAN_POINT('',(3.029515200158E-03,4.946146924437));
#415 = CARTESIAN_POINT('',(5.875141181443E-03,4.89229313222));
#416 = CARTESIAN_POINT('',(8.720767162729E-03,4.838440131859));
#417 = CARTESIAN_POINT('',(1.156639314401E-02,4.784588831868));
#418 = CARTESIAN_POINT('',(1.44120191253E-02,4.730740140672));
#419 = ( GEOMETRIC_REPRESENTATION_CONTEXT(2) 
PARAMETRIC_REPRESENTATION_CONTEXT() REPRESENTATION_CONTEXT('2D SPACE',''
  ) );
#420 = ORIENTED_EDGE('',*,*,#421,.T.);
#421 = EDGE_CURVE('',#395,#60,#422,.T.);
#422 = SURFACE_CURVE('',#423,(#426,#432),.PCURVE_S1.);
#423 = B_SPLINE_CURVE_WITH_KNOTS('',1,(#424,#425),.UNSPECIFIED.,.F.,.F.,
  (2,2),(0.,0.548073520823),.PIECEWISE_BEZIER_KNOTS.);
#424 = CARTESIAN_POINT('',(1.574993272096,1.699438685717E-02,
    -2.624372269763));
#425 = CARTESIAN_POINT('',(1.0752404736,-3.330669073875E-16,-2.4));
#426 = PCURVE('',#75,#427);
#427 = DEFINITIONAL_REPRESENTATION('',(#428),#431);
#428 = B_SPLINE_CURVE_WITH_KNOTS('',1,(#429,#430),.UNSPECIFIED.,.F.,.F.,
  (2,2),(0.,0.548073520823),.PIECEWISE_BEZIER_KNOTS.);
#429 = CARTESIAN_POINT('',(-0.225005173933,0.177146671857));
#430 = CARTESIAN_POINT('',(9.422205825782E-06,-0.322606282864));
#431 = ( GEOMETRIC_REPRESENTATION_CONTEXT(2) 
PARAMETRIC_REPRESENTATION_CONTEXT() REPRESENTATION_CONTEXT('2D SPACE',''
  ) );
#432 = PCURVE('',#433,#546);
#433 = B_SPLINE_SURFACE_WITH_KNOTS('',1,10,(
    (#434,#435,#436,#437,#438,#439,#440,#441,#442,#443,#444,#445,#446
      ,#447,#448,#449,#450,#451,#452,#453,#454,#455,#456,#457,#458,#459
      ,#460,#461,#462,#463,#464,#465,#466,#467,#468,#469,#470,#471,#472
      ,#473,#474,#475,#476,#477,#478,#479,#480,#481,#482,#483,#484,#485
      ,#486,#487,#488,#489)
    ,(#490,#491,#492,#493,#494,#495,#496,#497,#498,#499,#500,#501,#502
      ,#503,#504,#505,#506,#507,#508,#509,#510,#511,#512,#513,#514,#515
      ,#516,#517,#518,#519,#520,#521,#522,#523,#524,#525,#526,#527,#528
      ,#529,#530,#531,#532,#533,#534,#535,#536,#537,#538,#539,#540,#541
      ,#542,#543,#544,#545
    )),.UNSPECIFIED.,.F.,.F.,.F.,(2,2),(11,10,8,9,8,10,11),(0.,
    0.548073520823),(0.,0.25,0.375,0.5,0.625,0.75,1.),.UNSPECIFIED.);
#434 = CARTESIAN_POINT('',(1.574993272096,1.699438685717E-02,
    -2.624372269763));
#435 = CARTESIAN_POINT('',(1.583090670426,-0.727424851195,
    -2.662720373335));
#436 = CARTESIAN_POINT('',(1.198915970008,-1.46872602975,-2.698566466001
    ));
#437 = CARTESIAN_POINT('',(0.438587557088,-1.993497145014,
    -2.737969998095));
#438 = CARTESIAN_POINT('',(-0.592315346338,-2.066875661361,
    -2.774699333285));
#439 = CARTESIAN_POINT('',(-1.517021295755,-1.544504454187,
    -2.810672290864));
#440 = CARTESIAN_POINT('',(-2.048778733469,-0.637212196293,
    -2.85160517147));
#441 = CARTESIAN_POINT('',(-2.0043400239,0.395473242442,-2.88547489384)
  );
#442 = CARTESIAN_POINT('',(-1.49442776171,1.168480563551,-2.925407158911
    ));
#443 = CARTESIAN_POINT('',(-0.759600462187,1.567224500832,-2.96186458731
    ));
#444 = CARTESIAN_POINT('',(-1.659752801857E-02,1.574963309528,
    -2.999577372005));
#445 = CARTESIAN_POINT('',(0.354900277583,1.578810365486,-3.01848321774)
  );
#446 = CARTESIAN_POINT('',(0.726292245661,1.485149424581,-3.037007744281
    ));
#447 = CARTESIAN_POINT('',(1.070861295143,1.294976302818,-3.055750021329
    ));
#448 = CARTESIAN_POINT('',(1.359339305045,1.016541095789,-3.074612426731
    ));
#449 = CARTESIAN_POINT('',(1.566260458995,0.668398258207,-3.093415632991
    ));
#450 = CARTESIAN_POINT('',(1.674187428279,0.27786908359,-3.112121986421)
  );
#451 = CARTESIAN_POINT('',(1.675970365425,-0.12321320507,-3.130811369174
    ));
#452 = CARTESIAN_POINT('',(1.575198680347,-0.503605542741,
    -3.149553634563));
#453 = CARTESIAN_POINT('',(1.194812461784,-1.169862611369,
    -3.187089777245));
#454 = CARTESIAN_POINT('',(0.536717520271,-1.564189152106,
    -3.224624528017));
#455 = CARTESIAN_POINT('',(0.158589064384,-1.673012026569,
    -3.243365421987));
#456 = CARTESIAN_POINT('',(-0.242457339744,-1.679713392681,
    -3.262053427783));
#457 = CARTESIAN_POINT('',(-0.635240267909,-1.580018515982,
    -3.280761143994));
#458 = CARTESIAN_POINT('',(-0.987662258149,-1.380459499939,
    -3.299569814374));
#459 = CARTESIAN_POINT('',(-1.272015852524,-1.097948096804,
    -3.318437973668));
#460 = CARTESIAN_POINT('',(-1.469393127671,-0.757522486778,
    -3.337177744185));
#461 = CARTESIAN_POINT('',(-1.57109851078,-0.38816964292,-3.355687427933
    ));
#462 = CARTESIAN_POINT('',(-1.578830844291,0.354919844459,
    -3.393490650293));
#463 = CARTESIAN_POINT('',(-1.485130738176,0.72630587798,-3.412002940904
    ));
#464 = CARTESIAN_POINT('',(-1.294965049732,1.07086457734,-3.430740869015
    ));
#465 = CARTESIAN_POINT('',(-1.016546931702,1.359340555466,
    -3.449607028433));
#466 = CARTESIAN_POINT('',(-0.668400207736,1.566263541389,-3.46841638486
    ));
#467 = CARTESIAN_POINT('',(-0.277857456122,1.674189157712,
    -3.487126079434));
#468 = CARTESIAN_POINT('',(0.123222380535,1.675966780968,-3.505814523966
    ));
#469 = CARTESIAN_POINT('',(0.503597208803,1.575192669558,-3.524554012714
    ));
#470 = CARTESIAN_POINT('',(1.16985513156,1.19482041817,-3.562088137276)
  );
#471 = CARTESIAN_POINT('',(1.564194720974,0.53672570694,-3.599624886266)
  );
#472 = CARTESIAN_POINT('',(1.67301270242,0.158579161284,-3.618368555745)
  );
#473 = CARTESIAN_POINT('',(1.679708838777,-0.24246885464,-3.63705756646)
  );
#474 = CARTESIAN_POINT('',(1.580016255337,-0.635237439472,-3.65576201662
    ));
#475 = CARTESIAN_POINT('',(1.380462903293,-0.987657446233,
    -3.674564505027));
#476 = CARTESIAN_POINT('',(1.097949590207,-1.27203208856,-3.693428748762
    ));
#477 = CARTESIAN_POINT('',(0.757510024059,-1.46941706479,-3.712172734754
    ));
#478 = CARTESIAN_POINT('',(0.388148522787,-1.571074047451,
    -3.730694770253));
#479 = CARTESIAN_POINT('',(1.66510412239E-02,-1.574951385735,
    -3.749600797053));
#480 = CARTESIAN_POINT('',(-0.726351241117,-1.582750764333,
    -3.787313945973));
#481 = CARTESIAN_POINT('',(-1.469345623587,-1.200388955065,
    -3.823779116855));
#482 = CARTESIAN_POINT('',(-1.995906860787,-0.436764214723,
    -3.863674406156));
#483 = CARTESIAN_POINT('',(-2.061115676287,0.593495609073,
    -3.897632365427));
#484 = CARTESIAN_POINT('',(-1.549831468486,1.511356093077,
    -3.938431356747));
#485 = CARTESIAN_POINT('',(-0.635958482135,2.055219347684,
    -3.974541890161));
#486 = CARTESIAN_POINT('',(0.39726569229,2.001362575804,-4.011172620826)
  );
#487 = CARTESIAN_POINT('',(1.166757443107,1.494041669682,-4.050627675748
    ));
#488 = CARTESIAN_POINT('',(1.567891488005,0.760664907234,-4.086452696485
    ));
#489 = CARTESIAN_POINT('',(1.574822991571,1.623423737077E-02,
    -4.124807343079));
#490 = CARTESIAN_POINT('',(1.0752404736,-3.330669073875E-16,-2.4));
#491 = CARTESIAN_POINT('',(1.075642392113,-0.506921496507,-2.4375));
#492 = CARTESIAN_POINT('',(0.808248362562,-1.012470669129,-2.475));
#493 = CARTESIAN_POINT('',(0.282424455392,-1.365295048825,-2.5125));
#494 = CARTESIAN_POINT('',(-0.413943196385,-1.401166267696,-2.55));
#495 = CARTESIAN_POINT('',(-1.052062482878,-1.051310012873,-2.5875));
#496 = CARTESIAN_POINT('',(-1.400965028501,-0.414054875451,-2.625));
#497 = CARTESIAN_POINT('',(-1.364542580346,0.281705252351,-2.6625));
#498 = CARTESIAN_POINT('',(-1.013317139679,0.809007013393,-2.7));
#499 = CARTESIAN_POINT('',(-0.506607916893,1.075309871495,-2.7375));
#500 = CARTESIAN_POINT('',(5.795531633031E-06,1.075289498069,-2.775));
#501 = CARTESIAN_POINT('',(0.253312651744,1.075279311355,-2.79375));
#502 = CARTESIAN_POINT('',(0.506595630365,1.00868831676,-2.8125));
#503 = CARTESIAN_POINT('',(0.740551077323,0.876210817943,-2.831249999999
    ));
#504 = CARTESIAN_POINT('',(0.935351164267,0.684000351072,-2.850000000001
    ));
#505 = CARTESIAN_POINT('',(1.074003598917,0.444993776879,-2.868749999999
    ));
#506 = CARTESIAN_POINT('',(1.14486853092,0.177774995766,-2.887500000001)
  );
#507 = CARTESIAN_POINT('',(1.143209081532,-9.607265232109E-02,-2.90625)
  );
#508 = CARTESIAN_POINT('',(1.07165192549,-0.355176241511,-2.925));
#509 = CARTESIAN_POINT('',(0.807216781324,-0.807216369316,-2.9625));
#510 = CARTESIAN_POINT('',(0.355171484031,-1.071647070107,-3.));
#511 = CARTESIAN_POINT('',(9.606691379833E-02,-1.143203852093,-3.01875)
  );
#512 = CARTESIAN_POINT('',(-0.177778374181,-1.144866488939,
    -3.037499999999));
#513 = CARTESIAN_POINT('',(-0.444990836017,-1.074007853274,
    -3.056250000001));
#514 = CARTESIAN_POINT('',(-0.683989925993,-0.935361211572,
    -3.074999999999));
#515 = CARTESIAN_POINT('',(-0.87619857294,-0.740560719404,
    -3.093750000001));
#516 = CARTESIAN_POINT('',(-1.008686841803,-0.506594888179,-3.1125));
#517 = CARTESIAN_POINT('',(-1.075296827396,-0.253297444089,-3.13125));
#518 = CARTESIAN_POINT('',(-1.075296827396,0.253297444089,-3.16875));
#519 = CARTESIAN_POINT('',(-1.008686841803,0.506594888179,-3.1875));
#520 = CARTESIAN_POINT('',(-0.87619857294,0.740560719404,-3.206249999999
    ));
#521 = CARTESIAN_POINT('',(-0.683989925993,0.935361211572,
    -3.225000000001));
#522 = CARTESIAN_POINT('',(-0.444990836017,1.074007853273,
    -3.243749999999));
#523 = CARTESIAN_POINT('',(-0.177778374182,1.144866488939,
    -3.262500000001));
#524 = CARTESIAN_POINT('',(9.606691379842E-02,1.143203852093,-3.28125));
#525 = CARTESIAN_POINT('',(0.355171484031,1.071647070107,-3.3));
#526 = CARTESIAN_POINT('',(0.807216781324,0.807216369316,-3.3375));
#527 = CARTESIAN_POINT('',(1.07165192549,0.355176241511,-3.375));
#528 = CARTESIAN_POINT('',(1.143209081532,9.607265232095E-02,
    -3.393750000001));
#529 = CARTESIAN_POINT('',(1.14486853092,-0.177774995765,-3.412499999999
    ));
#530 = CARTESIAN_POINT('',(1.074003598917,-0.444993776879,
    -3.431250000001));
#531 = CARTESIAN_POINT('',(0.935351164266,-0.684000351072,
    -3.449999999999));
#532 = CARTESIAN_POINT('',(0.740551077324,-0.876210817943,
    -3.468750000001));
#533 = CARTESIAN_POINT('',(0.506595630365,-1.008688316759,-3.4875));
#534 = CARTESIAN_POINT('',(0.253312651744,-1.075279311355,-3.50625));
#535 = CARTESIAN_POINT('',(5.795531620612E-06,-1.075289498069,-3.525));
#536 = CARTESIAN_POINT('',(-0.506607916893,-1.075309871495,-3.5625));
#537 = CARTESIAN_POINT('',(-1.013317139679,-0.809007013393,-3.6));
#538 = CARTESIAN_POINT('',(-1.364542580346,-0.281705252351,-3.6375));
#539 = CARTESIAN_POINT('',(-1.400965028501,0.414054875451,
    -3.674999999999));
#540 = CARTESIAN_POINT('',(-1.052062482877,1.051310012873,
    -3.712500000001));
#541 = CARTESIAN_POINT('',(-0.413943196385,1.401166267696,
    -3.749999999999));
#542 = CARTESIAN_POINT('',(0.282424455392,1.365295048825,-3.787500000001
    ));
#543 = CARTESIAN_POINT('',(0.808248362562,1.012470669129,-3.825));
#544 = CARTESIAN_POINT('',(1.075642392113,0.506921496507,-3.8625));
#545 = CARTESIAN_POINT('',(1.0752404736,-5.551115123126E-16,-3.9));
#546 = DEFINITIONAL_REPRESENTATION('',(#547),#551);
#547 = LINE('',#548,#549);
#548 = CARTESIAN_POINT('',(0.,0.));
#549 = VECTOR('',#550,1.);
#550 = DIRECTION('',(1.,0.));
#551 = ( GEOMETRIC_REPRESENTATION_CONTEXT(2) 
PARAMETRIC_REPRESENTATION_CONTEXT() REPRESENTATION_CONTEXT('2D SPACE',''
  ) );
#552 = ORIENTED_EDGE('',*,*,#57,.F.);
#553 = ADVANCED_FACE('',(#554),#187,.T.);
#554 = FACE_BOUND('',#555,.T.);
#555 = EDGE_LOOP('',(#556,#631,#632,#814,#1175,#1434,#1459));
#556 = ORIENTED_EDGE('',*,*,#557,.F.);
#557 = EDGE_CURVE('',#60,#558,#560,.T.);
#558 = VERTEX_POINT('',#559);
#559 = CARTESIAN_POINT('',(1.0752404736,-2.93583524197E-16,-3.9));
#560 = SURFACE_CURVE('',#561,(#618,#624),.PCURVE_S1.);
#561 = B_SPLINE_CURVE_WITH_KNOTS('',10,(#562,#563,#564,#565,#566,#567,
    #568,#569,#570,#571,#572,#573,#574,#575,#576,#577,#578,#579,#580,
    #581,#582,#583,#584,#585,#586,#587,#588,#589,#590,#591,#592,#593,
    #594,#595,#596,#597,#598,#599,#600,#601,#602,#603,#604,#605,#606,
    #607,#608,#609,#610,#611,#612,#613,#614,#615,#616,#617),
  .UNSPECIFIED.,.F.,.F.,(11,10,8,9,8,10,11),(0.,0.25,0.375,0.5,0.625,
    0.75,1.),.UNSPECIFIED.);
#562 = CARTESIAN_POINT('',(1.0752404736,-3.330669073875E-16,-2.4));
#563 = CARTESIAN_POINT('',(1.075642392113,-0.506921496507,-2.4375));
#564 = CARTESIAN_POINT('',(0.808248362562,-1.012470669129,-2.475));
#565 = CARTESIAN_POINT('',(0.282424455392,-1.365295048825,-2.5125));
#566 = CARTESIAN_POINT('',(-0.413943196385,-1.401166267696,-2.55));
#567 = CARTESIAN_POINT('',(-1.052062482878,-1.051310012873,-2.5875));
#568 = CARTESIAN_POINT('',(-1.400965028501,-0.414054875451,-2.625));
#569 = CARTESIAN_POINT('',(-1.364542580346,0.281705252351,-2.6625));
#570 = CARTESIAN_POINT('',(-1.013317139679,0.809007013393,-2.7));
#571 = CARTESIAN_POINT('',(-0.506607916893,1.075309871495,-2.7375));
#572 = CARTESIAN_POINT('',(5.795531633031E-06,1.075289498069,-2.775));
#573 = CARTESIAN_POINT('',(0.253312651744,1.075279311355,-2.79375));
#574 = CARTESIAN_POINT('',(0.506595630365,1.00868831676,-2.8125));
#575 = CARTESIAN_POINT('',(0.740551077323,0.876210817943,-2.831249999999
    ));
#576 = CARTESIAN_POINT('',(0.935351164267,0.684000351072,-2.850000000001
    ));
#577 = CARTESIAN_POINT('',(1.074003598917,0.444993776879,-2.868749999999
    ));
#578 = CARTESIAN_POINT('',(1.14486853092,0.177774995766,-2.887500000001)
  );
#579 = CARTESIAN_POINT('',(1.143209081532,-9.607265232109E-02,-2.90625)
  );
#580 = CARTESIAN_POINT('',(1.07165192549,-0.355176241511,-2.925));
#581 = CARTESIAN_POINT('',(0.807216781324,-0.807216369316,-2.9625));
#582 = CARTESIAN_POINT('',(0.355171484031,-1.071647070107,-3.));
#583 = CARTESIAN_POINT('',(9.606691379833E-02,-1.143203852093,-3.01875)
  );
#584 = CARTESIAN_POINT('',(-0.177778374181,-1.144866488939,
    -3.037499999999));
#585 = CARTESIAN_POINT('',(-0.444990836017,-1.074007853274,
    -3.056250000001));
#586 = CARTESIAN_POINT('',(-0.683989925993,-0.935361211572,
    -3.074999999999));
#587 = CARTESIAN_POINT('',(-0.87619857294,-0.740560719404,
    -3.093750000001));
#588 = CARTESIAN_POINT('',(-1.008686841803,-0.506594888179,-3.1125));
#589 = CARTESIAN_POINT('',(-1.075296827396,-0.253297444089,-3.13125));
#590 = CARTESIAN_POINT('',(-1.075296827396,0.253297444089,-3.16875));
#591 = CARTESIAN_POINT('',(-1.008686841803,0.506594888179,-3.1875));
#592 = CARTESIAN_POINT('',(-0.87619857294,0.740560719404,-3.206249999999
    ));
#593 = CARTESIAN_POINT('',(-0.683989925993,0.935361211572,
    -3.225000000001));
#594 = CARTESIAN_POINT('',(-0.444990836017,1.074007853273,
    -3.243749999999));
#595 = CARTESIAN_POINT('',(-0.177778374182,1.144866488939,
    -3.262500000001));
#596 = CARTESIAN_POINT('',(9.606691379842E-02,1.143203852093,-3.28125));
#597 = CARTESIAN_POINT('',(0.355171484031,1.071647070107,-3.3));
#598 = CARTESIAN_POINT('',(0.807216781324,0.807216369316,-3.3375));
#599 = CARTESIAN_POINT('',(1.07165192549,0.355176241511,-3.375));
#600 = CARTESIAN_POINT('',(1.143209081532,9.607265232095E-02,
    -3.393750000001));
#601 = CARTESIAN_POINT('',(1.14486853092,-0.177774995765,-3.412499999999
    ));
#602 = CARTESIAN_POINT('',(1.074003598917,-0.444993776879,
    -3.431250000001));
#603 = CARTESIAN_POINT('',(0.935351164266,-0.684000351072,
    -3.449999999999));
#604 = CARTESIAN_POINT('',(0.740551077324,-0.876210817943,
    -3.468750000001));
#605 = CARTESIAN_POINT('',(0.506595630365,-1.008688316759,-3.4875));
#606 = CARTESIAN_POINT('',(0.253312651744,-1.075279311355,-3.50625));
#607 = CARTESIAN_POINT('',(5.795531620612E-06,-1.075289498069,-3.525));
#608 = CARTESIAN_POINT('',(-0.506607916893,-1.075309871495,-3.5625));
#609 = CARTESIAN_POINT('',(-1.013317139679,-0.809007013393,-3.6));
#610 = CARTESIAN_POINT('',(-1.364542580346,-0.281705252351,-3.6375));
#611 = CARTESIAN_POINT('',(-1.400965028501,0.414054875451,
    -3.674999999999));
#612 = CARTESIAN_POINT('',(-1.052062482877,1.051310012873,
    -3.712500000001));
#613 = CARTESIAN_POINT('',(-0.413943196385,1.401166267696,
    -3.749999999999));
#614 = CARTESIAN_POINT('',(0.282424455392,1.365295048825,-3.787500000001
    ));
#615 = CARTESIAN_POINT('',(0.808248362562,1.012470669129,-3.825));
#616 = CARTESIAN_POINT('',(1.075642392113,0.506921496507,-3.8625));
#617 = CARTESIAN_POINT('',(1.0752404736,-5.551115123126E-16,-3.9));
#618 = PCURVE('',#187,#619);
#619 = DEFINITIONAL_REPRESENTATION('',(#620),#623);
#620 = B_SPLINE_CURVE_WITH_KNOTS('',1,(#621,#622),.UNSPECIFIED.,.F.,.F.,
  (2,2),(0.,1.),.PIECEWISE_BEZIER_KNOTS.);
#621 = CARTESIAN_POINT('',(0.,0.));
#622 = CARTESIAN_POINT('',(0.,1.));
#623 = ( GEOMETRIC_REPRESENTATION_CONTEXT(2) 
PARAMETRIC_REPRESENTATION_CONTEXT() REPRESENTATION_CONTEXT('2D SPACE',''
  ) );
#624 = PCURVE('',#433,#625);
#625 = DEFINITIONAL_REPRESENTATION('',(#626),#630);
#626 = LINE('',#627,#628);
#627 = CARTESIAN_POINT('',(0.548073520823,0.));
#628 = VECTOR('',#629,1.);
#629 = DIRECTION('',(0.,1.));
#630 = ( GEOMETRIC_REPRESENTATION_CONTEXT(2) 
PARAMETRIC_REPRESENTATION_CONTEXT() REPRESENTATION_CONTEXT('2D SPACE',''
  ) );
#631 = ORIENTED_EDGE('',*,*,#115,.T.);
#632 = ORIENTED_EDGE('',*,*,#633,.T.);
#633 = EDGE_CURVE('',#87,#634,#636,.T.);
#634 = VERTEX_POINT('',#635);
#635 = CARTESIAN_POINT('',(1.4,-3.429011037613E-16,-2.75375266514));
#636 = SURFACE_CURVE('',#637,(#694,#754),.PCURVE_S1.);
#637 = B_SPLINE_CURVE_WITH_KNOTS('',7,(#638,#639,#640,#641,#642,#643,
    #644,#645,#646,#647,#648,#649,#650,#651,#652,#653,#654,#655,#656,
    #657,#658,#659,#660,#661,#662,#663,#664,#665,#666,#667,#668,#669,
    #670,#671,#672,#673,#674,#675,#676,#677,#678,#679,#680,#681,#682,
    #683,#684,#685,#686,#687,#688,#689,#690,#691,#692,#693),
  .UNSPECIFIED.,.F.,.F.,(8,6,6,6,6,6,6,6,6,8),(0.,0.164923255443,
    0.345137142111,0.514144531841,0.581516111118,0.615439083457,
    0.649372240347,0.765314616937,0.888260354281,1.),.UNSPECIFIED.);
#638 = CARTESIAN_POINT('',(-0.369360648015,-1.350397242184,-2.3999994));
#639 = CARTESIAN_POINT('',(-0.510771879541,-1.311718442094,
    -2.408327868201));
#640 = CARTESIAN_POINT('',(-0.647512200297,-1.255748201528,
    -2.41665963897));
#641 = CARTESIAN_POINT('',(-0.776943536619,-1.183183302269,
    -2.424989936915));
#642 = CARTESIAN_POINT('',(-0.896691817986,-1.095220368597,
    -2.433321207283));
#643 = CARTESIAN_POINT('',(-1.004642250709,-0.993412959485,
    -2.441655231112));
#644 = CARTESIAN_POINT('',(-1.098943191925,-0.879668627188,
    -2.449993117038));
#645 = CARTESIAN_POINT('',(-1.264681362648,-0.621485500521,
    -2.467436707042));
#646 = CARTESIAN_POINT('',(-1.333272061934,-0.475047845508,
    -2.476550760048));
#647 = CARTESIAN_POINT('',(-1.381941851329,-0.319979391263,
    -2.485660886706));
#648 = CARTESIAN_POINT('',(-1.409501338748,-0.159549053766,
    -2.494769105181));
#649 = CARTESIAN_POINT('',(-1.415371621266,2.871699198973E-03,
    -2.503878259248));
#650 = CARTESIAN_POINT('',(-1.399582513173,0.163804942473,
    -2.512991216513));
#651 = CARTESIAN_POINT('',(-1.328677775917,0.466032363776,
    -2.530639226864));
#652 = CARTESIAN_POINT('',(-1.27603654232,0.60806284999,-2.539183008869)
  );
#653 = CARTESIAN_POINT('',(-1.205713817739,0.742989139793,
    -2.547722750819));
#654 = CARTESIAN_POINT('',(-1.118918828296,0.868216271765,
    -2.556259839728));
#655 = CARTESIAN_POINT('',(-1.01725972662,0.98142379857,-2.564795032278)
  );
#656 = CARTESIAN_POINT('',(-0.902741953738,1.080568343275,
    -2.573330852468));
#657 = CARTESIAN_POINT('',(-0.728032028816,1.197312007675,
    -2.585264475413));
#658 = CARTESIAN_POINT('',(-0.676575887476,1.228100906882,
    -2.588665802385));
#659 = CARTESIAN_POINT('',(-0.623608387692,1.256304944053,
    -2.592067282272));
#660 = CARTESIAN_POINT('',(-0.569285703338,1.281835910953,
    -2.595469130087));
#661 = CARTESIAN_POINT('',(-0.513769920523,1.304617644151,
    -2.598871621749));
#662 = CARTESIAN_POINT('',(-0.457228589328,1.324586225872,-2.60227502884
    ));
#663 = CARTESIAN_POINT('',(-0.370935061064,1.350302379084,
    -2.607393801314));
#664 = CARTESIAN_POINT('',(-0.34181907443,1.358188450171,-2.60910836186)
  );
#665 = CARTESIAN_POINT('',(-0.312508108755,1.36534189748,-2.610823277306
    ));
#666 = CARTESIAN_POINT('',(-0.283024060205,1.371757031562,
    -2.612538594121));
#667 = CARTESIAN_POINT('',(-0.253388927993,1.377428974144,
    -2.614254362936));
#668 = CARTESIAN_POINT('',(-0.223624814377,1.382353658127,
    -2.615970638552));
#669 = CARTESIAN_POINT('',(-0.163874066937,1.390703250243,
    -2.619404836754));
#670 = CARTESIAN_POINT('',(-0.133889307561,1.39412743853,-2.621123619817
    ));
#671 = CARTESIAN_POINT('',(-0.103822242471,1.396797220122,
    -2.622842195813));
#672 = CARTESIAN_POINT('',(-7.369560564911E-02,1.398710285991,
    -2.624560034933));
#673 = CARTESIAN_POINT('',(-4.353226911992E-02,1.399865190403,
    -2.62627771087));
#674 = CARTESIAN_POINT('',(-1.335524295358E-02,1.400261350923,
    -2.627996900817));
#675 = CARTESIAN_POINT('',(0.119888484286,1.398661137812,-2.635609165785
    ));
#676 = CARTESIAN_POINT('',(0.222870989316,1.388568502603,-2.641461145272
    ));
#677 = CARTESIAN_POINT('',(0.3248274805,1.369628569947,-2.647298004912)
  );
#678 = CARTESIAN_POINT('',(0.424849294982,1.341975484836,-2.653135480232
    ));
#679 = CARTESIAN_POINT('',(0.522054813735,1.305853185381,-2.658980966362
    ));
#680 = CARTESIAN_POINT('',(0.615596512696,1.261613079129,-2.664834675246
    ));
#681 = CARTESIAN_POINT('',(0.799127404014,1.154705404021,-2.67690796116)
  );
#682 = CARTESIAN_POINT('',(0.88858196732,1.091073768267,-2.683129595971)
  );
#683 = CARTESIAN_POINT('',(0.972072437361,1.01938785882,-2.689356064123)
  );
#684 = CARTESIAN_POINT('',(1.048742005652,0.94032796137,-2.695582695407)
  );
#685 = CARTESIAN_POINT('',(1.117831812609,0.854676539811,-2.701806629747
    ));
#686 = CARTESIAN_POINT('',(1.178687983094,0.763311065178,-2.708027187021
    ));
#687 = CARTESIAN_POINT('',(1.278131468574,0.57987077357,-2.719892857461)
  );
#688 = CARTESIAN_POINT('',(1.318252119705,0.488602740355,-2.725539833855
    ));
#689 = CARTESIAN_POINT('',(1.350747234082,0.394137452928,-2.731183607248
    ));
#690 = CARTESIAN_POINT('',(1.375321847181,0.297241149285,-2.736825523452
    ));
#691 = CARTESIAN_POINT('',(1.391774742981,0.198707049099,-2.742467291349
    ));
#692 = CARTESIAN_POINT('',(1.4,9.934931297376E-02,-2.748109842271));
#693 = CARTESIAN_POINT('',(1.4,0.,-2.75375266514));
#694 = PCURVE('',#187,#695);
#695 = DEFINITIONAL_REPRESENTATION('',(#696),#753);
#696 = B_SPLINE_CURVE_WITH_KNOTS('',7,(#697,#698,#699,#700,#701,#702,
    #703,#704,#705,#706,#707,#708,#709,#710,#711,#712,#713,#714,#715,
    #716,#717,#718,#719,#720,#721,#722,#723,#724,#725,#726,#727,#728,
    #729,#730,#731,#732,#733,#734,#735,#736,#737,#738,#739,#740,#741,
    #742,#743,#744,#745,#746,#747,#748,#749,#750,#751,#752),
  .UNSPECIFIED.,.F.,.F.,(8,6,6,6,6,6,6,6,6,8),(0.,0.164923255443,
    0.345137142111,0.514144531841,0.581516111118,0.615439083457,
    0.649372240347,0.765314616937,0.888260354281,1.),.UNSPECIFIED.);
#697 = CARTESIAN_POINT('',(0.356032901539,9.708774994033E-02));
#698 = CARTESIAN_POINT('',(0.356040201424,0.102642908878));
#699 = CARTESIAN_POINT('',(0.356048231936,0.10820039945));
#700 = CARTESIAN_POINT('',(0.356055705888,0.113756386309));
#701 = CARTESIAN_POINT('',(0.356061394042,0.119311945031));
#702 = CARTESIAN_POINT('',(0.356065183574,0.12486830943));
#703 = CARTESIAN_POINT('',(0.356066911591,0.130426468438));
#704 = CARTESIAN_POINT('',(0.356066272346,0.142053538958));
#705 = CARTESIAN_POINT('',(0.35606351023,0.148127916074));
#706 = CARTESIAN_POINT('',(0.35605827297,0.15419937617));
#707 = CARTESIAN_POINT('',(0.356050838434,0.160269659467));
#708 = CARTESIAN_POINT('',(0.356040932636,0.166340517614));
#709 = CARTESIAN_POINT('',(0.356030926635,0.172413937947));
#710 = CARTESIAN_POINT('',(0.356017049378,0.184176511186));
#711 = CARTESIAN_POINT('',(0.356012809302,0.189871423159));
#712 = CARTESIAN_POINT('',(0.356013581614,0.195564401055));
#713 = CARTESIAN_POINT('',(0.356021699039,0.201256876692));
#714 = CARTESIAN_POINT('',(0.356039844456,0.206950306639));
#715 = CARTESIAN_POINT('',(0.356060112235,0.212646026745));
#716 = CARTESIAN_POINT('',(0.356078601418,0.220609241477));
#717 = CARTESIAN_POINT('',(0.356082746809,0.222878947623));
#718 = CARTESIAN_POINT('',(0.356085222307,0.22514867548));
#719 = CARTESIAN_POINT('',(0.356085396144,0.22741842743));
#720 = CARTESIAN_POINT('',(0.356082756275,0.229688215392));
#721 = CARTESIAN_POINT('',(0.356077116279,0.231958020111));
#722 = CARTESIAN_POINT('',(0.356064644559,0.23537060624));
#723 = CARTESIAN_POINT('',(0.35605980128,0.236513462232));
#724 = CARTESIAN_POINT('',(0.356054327378,0.237656318478));
#725 = CARTESIAN_POINT('',(0.356048310982,0.238799174976));
#726 = CARTESIAN_POINT('',(0.356041892401,0.239942031665));
#727 = CARTESIAN_POINT('',(0.356035264127,0.241084888426));
#728 = CARTESIAN_POINT('',(0.356022075557,0.243370944856));
#729 = CARTESIAN_POINT('',(0.356015120632,0.244514101098));
#730 = CARTESIAN_POINT('',(0.35600874641,0.245657144291));
#731 = CARTESIAN_POINT('',(0.356003512501,0.246800032222));
#732 = CARTESIAN_POINT('',(0.355999597778,0.247942749982));
#733 = CARTESIAN_POINT('',(0.355996800372,0.249085309966));
#734 = CARTESIAN_POINT('',(0.355986806513,0.254131232788));
#735 = CARTESIAN_POINT('',(0.356019855383,0.258037929497));
#736 = CARTESIAN_POINT('',(0.356064015691,0.26194498823));
#737 = CARTESIAN_POINT('',(0.35609775984,0.265851892677));
#738 = CARTESIAN_POINT('',(0.356113517086,0.269758947376));
#739 = CARTESIAN_POINT('',(0.356115067489,0.273666252667));
#740 = CARTESIAN_POINT('',(0.356097443794,0.281716082527));
#741 = CARTESIAN_POINT('',(0.356077145316,0.285859472317));
#742 = CARTESIAN_POINT('',(0.356051411714,0.290002508828));
#743 = CARTESIAN_POINT('',(0.356029258927,0.294145271179));
#744 = CARTESIAN_POINT('',(0.356015579541,0.298288102141));
#745 = CARTESIAN_POINT('',(0.356009640338,0.302431017427));
#746 = CARTESIAN_POINT('',(0.356009226425,0.310337782065));
#747 = CARTESIAN_POINT('',(0.356013720125,0.314102479919));
#748 = CARTESIAN_POINT('',(0.356021352225,0.317866723874));
#749 = CARTESIAN_POINT('',(0.356029002188,0.321630656574));
#750 = CARTESIAN_POINT('',(0.356034456933,0.325394685053));
#751 = CARTESIAN_POINT('',(0.356037305001,0.329159025745));
#752 = CARTESIAN_POINT('',(0.356038249271,0.33292321389));
#753 = ( GEOMETRIC_REPRESENTATION_CONTEXT(2) 
PARAMETRIC_REPRESENTATION_CONTEXT() REPRESENTATION_CONTEXT('2D SPACE',''
  ) );
#754 = PCURVE('',#103,#755);
#755 = DEFINITIONAL_REPRESENTATION('',(#756),#813);
#756 = B_SPLINE_CURVE_WITH_KNOTS('',7,(#757,#758,#759,#760,#761,#762,
    #763,#764,#765,#766,#767,#768,#769,#770,#771,#772,#773,#774,#775,
    #776,#777,#778,#779,#780,#781,#782,#783,#784,#785,#786,#787,#788,
    #789,#790,#791,#792,#793,#794,#795,#796,#797,#798,#799,#800,#801,
    #802,#803,#804,#805,#806,#807,#808,#809,#810,#811,#812),
  .UNSPECIFIED.,.F.,.F.,(8,6,6,6,6,6,6,6,6,8),(0.,0.164923255443,
    0.345137142111,0.514144531841,0.581516111118,0.615439083457,
    0.649372240347,0.765314616937,0.888260354281,1.),.UNSPECIFIED.);
#757 = CARTESIAN_POINT('',(4.445399237566,5.0000006));
#758 = CARTESIAN_POINT('',(4.340680990764,4.991672131799));
#759 = CARTESIAN_POINT('',(4.235922327096,4.98334036103));
#760 = CARTESIAN_POINT('',(4.13119656789,4.975010063085));
#761 = CARTESIAN_POINT('',(4.026482925595,4.966678792717));
#762 = CARTESIAN_POINT('',(3.921757369571,4.958344768888));
#763 = CARTESIAN_POINT('',(3.816999042,4.950006882962));
#764 = CARTESIAN_POINT('',(3.597854522391,4.932563292958));
#765 = CARTESIAN_POINT('',(3.483365167479,4.923449239952));
#766 = CARTESIAN_POINT('',(3.368927648861,4.914339113294));
#767 = CARTESIAN_POINT('',(3.254506927206,4.905230894819));
#768 = CARTESIAN_POINT('',(3.140069440062,4.896121740752));
#769 = CARTESIAN_POINT('',(3.025579798577,4.887008783487));
#770 = CARTESIAN_POINT('',(2.803841655585,4.869360773136));
#771 = CARTESIAN_POINT('',(2.696484772838,4.860816991131));
#772 = CARTESIAN_POINT('',(2.589165120018,4.852277249181));
#773 = CARTESIAN_POINT('',(2.481858582152,4.843740160272));
#774 = CARTESIAN_POINT('',(2.37453865406,4.835204967722));
#775 = CARTESIAN_POINT('',(2.267181303673,4.826669147532));
#776 = CARTESIAN_POINT('',(2.117091804789,4.814735524587));
#777 = CARTESIAN_POINT('',(2.074313559872,4.811334197615));
#778 = CARTESIAN_POINT('',(2.03153567033,4.807932717728));
#779 = CARTESIAN_POINT('',(1.988758033151,4.804530869913));
#780 = CARTESIAN_POINT('',(1.945980228032,4.801128378251));
#781 = CARTESIAN_POINT('',(1.903202127459,4.79772497116));
#782 = CARTESIAN_POINT('',(1.838885097165,4.792606198686));
#783 = CARTESIAN_POINT('',(1.817345439301,4.79089163814));
#784 = CARTESIAN_POINT('',(1.795805423675,4.789176722694));
#785 = CARTESIAN_POINT('',(1.774264884657,4.787461405879));
#786 = CARTESIAN_POINT('',(1.752723600511,4.785745637064));
#787 = CARTESIAN_POINT('',(1.731181293391,4.784029361448));
#788 = CARTESIAN_POINT('',(1.688087497327,4.780595163246));
#789 = CARTESIAN_POINT('',(1.666537435309,4.778876380183));
#790 = CARTESIAN_POINT('',(1.644987356717,4.777157804187));
#791 = CARTESIAN_POINT('',(1.623437234681,4.775439965067));
#792 = CARTESIAN_POINT('',(1.601887102035,4.77372228913));
#793 = CARTESIAN_POINT('',(1.580337051315,4.772003099183));
#794 = CARTESIAN_POINT('',(1.485156097094,4.764390834215));
#795 = CARTESIAN_POINT('',(1.411516007676,4.758538854728));
#796 = CARTESIAN_POINT('',(1.337880325576,4.752701995088));
#797 = CARTESIAN_POINT('',(1.264247918379,4.746864519768));
#798 = CARTESIAN_POINT('',(1.190612600844,4.741019033638));
#799 = CARTESIAN_POINT('',(1.116972604522,4.735165324754));
#800 = CARTESIAN_POINT('',(0.965259867334,4.72309203884));
#801 = CARTESIAN_POINT('',(0.887170767727,4.716870404029));
#802 = CARTESIAN_POINT('',(0.809088794222,4.710643935877));
#803 = CARTESIAN_POINT('',(0.731011206378,4.704417304593));
#804 = CARTESIAN_POINT('',(0.652929111038,4.698193370253));
#805 = CARTESIAN_POINT('',(0.574839946307,4.691972812979));
#806 = CARTESIAN_POINT('',(0.425796487042,4.680107142539));
#807 = CARTESIAN_POINT('',(0.354827090368,4.674460166145));
#808 = CARTESIAN_POINT('',(0.283861753471,4.668816392752));
#809 = CARTESIAN_POINT('',(0.212899012642,4.663174476548));
#810 = CARTESIAN_POINT('',(0.141933522446,4.657532708651));
#811 = CARTESIAN_POINT('',(7.096379498126E-02,4.651890157729));
#812 = CARTESIAN_POINT('',(0.,4.64624733486));
#813 = ( GEOMETRIC_REPRESENTATION_CONTEXT(2) 
PARAMETRIC_REPRESENTATION_CONTEXT() REPRESENTATION_CONTEXT('2D SPACE',''
  ) );
#814 = ORIENTED_EDGE('',*,*,#815,.T.);
#815 = EDGE_CURVE('',#634,#816,#818,.T.);
#816 = VERTEX_POINT('',#817);
#817 = CARTESIAN_POINT('',(1.4,-3.429011037613E-16,-3.25375504048));
#818 = SURFACE_CURVE('',#819,(#934,#1052),.PCURVE_S1.);
#819 = B_SPLINE_CURVE_WITH_KNOTS('',8,(#820,#821,#822,#823,#824,#825,
    #826,#827,#828,#829,#830,#831,#832,#833,#834,#835,#836,#837,#838,
    #839,#840,#841,#842,#843,#844,#845,#846,#847,#848,#849,#850,#851,
    #852,#853,#854,#855,#856,#857,#858,#859,#860,#861,#862,#863,#864,
    #865,#866,#867,#868,#869,#870,#871,#872,#873,#874,#875,#876,#877,
    #878,#879,#880,#881,#882,#883,#884,#885,#886,#887,#888,#889,#890,
    #891,#892,#893,#894,#895,#896,#897,#898,#899,#900,#901,#902,#903,
    #904,#905,#906,#907,#908,#909,#910,#911,#912,#913,#914,#915,#916,
    #917,#918,#919,#920,#921,#922,#923,#924,#925,#926,#927,#928,#929,
    #930,#931,#932,#933),.UNSPECIFIED.,.F.,.F.,(9,7,7,7,7,7,7,7,7,7,7,7,
    7,7,7,7,9),(0.,6.580465732001E-02,0.119920869226,0.191914119757,
    0.260845715032,0.337560266283,0.414076081975,0.500332818574,
    0.515788110737,0.581262609208,0.626211166619,0.675175440502,
    0.73068520035,0.798723526807,0.860971968965,0.941115619641,1.),
  .UNSPECIFIED.);
#820 = CARTESIAN_POINT('',(1.4,0.,-2.75375266514));
#821 = CARTESIAN_POINT('',(1.4,-7.235480791142E-02,-2.757862259385));
#822 = CARTESIAN_POINT('',(1.395726150334,-0.144711873254,-2.76197237308
    ));
#823 = CARTESIAN_POINT('',(1.387178640987,-0.216773447626,
    -2.766082938238));
#824 = CARTESIAN_POINT('',(1.374381916611,-0.288244791066,
    -2.770193946566));
#825 = CARTESIAN_POINT('',(1.357384488167,-0.358835153925,
    -2.774305416145));
#826 = CARTESIAN_POINT('',(1.336258744559,-0.428258758724,
    -2.778417358111));
#827 = CARTESIAN_POINT('',(1.311100764276,-0.496235782028,
    -2.782529743328));
#828 = CARTESIAN_POINT('',(1.258123114524,-0.616982000084,
    -2.790024678581));
#829 = CARTESIAN_POINT('',(1.231568924994,-0.670310313536,
    -2.793407283676));
#830 = CARTESIAN_POINT('',(1.202433978755,-0.722327005678,
    -2.796790204592));
#831 = CARTESIAN_POINT('',(1.170794400881,-0.77288641593,-2.800173524059
    ));
#832 = CARTESIAN_POINT('',(1.1367358045,-0.821848783042,-2.803557368824)
  );
#833 = CARTESIAN_POINT('',(1.100353074096,-0.869080534015,
    -2.806941791166));
#834 = CARTESIAN_POINT('',(1.061750148802,-0.914454573031,
    -2.810326650424));
#835 = CARTESIAN_POINT('',(0.966880990327,-1.015582233372,
    -2.818214506094));
#836 = CARTESIAN_POINT('',(0.908988945953,-1.069816996434,
    -2.822717604232));
#837 = CARTESIAN_POINT('',(0.84763070451,-1.120268937627,-2.827219466488
    ));
#838 = CARTESIAN_POINT('',(0.78309673229,-1.166681103672,-2.831722212382
    ));
#839 = CARTESIAN_POINT('',(0.715697632511,-1.208824716698,
    -2.836224965134));
#840 = CARTESIAN_POINT('',(0.645762762523,-1.24649902228,-2.84072621056)
  );
#841 = CARTESIAN_POINT('',(0.573639849622,-1.279532527854,
    -2.845226879101));
#842 = CARTESIAN_POINT('',(0.428894193343,-1.334838682463,
    -2.854033937544));
#843 = CARTESIAN_POINT('',(0.356416925728,-1.357511289631,
    -2.858340928448));
#844 = CARTESIAN_POINT('',(0.282583176171,-1.375682059583,
    -2.862646763596));
#845 = CARTESIAN_POINT('',(0.207720032283,-1.389257534794,
    -2.866951686651));
#846 = CARTESIAN_POINT('',(0.132160149255,-1.398173125702,
    -2.871256236422));
#847 = CARTESIAN_POINT('',(5.624051939945E-02,-1.402393293653,
    -2.875561012284));
#848 = CARTESIAN_POINT('',(-1.969875831281E-02,-1.401911733855,
    -2.879866439589));
#849 = CARTESIAN_POINT('',(-0.179470447822,-1.391008755636,
    -2.888964824911));
#850 = CARTESIAN_POINT('',(-0.263234910606,-1.379470904676,
    -2.893758444179));
#851 = CARTESIAN_POINT('',(-0.346135650204,-1.362169122497,
    -2.898553333232));
#852 = CARTESIAN_POINT('',(-0.427710099732,-1.33918170054,
    -2.903349542094));
#853 = CARTESIAN_POINT('',(-0.507507341413,-1.310629947535,
    -2.908146929041));
#854 = CARTESIAN_POINT('',(-0.585089625287,-1.276676404288,
    -2.912945005017));
#855 = CARTESIAN_POINT('',(-0.660034637512,-1.237525430351,
    -2.917742923891));
#856 = CARTESIAN_POINT('',(-0.803656125865,-1.149441137691,
    -2.927323886962));
#857 = CARTESIAN_POINT('',(-0.872357579229,-1.100527756345,
    -2.932107539742));
#858 = CARTESIAN_POINT('',(-0.937640849669,-1.046931106528,
    -2.936889515914));
#859 = CARTESIAN_POINT('',(-0.999135101179,-0.988932665215,
    -2.941669239006));
#860 = CARTESIAN_POINT('',(-1.056499453449,-0.926846323675,
    -2.946446745232));
#861 = CARTESIAN_POINT('',(-1.109423489506,-0.861016129552,
    -2.951222620284));
#862 = CARTESIAN_POINT('',(-1.157629507954,-0.791815745732,
    -2.955997744701));
#863 = CARTESIAN_POINT('',(-1.249629134893,-0.638296327624,
    -2.966155850183));
#864 = CARTESIAN_POINT('',(-1.292087987698,-0.553160352916,
    -2.971539770398));
#865 = CARTESIAN_POINT('',(-1.327902666631,-0.464821714313,
    -2.97692525357));
#866 = CARTESIAN_POINT('',(-1.356796495489,-0.373888387229,
    -2.982314613538));
#867 = CARTESIAN_POINT('',(-1.378560329669,-0.280990705202,
    -2.987709947091));
#868 = CARTESIAN_POINT('',(-1.393051131818,-0.18677714431,
    -2.993112351647));
#869 = CARTESIAN_POINT('',(-1.400195326941,-9.191149683819E-02,
    -2.998522246442));
#870 = CARTESIAN_POINT('',(-1.399961389882,1.992179942228E-02,
    -3.004911681205));
#871 = CARTESIAN_POINT('',(-1.399690107624,3.691459778653E-02,
    -3.005882066044));
#872 = CARTESIAN_POINT('',(-1.399183103306,5.390309484374E-02,
    -3.006851675315));
#873 = CARTESIAN_POINT('',(-1.398440460098,7.088345911174E-02,
    -3.007820349567));
#874 = CARTESIAN_POINT('',(-1.397462331224,8.785189367237E-02,
    -3.008788046315));
#875 = CARTESIAN_POINT('',(-1.396248939959,0.104804636171,
    -3.009754840031));
#876 = CARTESIAN_POINT('',(-1.394800579633,0.121737958819,
    -3.010720922151));
#877 = CARTESIAN_POINT('',(-1.385987929252,0.2102862506,-3.015777584428)
  );
#878 = CARTESIAN_POINT('',(-1.374647642386,0.281508271567,
    -3.019858471271));
#879 = CARTESIAN_POINT('',(-1.359125912299,0.352021891862,
    -3.023935166152));
#880 = CARTESIAN_POINT('',(-1.339475351266,0.421540274737,
    -3.028011805879));
#881 = CARTESIAN_POINT('',(-1.315771709236,0.4897829641,-3.032090984331)
  );
#882 = CARTESIAN_POINT('',(-1.28811355848,0.556476762483,-3.03617397728)
  );
#883 = CARTESIAN_POINT('',(-1.256621978254,0.621356609017,
    -3.040260967205));
#884 = CARTESIAN_POINT('',(-1.197287806932,0.72728571975,-3.047159279321
    ));
#885 = CARTESIAN_POINT('',(-1.17139558368,0.769430749901,-3.04996895403)
  );
#886 = CARTESIAN_POINT('',(-1.143809719916,0.810519236374,
    -3.052780122397));
#887 = CARTESIAN_POINT('',(-1.114580739139,0.850471877142,
    -3.055592532822));
#888 = CARTESIAN_POINT('',(-1.083763456471,0.889212484184,
    -3.058405881186));
#889 = CARTESIAN_POINT('',(-1.051416897011,0.926668088033,
    -3.061219840086));
#890 = CARTESIAN_POINT('',(-1.017604214183,0.962769042319,
    -3.064034088068));
#891 = CARTESIAN_POINT('',(-0.944035187416,1.035227542735,
    -3.069914015592));
#892 = CARTESIAN_POINT('',(-0.904017055423,1.071320504078,
    -3.072979748783));
#893 = CARTESIAN_POINT('',(-0.862425187375,1.105642410178,
    -3.076045135628));
#894 = CARTESIAN_POINT('',(-0.81935127541,1.1381134394,-3.079109901189)
  );
#895 = CARTESIAN_POINT('',(-0.774891563764,1.168659682769,-3.08217387597
    ));
#896 = CARTESIAN_POINT('',(-0.729146683988,1.197213276098,-3.08523697347
    ));
#897 = CARTESIAN_POINT('',(-0.682221490172,1.223712532117,
    -3.088299167759));
#898 = CARTESIAN_POINT('',(-0.579812170231,1.275751977871,-3.0948310057)
  );
#899 = CARTESIAN_POINT('',(-0.5240204746,1.300691388456,-3.098300514011)
  );
#900 = CARTESIAN_POINT('',(-0.467008908763,1.322839455172,
    -3.101768976165));
#901 = CARTESIAN_POINT('',(-0.408940903489,1.342126987093,
    -3.105236549614));
#902 = CARTESIAN_POINT('',(-0.349983823723,1.358496541272,
    -3.108703489917));
#903 = CARTESIAN_POINT('',(-0.290308573479,1.371902512457,
    -3.112170071582));
#904 = CARTESIAN_POINT('',(-0.230089200742,1.382311222808,
    -3.115636508914));
#905 = CARTESIAN_POINT('',(-9.52413710671E-02,1.398758677603,
    -3.123351604933));
#906 = CARTESIAN_POINT('',(-2.0424420189E-02,1.403281235628,
    -3.12760045116));
#907 = CARTESIAN_POINT('',(5.462129166226E-02,1.403229054935,
    -3.131849524179));
#908 = CARTESIAN_POINT('',(0.12956896311,1.398590452878,-3.136098966924)
  );
#909 = CARTESIAN_POINT('',(0.204093203576,1.389381591278,-3.140348907034
    ));
#910 = CARTESIAN_POINT('',(0.277871186837,1.375646372764,-3.144599407255
    ));
#911 = CARTESIAN_POINT('',(0.350583804581,1.357456337132,-3.148850415834
    ));
#912 = CARTESIAN_POINT('',(0.487179581611,1.31428336533,-3.156991243363)
  );
#913 = CARTESIAN_POINT('',(0.551291903082,1.290008893011,-3.160881306297
    ));
#914 = CARTESIAN_POINT('',(0.614013387889,1.262163201756,-3.164771682706
    ));
#915 = CARTESIAN_POINT('',(0.675111841625,1.23084021287,-3.168662462757)
  );
#916 = CARTESIAN_POINT('',(0.734363909188,1.196151324433,-3.172553876864
    ));
#917 = CARTESIAN_POINT('',(0.791555712006,1.158225027793,-3.176446122744
    ));
#918 = CARTESIAN_POINT('',(0.846483485255,1.117206524062,-3.180339192482
    ));
#919 = CARTESIAN_POINT('',(0.966509252561,1.016673627284,-3.189245513766
    ));
#920 = CARTESIAN_POINT('',(1.029998814258,0.955226154557,-3.194259987637
    ));
#921 = CARTESIAN_POINT('',(1.089006795105,0.889261340653,-3.19927238059)
  );
#922 = CARTESIAN_POINT('',(1.143160646387,0.819163936217,-3.204284164491
    ));
#923 = CARTESIAN_POINT('',(1.192129579636,0.745351309941,-3.209298381491
    ));
#924 = CARTESIAN_POINT('',(1.235625069053,0.668270419421,-3.214309670433
    ));
#925 = CARTESIAN_POINT('',(1.273402341335,0.588397742926,-3.21932052783)
  );
#926 = CARTESIAN_POINT('',(1.328679211312,0.445873986293,-3.228009519404
    ));
#927 = CARTESIAN_POINT('',(1.348901297968,0.384270068978,-3.231688967338
    ));
#928 = CARTESIAN_POINT('',(1.365856335506,0.321625887445,-3.235367552797
    ));
#929 = CARTESIAN_POINT('',(1.379482531359,0.258144059187,-3.239045392631
    ));
#930 = CARTESIAN_POINT('',(1.389733381238,0.194030594904,-3.242722763453
    ));
#931 = CARTESIAN_POINT('',(1.39657775788,0.129494356074,-3.246399997644)
  );
#932 = CARTESIAN_POINT('',(1.399999999793,6.474651252432E-02,
    -3.250077379349));
#933 = CARTESIAN_POINT('',(1.4,2.22044604925E-16,-3.25375504048));
#934 = PCURVE('',#187,#935);
#935 = DEFINITIONAL_REPRESENTATION('',(#936),#1051);
#936 = B_SPLINE_CURVE_WITH_KNOTS('',8,(#937,#938,#939,#940,#941,#942,
    #943,#944,#945,#946,#947,#948,#949,#950,#951,#952,#953,#954,#955,
    #956,#957,#958,#959,#960,#961,#962,#963,#964,#965,#966,#967,#968,
    #969,#970,#971,#972,#973,#974,#975,#976,#977,#978,#979,#980,#981,
    #982,#983,#984,#985,#986,#987,#988,#989,#990,#991,#992,#993,#994,
    #995,#996,#997,#998,#999,#1000,#1001,#1002,#1003,#1004,#1005,#1006,
    #1007,#1008,#1009,#1010,#1011,#1012,#1013,#1014,#1015,#1016,#1017,
    #1018,#1019,#1020,#1021,#1022,#1023,#1024,#1025,#1026,#1027,#1028,
    #1029,#1030,#1031,#1032,#1033,#1034,#1035,#1036,#1037,#1038,#1039,
    #1040,#1041,#1042,#1043,#1044,#1045,#1046,#1047,#1048,#1049,#1050),
  .UNSPECIFIED.,.F.,.F.,(9,7,7,7,7,7,7,7,7,7,7,7,7,7,7,7,9),(0.,
    6.580465732001E-02,0.119920869226,0.191914119757,0.260845715032,
    0.337560266283,0.414076081975,0.500332818574,0.515788110737,
    0.581262609208,0.626211166619,0.675175440502,0.73068520035,
    0.798723526807,0.860971968965,0.941115619641,1.),.UNSPECIFIED.);
#937 = CARTESIAN_POINT('',(0.356038249271,0.33292321389));
#938 = CARTESIAN_POINT('',(0.356038936971,0.335664622985));
#939 = CARTESIAN_POINT('',(0.356038621083,0.338406201594));
#940 = CARTESIAN_POINT('',(0.35603756184,0.341147858008));
#941 = CARTESIAN_POINT('',(0.356036241311,0.343889596252));
#942 = CARTESIAN_POINT('',(0.35603519146,0.346631460408));
#943 = CARTESIAN_POINT('',(0.356034822198,0.349373478957));
#944 = CARTESIAN_POINT('',(0.35603524944,0.352115609103));
#945 = CARTESIAN_POINT('',(0.35603684168,0.357112697033));
#946 = CARTESIAN_POINT('',(0.356037844942,0.359367779339));
#947 = CARTESIAN_POINT('',(0.356039086494,0.361622854063));
#948 = CARTESIAN_POINT('',(0.356040212885,0.363877896027));
#949 = CARTESIAN_POINT('',(0.35604079552,0.366132909183));
#950 = CARTESIAN_POINT('',(0.356040562512,0.368387906944));
#951 = CARTESIAN_POINT('',(0.356039630548,0.370642892513));
#952 = CARTESIAN_POINT('',(0.356037547669,0.37589769708));
#953 = CARTESIAN_POINT('',(0.356036868453,0.378897680065));
#954 = CARTESIAN_POINT('',(0.356038721956,0.381897623666));
#955 = CARTESIAN_POINT('',(0.356037370924,0.384897572528));
#956 = CARTESIAN_POINT('',(0.356034678228,0.387897592702));
#957 = CARTESIAN_POINT('',(0.356034181707,0.390897712501));
#958 = CARTESIAN_POINT('',(0.356033371973,0.393897881749));
#959 = CARTESIAN_POINT('',(0.356033938749,0.399770217605));
#960 = CARTESIAN_POINT('',(0.356034979724,0.402642653813));
#961 = CARTESIAN_POINT('',(0.356036861573,0.40551493926));
#962 = CARTESIAN_POINT('',(0.356039177993,0.40838703212));
#963 = CARTESIAN_POINT('',(0.356041270194,0.411258982956));
#964 = CARTESIAN_POINT('',(0.356042457858,0.414130860325));
#965 = CARTESIAN_POINT('',(0.35604227009,0.417002676396));
#966 = CARTESIAN_POINT('',(0.356038902697,0.423070180553));
#967 = CARTESIAN_POINT('',(0.356035389676,0.426266161356));
#968 = CARTESIAN_POINT('',(0.356030024411,0.429462020897));
#969 = CARTESIAN_POINT('',(0.356023345016,0.432657807843));
#970 = CARTESIAN_POINT('',(0.356016544496,0.435853696386));
#971 = CARTESIAN_POINT('',(0.356011223988,0.439049838251));
#972 = CARTESIAN_POINT('',(0.356008895327,0.442246223923));
#973 = CARTESIAN_POINT('',(0.356011567113,0.448630601873));
#974 = CARTESIAN_POINT('',(0.356016565065,0.451818999381));
#975 = CARTESIAN_POINT('',(0.356025917038,0.455007451969));
#976 = CARTESIAN_POINT('',(0.356039713223,0.458195899026));
#977 = CARTESIAN_POINT('',(0.356056794234,0.461384405458));
#978 = CARTESIAN_POINT('',(0.356074717221,0.464573046438));
#979 = CARTESIAN_POINT('',(0.356090337643,0.467761784403));
#980 = CARTESIAN_POINT('',(0.356113033968,0.474544814183));
#981 = CARTESIAN_POINT('',(0.35611864567,0.478139652897));
#982 = CARTESIAN_POINT('',(0.356114628417,0.481734340037));
#983 = CARTESIAN_POINT('',(0.356097087927,0.48532883448));
#984 = CARTESIAN_POINT('',(0.356066274176,0.488923321375));
#985 = CARTESIAN_POINT('',(0.35602868257,0.492517821094));
#986 = CARTESIAN_POINT('',(0.355996431137,0.496111654132));
#987 = CARTESIAN_POINT('',(0.355981670883,0.50034620877));
#988 = CARTESIAN_POINT('',(0.355980432185,0.500989671099));
#989 = CARTESIAN_POINT('',(0.355980225332,0.501633179811));
#990 = CARTESIAN_POINT('',(0.355981031785,0.50227675431));
#991 = CARTESIAN_POINT('',(0.355982786757,0.502920402562));
#992 = CARTESIAN_POINT('',(0.355985379223,0.503564121091));
#993 = CARTESIAN_POINT('',(0.35598865191,0.504207894979));
#994 = CARTESIAN_POINT('',(0.356008285164,0.507579091869));
#995 = CARTESIAN_POINT('',(0.356034036339,0.510307258519));
#996 = CARTESIAN_POINT('',(0.356061240672,0.513035670315));
#997 = CARTESIAN_POINT('',(0.35608451198,0.515764107822));
#998 = CARTESIAN_POINT('',(0.356100982851,0.518492543464));
#999 = CARTESIAN_POINT('',(0.356109795446,0.521221025317));
#1000 = CARTESIAN_POINT('',(0.356111592298,0.523949560904));
#1001 = CARTESIAN_POINT('',(0.356105545859,0.528551088201));
#1002 = CARTESIAN_POINT('',(0.356100506723,0.530424190338));
#1003 = CARTESIAN_POINT('',(0.356093370555,0.532297289148));
#1004 = CARTESIAN_POINT('',(0.356084735968,0.534170382558));
#1005 = CARTESIAN_POINT('',(0.356075249381,0.536043475609));
#1006 = CARTESIAN_POINT('',(0.356065535068,0.537916571398));
#1007 = CARTESIAN_POINT('',(0.356056125197,0.539789662025));
#1008 = CARTESIAN_POINT('',(0.356037874151,0.543703116509));
#1009 = CARTESIAN_POINT('',(0.356029159074,0.545743509625));
#1010 = CARTESIAN_POINT('',(0.356021778403,0.547783860205));
#1011 = CARTESIAN_POINT('',(0.35601604492,0.549824155887));
#1012 = CARTESIAN_POINT('',(0.356012078142,0.551864398255));
#1013 = CARTESIAN_POINT('',(0.356009832026,0.553904590473));
#1014 = CARTESIAN_POINT('',(0.356009122674,0.555944724917));
#1015 = CARTESIAN_POINT('',(0.356010260697,0.560297527621));
#1016 = CARTESIAN_POINT('',(0.356012479235,0.562610254418));
#1017 = CARTESIAN_POINT('',(0.356015887893,0.564922887635));
#1018 = CARTESIAN_POINT('',(0.356019972764,0.56723542782));
#1019 = CARTESIAN_POINT('',(0.356024208774,0.569547911266));
#1020 = CARTESIAN_POINT('',(0.35602813867,0.57186038164));
#1021 = CARTESIAN_POINT('',(0.356031452011,0.574172861603));
#1022 = CARTESIAN_POINT('',(0.356037265853,0.579319710706));
#1023 = CARTESIAN_POINT('',(0.356039417947,0.582154221689));
#1024 = CARTESIAN_POINT('',(0.356040232137,0.584988755691));
#1025 = CARTESIAN_POINT('',(0.356039930237,0.587823339332));
#1026 = CARTESIAN_POINT('',(0.356039028839,0.590658054861));
#1027 = CARTESIAN_POINT('',(0.356038123991,0.593492967489));
#1028 = CARTESIAN_POINT('',(0.356037675862,0.596328052708));
#1029 = CARTESIAN_POINT('',(0.356037900976,0.601756937386));
#1030 = CARTESIAN_POINT('',(0.356038406565,0.604350914501));
#1031 = CARTESIAN_POINT('',(0.356039602037,0.606944923161));
#1032 = CARTESIAN_POINT('',(0.356041190722,0.609538916471));
#1033 = CARTESIAN_POINT('',(0.356042579821,0.612132895298));
#1034 = CARTESIAN_POINT('',(0.356043172795,0.614726871112));
#1035 = CARTESIAN_POINT('',(0.356042661758,0.617320828839));
#1036 = CARTESIAN_POINT('',(0.356039592208,0.623254234777));
#1037 = CARTESIAN_POINT('',(0.356035532372,0.626593979227));
#1038 = CARTESIAN_POINT('',(0.356036155801,0.629933551226));
#1039 = CARTESIAN_POINT('',(0.356037555656,0.633273135));
#1040 = CARTESIAN_POINT('',(0.356031591813,0.636612790486));
#1041 = CARTESIAN_POINT('',(0.356031291998,0.639952633924));
#1042 = CARTESIAN_POINT('',(0.356030044124,0.643292571145));
#1043 = CARTESIAN_POINT('',(0.356030615255,0.649085902671));
#1044 = CARTESIAN_POINT('',(0.356031495231,0.651539644938));
#1045 = CARTESIAN_POINT('',(0.356033058391,0.653993299121));
#1046 = CARTESIAN_POINT('',(0.35603508817,0.656446837882));
#1047 = CARTESIAN_POINT('',(0.356037212609,0.658900277447));
#1048 = CARTESIAN_POINT('',(0.356039010648,0.661353644469));
#1049 = CARTESIAN_POINT('',(0.356040118409,0.663806942888));
#1050 = CARTESIAN_POINT('',(0.356040335481,0.666260120789));
#1051 = ( GEOMETRIC_REPRESENTATION_CONTEXT(2) 
PARAMETRIC_REPRESENTATION_CONTEXT() REPRESENTATION_CONTEXT('2D SPACE',''
  ) );
#1052 = PCURVE('',#1053,#1058);
#1053 = CYLINDRICAL_SURFACE('',#1054,1.4);
#1054 = AXIS2_PLACEMENT_3D('',#1055,#1056,#1057);
#1055 = CARTESIAN_POINT('',(0.,0.,-7.4));
#1056 = DIRECTION('',(0.,0.,1.));
#1057 = DIRECTION('',(1.,0.,-0.));
#1058 = DEFINITIONAL_REPRESENTATION('',(#1059),#1174);
#1059 = B_SPLINE_CURVE_WITH_KNOTS('',8,(#1060,#1061,#1062,#1063,#1064,
    #1065,#1066,#1067,#1068,#1069,#1070,#1071,#1072,#1073,#1074,#1075,
    #1076,#1077,#1078,#1079,#1080,#1081,#1082,#1083,#1084,#1085,#1086,
    #1087,#1088,#1089,#1090,#1091,#1092,#1093,#1094,#1095,#1096,#1097,
    #1098,#1099,#1100,#1101,#1102,#1103,#1104,#1105,#1106,#1107,#1108,
    #1109,#1110,#1111,#1112,#1113,#1114,#1115,#1116,#1117,#1118,#1119,
    #1120,#1121,#1122,#1123,#1124,#1125,#1126,#1127,#1128,#1129,#1130,
    #1131,#1132,#1133,#1134,#1135,#1136,#1137,#1138,#1139,#1140,#1141,
    #1142,#1143,#1144,#1145,#1146,#1147,#1148,#1149,#1150,#1151,#1152,
    #1153,#1154,#1155,#1156,#1157,#1158,#1159,#1160,#1161,#1162,#1163,
    #1164,#1165,#1166,#1167,#1168,#1169,#1170,#1171,#1172,#1173),
  .UNSPECIFIED.,.F.,.F.,(9,7,7,7,7,7,7,7,7,7,7,7,7,7,7,7,9),(0.,
    6.580465732001E-02,0.119920869226,0.191914119757,0.260845715032,
    0.337560266283,0.414076081975,0.500332818574,0.515788110737,
    0.581262609208,0.626211166619,0.675175440502,0.73068520035,
    0.798723526807,0.860971968965,0.941115619641,1.),.UNSPECIFIED.);
#1060 = CARTESIAN_POINT('',(6.28318530718,4.64624733486));
#1061 = CARTESIAN_POINT('',(6.231503301529,4.642137740615));
#1062 = CARTESIAN_POINT('',(6.179819667897,4.63802762692));
#1063 = CARTESIAN_POINT('',(6.128136757781,4.633917061762));
#1064 = CARTESIAN_POINT('',(6.076454740698,4.629806053434));
#1065 = CARTESIAN_POINT('',(6.024772708307,4.625694583855));
#1066 = CARTESIAN_POINT('',(5.973089778529,4.621582641889));
#1067 = CARTESIAN_POINT('',(5.921406199668,4.617470256672));
#1068 = CARTESIAN_POINT('',(5.827222595468,4.609975321419));
#1069 = CARTESIAN_POINT('',(5.784720011622,4.606592716324));
#1070 = CARTESIAN_POINT('',(5.742217721325,4.603209795408));
#1071 = CARTESIAN_POINT('',(5.699715856227,4.599826475941));
#1072 = CARTESIAN_POINT('',(5.657214084523,4.596442631176));
#1073 = CARTESIAN_POINT('',(5.61471203419,4.593058208834));
#1074 = CARTESIAN_POINT('',(5.572209716214,4.589673349576));
#1075 = CARTESIAN_POINT('',(5.473165918141,4.581785493906));
#1076 = CARTESIAN_POINT('',(5.41662113248,4.577282395768));
#1077 = CARTESIAN_POINT('',(5.360077586088,4.572780533512));
#1078 = CARTESIAN_POINT('',(5.303535522211,4.568277787618));
#1079 = CARTESIAN_POINT('',(5.246993458628,4.563775034866));
#1080 = CARTESIAN_POINT('',(5.190449879838,4.55927378944));
#1081 = CARTESIAN_POINT('',(5.133904966693,4.554773120899));
#1082 = CARTESIAN_POINT('',(5.023225073996,4.545966062456));
#1083 = CARTESIAN_POINT('',(4.96908517377,4.541659071552));
#1084 = CARTESIAN_POINT('',(4.914946130496,4.537353236404));
#1085 = CARTESIAN_POINT('',(4.860808221941,4.533048313349));
#1086 = CARTESIAN_POINT('',(4.806670314332,4.528743763578));
#1087 = CARTESIAN_POINT('',(4.75253126894,4.524438987716));
#1088 = CARTESIAN_POINT('',(4.698391348669,4.520133560411));
#1089 = CARTESIAN_POINT('',(4.584003296937,4.511035175089));
#1090 = CARTESIAN_POINT('',(4.523749326413,4.506241555821));
#1091 = CARTESIAN_POINT('',(4.463497102917,4.501446666768));
#1092 = CARTESIAN_POINT('',(4.403247023353,4.496650457906));
#1093 = CARTESIAN_POINT('',(4.342996985324,4.491853070959));
#1094 = CARTESIAN_POINT('',(4.282744888118,4.487054994983));
#1095 = CARTESIAN_POINT('',(4.222491141066,4.482257076109));
#1096 = CARTESIAN_POINT('',(4.102147300068,4.472676113038));
#1097 = CARTESIAN_POINT('',(4.042049544157,4.467892460258));
#1098 = CARTESIAN_POINT('',(3.981953307331,4.463110484086));
#1099 = CARTESIAN_POINT('',(3.921859025904,4.458330760994));
#1100 = CARTESIAN_POINT('',(3.861764659231,4.453553254768));
#1101 = CARTESIAN_POINT('',(3.801668165562,4.448777379716));
#1102 = CARTESIAN_POINT('',(3.741569971228,4.444002255299));
#1103 = CARTESIAN_POINT('',(3.613730500995,4.433844149817));
#1104 = CARTESIAN_POINT('',(3.545978937502,4.428460229602));
#1105 = CARTESIAN_POINT('',(3.47823047772,4.42307474643));
#1106 = CARTESIAN_POINT('',(3.410485960222,4.417685386462));
#1107 = CARTESIAN_POINT('',(3.342741733042,4.412290052909));
#1108 = CARTESIAN_POINT('',(3.274994108862,4.406887648353));
#1109 = CARTESIAN_POINT('',(3.207243869448,4.401477753558));
#1110 = CARTESIAN_POINT('',(3.127362768777,4.395088318795));
#1111 = CARTESIAN_POINT('',(3.115224678005,4.394117933956));
#1112 = CARTESIAN_POINT('',(3.103086581127,4.393148324685));
#1113 = CARTESIAN_POINT('',(3.090948490029,4.392179650433));
#1114 = CARTESIAN_POINT('',(3.078810394384,4.391211953685));
#1115 = CARTESIAN_POINT('',(3.066672261654,4.390245159969));
#1116 = CARTESIAN_POINT('',(3.054534037096,4.389279077849));
#1117 = CARTESIAN_POINT('',(2.990972790784,4.384222415572));
#1118 = CARTESIAN_POINT('',(2.939547798213,4.380141528729));
#1119 = CARTESIAN_POINT('',(2.888123326778,4.376064833848));
#1120 = CARTESIAN_POINT('',(2.836699756279,4.371988194121));
#1121 = CARTESIAN_POINT('',(2.785276300178,4.367909015669));
#1122 = CARTESIAN_POINT('',(2.733852120202,4.36382602272));
#1123 = CARTESIAN_POINT('',(2.68242744095,4.359739032795));
#1124 = CARTESIAN_POINT('',(2.595702681677,4.352840720679));
#1125 = CARTESIAN_POINT('',(2.560400524334,4.35003104597));
#1126 = CARTESIAN_POINT('',(2.525098559557,4.347219877603));
#1127 = CARTESIAN_POINT('',(2.489796805172,4.344407467178));
#1128 = CARTESIAN_POINT('',(2.454495102983,4.341594118814));
#1129 = CARTESIAN_POINT('',(2.419193292037,4.338780159914));
#1130 = CARTESIAN_POINT('',(2.383891381873,4.335965911932));
#1131 = CARTESIAN_POINT('',(2.310134210025,4.330085984408));
#1132 = CARTESIAN_POINT('',(2.271678335457,4.327020251217));
#1133 = CARTESIAN_POINT('',(2.233222616866,4.323954864372));
#1134 = CARTESIAN_POINT('',(2.194767066027,4.320890098811));
#1135 = CARTESIAN_POINT('',(2.156311453322,4.31782612403));
#1136 = CARTESIAN_POINT('',(2.117855569356,4.31476302653));
#1137 = CARTESIAN_POINT('',(2.079399486585,4.311700832241));
#1138 = CARTESIAN_POINT('',(1.997347447582,4.3051689943));
#1139 = CARTESIAN_POINT('',(1.953750033448,4.301699485989));
#1140 = CARTESIAN_POINT('',(1.910152791139,4.298231023835));
#1141 = CARTESIAN_POINT('',(1.86655591095,4.294763450386));
#1142 = CARTESIAN_POINT('',(1.822959047854,4.291296510083));
#1143 = CARTESIAN_POINT('',(1.77936180848,4.287829928418));
#1144 = CARTESIAN_POINT('',(1.735764238104,4.284363491086));
#1145 = CARTESIAN_POINT('',(1.638730539095,4.276648395067));
#1146 = CARTESIAN_POINT('',(1.585291858522,4.27239954884));
#1147 = CARTESIAN_POINT('',(1.531854102625,4.268150475821));
#1148 = CARTESIAN_POINT('',(1.478417476202,4.263901033076));
#1149 = CARTESIAN_POINT('',(1.424980870657,4.259651092966));
#1150 = CARTESIAN_POINT('',(1.371543182535,4.255400592745));
#1151 = CARTESIAN_POINT('',(1.318104632042,4.251149584166));
#1152 = CARTESIAN_POINT('',(1.215778842316,4.243008756637));
#1153 = CARTESIAN_POINT('',(1.166888005291,4.239118693703));
#1154 = CARTESIAN_POINT('',(1.117997621279,4.235228317294));
#1155 = CARTESIAN_POINT('',(1.069107982792,4.231337537243));
#1156 = CARTESIAN_POINT('',(1.02021847156,4.227446123136));
#1157 = CARTESIAN_POINT('',(0.971328406025,4.223553877256));
#1158 = CARTESIAN_POINT('',(0.922437888827,4.219660807518));
#1159 = CARTESIAN_POINT('',(0.810604721921,4.210754486234));
#1160 = CARTESIAN_POINT('',(0.747656200517,4.205740012363));
#1161 = CARTESIAN_POINT('',(0.684709815064,4.20072761941));
#1162 = CARTESIAN_POINT('',(0.621765803277,4.195715835509));
#1163 = CARTESIAN_POINT('',(0.558821888439,4.190701618509));
#1164 = CARTESIAN_POINT('',(0.495875415747,4.185690329567));
#1165 = CARTESIAN_POINT('',(0.432926691506,4.18067947217));
#1166 = CARTESIAN_POINT('',(0.323735430832,4.171990480596));
#1167 = CARTESIAN_POINT('',(0.277487071396,4.168311032662));
#1168 = CARTESIAN_POINT('',(0.231239052317,4.164632447203));
#1169 = CARTESIAN_POINT('',(0.184991537046,4.160954607369));
#1170 = CARTESIAN_POINT('',(0.138744020137,4.157277236547));
#1171 = CARTESIAN_POINT('',(9.249597621579E-02,4.153600002356));
#1172 = CARTESIAN_POINT('',(4.624750894594E-02,4.149922620651));
#1173 = CARTESIAN_POINT('',(0.,4.14624495952));
#1174 = ( GEOMETRIC_REPRESENTATION_CONTEXT(2) 
PARAMETRIC_REPRESENTATION_CONTEXT() REPRESENTATION_CONTEXT('2D SPACE',''
  ) );
#1175 = ORIENTED_EDGE('',*,*,#1176,.T.);
#1176 = EDGE_CURVE('',#816,#1177,#1179,.T.);
#1177 = VERTEX_POINT('',#1178);
#1178 = CARTESIAN_POINT('',(1.4,-3.429011037613E-16,-3.753897858843));
#1179 = SURFACE_CURVE('',#1180,(#1261,#1345),.PCURVE_S1.);
#1180 = B_SPLINE_CURVE_WITH_KNOTS('',7,(#1181,#1182,#1183,#1184,#1185,
    #1186,#1187,#1188,#1189,#1190,#1191,#1192,#1193,#1194,#1195,#1196,
    #1197,#1198,#1199,#1200,#1201,#1202,#1203,#1204,#1205,#1206,#1207,
    #1208,#1209,#1210,#1211,#1212,#1213,#1214,#1215,#1216,#1217,#1218,
    #1219,#1220,#1221,#1222,#1223,#1224,#1225,#1226,#1227,#1228,#1229,
    #1230,#1231,#1232,#1233,#1234,#1235,#1236,#1237,#1238,#1239,#1240,
    #1241,#1242,#1243,#1244,#1245,#1246,#1247,#1248,#1249,#1250,#1251,
    #1252,#1253,#1254,#1255,#1256,#1257,#1258,#1259,#1260),
  .UNSPECIFIED.,.F.,.F.,(8,6,6,6,6,6,6,6,6,6,6,6,6,8),(0.,
    8.350533591486E-02,0.18472724724,0.209692998208,0.230695076777,
    0.251703365913,0.334923939061,0.436744247261,0.486676687476,
    0.591669994996,0.710874751938,0.779158724393,0.86616095399,1.),
  .UNSPECIFIED.);
#1181 = CARTESIAN_POINT('',(1.4,4.440892098501E-16,-3.25375504048));
#1182 = CARTESIAN_POINT('',(1.4,-0.104910250294,-3.259714038483));
#1183 = CARTESIAN_POINT('',(1.39082817397,-0.209831281715,
    -3.265674582144));
#1184 = CARTESIAN_POINT('',(1.372481309007,-0.313781362647,
    -3.271636699568));
#1185 = CARTESIAN_POINT('',(1.345091788686,-0.415802446496,
    -3.277601140855));
#1186 = CARTESIAN_POINT('',(1.308909529435,-0.514963909615,
    -3.283567806759));
#1187 = CARTESIAN_POINT('',(1.264299798299,-0.610370450205,
    -3.28953521743));
#1188 = CARTESIAN_POINT('',(1.148066474628,-0.811242849357,
    -3.302732535935));
#1189 = CARTESIAN_POINT('',(1.072697437335,-0.914586537564,
    -3.309964124187));
#1190 = CARTESIAN_POINT('',(0.986525175382,-1.009672553922,
    -3.317190767619));
#1191 = CARTESIAN_POINT('',(0.890653684399,-1.095174350288,
    -3.324410692153));
#1192 = CARTESIAN_POINT('',(0.786365191113,-1.169948124281,
    -3.331626978956));
#1193 = CARTESIAN_POINT('',(0.67510367794,-1.233047770147,
    -3.338845241323));
#1194 = CARTESIAN_POINT('',(0.529730860208,-1.296290475083,
    -3.347848659738));
#1195 = CARTESIAN_POINT('',(0.500642169208,-1.30805112356,
    -3.349630293422));
#1196 = CARTESIAN_POINT('',(0.47124995006,-1.31904976851,-3.351412336931
    ));
#1197 = CARTESIAN_POINT('',(0.441578228384,-1.329277051444,
    -3.353194855383));
#1198 = CARTESIAN_POINT('',(0.411651353855,-1.338724577792,
    -3.354977910638));
#1199 = CARTESIAN_POINT('',(0.381494000211,-1.347384916898,
    -3.356761561307));
#1200 = CARTESIAN_POINT('',(0.325588867473,-1.361869337631,
    -3.360046880641));
#1201 = CARTESIAN_POINT('',(0.299900721588,-1.367925526944,
    -3.361548383016));
#1202 = CARTESIAN_POINT('',(0.274081444344,-1.37341634892,
    -3.363050409239));
#1203 = CARTESIAN_POINT('',(0.248145777207,-1.378338456511,
    -3.364553001615));
#1204 = CARTESIAN_POINT('',(0.222108486363,-1.382688976666,
    -3.366056205379));
#1205 = CARTESIAN_POINT('',(0.195984362718,-1.386465510334,
    -3.367560068702));
#1206 = CARTESIAN_POINT('',(0.143584334561,-1.392867701048,
    -3.370569661593));
#1207 = CARTESIAN_POINT('',(0.117309952338,-1.395492805885,
    -3.372074024858));
#1208 = CARTESIAN_POINT('',(9.098048383049E-02,-1.397539590824,
    -3.373579922622));
#1209 = CARTESIAN_POINT('',(6.461126056859E-02,-1.399006703724,
    -3.375088138575));
#1210 = CARTESIAN_POINT('',(3.821753701309E-02,-1.399893296448,
    -3.37659804995));
#1211 = CARTESIAN_POINT('',(1.181449055444E-02,-1.400199024867,
    -3.378107627531));
#1212 = CARTESIAN_POINT('',(-0.119150829931,-1.398834780671,
    -3.385578424698));
#1213 = CARTESIAN_POINT('',(-0.223636869288,-1.388632790983,
    -3.391510560923));
#1214 = CARTESIAN_POINT('',(-0.327067138824,-1.36932436747,
    -3.397433780915));
#1215 = CARTESIAN_POINT('',(-0.428493424897,-1.341050101743,
    -3.403359707336));
#1216 = CARTESIAN_POINT('',(-0.526996084153,-1.304066507306,
    -3.409292306717));
#1217 = CARTESIAN_POINT('',(-0.62169150256,-1.258743666314,
    -3.41523129467));
#1218 = CARTESIAN_POINT('',(-0.821923134176,-1.140531860132,
    -3.428445536997));
#1219 = CARTESIAN_POINT('',(-0.925191270611,-1.063722578263,
    -3.435725330505));
#1220 = CARTESIAN_POINT('',(-1.019994757622,-0.976056641937,
    -3.443008013863));
#1221 = CARTESIAN_POINT('',(-1.104993954723,-0.87867189996,
    -3.450289172555));
#1222 = CARTESIAN_POINT('',(-1.179038211093,-0.772886570675,
    -3.457567685166));
#1223 = CARTESIAN_POINT('',(-1.2411809847,-0.660182042137,
    -3.464844281582));
#1224 = CARTESIAN_POINT('',(-1.315036306096,-0.484372241814,
    -3.475682938281));
#1225 = CARTESIAN_POINT('',(-1.336313100614,-0.425252556166,
    -3.479248689806));
#1226 = CARTESIAN_POINT('',(-1.354485210363,-0.365052464335,
    -3.482813858095));
#1227 = CARTESIAN_POINT('',(-1.369487869979,-0.303967866384,
    -3.486378577332));
#1228 = CARTESIAN_POINT('',(-1.381271948825,-0.242198802581,
    -3.489943034865));
#1229 = CARTESIAN_POINT('',(-1.389804088481,-0.179948845466,
    -3.493507386729));
#1230 = CARTESIAN_POINT('',(-1.406132866841,1.404592392694E-02,
    -3.504566324351));
#1231 = CARTESIAN_POINT('',(-1.402746907038,0.14676670685,
    -3.512062755059));
#1232 = CARTESIAN_POINT('',(-1.384731037181,0.278769941202,
    -3.519558872209));
#1233 = CARTESIAN_POINT('',(-1.352264019769,0.408135586873,
    -3.527055861928));
#1234 = CARTESIAN_POINT('',(-1.305813094538,0.533002173063,
    -3.534555488798));
#1235 = CARTESIAN_POINT('',(-1.246127384897,0.651592916695,
    -3.542057765465));
#1236 = CARTESIAN_POINT('',(-1.092735245538,0.887900671765,
    -3.558075554144));
#1237 = CARTESIAN_POINT('',(-0.995459672139,1.003415774292,
    -3.566596730674));
#1238 = CARTESIAN_POINT('',(-0.884030446191,1.106343333032,
    -3.575115370525));
#1239 = CARTESIAN_POINT('',(-0.760444346144,1.19466713874,
    -3.583632544774));
#1240 = CARTESIAN_POINT('',(-0.626978344439,1.266760439213,
    -3.592150016805));
#1241 = CARTESIAN_POINT('',(-0.486185449557,1.321386238068,
    -3.600669725239));
#1242 = CARTESIAN_POINT('',(-0.257678317479,1.378754692512,
    -3.614062999201));
#1243 = CARTESIAN_POINT('',(-0.1729576166,1.393698180903,-3.618940860261
    ));
#1244 = CARTESIAN_POINT('',(-8.725615183214E-02,1.402562026604,
    -3.62381835478));
#1245 = CARTESIAN_POINT('',(-1.097371325665E-03,1.405273176236,
    -3.628695550628));
#1246 = CARTESIAN_POINT('',(8.499188661053E-02,1.4018150275,
    -3.6335726444));
#1247 = CARTESIAN_POINT('',(0.170484515508,1.392227570274,
    -3.638449666284));
#1248 = CARTESIAN_POINT('',(0.362356307913,1.356705660832,
    -3.649539473027));
#1249 = CARTESIAN_POINT('',(0.468056235869,1.327007478451,
    -3.655753057898));
#1250 = CARTESIAN_POINT('',(0.57086108385,1.28771152575,-3.661965563718)
  );
#1251 = CARTESIAN_POINT('',(0.66973387041,1.239169045296,-3.668177049272
    ));
#1252 = CARTESIAN_POINT('',(0.763695492105,1.181860714114,-3.67438808349
    ));
#1253 = CARTESIAN_POINT('',(0.851833842769,1.1163921786,-3.680598959806)
  );
#1254 = CARTESIAN_POINT('',(1.058678919995,0.931388305458,
    -3.696362281097));
#1255 = CARTESIAN_POINT('',(1.168405271284,0.801624135985,
    -3.705921725336));
#1256 = CARTESIAN_POINT('',(1.2593566991,0.656956138774,-3.715478384818)
  );
#1257 = CARTESIAN_POINT('',(1.329236838288,0.500699053248,
    -3.725040179113));
#1258 = CARTESIAN_POINT('',(1.376430572105,0.336464475309,
    -3.734623355804));
#1259 = CARTESIAN_POINT('',(1.4,0.168175113376,-3.744244104792));
#1260 = CARTESIAN_POINT('',(1.4,-1.110223024625E-15,-3.753897858843));
#1261 = PCURVE('',#187,#1262);
#1262 = DEFINITIONAL_REPRESENTATION('',(#1263),#1344);
#1263 = B_SPLINE_CURVE_WITH_KNOTS('',7,(#1264,#1265,#1266,#1267,#1268,
    #1269,#1270,#1271,#1272,#1273,#1274,#1275,#1276,#1277,#1278,#1279,
    #1280,#1281,#1282,#1283,#1284,#1285,#1286,#1287,#1288,#1289,#1290,
    #1291,#1292,#1293,#1294,#1295,#1296,#1297,#1298,#1299,#1300,#1301,
    #1302,#1303,#1304,#1305,#1306,#1307,#1308,#1309,#1310,#1311,#1312,
    #1313,#1314,#1315,#1316,#1317,#1318,#1319,#1320,#1321,#1322,#1323,
    #1324,#1325,#1326,#1327,#1328,#1329,#1330,#1331,#1332,#1333,#1334,
    #1335,#1336,#1337,#1338,#1339,#1340,#1341,#1342,#1343),
  .UNSPECIFIED.,.F.,.F.,(8,6,6,6,6,6,6,6,6,6,6,6,6,8),(0.,
    8.350533591486E-02,0.18472724724,0.209692998208,0.230695076777,
    0.251703365913,0.334923939061,0.436744247261,0.486676687476,
    0.591669994996,0.710874751938,0.779158724393,0.86616095399,1.),
  .UNSPECIFIED.);
#1264 = CARTESIAN_POINT('',(0.35604033989,0.666260121124));
#1265 = CARTESIAN_POINT('',(0.356040691984,0.670235061191));
#1266 = CARTESIAN_POINT('',(0.356038662271,0.674210214247));
#1267 = CARTESIAN_POINT('',(0.356033251248,0.678184955437));
#1268 = CARTESIAN_POINT('',(0.356024875899,0.682159546364));
#1269 = CARTESIAN_POINT('',(0.356016204338,0.68613450058));
#1270 = CARTESIAN_POINT('',(0.356011009004,0.690109994068));
#1271 = CARTESIAN_POINT('',(0.356011074001,0.698904056606));
#1272 = CARTESIAN_POINT('',(0.356018832416,0.703724176877));
#1273 = CARTESIAN_POINT('',(0.356037500506,0.708543902109));
#1274 = CARTESIAN_POINT('',(0.356067439568,0.713363276818));
#1275 = CARTESIAN_POINT('',(0.356098588366,0.718183151966));
#1276 = CARTESIAN_POINT('',(0.356115278097,0.723003854386));
#1277 = CARTESIAN_POINT('',(0.356113010665,0.729012289191));
#1278 = CARTESIAN_POINT('',(0.356111438658,0.730201043922));
#1279 = CARTESIAN_POINT('',(0.356108666802,0.731389804669));
#1280 = CARTESIAN_POINT('',(0.356104672637,0.732578567124));
#1281 = CARTESIAN_POINT('',(0.356099487695,0.733767325315));
#1282 = CARTESIAN_POINT('',(0.356093197492,0.734956071611));
#1283 = CARTESIAN_POINT('',(0.356079837565,0.737144794604));
#1284 = CARTESIAN_POINT('',(0.356073052878,0.738144792653));
#1285 = CARTESIAN_POINT('',(0.356065676773,0.739144791028));
#1286 = CARTESIAN_POINT('',(0.356057831407,0.740144789822));
#1287 = CARTESIAN_POINT('',(0.356049671791,0.741144789058));
#1288 = CARTESIAN_POINT('',(0.356041385791,0.742144788691));
#1289 = CARTESIAN_POINT('',(0.356025000043,0.744145084238));
#1290 = CARTESIAN_POINT('',(0.356017416556,0.745145332769));
#1291 = CARTESIAN_POINT('',(0.356009786745,0.746145489382));
#1292 = CARTESIAN_POINT('',(0.356002049564,0.747145523533));
#1293 = CARTESIAN_POINT('',(0.35599473984,0.748145418954));
#1294 = CARTESIAN_POINT('',(0.355988988277,0.749145173648));
#1295 = CARTESIAN_POINT('',(0.355976749575,0.754104640163));
#1296 = CARTESIAN_POINT('',(0.356006941923,0.758067537978));
#1297 = CARTESIAN_POINT('',(0.356043425318,0.762030872981));
#1298 = CARTESIAN_POINT('',(0.356070777794,0.765994176976));
#1299 = CARTESIAN_POINT('',(0.356085436869,0.769957688535));
#1300 = CARTESIAN_POINT('',(0.356089773006,0.773921401684));
#1301 = CARTESIAN_POINT('',(0.356082780682,0.782733589448));
#1302 = CARTESIAN_POINT('',(0.356067747593,0.787583498017));
#1303 = CARTESIAN_POINT('',(0.356047685497,0.792432444378));
#1304 = CARTESIAN_POINT('',(0.356030552731,0.79728072368));
#1305 = CARTESIAN_POINT('',(0.356020110454,0.802129348895));
#1306 = CARTESIAN_POINT('',(0.356015349785,0.806978621134));
#1307 = CARTESIAN_POINT('',(0.356015342768,0.814204242567));
#1308 = CARTESIAN_POINT('',(0.356016468891,0.81658176144));
#1309 = CARTESIAN_POINT('',(0.356018564292,0.818959244897));
#1310 = CARTESIAN_POINT('',(0.356021415248,0.821336707296));
#1311 = CARTESIAN_POINT('',(0.356024787405,0.823714184988));
#1312 = CARTESIAN_POINT('',(0.356028459718,0.826091694607));
#1313 = CARTESIAN_POINT('',(0.356040245874,0.833468371183));
#1314 = CARTESIAN_POINT('',(0.356048800667,0.838468876366));
#1315 = CARTESIAN_POINT('',(0.356056171174,0.843468601176));
#1316 = CARTESIAN_POINT('',(0.356061525367,0.848467932117));
#1317 = CARTESIAN_POINT('',(0.356064786813,0.853468039693));
#1318 = CARTESIAN_POINT('',(0.35606627218,0.858469206544));
#1319 = CARTESIAN_POINT('',(0.356065969038,0.869145954234));
#1320 = CARTESIAN_POINT('',(0.356063724335,0.87482517703));
#1321 = CARTESIAN_POINT('',(0.35605969687,0.880502451995));
#1322 = CARTESIAN_POINT('',(0.356054221213,0.886178901171));
#1323 = CARTESIAN_POINT('',(0.356047375297,0.891855817531));
#1324 = CARTESIAN_POINT('',(0.356039983594,0.897534454957));
#1325 = CARTESIAN_POINT('',(0.356029367969,0.906461830999));
#1326 = CARTESIAN_POINT('',(0.356025714316,0.909713278318));
#1327 = CARTESIAN_POINT('',(0.356022486198,0.912964555053));
#1328 = CARTESIAN_POINT('',(0.356019960908,0.916215712731));
#1329 = CARTESIAN_POINT('',(0.356018427161,0.919466902088));
#1330 = CARTESIAN_POINT('',(0.35601813215,0.922718180697));
#1331 = CARTESIAN_POINT('',(0.356020625659,0.930111675086));
#1332 = CARTESIAN_POINT('',(0.356024283658,0.934254545693));
#1333 = CARTESIAN_POINT('',(0.356030466021,0.938397128987));
#1334 = CARTESIAN_POINT('',(0.3560392324,0.942539615964));
#1335 = CARTESIAN_POINT('',(0.356049914803,0.946682529137));
#1336 = CARTESIAN_POINT('',(0.356060952391,0.950826047494));
#1337 = CARTESIAN_POINT('',(0.356084134006,0.961343081797));
#1338 = CARTESIAN_POINT('',(0.356093884364,0.967721686997));
#1339 = CARTESIAN_POINT('',(0.35608997783,0.97409731084));
#1340 = CARTESIAN_POINT('',(0.356065482887,0.980472315967));
#1341 = CARTESIAN_POINT('',(0.356002395624,0.986847753677));
#1342 = CARTESIAN_POINT('',(0.355933524413,0.993224516711));
#1343 = CARTESIAN_POINT('',(0.355979090743,0.999583392363));
#1344 = ( GEOMETRIC_REPRESENTATION_CONTEXT(2) 
PARAMETRIC_REPRESENTATION_CONTEXT() REPRESENTATION_CONTEXT('2D SPACE',''
  ) );
#1345 = PCURVE('',#1346,#1351);
#1346 = CYLINDRICAL_SURFACE('',#1347,1.4);
#1347 = AXIS2_PLACEMENT_3D('',#1348,#1349,#1350);
#1348 = CARTESIAN_POINT('',(0.,0.,-7.4));
#1349 = DIRECTION('',(0.,0.,1.));
#1350 = DIRECTION('',(1.,0.,-0.));
#1351 = DEFINITIONAL_REPRESENTATION('',(#1352),#1433);
#1352 = B_SPLINE_CURVE_WITH_KNOTS('',7,(#1353,#1354,#1355,#1356,#1357,
    #1358,#1359,#1360,#1361,#1362,#1363,#1364,#1365,#1366,#1367,#1368,
    #1369,#1370,#1371,#1372,#1373,#1374,#1375,#1376,#1377,#1378,#1379,
    #1380,#1381,#1382,#1383,#1384,#1385,#1386,#1387,#1388,#1389,#1390,
    #1391,#1392,#1393,#1394,#1395,#1396,#1397,#1398,#1399,#1400,#1401,
    #1402,#1403,#1404,#1405,#1406,#1407,#1408,#1409,#1410,#1411,#1412,
    #1413,#1414,#1415,#1416,#1417,#1418,#1419,#1420,#1421,#1422,#1423,
    #1424,#1425,#1426,#1427,#1428,#1429,#1430,#1431,#1432),
  .UNSPECIFIED.,.F.,.F.,(8,6,6,6,6,6,6,6,6,6,6,6,6,8),(0.,
    8.350533591486E-02,0.18472724724,0.209692998208,0.230695076777,
    0.251703365913,0.334923939061,0.436744247261,0.486676687476,
    0.591669994996,0.710874751938,0.779158724393,0.86616095399,1.),
  .UNSPECIFIED.);
#1353 = CARTESIAN_POINT('',(6.28318530718,4.14624495952));
#1354 = CARTESIAN_POINT('',(6.208249414112,4.140285961517));
#1355 = CARTESIAN_POINT('',(6.133305942312,4.134325417856));
#1356 = CARTESIAN_POINT('',(6.058368156257,4.128363300432));
#1357 = CARTESIAN_POINT('',(5.983434059498,4.122398859145));
#1358 = CARTESIAN_POINT('',(5.908496516896,4.116432193241));
#1359 = CARTESIAN_POINT('',(5.833553411983,4.11046478257));
#1360 = CARTESIAN_POINT('',(5.66778386105,4.097267464065));
#1361 = CARTESIAN_POINT('',(5.576930112879,4.090035875813));
#1362 = CARTESIAN_POINT('',(5.486090651599,4.082809232381));
#1363 = CARTESIAN_POINT('',(5.395260127356,4.075589307847));
#1364 = CARTESIAN_POINT('',(5.30442014777,4.068373021044));
#1365 = CARTESIAN_POINT('',(5.213565626827,4.061154758677));
#1366 = CARTESIAN_POINT('',(5.10032735568,4.052151340262));
#1367 = CARTESIAN_POINT('',(5.07792346727,4.050369706578));
#1368 = CARTESIAN_POINT('',(5.055519506705,4.048587663069));
#1369 = CARTESIAN_POINT('',(5.033115521267,4.046805144617));
#1370 = CARTESIAN_POINT('',(5.010711552251,4.045022089362));
#1371 = CARTESIAN_POINT('',(4.988307634961,4.043238438693));
#1372 = CARTESIAN_POINT('',(4.947056894025,4.039953119359));
#1373 = CARTESIAN_POINT('',(4.928209748524,4.038451616984));
#1374 = CARTESIAN_POINT('',(4.909362272788,4.036949590761));
#1375 = CARTESIAN_POINT('',(4.890514328325,4.035446998385));
#1376 = CARTESIAN_POINT('',(4.871665727575,4.033943794621));
#1377 = CARTESIAN_POINT('',(4.852816233913,4.032439931298));
#1378 = CARTESIAN_POINT('',(4.815109315011,4.029430338407));
#1379 = CARTESIAN_POINT('',(4.796253031019,4.027925975142));
#1380 = CARTESIAN_POINT('',(4.777396826653,4.026420077378));
#1381 = CARTESIAN_POINT('',(4.758540743939,4.024911861425));
#1382 = CARTESIAN_POINT('',(4.739684749951,4.02340195005));
#1383 = CARTESIAN_POINT('',(4.720828736807,4.021892372469));
#1384 = CARTESIAN_POINT('',(4.627277004059,4.014421575302));
#1385 = CARTESIAN_POINT('',(4.552572381952,4.008489439077));
#1386 = CARTESIAN_POINT('',(4.477872835765,4.002566219085));
#1387 = CARTESIAN_POINT('',(4.403176821352,3.996640292664));
#1388 = CARTESIAN_POINT('',(4.328477499918,3.990707693283));
#1389 = CARTESIAN_POINT('',(4.253773003597,3.98476870533));
#1390 = CARTESIAN_POINT('',(4.087685466098,3.971554463003));
#1391 = CARTESIAN_POINT('',(3.996274501983,3.964274669495));
#1392 = CARTESIAN_POINT('',(3.90487869387,3.956991986137));
#1393 = CARTESIAN_POINT('',(3.813492366246,3.949710827445));
#1394 = CARTESIAN_POINT('',(3.722096374783,3.942432314834));
#1395 = CARTESIAN_POINT('',(3.630685240398,3.935155718418));
#1396 = CARTESIAN_POINT('',(3.494476190405,3.924317061719));
#1397 = CARTESIAN_POINT('',(3.449657532589,3.920751310194));
#1398 = CARTESIAN_POINT('',(3.404839238679,3.917186141905));
#1399 = CARTESIAN_POINT('',(3.360021190061,3.913621422668));
#1400 = CARTESIAN_POINT('',(3.315202868054,3.910056965135));
#1401 = CARTESIAN_POINT('',(3.270384123389,3.906492613271));
#1402 = CARTESIAN_POINT('',(3.131326435399,3.895433675649));
#1403 = CARTESIAN_POINT('',(3.037063372001,3.887937244941));
#1404 = CARTESIAN_POINT('',(2.942817811175,3.880441127791));
#1405 = CARTESIAN_POINT('',(2.848583416774,3.872944138072));
#1406 = CARTESIAN_POINT('',(2.754338039667,3.865444511202));
#1407 = CARTESIAN_POINT('',(2.660075298717,3.857942234535));
#1408 = CARTESIAN_POINT('',(2.458841218953,3.841924445856));
#1409 = CARTESIAN_POINT('',(2.351801617788,3.833403269326));
#1410 = CARTESIAN_POINT('',(2.244798578278,3.824884629475));
#1411 = CARTESIAN_POINT('',(2.137808549864,3.816367455226));
#1412 = CARTESIAN_POINT('',(2.030805401006,3.807849983195));
#1413 = CARTESIAN_POINT('',(1.923764993354,3.799330274761));
#1414 = CARTESIAN_POINT('',(1.755480356903,3.785937000799));
#1415 = CARTESIAN_POINT('',(1.694187888986,3.781059139739));
#1416 = CARTESIAN_POINT('',(1.632897371892,3.77618164522));
#1417 = CARTESIAN_POINT('',(1.571608077625,3.771304449372));
#1418 = CARTESIAN_POINT('',(1.510317515332,3.7664273556));
#1419 = CARTESIAN_POINT('',(1.449025032501,3.761550333716));
#1420 = CARTESIAN_POINT('',(1.309644861651,3.750460526973));
#1421 = CARTESIAN_POINT('',(1.231544981122,3.744246942102));
#1422 = CARTESIAN_POINT('',(1.153451936414,3.738034436282));
#1423 = CARTESIAN_POINT('',(1.075363221432,3.731822950728));
#1424 = CARTESIAN_POINT('',(0.997270106698,3.72561191651));
#1425 = CARTESIAN_POINT('',(0.919170094199,3.719401040194));
#1426 = CARTESIAN_POINT('',(0.720949284718,3.703637718903));
#1427 = CARTESIAN_POINT('',(0.600738973318,3.694078274664));
#1428 = CARTESIAN_POINT('',(0.480595973923,3.684521615182));
#1429 = CARTESIAN_POINT('',(0.36047337913,3.674959820887));
#1430 = CARTESIAN_POINT('',(0.240331811411,3.665376644196));
#1431 = CARTESIAN_POINT('',(0.120125080983,3.655755895208));
#1432 = CARTESIAN_POINT('',(0.,3.646102141157));
#1433 = ( GEOMETRIC_REPRESENTATION_CONTEXT(2) 
PARAMETRIC_REPRESENTATION_CONTEXT() REPRESENTATION_CONTEXT('2D SPACE',''
  ) );
#1434 = ORIENTED_EDGE('',*,*,#1435,.T.);
#1435 = EDGE_CURVE('',#1177,#1436,#1438,.T.);
#1436 = VERTEX_POINT('',#1437);
#1437 = CARTESIAN_POINT('',(1.399958655728,-1.050596976913E-02,
    -3.754501008888));
#1438 = SURFACE_CURVE('',#1439,(#1442,#1448),.PCURVE_S1.);
#1439 = B_SPLINE_CURVE_WITH_KNOTS('',1,(#1440,#1441),.UNSPECIFIED.,.F.,
  .F.,(2,2),(0.,1.),.PIECEWISE_BEZIER_KNOTS.);
#1440 = CARTESIAN_POINT('',(1.4,-1.063385490774E-15,-3.753897858843));
#1441 = CARTESIAN_POINT('',(1.399956637961,-1.101870365924E-02,
    -3.754530445053));
#1442 = PCURVE('',#187,#1443);
#1443 = DEFINITIONAL_REPRESENTATION('',(#1444),#1447);
#1444 = B_SPLINE_CURVE_WITH_KNOTS('',1,(#1445,#1446),.UNSPECIFIED.,.F.,
  .F.,(2,2),(0.,1.),.PIECEWISE_BEZIER_KNOTS.);
#1445 = CARTESIAN_POINT('',(0.355979090743,0.999583392363));
#1446 = CARTESIAN_POINT('',(0.355982289789,1.));
#1447 = ( GEOMETRIC_REPRESENTATION_CONTEXT(2) 
PARAMETRIC_REPRESENTATION_CONTEXT() REPRESENTATION_CONTEXT('2D SPACE',''
  ) );
#1448 = PCURVE('',#1449,#1454);
#1449 = CYLINDRICAL_SURFACE('',#1450,1.4);
#1450 = AXIS2_PLACEMENT_3D('',#1451,#1452,#1453);
#1451 = CARTESIAN_POINT('',(0.,0.,-7.4));
#1452 = DIRECTION('',(0.,0.,1.));
#1453 = DIRECTION('',(1.,0.,-0.));
#1454 = DEFINITIONAL_REPRESENTATION('',(#1455),#1458);
#1455 = B_SPLINE_CURVE_WITH_KNOTS('',1,(#1456,#1457),.UNSPECIFIED.,.F.,
  .F.,(2,2),(0.,1.),.PIECEWISE_BEZIER_KNOTS.);
#1456 = CARTESIAN_POINT('',(6.28318530718,3.646102141157));
#1457 = CARTESIAN_POINT('',(6.275314723307,3.645469554947));
#1458 = ( GEOMETRIC_REPRESENTATION_CONTEXT(2) 
PARAMETRIC_REPRESENTATION_CONTEXT() REPRESENTATION_CONTEXT('2D SPACE',''
  ) );
#1459 = ORIENTED_EDGE('',*,*,#1460,.T.);
#1460 = EDGE_CURVE('',#1436,#558,#1461,.T.);
#1461 = SURFACE_CURVE('',#1462,(#1477,#1495),.PCURVE_S1.);
#1462 = B_SPLINE_CURVE_WITH_KNOTS('',4,(#1463,#1464,#1465,#1466,#1467,
    #1468,#1469,#1470,#1471,#1472,#1473,#1474,#1475,#1476),
  .UNSPECIFIED.,.F.,.F.,(5,3,3,3,5),(0.,0.249999981464,0.499999973655,
    0.749999978845,1.),.UNSPECIFIED.);
#1463 = CARTESIAN_POINT('',(1.400085653864,-1.05100149529E-02,
    -3.754444965327));
#1464 = CARTESIAN_POINT('',(1.379782653055,-9.853168899882E-03,
    -3.763541752956));
#1465 = CARTESIAN_POINT('',(1.359479675088,-9.196319030156E-03,
    -3.772638591934));
#1466 = CARTESIAN_POINT('',(1.339176721938,-8.539465013609E-03,
    -3.781735486702));
#1467 = CARTESIAN_POINT('',(1.29857086943,-7.225747818876E-03,
    -3.799929399508));
#1468 = CARTESIAN_POINT('',(1.278267970078,-6.568884639599E-03,
    -3.80902641756));
#1469 = CARTESIAN_POINT('',(1.257965100572,-5.91201647351E-03,
    -3.818123502704));
#1470 = CARTESIAN_POINT('',(1.217359426675,-4.598269050986E-03,
    -3.836317822212));
#1471 = CARTESIAN_POINT('',(1.197056622294,-3.941389792949E-03,
    -3.845415056598));
#1472 = CARTESIAN_POINT('',(1.176753854241,-3.284504465356E-03,
    -3.854512372642));
#1473 = CARTESIAN_POINT('',(1.136148397989,-1.970720209458E-03,
    -3.872707187728));
#1474 = CARTESIAN_POINT('',(1.115845709805,-1.313821278737E-03,
    -3.881804686802));
#1475 = CARTESIAN_POINT('',(1.095543066448,-6.569148586893E-04,
    -3.890902286635));
#1476 = CARTESIAN_POINT('',(1.0752404736,4.822531263216E-16,-3.9));
#1477 = PCURVE('',#187,#1478);
#1478 = DEFINITIONAL_REPRESENTATION('',(#1479),#1494);
#1479 = B_SPLINE_CURVE_WITH_KNOTS('',4,(#1480,#1481,#1482,#1483,#1484,
    #1485,#1486,#1487,#1488,#1489,#1490,#1491,#1492,#1493),
  .UNSPECIFIED.,.F.,.F.,(5,3,3,3,5),(0.,0.249999981464,0.499999973655,
    0.749999978845,1.),.UNSPECIFIED.);
#1480 = CARTESIAN_POINT('',(0.35611924567,0.999980608962));
#1481 = CARTESIAN_POINT('',(0.333861792394,0.999981539116));
#1482 = CARTESIAN_POINT('',(0.311604339382,0.999982505318));
#1483 = CARTESIAN_POINT('',(0.289346886659,0.999983510688));
#1484 = CARTESIAN_POINT('',(0.244831980891,0.999985607695));
#1485 = CARTESIAN_POINT('',(0.222574527847,0.999986699344));
#1486 = CARTESIAN_POINT('',(0.200317075149,0.999987838095));
#1487 = CARTESIAN_POINT('',(0.155802169364,0.99999022003));
#1488 = CARTESIAN_POINT('',(0.133544716277,0.999991463229));
#1489 = CARTESIAN_POINT('',(0.111287263612,0.99999276376));
#1490 = CARTESIAN_POINT('',(6.677235780232E-02,0.999995492899));
#1491 = CARTESIAN_POINT('',(4.451490465851E-02,0.99999692153));
#1492 = CARTESIAN_POINT('',(2.225745203561E-02,0.999998420907));
#1493 = CARTESIAN_POINT('',(0.,1.));
#1494 = ( GEOMETRIC_REPRESENTATION_CONTEXT(2) 
PARAMETRIC_REPRESENTATION_CONTEXT() REPRESENTATION_CONTEXT('2D SPACE',''
  ) );
#1495 = PCURVE('',#1496,#1501);
#1496 = PLANE('',#1497);
#1497 = AXIS2_PLACEMENT_3D('',#1498,#1499,#1500);
#1498 = CARTESIAN_POINT('',(1.397846655616,2.550849890927E-04,
    -3.899990577797));
#1499 = DIRECTION('',(-7.907006234319E-04,0.997274646939,
    7.377434083382E-02));
#1500 = DIRECTION('',(6.776263578034E-21,-7.377436389597E-02,
    0.997274958691));
#1501 = DEFINITIONAL_REPRESENTATION('',(#1502),#1517);
#1502 = B_SPLINE_CURVE_WITH_KNOTS('',4,(#1503,#1504,#1505,#1506,#1507,
    #1508,#1509,#1510,#1511,#1512,#1513,#1514,#1515,#1516),
  .UNSPECIFIED.,.F.,.F.,(5,3,3,3,5),(0.,0.249999981464,0.499999973655,
    0.749999978845,1.),.UNSPECIFIED.);
#1503 = CARTESIAN_POINT('',(0.145943183064,2.238998947987E-03));
#1504 = CARTESIAN_POINT('',(0.136822726158,-1.806400820785E-02));
#1505 = CARTESIAN_POINT('',(0.127702217761,-3.836699252187E-02));
#1506 = CARTESIAN_POINT('',(0.118581653419,-5.866995201821E-02));
#1507 = CARTESIAN_POINT('',(0.100340401127,-9.927581721973E-02));
#1508 = CARTESIAN_POINT('',(9.12197131611E-02,-0.119578722918));
#1509 = CARTESIAN_POINT('',(8.209895791892E-02,-0.139881598771));
#1510 = CARTESIAN_POINT('',(6.385729780267E-02,-0.180487285362));
#1511 = CARTESIAN_POINT('',(5.473639290697E-02,-0.200790096089));
#1512 = CARTESIAN_POINT('',(4.561540612766E-02,-0.22109287049));
#1513 = CARTESIAN_POINT('',(2.73732490671E-02,-0.261698339435));
#1514 = CARTESIAN_POINT('',(1.825207875322E-02,-0.282001033965));
#1515 = CARTESIAN_POINT('',(9.130807401823E-03,-0.302303683669));
#1516 = CARTESIAN_POINT('',(9.422205824006E-06,-0.322606282864));
#1517 = ( GEOMETRIC_REPRESENTATION_CONTEXT(2) 
PARAMETRIC_REPRESENTATION_CONTEXT() REPRESENTATION_CONTEXT('2D SPACE',''
  ) );
#1518 = ADVANCED_FACE('',(#1519),#103,.T.);
#1519 = FACE_BOUND('',#1520,.T.);
#1520 = EDGE_LOOP('',(#1521,#1522,#1523,#1543,#1564));
#1521 = ORIENTED_EDGE('',*,*,#86,.F.);
#1522 = ORIENTED_EDGE('',*,*,#394,.T.);
#1523 = ORIENTED_EDGE('',*,*,#1524,.T.);
#1524 = EDGE_CURVE('',#395,#1525,#1527,.T.);
#1525 = VERTEX_POINT('',#1526);
#1526 = CARTESIAN_POINT('',(1.4,-3.429011037613E-16,-2.546420533185));
#1527 = SURFACE_CURVE('',#1528,(#1531,#1537),.PCURVE_S1.);
#1528 = B_SPLINE_CURVE_WITH_KNOTS('',1,(#1529,#1530),.UNSPECIFIED.,.F.,
  .F.,(2,2),(0.,1.),.PIECEWISE_BEZIER_KNOTS.);
#1529 = CARTESIAN_POINT('',(1.399956453167,1.104215722668E-02,
    -2.545786600061));
#1530 = CARTESIAN_POINT('',(1.4,3.491130995403E-17,-2.546420533185));
#1531 = PCURVE('',#103,#1532);
#1532 = DEFINITIONAL_REPRESENTATION('',(#1533),#1536);
#1533 = B_SPLINE_CURVE_WITH_KNOTS('',1,(#1534,#1535),.UNSPECIFIED.,.F.,
  .F.,(2,2),(0.,1.),.PIECEWISE_BEZIER_KNOTS.);
#1534 = CARTESIAN_POINT('',(7.887336940311E-03,4.854213399939));
#1535 = CARTESIAN_POINT('',(0.,4.853579466815));
#1536 = ( GEOMETRIC_REPRESENTATION_CONTEXT(2) 
PARAMETRIC_REPRESENTATION_CONTEXT() REPRESENTATION_CONTEXT('2D SPACE',''
  ) );
#1537 = PCURVE('',#433,#1538);
#1538 = DEFINITIONAL_REPRESENTATION('',(#1539),#1542);
#1539 = B_SPLINE_CURVE_WITH_KNOTS('',1,(#1540,#1541),.UNSPECIFIED.,.F.,
  .F.,(2,2),(0.,1.),.PIECEWISE_BEZIER_KNOTS.);
#1540 = CARTESIAN_POINT('',(0.191960997343,0.));
#1541 = CARTESIAN_POINT('',(0.19196419551,4.174945109167E-04));
#1542 = ( GEOMETRIC_REPRESENTATION_CONTEXT(2) 
PARAMETRIC_REPRESENTATION_CONTEXT() REPRESENTATION_CONTEXT('2D SPACE',''
  ) );
#1543 = ORIENTED_EDGE('',*,*,#1544,.F.);
#1544 = EDGE_CURVE('',#634,#1525,#1545,.T.);
#1545 = SURFACE_CURVE('',#1546,(#1550,#1557),.PCURVE_S1.);
#1546 = LINE('',#1547,#1548);
#1547 = CARTESIAN_POINT('',(1.4,-3.429011037613E-16,-7.4));
#1548 = VECTOR('',#1549,1.);
#1549 = DIRECTION('',(0.,0.,1.));
#1550 = PCURVE('',#103,#1551);
#1551 = DEFINITIONAL_REPRESENTATION('',(#1552),#1556);
#1552 = LINE('',#1553,#1554);
#1553 = CARTESIAN_POINT('',(0.,-0.));
#1554 = VECTOR('',#1555,1.);
#1555 = DIRECTION('',(0.,1.));
#1556 = ( GEOMETRIC_REPRESENTATION_CONTEXT(2) 
PARAMETRIC_REPRESENTATION_CONTEXT() REPRESENTATION_CONTEXT('2D SPACE',''
  ) );
#1557 = PCURVE('',#1053,#1558);
#1558 = DEFINITIONAL_REPRESENTATION('',(#1559),#1563);
#1559 = LINE('',#1560,#1561);
#1560 = CARTESIAN_POINT('',(6.28318530718,-0.));
#1561 = VECTOR('',#1562,1.);
#1562 = DIRECTION('',(0.,1.));
#1563 = ( GEOMETRIC_REPRESENTATION_CONTEXT(2) 
PARAMETRIC_REPRESENTATION_CONTEXT() REPRESENTATION_CONTEXT('2D SPACE',''
  ) );
#1564 = ORIENTED_EDGE('',*,*,#633,.F.);
#1565 = ADVANCED_FACE('',(#1566),#378,.T.);
#1566 = FACE_BOUND('',#1567,.T.);
#1567 = EDGE_LOOP('',(#1568,#1592,#1593,#1594,#1623,#1663,#1692,#1732,
    #1756,#1780,#1820,#1849,#1889,#1913,#1937,#1977,#2006,#2046,#2070,
    #2094,#2134,#2163,#2203));
#1568 = ORIENTED_EDGE('',*,*,#1569,.F.);
#1569 = EDGE_CURVE('',#341,#1570,#1572,.T.);
#1570 = VERTEX_POINT('',#1571);
#1571 = CARTESIAN_POINT('',(1.5,-3.673940397442E-16,-0.230303992915));
#1572 = SEAM_CURVE('',#1573,(#1578,#1585),.PCURVE_S1.);
#1573 = CIRCLE('',#1574,5.);
#1574 = AXIS2_PLACEMENT_3D('',#1575,#1576,#1577);
#1575 = CARTESIAN_POINT('',(4.163336342344E-15,0.,-5.));
#1576 = DIRECTION('',(0.,-1.,0.));
#1577 = DIRECTION('',(0.56,0.,0.828492607088));
#1578 = PCURVE('',#378,#1579);
#1579 = DEFINITIONAL_REPRESENTATION('',(#1580),#1584);
#1580 = LINE('',#1581,#1582);
#1581 = CARTESIAN_POINT('',(0.,0.976410526794));
#1582 = VECTOR('',#1583,1.);
#1583 = DIRECTION('',(0.,1.));
#1584 = ( GEOMETRIC_REPRESENTATION_CONTEXT(2) 
PARAMETRIC_REPRESENTATION_CONTEXT() REPRESENTATION_CONTEXT('2D SPACE',''
  ) );
#1585 = PCURVE('',#378,#1586);
#1586 = DEFINITIONAL_REPRESENTATION('',(#1587),#1591);
#1587 = LINE('',#1588,#1589);
#1588 = CARTESIAN_POINT('',(6.28318530718,0.976410526794));
#1589 = VECTOR('',#1590,1.);
#1590 = DIRECTION('',(0.,1.));
#1591 = ( GEOMETRIC_REPRESENTATION_CONTEXT(2) 
PARAMETRIC_REPRESENTATION_CONTEXT() REPRESENTATION_CONTEXT('2D SPACE',''
  ) );
#1592 = ORIENTED_EDGE('',*,*,#363,.T.);
#1593 = ORIENTED_EDGE('',*,*,#1569,.T.);
#1594 = ORIENTED_EDGE('',*,*,#1595,.T.);
#1595 = EDGE_CURVE('',#1570,#1596,#1598,.T.);
#1596 = VERTEX_POINT('',#1597);
#1597 = CARTESIAN_POINT('',(1.439812932703,-0.420640843027,
    -0.230303992915));
#1598 = SURFACE_CURVE('',#1599,(#1604,#1611),.PCURVE_S1.);
#1599 = CIRCLE('',#1600,1.5);
#1600 = AXIS2_PLACEMENT_3D('',#1601,#1602,#1603);
#1601 = CARTESIAN_POINT('',(-2.101570034748E-15,0.,-0.230303992915));
#1602 = DIRECTION('',(1.313481271718E-15,0.,-1.));
#1603 = DIRECTION('',(1.,0.,1.313481271718E-15));
#1604 = PCURVE('',#378,#1605);
#1605 = DEFINITIONAL_REPRESENTATION('',(#1606),#1610);
#1606 = LINE('',#1607,#1608);
#1607 = CARTESIAN_POINT('',(6.28318530718,1.266103672779));
#1608 = VECTOR('',#1609,1.);
#1609 = DIRECTION('',(-1.,0.));
#1610 = ( GEOMETRIC_REPRESENTATION_CONTEXT(2) 
PARAMETRIC_REPRESENTATION_CONTEXT() REPRESENTATION_CONTEXT('2D SPACE',''
  ) );
#1611 = PCURVE('',#1612,#1617);
#1612 = CONICAL_SURFACE('',#1613,0.,0.753151280962);
#1613 = AXIS2_PLACEMENT_3D('',#1614,#1615,#1616);
#1614 = CARTESIAN_POINT('',(0.,0.,-1.830303992915));
#1615 = DIRECTION('',(0.,0.,1.));
#1616 = DIRECTION('',(1.,0.,-0.));
#1617 = DEFINITIONAL_REPRESENTATION('',(#1618),#1622);
#1618 = LINE('',#1619,#1620);
#1619 = CARTESIAN_POINT('',(6.28318530718,1.6));
#1620 = VECTOR('',#1621,1.);
#1621 = DIRECTION('',(-1.,0.));
#1622 = ( GEOMETRIC_REPRESENTATION_CONTEXT(2) 
PARAMETRIC_REPRESENTATION_CONTEXT() REPRESENTATION_CONTEXT('2D SPACE',''
  ) );
#1623 = ORIENTED_EDGE('',*,*,#1624,.F.);
#1624 = EDGE_CURVE('',#1625,#1596,#1627,.T.);
#1625 = VERTEX_POINT('',#1626);
#1626 = CARTESIAN_POINT('',(0.732670700799,-0.575033563659,
    -8.751284532406E-02));
#1627 = SURFACE_CURVE('',#1628,(#1633,#1651),.PCURVE_S1.);
#1628 = CIRCLE('',#1629,4.948166881527);
#1629 = AXIS2_PLACEMENT_3D('',#1630,#1631,#1632);
#1630 = CARTESIAN_POINT('',(0.153173313253,-0.70155715994,-5.));
#1631 = DIRECTION('',(-0.213308374583,0.976984921753,0.));
#1632 = DIRECTION('',(-0.976984921753,-0.213308374583,0.));
#1633 = PCURVE('',#378,#1634);
#1634 = DEFINITIONAL_REPRESENTATION('',(#1635),#1650);
#1635 = B_SPLINE_CURVE_WITH_KNOTS('',7,(#1636,#1637,#1638,#1639,#1640,
    #1641,#1642,#1643,#1644,#1645,#1646,#1647,#1648,#1649),
  .UNSPECIFIED.,.F.,.F.,(8,6,8),(1.66403923711,1.758585290872,
    1.853131344634),.UNSPECIFIED.);
#1636 = CARTESIAN_POINT('',(5.497787143782,1.399323004178));
#1637 = CARTESIAN_POINT('',(5.563432167862,1.392029439774));
#1638 = CARTESIAN_POINT('',(5.622529500277,1.38386522807));
#1639 = CARTESIAN_POINT('',(5.675309261469,1.374986065974));
#1640 = CARTESIAN_POINT('',(5.722500540245,1.365528461926));
#1641 = CARTESIAN_POINT('',(5.764825167882,1.355594005941));
#1642 = CARTESIAN_POINT('',(5.802928813833,1.345263433239));
#1643 = CARTESIAN_POINT('',(5.871809274015,1.323936111605));
#1644 = CARTESIAN_POINT('',(5.902585752113,1.312939384452));
#1645 = CARTESIAN_POINT('',(5.93025737748,1.301672746904));
#1646 = CARTESIAN_POINT('',(5.955287189318,1.290182397346));
#1647 = CARTESIAN_POINT('',(5.978049167931,1.278503385929));
#1648 = CARTESIAN_POINT('',(5.998843556435,1.266663401435));
#1649 = CARTESIAN_POINT('',(6.017920703046,1.254684535675));
#1650 = ( GEOMETRIC_REPRESENTATION_CONTEXT(2) 
PARAMETRIC_REPRESENTATION_CONTEXT() REPRESENTATION_CONTEXT('2D SPACE',''
  ) );
#1651 = PCURVE('',#1652,#1657);
#1652 = PLANE('',#1653);
#1653 = AXIS2_PLACEMENT_3D('',#1654,#1655,#1656);
#1654 = CARTESIAN_POINT('',(0.603283173735,-0.603283173735,
    -2.030303992915));
#1655 = DIRECTION('',(-0.213308374583,0.976984921753,0.));
#1656 = DIRECTION('',(0.976984921753,0.213308374583,0.));
#1657 = DEFINITIONAL_REPRESENTATION('',(#1658),#1662);
#1658 = CIRCLE('',#1659,4.948166881527);
#1659 = AXIS2_PLACEMENT_2D('',#1660,#1661);
#1660 = CARTESIAN_POINT('',(-0.460713211084,2.969696007085));
#1661 = DIRECTION('',(-1.,-0.));
#1662 = ( GEOMETRIC_REPRESENTATION_CONTEXT(2) 
PARAMETRIC_REPRESENTATION_CONTEXT() REPRESENTATION_CONTEXT('2D SPACE',''
  ) );
#1663 = ORIENTED_EDGE('',*,*,#1664,.T.);
#1664 = EDGE_CURVE('',#1625,#1665,#1667,.T.);
#1665 = VERTEX_POINT('',#1666);
#1666 = CARTESIAN_POINT('',(0.575033563659,-0.732670700799,
    -8.751284532406E-02));
#1667 = SURFACE_CURVE('',#1668,(#1673,#1680),.PCURVE_S1.);
#1668 = CIRCLE('',#1669,0.931380671446);
#1669 = AXIS2_PLACEMENT_3D('',#1670,#1671,#1672);
#1670 = CARTESIAN_POINT('',(-1.720674083315E-14,0.,-8.751284532406E-02)
  );
#1671 = DIRECTION('',(4.350154311376E-15,0.,-1.));
#1672 = DIRECTION('',(1.,0.,4.350154311376E-15));
#1673 = PCURVE('',#378,#1674);
#1674 = DEFINITIONAL_REPRESENTATION('',(#1675),#1679);
#1675 = LINE('',#1676,#1677);
#1676 = CARTESIAN_POINT('',(6.28318530718,1.383425756175));
#1677 = VECTOR('',#1678,1.);
#1678 = DIRECTION('',(-1.,0.));
#1679 = ( GEOMETRIC_REPRESENTATION_CONTEXT(2) 
PARAMETRIC_REPRESENTATION_CONTEXT() REPRESENTATION_CONTEXT('2D SPACE',''
  ) );
#1680 = PCURVE('',#1681,#1686);
#1681 = CONICAL_SURFACE('',#1682,0.473914081073,0.231256125889);
#1682 = AXIS2_PLACEMENT_3D('',#1683,#1684,#1685);
#1683 = CARTESIAN_POINT('',(0.,0.,-2.030303992915));
#1684 = DIRECTION('',(0.,0.,1.));
#1685 = DIRECTION('',(1.,0.,-0.));
#1686 = DEFINITIONAL_REPRESENTATION('',(#1687),#1691);
#1687 = LINE('',#1688,#1689);
#1688 = CARTESIAN_POINT('',(6.28318530718,1.942791147591));
#1689 = VECTOR('',#1690,1.);
#1690 = DIRECTION('',(-1.,0.));
#1691 = ( GEOMETRIC_REPRESENTATION_CONTEXT(2) 
PARAMETRIC_REPRESENTATION_CONTEXT() REPRESENTATION_CONTEXT('2D SPACE',''
  ) );
#1692 = ORIENTED_EDGE('',*,*,#1693,.F.);
#1693 = EDGE_CURVE('',#1694,#1665,#1696,.T.);
#1694 = VERTEX_POINT('',#1695);
#1695 = CARTESIAN_POINT('',(0.420640843027,-1.439812932703,
    -0.230303992915));
#1696 = SURFACE_CURVE('',#1697,(#1702,#1720),.PCURVE_S1.);
#1697 = CIRCLE('',#1698,4.948166881527);
#1698 = AXIS2_PLACEMENT_3D('',#1699,#1700,#1701);
#1699 = CARTESIAN_POINT('',(0.70155715994,-0.153173313253,-5.));
#1700 = DIRECTION('',(-0.976984921753,0.213308374583,0.));
#1701 = DIRECTION('',(-0.213308374583,-0.976984921753,0.));
#1702 = PCURVE('',#378,#1703);
#1703 = DEFINITIONAL_REPRESENTATION('',(#1704),#1719);
#1704 = B_SPLINE_CURVE_WITH_KNOTS('',7,(#1705,#1706,#1707,#1708,#1709,
    #1710,#1711,#1712,#1713,#1714,#1715,#1716,#1717,#1718),
  .UNSPECIFIED.,.F.,.F.,(8,6,8),(1.288461308956,1.383007362718,
    1.47755341648),.UNSPECIFIED.);
#1705 = CARTESIAN_POINT('',(4.977653584519,1.254684535675));
#1706 = CARTESIAN_POINT('',(4.996730731129,1.266663401435));
#1707 = CARTESIAN_POINT('',(5.017525119633,1.278503385929));
#1708 = CARTESIAN_POINT('',(5.040287098246,1.290182397346));
#1709 = CARTESIAN_POINT('',(5.065316910084,1.301672746904));
#1710 = CARTESIAN_POINT('',(5.092988535451,1.312939384452));
#1711 = CARTESIAN_POINT('',(5.12376501355,1.323936111605));
#1712 = CARTESIAN_POINT('',(5.192645473732,1.345263433239));
#1713 = CARTESIAN_POINT('',(5.230749119681,1.355594005941));
#1714 = CARTESIAN_POINT('',(5.273073747318,1.365528461926));
#1715 = CARTESIAN_POINT('',(5.320265026099,1.374986065974));
#1716 = CARTESIAN_POINT('',(5.373044787286,1.38386522807));
#1717 = CARTESIAN_POINT('',(5.432142119702,1.392029439774));
#1718 = CARTESIAN_POINT('',(5.497787143782,1.399323004178));
#1719 = ( GEOMETRIC_REPRESENTATION_CONTEXT(2) 
PARAMETRIC_REPRESENTATION_CONTEXT() REPRESENTATION_CONTEXT('2D SPACE',''
  ) );
#1720 = PCURVE('',#1721,#1726);
#1721 = PLANE('',#1722);
#1722 = AXIS2_PLACEMENT_3D('',#1723,#1724,#1725);
#1723 = CARTESIAN_POINT('',(0.4075,-1.5,-2.030303992915));
#1724 = DIRECTION('',(-0.976984921753,0.213308374583,0.));
#1725 = DIRECTION('',(0.213308374583,0.976984921753,0.));
#1726 = DEFINITIONAL_REPRESENTATION('',(#1727),#1731);
#1727 = CIRCLE('',#1728,4.948166881527);
#1728 = AXIS2_PLACEMENT_2D('',#1729,#1730);
#1729 = CARTESIAN_POINT('',(1.378554219987,2.969696007085));
#1730 = DIRECTION('',(-1.,-0.));
#1731 = ( GEOMETRIC_REPRESENTATION_CONTEXT(2) 
PARAMETRIC_REPRESENTATION_CONTEXT() REPRESENTATION_CONTEXT('2D SPACE',''
  ) );
#1732 = ORIENTED_EDGE('',*,*,#1733,.T.);
#1733 = EDGE_CURVE('',#1694,#1734,#1736,.T.);
#1734 = VERTEX_POINT('',#1735);
#1735 = CARTESIAN_POINT('',(-1.715749937958E-16,-1.5,-0.230303992915));
#1736 = SURFACE_CURVE('',#1737,(#1742,#1749),.PCURVE_S1.);
#1737 = CIRCLE('',#1738,1.5);
#1738 = AXIS2_PLACEMENT_3D('',#1739,#1740,#1741);
#1739 = CARTESIAN_POINT('',(-2.101570034748E-15,0.,-0.230303992915));
#1740 = DIRECTION('',(1.313481271718E-15,0.,-1.));
#1741 = DIRECTION('',(1.,0.,1.313481271718E-15));
#1742 = PCURVE('',#378,#1743);
#1743 = DEFINITIONAL_REPRESENTATION('',(#1744),#1748);
#1744 = LINE('',#1745,#1746);
#1745 = CARTESIAN_POINT('',(6.28318530718,1.266103672779));
#1746 = VECTOR('',#1747,1.);
#1747 = DIRECTION('',(-1.,0.));
#1748 = ( GEOMETRIC_REPRESENTATION_CONTEXT(2) 
PARAMETRIC_REPRESENTATION_CONTEXT() REPRESENTATION_CONTEXT('2D SPACE',''
  ) );
#1749 = PCURVE('',#1612,#1750);
#1750 = DEFINITIONAL_REPRESENTATION('',(#1751),#1755);
#1751 = LINE('',#1752,#1753);
#1752 = CARTESIAN_POINT('',(6.28318530718,1.6));
#1753 = VECTOR('',#1754,1.);
#1754 = DIRECTION('',(-1.,0.));
#1755 = ( GEOMETRIC_REPRESENTATION_CONTEXT(2) 
PARAMETRIC_REPRESENTATION_CONTEXT() REPRESENTATION_CONTEXT('2D SPACE',''
  ) );
#1756 = ORIENTED_EDGE('',*,*,#1757,.T.);
#1757 = EDGE_CURVE('',#1734,#1758,#1760,.T.);
#1758 = VERTEX_POINT('',#1759);
#1759 = CARTESIAN_POINT('',(-0.420640843027,-1.439812932703,
    -0.230303992915));
#1760 = SURFACE_CURVE('',#1761,(#1766,#1773),.PCURVE_S1.);
#1761 = CIRCLE('',#1762,1.5);
#1762 = AXIS2_PLACEMENT_3D('',#1763,#1764,#1765);
#1763 = CARTESIAN_POINT('',(-2.101570034748E-15,0.,-0.230303992915));
#1764 = DIRECTION('',(1.313481271718E-15,0.,-1.));
#1765 = DIRECTION('',(1.,0.,1.313481271718E-15));
#1766 = PCURVE('',#378,#1767);
#1767 = DEFINITIONAL_REPRESENTATION('',(#1768),#1772);
#1768 = LINE('',#1769,#1770);
#1769 = CARTESIAN_POINT('',(6.28318530718,1.266103672779));
#1770 = VECTOR('',#1771,1.);
#1771 = DIRECTION('',(-1.,0.));
#1772 = ( GEOMETRIC_REPRESENTATION_CONTEXT(2) 
PARAMETRIC_REPRESENTATION_CONTEXT() REPRESENTATION_CONTEXT('2D SPACE',''
  ) );
#1773 = PCURVE('',#1612,#1774);
#1774 = DEFINITIONAL_REPRESENTATION('',(#1775),#1779);
#1775 = LINE('',#1776,#1777);
#1776 = CARTESIAN_POINT('',(6.28318530718,1.6));
#1777 = VECTOR('',#1778,1.);
#1778 = DIRECTION('',(-1.,0.));
#1779 = ( GEOMETRIC_REPRESENTATION_CONTEXT(2) 
PARAMETRIC_REPRESENTATION_CONTEXT() REPRESENTATION_CONTEXT('2D SPACE',''
  ) );
#1780 = ORIENTED_EDGE('',*,*,#1781,.F.);
#1781 = EDGE_CURVE('',#1782,#1758,#1784,.T.);
#1782 = VERTEX_POINT('',#1783);
#1783 = CARTESIAN_POINT('',(-0.575033563659,-0.732670700799,
    -8.751284532406E-02));
#1784 = SURFACE_CURVE('',#1785,(#1790,#1808),.PCURVE_S1.);
#1785 = CIRCLE('',#1786,4.948166881527);
#1786 = AXIS2_PLACEMENT_3D('',#1787,#1788,#1789);
#1787 = CARTESIAN_POINT('',(-0.70155715994,-0.153173313253,-5.));
#1788 = DIRECTION('',(0.976984921753,0.213308374583,-0.));
#1789 = DIRECTION('',(-0.213308374583,0.976984921753,0.));
#1790 = PCURVE('',#378,#1791);
#1791 = DEFINITIONAL_REPRESENTATION('',(#1792),#1807);
#1792 = B_SPLINE_CURVE_WITH_KNOTS('',7,(#1793,#1794,#1795,#1796,#1797,
    #1798,#1799,#1800,#1801,#1802,#1803,#1804,#1805,#1806),
  .UNSPECIFIED.,.F.,.F.,(8,6,8),(1.66403923711,1.758585290872,
    1.853131344634),.UNSPECIFIED.);
#1793 = CARTESIAN_POINT('',(3.926990816987,1.399323004178));
#1794 = CARTESIAN_POINT('',(3.992635841067,1.392029439774));
#1795 = CARTESIAN_POINT('',(4.051733173483,1.38386522807));
#1796 = CARTESIAN_POINT('',(4.104512934673,1.374986065973));
#1797 = CARTESIAN_POINT('',(4.15170421345,1.365528461926));
#1798 = CARTESIAN_POINT('',(4.194028841088,1.355594005941));
#1799 = CARTESIAN_POINT('',(4.232132487038,1.345263433239));
#1800 = CARTESIAN_POINT('',(4.30101294722,1.323936111605));
#1801 = CARTESIAN_POINT('',(4.331789425319,1.312939384452));
#1802 = CARTESIAN_POINT('',(4.359461050685,1.301672746905));
#1803 = CARTESIAN_POINT('',(4.384490862523,1.290182397346));
#1804 = CARTESIAN_POINT('',(4.407252841136,1.278503385929));
#1805 = CARTESIAN_POINT('',(4.42804722964,1.266663401435));
#1806 = CARTESIAN_POINT('',(4.447124376251,1.254684535675));
#1807 = ( GEOMETRIC_REPRESENTATION_CONTEXT(2) 
PARAMETRIC_REPRESENTATION_CONTEXT() REPRESENTATION_CONTEXT('2D SPACE',''
  ) );
#1808 = PCURVE('',#1809,#1814);
#1809 = PLANE('',#1810);
#1810 = AXIS2_PLACEMENT_3D('',#1811,#1812,#1813);
#1811 = CARTESIAN_POINT('',(-0.603283173735,-0.603283173735,
    -2.030303992915));
#1812 = DIRECTION('',(0.976984921753,0.213308374583,-0.));
#1813 = DIRECTION('',(0.213308374583,-0.976984921753,0.));
#1814 = DEFINITIONAL_REPRESENTATION('',(#1815),#1819);
#1815 = CIRCLE('',#1816,4.948166881527);
#1816 = AXIS2_PLACEMENT_2D('',#1817,#1818);
#1817 = CARTESIAN_POINT('',(-0.460713211084,2.969696007085));
#1818 = DIRECTION('',(-1.,-0.));
#1819 = ( GEOMETRIC_REPRESENTATION_CONTEXT(2) 
PARAMETRIC_REPRESENTATION_CONTEXT() REPRESENTATION_CONTEXT('2D SPACE',''
  ) );
#1820 = ORIENTED_EDGE('',*,*,#1821,.T.);
#1821 = EDGE_CURVE('',#1782,#1822,#1824,.T.);
#1822 = VERTEX_POINT('',#1823);
#1823 = CARTESIAN_POINT('',(-0.732670700799,-0.575033563659,
    -8.751284532406E-02));
#1824 = SURFACE_CURVE('',#1825,(#1830,#1837),.PCURVE_S1.);
#1825 = CIRCLE('',#1826,0.931380671446);
#1826 = AXIS2_PLACEMENT_3D('',#1827,#1828,#1829);
#1827 = CARTESIAN_POINT('',(-1.720674083315E-14,0.,-8.751284532406E-02)
  );
#1828 = DIRECTION('',(4.350154311376E-15,0.,-1.));
#1829 = DIRECTION('',(1.,0.,4.350154311376E-15));
#1830 = PCURVE('',#378,#1831);
#1831 = DEFINITIONAL_REPRESENTATION('',(#1832),#1836);
#1832 = LINE('',#1833,#1834);
#1833 = CARTESIAN_POINT('',(6.28318530718,1.383425756175));
#1834 = VECTOR('',#1835,1.);
#1835 = DIRECTION('',(-1.,0.));
#1836 = ( GEOMETRIC_REPRESENTATION_CONTEXT(2) 
PARAMETRIC_REPRESENTATION_CONTEXT() REPRESENTATION_CONTEXT('2D SPACE',''
  ) );
#1837 = PCURVE('',#1838,#1843);
#1838 = CONICAL_SURFACE('',#1839,0.473914081073,0.231256125889);
#1839 = AXIS2_PLACEMENT_3D('',#1840,#1841,#1842);
#1840 = CARTESIAN_POINT('',(0.,0.,-2.030303992915));
#1841 = DIRECTION('',(0.,0.,1.));
#1842 = DIRECTION('',(1.,0.,-0.));
#1843 = DEFINITIONAL_REPRESENTATION('',(#1844),#1848);
#1844 = LINE('',#1845,#1846);
#1845 = CARTESIAN_POINT('',(6.28318530718,1.942791147591));
#1846 = VECTOR('',#1847,1.);
#1847 = DIRECTION('',(-1.,0.));
#1848 = ( GEOMETRIC_REPRESENTATION_CONTEXT(2) 
PARAMETRIC_REPRESENTATION_CONTEXT() REPRESENTATION_CONTEXT('2D SPACE',''
  ) );
#1849 = ORIENTED_EDGE('',*,*,#1850,.F.);
#1850 = EDGE_CURVE('',#1851,#1822,#1853,.T.);
#1851 = VERTEX_POINT('',#1852);
#1852 = CARTESIAN_POINT('',(-1.439812932703,-0.420640843027,
    -0.230303992915));
#1853 = SURFACE_CURVE('',#1854,(#1859,#1877),.PCURVE_S1.);
#1854 = CIRCLE('',#1855,4.948166881527);
#1855 = AXIS2_PLACEMENT_3D('',#1856,#1857,#1858);
#1856 = CARTESIAN_POINT('',(-0.153173313253,-0.70155715994,-5.));
#1857 = DIRECTION('',(0.213308374583,0.976984921753,-0.));
#1858 = DIRECTION('',(-0.976984921753,0.213308374583,0.));
#1859 = PCURVE('',#378,#1860);
#1860 = DEFINITIONAL_REPRESENTATION('',(#1861),#1876);
#1861 = B_SPLINE_CURVE_WITH_KNOTS('',7,(#1862,#1863,#1864,#1865,#1866,
    #1867,#1868,#1869,#1870,#1871,#1872,#1873,#1874,#1875),
  .UNSPECIFIED.,.F.,.F.,(8,6,8),(1.288461308956,1.383007362718,
    1.47755341648),.UNSPECIFIED.);
#1862 = CARTESIAN_POINT('',(3.406857257724,1.254684535675));
#1863 = CARTESIAN_POINT('',(3.425934404334,1.266663401435));
#1864 = CARTESIAN_POINT('',(3.446728792838,1.278503385929));
#1865 = CARTESIAN_POINT('',(3.469490771451,1.290182397346));
#1866 = CARTESIAN_POINT('',(3.49452058329,1.301672746905));
#1867 = CARTESIAN_POINT('',(3.522192208656,1.312939384452));
#1868 = CARTESIAN_POINT('',(3.552968686755,1.323936111605));
#1869 = CARTESIAN_POINT('',(3.621849146937,1.345263433239));
#1870 = CARTESIAN_POINT('',(3.659952792887,1.355594005941));
#1871 = CARTESIAN_POINT('',(3.702277420523,1.365528461927));
#1872 = CARTESIAN_POINT('',(3.749468699304,1.374986065973));
#1873 = CARTESIAN_POINT('',(3.80224846049,1.38386522807));
#1874 = CARTESIAN_POINT('',(3.861345792907,1.392029439774));
#1875 = CARTESIAN_POINT('',(3.926990816987,1.399323004178));
#1876 = ( GEOMETRIC_REPRESENTATION_CONTEXT(2) 
PARAMETRIC_REPRESENTATION_CONTEXT() REPRESENTATION_CONTEXT('2D SPACE',''
  ) );
#1877 = PCURVE('',#1878,#1883);
#1878 = PLANE('',#1879);
#1879 = AXIS2_PLACEMENT_3D('',#1880,#1881,#1882);
#1880 = CARTESIAN_POINT('',(-1.5,-0.4075,-2.030303992915));
#1881 = DIRECTION('',(0.213308374583,0.976984921753,-0.));
#1882 = DIRECTION('',(0.976984921753,-0.213308374583,0.));
#1883 = DEFINITIONAL_REPRESENTATION('',(#1884),#1888);
#1884 = CIRCLE('',#1885,4.948166881527);
#1885 = AXIS2_PLACEMENT_2D('',#1886,#1887);
#1886 = CARTESIAN_POINT('',(1.378554219987,2.969696007085));
#1887 = DIRECTION('',(-1.,-0.));
#1888 = ( GEOMETRIC_REPRESENTATION_CONTEXT(2) 
PARAMETRIC_REPRESENTATION_CONTEXT() REPRESENTATION_CONTEXT('2D SPACE',''
  ) );
#1889 = ORIENTED_EDGE('',*,*,#1890,.T.);
#1890 = EDGE_CURVE('',#1851,#1891,#1893,.T.);
#1891 = VERTEX_POINT('',#1892);
#1892 = CARTESIAN_POINT('',(-1.5,1.836909530734E-16,-0.230303992915));
#1893 = SURFACE_CURVE('',#1894,(#1899,#1906),.PCURVE_S1.);
#1894 = CIRCLE('',#1895,1.5);
#1895 = AXIS2_PLACEMENT_3D('',#1896,#1897,#1898);
#1896 = CARTESIAN_POINT('',(-2.101570034748E-15,0.,-0.230303992915));
#1897 = DIRECTION('',(1.313481271718E-15,0.,-1.));
#1898 = DIRECTION('',(1.,0.,1.313481271718E-15));
#1899 = PCURVE('',#378,#1900);
#1900 = DEFINITIONAL_REPRESENTATION('',(#1901),#1905);
#1901 = LINE('',#1902,#1903);
#1902 = CARTESIAN_POINT('',(6.28318530718,1.266103672779));
#1903 = VECTOR('',#1904,1.);
#1904 = DIRECTION('',(-1.,0.));
#1905 = ( GEOMETRIC_REPRESENTATION_CONTEXT(2) 
PARAMETRIC_REPRESENTATION_CONTEXT() REPRESENTATION_CONTEXT('2D SPACE',''
  ) );
#1906 = PCURVE('',#1612,#1907);
#1907 = DEFINITIONAL_REPRESENTATION('',(#1908),#1912);
#1908 = LINE('',#1909,#1910);
#1909 = CARTESIAN_POINT('',(6.28318530718,1.6));
#1910 = VECTOR('',#1911,1.);
#1911 = DIRECTION('',(-1.,0.));
#1912 = ( GEOMETRIC_REPRESENTATION_CONTEXT(2) 
PARAMETRIC_REPRESENTATION_CONTEXT() REPRESENTATION_CONTEXT('2D SPACE',''
  ) );
#1913 = ORIENTED_EDGE('',*,*,#1914,.T.);
#1914 = EDGE_CURVE('',#1891,#1915,#1917,.T.);
#1915 = VERTEX_POINT('',#1916);
#1916 = CARTESIAN_POINT('',(-1.439812932703,0.420640843027,
    -0.230303992915));
#1917 = SURFACE_CURVE('',#1918,(#1923,#1930),.PCURVE_S1.);
#1918 = CIRCLE('',#1919,1.5);
#1919 = AXIS2_PLACEMENT_3D('',#1920,#1921,#1922);
#1920 = CARTESIAN_POINT('',(-2.101570034748E-15,0.,-0.230303992915));
#1921 = DIRECTION('',(1.313481271718E-15,0.,-1.));
#1922 = DIRECTION('',(1.,0.,1.313481271718E-15));
#1923 = PCURVE('',#378,#1924);
#1924 = DEFINITIONAL_REPRESENTATION('',(#1925),#1929);
#1925 = LINE('',#1926,#1927);
#1926 = CARTESIAN_POINT('',(6.28318530718,1.266103672779));
#1927 = VECTOR('',#1928,1.);
#1928 = DIRECTION('',(-1.,0.));
#1929 = ( GEOMETRIC_REPRESENTATION_CONTEXT(2) 
PARAMETRIC_REPRESENTATION_CONTEXT() REPRESENTATION_CONTEXT('2D SPACE',''
  ) );
#1930 = PCURVE('',#1612,#1931);
#1931 = DEFINITIONAL_REPRESENTATION('',(#1932),#1936);
#1932 = LINE('',#1933,#1934);
#1933 = CARTESIAN_POINT('',(6.28318530718,1.6));
#1934 = VECTOR('',#1935,1.);
#1935 = DIRECTION('',(-1.,0.));
#1936 = ( GEOMETRIC_REPRESENTATION_CONTEXT(2) 
PARAMETRIC_REPRESENTATION_CONTEXT() REPRESENTATION_CONTEXT('2D SPACE',''
  ) );
#1937 = ORIENTED_EDGE('',*,*,#1938,.F.);
#1938 = EDGE_CURVE('',#1939,#1915,#1941,.T.);
#1939 = VERTEX_POINT('',#1940);
#1940 = CARTESIAN_POINT('',(-0.732670700799,0.575033563659,
    -8.751284532406E-02));
#1941 = SURFACE_CURVE('',#1942,(#1947,#1965),.PCURVE_S1.);
#1942 = CIRCLE('',#1943,4.948166881527);
#1943 = AXIS2_PLACEMENT_3D('',#1944,#1945,#1946);
#1944 = CARTESIAN_POINT('',(-0.153173313253,0.70155715994,-5.));
#1945 = DIRECTION('',(0.213308374583,-0.976984921753,0.));
#1946 = DIRECTION('',(0.976984921753,0.213308374583,0.));
#1947 = PCURVE('',#378,#1948);
#1948 = DEFINITIONAL_REPRESENTATION('',(#1949),#1964);
#1949 = B_SPLINE_CURVE_WITH_KNOTS('',7,(#1950,#1951,#1952,#1953,#1954,
    #1955,#1956,#1957,#1958,#1959,#1960,#1961,#1962,#1963),
  .UNSPECIFIED.,.F.,.F.,(8,6,8),(1.66403923711,1.758585290872,
    1.853131344634),.UNSPECIFIED.);
#1950 = CARTESIAN_POINT('',(2.356194490192,1.399323004178));
#1951 = CARTESIAN_POINT('',(2.421839514272,1.392029439774));
#1952 = CARTESIAN_POINT('',(2.480936846689,1.38386522807));
#1953 = CARTESIAN_POINT('',(2.533716607877,1.374986065974));
#1954 = CARTESIAN_POINT('',(2.580907886657,1.365528461926));
#1955 = CARTESIAN_POINT('',(2.623232514293,1.355594005941));
#1956 = CARTESIAN_POINT('',(2.661336160243,1.345263433239));
#1957 = CARTESIAN_POINT('',(2.730216620425,1.323936111605));
#1958 = CARTESIAN_POINT('',(2.760993098524,1.312939384452));
#1959 = CARTESIAN_POINT('',(2.78866472389,1.301672746904));
#1960 = CARTESIAN_POINT('',(2.813694535728,1.290182397346));
#1961 = CARTESIAN_POINT('',(2.836456514341,1.278503385929));
#1962 = CARTESIAN_POINT('',(2.857250902845,1.266663401435));
#1963 = CARTESIAN_POINT('',(2.876328049456,1.254684535675));
#1964 = ( GEOMETRIC_REPRESENTATION_CONTEXT(2) 
PARAMETRIC_REPRESENTATION_CONTEXT() REPRESENTATION_CONTEXT('2D SPACE',''
  ) );
#1965 = PCURVE('',#1966,#1971);
#1966 = PLANE('',#1967);
#1967 = AXIS2_PLACEMENT_3D('',#1968,#1969,#1970);
#1968 = CARTESIAN_POINT('',(-0.603283173735,0.603283173735,
    -2.030303992915));
#1969 = DIRECTION('',(0.213308374583,-0.976984921753,0.));
#1970 = DIRECTION('',(-0.976984921753,-0.213308374583,0.));
#1971 = DEFINITIONAL_REPRESENTATION('',(#1972),#1976);
#1972 = CIRCLE('',#1973,4.948166881527);
#1973 = AXIS2_PLACEMENT_2D('',#1974,#1975);
#1974 = CARTESIAN_POINT('',(-0.460713211084,2.969696007085));
#1975 = DIRECTION('',(-1.,0.));
#1976 = ( GEOMETRIC_REPRESENTATION_CONTEXT(2) 
PARAMETRIC_REPRESENTATION_CONTEXT() REPRESENTATION_CONTEXT('2D SPACE',''
  ) );
#1977 = ORIENTED_EDGE('',*,*,#1978,.T.);
#1978 = EDGE_CURVE('',#1939,#1979,#1981,.T.);
#1979 = VERTEX_POINT('',#1980);
#1980 = CARTESIAN_POINT('',(-0.575033563659,0.732670700799,
    -8.751284532406E-02));
#1981 = SURFACE_CURVE('',#1982,(#1987,#1994),.PCURVE_S1.);
#1982 = CIRCLE('',#1983,0.931380671446);
#1983 = AXIS2_PLACEMENT_3D('',#1984,#1985,#1986);
#1984 = CARTESIAN_POINT('',(-1.720674083315E-14,0.,-8.751284532406E-02)
  );
#1985 = DIRECTION('',(4.350154311376E-15,0.,-1.));
#1986 = DIRECTION('',(1.,0.,4.350154311376E-15));
#1987 = PCURVE('',#378,#1988);
#1988 = DEFINITIONAL_REPRESENTATION('',(#1989),#1993);
#1989 = LINE('',#1990,#1991);
#1990 = CARTESIAN_POINT('',(6.28318530718,1.383425756175));
#1991 = VECTOR('',#1992,1.);
#1992 = DIRECTION('',(-1.,0.));
#1993 = ( GEOMETRIC_REPRESENTATION_CONTEXT(2) 
PARAMETRIC_REPRESENTATION_CONTEXT() REPRESENTATION_CONTEXT('2D SPACE',''
  ) );
#1994 = PCURVE('',#1995,#2000);
#1995 = CONICAL_SURFACE('',#1996,0.473914081073,0.231256125889);
#1996 = AXIS2_PLACEMENT_3D('',#1997,#1998,#1999);
#1997 = CARTESIAN_POINT('',(0.,0.,-2.030303992915));
#1998 = DIRECTION('',(0.,0.,1.));
#1999 = DIRECTION('',(1.,0.,-0.));
#2000 = DEFINITIONAL_REPRESENTATION('',(#2001),#2005);
#2001 = LINE('',#2002,#2003);
#2002 = CARTESIAN_POINT('',(6.28318530718,1.942791147591));
#2003 = VECTOR('',#2004,1.);
#2004 = DIRECTION('',(-1.,0.));
#2005 = ( GEOMETRIC_REPRESENTATION_CONTEXT(2) 
PARAMETRIC_REPRESENTATION_CONTEXT() REPRESENTATION_CONTEXT('2D SPACE',''
  ) );
#2006 = ORIENTED_EDGE('',*,*,#2007,.F.);
#2007 = EDGE_CURVE('',#2008,#1979,#2010,.T.);
#2008 = VERTEX_POINT('',#2009);
#2009 = CARTESIAN_POINT('',(-0.420640843027,1.439812932703,
    -0.230303992915));
#2010 = SURFACE_CURVE('',#2011,(#2016,#2034),.PCURVE_S1.);
#2011 = CIRCLE('',#2012,4.948166881527);
#2012 = AXIS2_PLACEMENT_3D('',#2013,#2014,#2015);
#2013 = CARTESIAN_POINT('',(-0.70155715994,0.153173313253,-5.));
#2014 = DIRECTION('',(0.976984921753,-0.213308374583,0.));
#2015 = DIRECTION('',(0.213308374583,0.976984921753,0.));
#2016 = PCURVE('',#378,#2017);
#2017 = DEFINITIONAL_REPRESENTATION('',(#2018),#2033);
#2018 = B_SPLINE_CURVE_WITH_KNOTS('',7,(#2019,#2020,#2021,#2022,#2023,
    #2024,#2025,#2026,#2027,#2028,#2029,#2030,#2031,#2032),
  .UNSPECIFIED.,.F.,.F.,(8,6,8),(1.288461308956,1.383007362718,
    1.47755341648),.UNSPECIFIED.);
#2019 = CARTESIAN_POINT('',(1.836060930929,1.254684535675));
#2020 = CARTESIAN_POINT('',(1.85513807754,1.266663401435));
#2021 = CARTESIAN_POINT('',(1.875932466044,1.278503385929));
#2022 = CARTESIAN_POINT('',(1.898694444656,1.290182397346));
#2023 = CARTESIAN_POINT('',(1.923724256495,1.301672746904));
#2024 = CARTESIAN_POINT('',(1.951395881861,1.312939384452));
#2025 = CARTESIAN_POINT('',(1.98217235996,1.323936111605));
#2026 = CARTESIAN_POINT('',(2.051052820142,1.345263433239));
#2027 = CARTESIAN_POINT('',(2.089156466092,1.355594005941));
#2028 = CARTESIAN_POINT('',(2.131481093727,1.365528461927));
#2029 = CARTESIAN_POINT('',(2.178672372509,1.374986065973));
#2030 = CARTESIAN_POINT('',(2.231452133696,1.38386522807));
#2031 = CARTESIAN_POINT('',(2.290549466112,1.392029439774));
#2032 = CARTESIAN_POINT('',(2.356194490192,1.399323004178));
#2033 = ( GEOMETRIC_REPRESENTATION_CONTEXT(2) 
PARAMETRIC_REPRESENTATION_CONTEXT() REPRESENTATION_CONTEXT('2D SPACE',''
  ) );
#2034 = PCURVE('',#2035,#2040);
#2035 = PLANE('',#2036);
#2036 = AXIS2_PLACEMENT_3D('',#2037,#2038,#2039);
#2037 = CARTESIAN_POINT('',(-0.4075,1.5,-2.030303992915));
#2038 = DIRECTION('',(0.976984921753,-0.213308374583,0.));
#2039 = DIRECTION('',(-0.213308374583,-0.976984921753,0.));
#2040 = DEFINITIONAL_REPRESENTATION('',(#2041),#2045);
#2041 = CIRCLE('',#2042,4.948166881527);
#2042 = AXIS2_PLACEMENT_2D('',#2043,#2044);
#2043 = CARTESIAN_POINT('',(1.378554219987,2.969696007085));
#2044 = DIRECTION('',(-1.,0.));
#2045 = ( GEOMETRIC_REPRESENTATION_CONTEXT(2) 
PARAMETRIC_REPRESENTATION_CONTEXT() REPRESENTATION_CONTEXT('2D SPACE',''
  ) );
#2046 = ORIENTED_EDGE('',*,*,#2047,.T.);
#2047 = EDGE_CURVE('',#2008,#2048,#2050,.T.);
#2048 = VERTEX_POINT('',#2049);
#2049 = CARTESIAN_POINT('',(1.684170830315E-08,1.5,-0.230303992915));
#2050 = SURFACE_CURVE('',#2051,(#2056,#2063),.PCURVE_S1.);
#2051 = CIRCLE('',#2052,1.5);
#2052 = AXIS2_PLACEMENT_3D('',#2053,#2054,#2055);
#2053 = CARTESIAN_POINT('',(-2.101570034748E-15,0.,-0.230303992915));
#2054 = DIRECTION('',(1.313481271718E-15,0.,-1.));
#2055 = DIRECTION('',(1.,0.,1.313481271718E-15));
#2056 = PCURVE('',#378,#2057);
#2057 = DEFINITIONAL_REPRESENTATION('',(#2058),#2062);
#2058 = LINE('',#2059,#2060);
#2059 = CARTESIAN_POINT('',(6.28318530718,1.266103672779));
#2060 = VECTOR('',#2061,1.);
#2061 = DIRECTION('',(-1.,0.));
#2062 = ( GEOMETRIC_REPRESENTATION_CONTEXT(2) 
PARAMETRIC_REPRESENTATION_CONTEXT() REPRESENTATION_CONTEXT('2D SPACE',''
  ) );
#2063 = PCURVE('',#1612,#2064);
#2064 = DEFINITIONAL_REPRESENTATION('',(#2065),#2069);
#2065 = LINE('',#2066,#2067);
#2066 = CARTESIAN_POINT('',(6.28318530718,1.6));
#2067 = VECTOR('',#2068,1.);
#2068 = DIRECTION('',(-1.,0.));
#2069 = ( GEOMETRIC_REPRESENTATION_CONTEXT(2) 
PARAMETRIC_REPRESENTATION_CONTEXT() REPRESENTATION_CONTEXT('2D SPACE',''
  ) );
#2070 = ORIENTED_EDGE('',*,*,#2071,.T.);
#2071 = EDGE_CURVE('',#2048,#2072,#2074,.T.);
#2072 = VERTEX_POINT('',#2073);
#2073 = CARTESIAN_POINT('',(0.420640843027,1.439812932703,
    -0.230303992915));
#2074 = SURFACE_CURVE('',#2075,(#2080,#2087),.PCURVE_S1.);
#2075 = CIRCLE('',#2076,1.5);
#2076 = AXIS2_PLACEMENT_3D('',#2077,#2078,#2079);
#2077 = CARTESIAN_POINT('',(-2.101570034748E-15,0.,-0.230303992915));
#2078 = DIRECTION('',(1.313481271718E-15,0.,-1.));
#2079 = DIRECTION('',(1.,0.,1.313481271718E-15));
#2080 = PCURVE('',#378,#2081);
#2081 = DEFINITIONAL_REPRESENTATION('',(#2082),#2086);
#2082 = LINE('',#2083,#2084);
#2083 = CARTESIAN_POINT('',(6.28318530718,1.266103672779));
#2084 = VECTOR('',#2085,1.);
#2085 = DIRECTION('',(-1.,0.));
#2086 = ( GEOMETRIC_REPRESENTATION_CONTEXT(2) 
PARAMETRIC_REPRESENTATION_CONTEXT() REPRESENTATION_CONTEXT('2D SPACE',''
  ) );
#2087 = PCURVE('',#1612,#2088);
#2088 = DEFINITIONAL_REPRESENTATION('',(#2089),#2093);
#2089 = LINE('',#2090,#2091);
#2090 = CARTESIAN_POINT('',(6.28318530718,1.6));
#2091 = VECTOR('',#2092,1.);
#2092 = DIRECTION('',(-1.,0.));
#2093 = ( GEOMETRIC_REPRESENTATION_CONTEXT(2) 
PARAMETRIC_REPRESENTATION_CONTEXT() REPRESENTATION_CONTEXT('2D SPACE',''
  ) );
#2094 = ORIENTED_EDGE('',*,*,#2095,.F.);
#2095 = EDGE_CURVE('',#2096,#2072,#2098,.T.);
#2096 = VERTEX_POINT('',#2097);
#2097 = CARTESIAN_POINT('',(0.575033563659,0.732670700799,
    -8.751284532406E-02));
#2098 = SURFACE_CURVE('',#2099,(#2104,#2122),.PCURVE_S1.);
#2099 = CIRCLE('',#2100,4.948166881527);
#2100 = AXIS2_PLACEMENT_3D('',#2101,#2102,#2103);
#2101 = CARTESIAN_POINT('',(0.70155715994,0.153173313253,-5.));
#2102 = DIRECTION('',(-0.976984921753,-0.213308374583,0.));
#2103 = DIRECTION('',(0.213308374583,-0.976984921753,0.));
#2104 = PCURVE('',#378,#2105);
#2105 = DEFINITIONAL_REPRESENTATION('',(#2106),#2121);
#2106 = B_SPLINE_CURVE_WITH_KNOTS('',7,(#2107,#2108,#2109,#2110,#2111,
    #2112,#2113,#2114,#2115,#2116,#2117,#2118,#2119,#2120),
  .UNSPECIFIED.,.F.,.F.,(8,6,8),(1.66403923711,1.758585290872,
    1.853131344634),.UNSPECIFIED.);
#2107 = CARTESIAN_POINT('',(0.785398163397,1.399323004178));
#2108 = CARTESIAN_POINT('',(0.851043187478,1.392029439774));
#2109 = CARTESIAN_POINT('',(0.910140519894,1.38386522807));
#2110 = CARTESIAN_POINT('',(0.962920281081,1.374986065974));
#2111 = CARTESIAN_POINT('',(1.010111559863,1.365528461927));
#2112 = CARTESIAN_POINT('',(1.052436187498,1.355594005941));
#2113 = CARTESIAN_POINT('',(1.090539833448,1.345263433239));
#2114 = CARTESIAN_POINT('',(1.15942029363,1.323936111605));
#2115 = CARTESIAN_POINT('',(1.190196771729,1.312939384452));
#2116 = CARTESIAN_POINT('',(1.217868397095,1.301672746904));
#2117 = CARTESIAN_POINT('',(1.242898208934,1.290182397346));
#2118 = CARTESIAN_POINT('',(1.265660187546,1.278503385929));
#2119 = CARTESIAN_POINT('',(1.28645457605,1.266663401435));
#2120 = CARTESIAN_POINT('',(1.305531722661,1.254684535675));
#2121 = ( GEOMETRIC_REPRESENTATION_CONTEXT(2) 
PARAMETRIC_REPRESENTATION_CONTEXT() REPRESENTATION_CONTEXT('2D SPACE',''
  ) );
#2122 = PCURVE('',#2123,#2128);
#2123 = PLANE('',#2124);
#2124 = AXIS2_PLACEMENT_3D('',#2125,#2126,#2127);
#2125 = CARTESIAN_POINT('',(0.603283173735,0.603283173735,
    -2.030303992915));
#2126 = DIRECTION('',(-0.976984921753,-0.213308374583,0.));
#2127 = DIRECTION('',(-0.213308374583,0.976984921753,0.));
#2128 = DEFINITIONAL_REPRESENTATION('',(#2129),#2133);
#2129 = CIRCLE('',#2130,4.948166881527);
#2130 = AXIS2_PLACEMENT_2D('',#2131,#2132);
#2131 = CARTESIAN_POINT('',(-0.460713211084,2.969696007085));
#2132 = DIRECTION('',(-1.,-0.));
#2133 = ( GEOMETRIC_REPRESENTATION_CONTEXT(2) 
PARAMETRIC_REPRESENTATION_CONTEXT() REPRESENTATION_CONTEXT('2D SPACE',''
  ) );
#2134 = ORIENTED_EDGE('',*,*,#2135,.T.);
#2135 = EDGE_CURVE('',#2096,#2136,#2138,.T.);
#2136 = VERTEX_POINT('',#2137);
#2137 = CARTESIAN_POINT('',(0.732670700799,0.575033563659,
    -8.751284532406E-02));
#2138 = SURFACE_CURVE('',#2139,(#2144,#2151),.PCURVE_S1.);
#2139 = CIRCLE('',#2140,0.931380671446);
#2140 = AXIS2_PLACEMENT_3D('',#2141,#2142,#2143);
#2141 = CARTESIAN_POINT('',(-1.720674083315E-14,0.,-8.751284532406E-02)
  );
#2142 = DIRECTION('',(4.350154311376E-15,0.,-1.));
#2143 = DIRECTION('',(1.,0.,4.350154311376E-15));
#2144 = PCURVE('',#378,#2145);
#2145 = DEFINITIONAL_REPRESENTATION('',(#2146),#2150);
#2146 = LINE('',#2147,#2148);
#2147 = CARTESIAN_POINT('',(6.28318530718,1.383425756175));
#2148 = VECTOR('',#2149,1.);
#2149 = DIRECTION('',(-1.,0.));
#2150 = ( GEOMETRIC_REPRESENTATION_CONTEXT(2) 
PARAMETRIC_REPRESENTATION_CONTEXT() REPRESENTATION_CONTEXT('2D SPACE',''
  ) );
#2151 = PCURVE('',#2152,#2157);
#2152 = CONICAL_SURFACE('',#2153,0.473914081073,0.231256125889);
#2153 = AXIS2_PLACEMENT_3D('',#2154,#2155,#2156);
#2154 = CARTESIAN_POINT('',(0.,0.,-2.030303992915));
#2155 = DIRECTION('',(0.,0.,1.));
#2156 = DIRECTION('',(1.,0.,-0.));
#2157 = DEFINITIONAL_REPRESENTATION('',(#2158),#2162);
#2158 = LINE('',#2159,#2160);
#2159 = CARTESIAN_POINT('',(6.28318530718,1.942791147591));
#2160 = VECTOR('',#2161,1.);
#2161 = DIRECTION('',(-1.,0.));
#2162 = ( GEOMETRIC_REPRESENTATION_CONTEXT(2) 
PARAMETRIC_REPRESENTATION_CONTEXT() REPRESENTATION_CONTEXT('2D SPACE',''
  ) );
#2163 = ORIENTED_EDGE('',*,*,#2164,.F.);
#2164 = EDGE_CURVE('',#2165,#2136,#2167,.T.);
#2165 = VERTEX_POINT('',#2166);
#2166 = CARTESIAN_POINT('',(1.439812932703,0.420640843027,
    -0.230303992915));
#2167 = SURFACE_CURVE('',#2168,(#2173,#2191),.PCURVE_S1.);
#2168 = CIRCLE('',#2169,4.948166881527);
#2169 = AXIS2_PLACEMENT_3D('',#2170,#2171,#2172);
#2170 = CARTESIAN_POINT('',(0.153173313253,0.70155715994,-5.));
#2171 = DIRECTION('',(-0.213308374583,-0.976984921753,0.));
#2172 = DIRECTION('',(0.976984921753,-0.213308374583,0.));
#2173 = PCURVE('',#378,#2174);
#2174 = DEFINITIONAL_REPRESENTATION('',(#2175),#2190);
#2175 = B_SPLINE_CURVE_WITH_KNOTS('',7,(#2176,#2177,#2178,#2179,#2180,
    #2181,#2182,#2183,#2184,#2185,#2186,#2187,#2188,#2189),
  .UNSPECIFIED.,.F.,.F.,(8,6,8),(1.288461308956,1.383007362718,
    1.47755341648),.UNSPECIFIED.);
#2176 = CARTESIAN_POINT('',(0.265264604134,1.254684535675));
#2177 = CARTESIAN_POINT('',(0.284341750745,1.266663401435));
#2178 = CARTESIAN_POINT('',(0.305136139249,1.278503385929));
#2179 = CARTESIAN_POINT('',(0.327898117861,1.290182397346));
#2180 = CARTESIAN_POINT('',(0.3529279297,1.301672746904));
#2181 = CARTESIAN_POINT('',(0.380599555066,1.312939384452));
#2182 = CARTESIAN_POINT('',(0.411376033165,1.323936111605));
#2183 = CARTESIAN_POINT('',(0.480256493347,1.345263433239));
#2184 = CARTESIAN_POINT('',(0.518360139297,1.355594005941));
#2185 = CARTESIAN_POINT('',(0.560684766932,1.365528461926));
#2186 = CARTESIAN_POINT('',(0.607876045714,1.374986065974));
#2187 = CARTESIAN_POINT('',(0.660655806901,1.38386522807));
#2188 = CARTESIAN_POINT('',(0.719753139317,1.392029439774));
#2189 = CARTESIAN_POINT('',(0.785398163397,1.399323004178));
#2190 = ( GEOMETRIC_REPRESENTATION_CONTEXT(2) 
PARAMETRIC_REPRESENTATION_CONTEXT() REPRESENTATION_CONTEXT('2D SPACE',''
  ) );
#2191 = PCURVE('',#2192,#2197);
#2192 = PLANE('',#2193);
#2193 = AXIS2_PLACEMENT_3D('',#2194,#2195,#2196);
#2194 = CARTESIAN_POINT('',(1.5,0.4075,-2.030303992915));
#2195 = DIRECTION('',(-0.213308374583,-0.976984921753,0.));
#2196 = DIRECTION('',(-0.976984921753,0.213308374583,0.));
#2197 = DEFINITIONAL_REPRESENTATION('',(#2198),#2202);
#2198 = CIRCLE('',#2199,4.948166881527);
#2199 = AXIS2_PLACEMENT_2D('',#2200,#2201);
#2200 = CARTESIAN_POINT('',(1.378554219987,2.969696007085));
#2201 = DIRECTION('',(-1.,-0.));
#2202 = ( GEOMETRIC_REPRESENTATION_CONTEXT(2) 
PARAMETRIC_REPRESENTATION_CONTEXT() REPRESENTATION_CONTEXT('2D SPACE',''
  ) );
#2203 = ORIENTED_EDGE('',*,*,#2204,.T.);
#2204 = EDGE_CURVE('',#2165,#1570,#2205,.T.);
#2205 = SURFACE_CURVE('',#2206,(#2211,#2218),.PCURVE_S1.);
#2206 = CIRCLE('',#2207,1.5);
#2207 = AXIS2_PLACEMENT_3D('',#2208,#2209,#2210);
#2208 = CARTESIAN_POINT('',(-2.101570034748E-15,0.,-0.230303992915));
#2209 = DIRECTION('',(1.313481271718E-15,0.,-1.));
#2210 = DIRECTION('',(1.,0.,1.313481271718E-15));
#2211 = PCURVE('',#378,#2212);
#2212 = DEFINITIONAL_REPRESENTATION('',(#2213),#2217);
#2213 = LINE('',#2214,#2215);
#2214 = CARTESIAN_POINT('',(6.28318530718,1.266103672779));
#2215 = VECTOR('',#2216,1.);
#2216 = DIRECTION('',(-1.,0.));
#2217 = ( GEOMETRIC_REPRESENTATION_CONTEXT(2) 
PARAMETRIC_REPRESENTATION_CONTEXT() REPRESENTATION_CONTEXT('2D SPACE',''
  ) );
#2218 = PCURVE('',#1612,#2219);
#2219 = DEFINITIONAL_REPRESENTATION('',(#2220),#2224);
#2220 = LINE('',#2221,#2222);
#2221 = CARTESIAN_POINT('',(6.28318530718,1.6));
#2222 = VECTOR('',#2223,1.);
#2223 = DIRECTION('',(-1.,0.));
#2224 = ( GEOMETRIC_REPRESENTATION_CONTEXT(2) 
PARAMETRIC_REPRESENTATION_CONTEXT() REPRESENTATION_CONTEXT('2D SPACE',''
  ) );
#2225 = ADVANCED_FACE('',(#2226),#433,.T.);
#2226 = FACE_BOUND('',#2227,.T.);
#2227 = EDGE_LOOP('',(#2228,#2229,#2230,#2231,#2257,#2529,#2927));
#2228 = ORIENTED_EDGE('',*,*,#1524,.F.);
#2229 = ORIENTED_EDGE('',*,*,#421,.T.);
#2230 = ORIENTED_EDGE('',*,*,#557,.T.);
#2231 = ORIENTED_EDGE('',*,*,#2232,.F.);
#2232 = EDGE_CURVE('',#2233,#558,#2235,.T.);
#2233 = VERTEX_POINT('',#2234);
#2234 = CARTESIAN_POINT('',(1.399960233727,1.055196584198E-02,
    -4.046120778637));
#2235 = SURFACE_CURVE('',#2236,(#2239,#2246),.PCURVE_S1.);
#2236 = B_SPLINE_CURVE_WITH_KNOTS('',1,(#2237,#2238),.UNSPECIFIED.,.F.,
  .F.,(2,2),(0.,0.548073520823),.PIECEWISE_BEZIER_KNOTS.);
#2237 = CARTESIAN_POINT('',(1.574822991571,1.623423737077E-02,
    -4.124807343079));
#2238 = CARTESIAN_POINT('',(1.0752404736,-5.551115123126E-16,-3.9));
#2239 = PCURVE('',#433,#2240);
#2240 = DEFINITIONAL_REPRESENTATION('',(#2241),#2245);
#2241 = LINE('',#2242,#2243);
#2242 = CARTESIAN_POINT('',(0.,1.));
#2243 = VECTOR('',#2244,1.);
#2244 = DIRECTION('',(1.,0.));
#2245 = ( GEOMETRIC_REPRESENTATION_CONTEXT(2) 
PARAMETRIC_REPRESENTATION_CONTEXT() REPRESENTATION_CONTEXT('2D SPACE',''
  ) );
#2246 = PCURVE('',#2247,#2252);
#2247 = PLANE('',#2248);
#2248 = AXIS2_PLACEMENT_3D('',#2249,#2250,#2251);
#2249 = CARTESIAN_POINT('',(1.397846556272,-2.356989985456E-04,
    -3.900271479148));
#2250 = DIRECTION('',(7.907006235169E-04,0.997274646939,
    7.377434083578E-02));
#2251 = DIRECTION('',(0.,-7.377436389793E-02,0.997274958691));
#2252 = DEFINITIONAL_REPRESENTATION('',(#2253),#2256);
#2253 = B_SPLINE_CURVE_WITH_KNOTS('',1,(#2254,#2255),.UNSPECIFIED.,.F.,
  .F.,(2,2),(0.,0.548073520823),.PIECEWISE_BEZIER_KNOTS.);
#2254 = CARTESIAN_POINT('',(-0.225139053506,0.176976490622));
#2255 = CARTESIAN_POINT('',(2.533508119726E-04,-0.32260618352));
#2256 = ( GEOMETRIC_REPRESENTATION_CONTEXT(2) 
PARAMETRIC_REPRESENTATION_CONTEXT() REPRESENTATION_CONTEXT('2D SPACE',''
  ) );
#2257 = ORIENTED_EDGE('',*,*,#2258,.F.);
#2258 = EDGE_CURVE('',#2259,#2233,#2261,.T.);
#2259 = VERTEX_POINT('',#2260);
#2260 = CARTESIAN_POINT('',(1.4,-3.429011037613E-16,-3.546565817076));
#2261 = SURFACE_CURVE('',#2262,(#2349,#2439),.PCURVE_S1.);
#2262 = B_SPLINE_CURVE_WITH_KNOTS('',7,(#2263,#2264,#2265,#2266,#2267,
    #2268,#2269,#2270,#2271,#2272,#2273,#2274,#2275,#2276,#2277,#2278,
    #2279,#2280,#2281,#2282,#2283,#2284,#2285,#2286,#2287,#2288,#2289,
    #2290,#2291,#2292,#2293,#2294,#2295,#2296,#2297,#2298,#2299,#2300,
    #2301,#2302,#2303,#2304,#2305,#2306,#2307,#2308,#2309,#2310,#2311,
    #2312,#2313,#2314,#2315,#2316,#2317,#2318,#2319,#2320,#2321,#2322,
    #2323,#2324,#2325,#2326,#2327,#2328,#2329,#2330,#2331,#2332,#2333,
    #2334,#2335,#2336,#2337,#2338,#2339,#2340,#2341,#2342,#2343,#2344,
    #2345,#2346,#2347,#2348),.UNSPECIFIED.,.F.,.F.,(8,6,6,6,6,6,6,6,6,6,
    6,6,6,6,8),(0.,8.366618597394E-02,0.176298353406,0.213509362011,
    0.23153327683,0.252346283816,0.324431864353,0.437902906473,
    0.558034343865,0.634096826827,0.712187527771,0.774903391585,
    0.837982148657,0.894533073568,1.),.UNSPECIFIED.);
#2263 = CARTESIAN_POINT('',(1.4,-6.661338147751E-16,-3.546565817076));
#2264 = CARTESIAN_POINT('',(1.4,-0.104987547173,-3.552528877743));
#2265 = CARTESIAN_POINT('',(1.390814651778,-0.20998613077,
    -3.558491726001));
#2266 = CARTESIAN_POINT('',(1.372440669612,-0.314011825765,
    -3.564453641913));
#2267 = CARTESIAN_POINT('',(1.345010744011,-0.416104378657,
    -3.570415794894));
#2268 = CARTESIAN_POINT('',(1.308775552212,-0.515330943367,
    -3.576380318733));
#2269 = CARTESIAN_POINT('',(1.26410158807,-0.610794103014,
    -3.582348783406));
#2270 = CARTESIAN_POINT('',(1.153229423985,-0.802230085931,
    -3.594931248667));
#2271 = CARTESIAN_POINT('',(1.085221874161,-0.897188405078,
    -3.601547661886));
#2272 = CARTESIAN_POINT('',(1.008129418641,-0.985355483053,
    -3.608167512526));
#2273 = CARTESIAN_POINT('',(0.922778490945,-1.065706442645,
    -3.614789360657));
#2274 = CARTESIAN_POINT('',(0.830123615623,-1.137342689394,
    -3.621408997918));
#2275 = CARTESIAN_POINT('',(0.731237344973,-1.199501291162,
    -3.628020619399));
#2276 = CARTESIAN_POINT('',(0.585577361855,-1.272509123875,
    -3.637274223939));
#2277 = CARTESIAN_POINT('',(0.543018979909,-1.291807877612,
    -3.639924750721));
#2278 = CARTESIAN_POINT('',(0.499722355965,-1.309444251163,
    -3.642573778684));
#2279 = CARTESIAN_POINT('',(0.455765490033,-1.325384664738,
    -3.645221455915));
#2280 = CARTESIAN_POINT('',(0.411228098512,-1.339600198049,
    -3.647868166912));
#2281 = CARTESIAN_POINT('',(0.366191614187,-1.352066590305,
    -3.650514532584));
#2282 = CARTESIAN_POINT('',(0.298723371007,-1.367945866247,
    -3.654443479713));
#2283 = CARTESIAN_POINT('',(0.276609481059,-1.372712635202,
    -3.655725701467));
#2284 = CARTESIAN_POINT('',(0.254406797431,-1.37706234382,
    -3.657008186623));
#2285 = CARTESIAN_POINT('',(0.232124604973,-1.38099304214,
    -3.658291066657));
#2286 = CARTESIAN_POINT('',(0.209772192332,-1.3845030335,-3.659574493408
    ));
#2287 = CARTESIAN_POINT('',(0.187358851962,-1.387590874543,
    -3.66085863908));
#2288 = CARTESIAN_POINT('',(0.138952589303,-1.393332191293,
    -3.663627608264));
#2289 = CARTESIAN_POINT('',(0.112944303959,-1.39584427441,
    -3.665111872997));
#2290 = CARTESIAN_POINT('',(8.688396319485E-02,-1.397789880368,
    -3.666598292304));
#2291 = CARTESIAN_POINT('',(6.078643084203E-02,-1.399167749172,
    -3.668087478915));
#2292 = CARTESIAN_POINT('',(3.466649544893E-02,-1.399977105024,
    -3.669578856444));
#2293 = CARTESIAN_POINT('',(8.538870282745E-03,-1.400217656324,
    -3.671070659379));
#2294 = CARTESIAN_POINT('',(-0.108050433501,-1.39875336185,
    -3.677718013313));
#2295 = CARTESIAN_POINT('',(-0.198438918786,-1.390796035087,
    -3.682870953952));
#2296 = CARTESIAN_POINT('',(-0.288120860017,-1.37602404198,
    -3.688019331744));
#2297 = CARTESIAN_POINT('',(-0.376481819561,-1.354517381148,
    -3.693163950589));
#2298 = CARTESIAN_POINT('',(-0.462921427348,-1.326422112915,
    -3.698305961815));
#2299 = CARTESIAN_POINT('',(-0.546857123799,-1.291949455102,
    -3.70344648717));
#2300 = CARTESIAN_POINT('',(-0.755032085531,-1.187522807305,
    -3.716675530083));
#2301 = CARTESIAN_POINT('',(-0.874799913012,-1.108532717487,
    -3.724765621691));
#2302 = CARTESIAN_POINT('',(-0.984790530169,-1.015514680621,
    -3.73285440861));
#2303 = CARTESIAN_POINT('',(-1.083082380478,-0.909953234375,
    -3.740944282816));
#2304 = CARTESIAN_POINT('',(-1.168029208337,-0.793616527418,
    -3.749037836846));
#2305 = CARTESIAN_POINT('',(-1.238287347381,-0.668526888702,
    -3.757134885697));
#2306 = CARTESIAN_POINT('',(-1.350751049684,-0.397751715888,
    -3.773800916097));
#2307 = CARTESIAN_POINT('',(-1.391114318514,-0.251177061363,
    -3.782376431427));
#2308 = CARTESIAN_POINT('',(-1.412838801882,-0.100011796032,
    -3.790949559153));
#2309 = CARTESIAN_POINT('',(-1.415385951903,5.290013076227E-02,
    -3.799521815861));
#2310 = CARTESIAN_POINT('',(-1.39870824439,0.204705015133,
    -3.808095656815));
#2311 = CARTESIAN_POINT('',(-1.363249246348,0.352542546803,
    -3.816672856698));
#2312 = CARTESIAN_POINT('',(-1.276422106427,0.582975808304,
    -3.830674679621));
#2313 = CARTESIAN_POINT('',(-1.235650321522,0.669640815162,
    -3.836103406068));
#2314 = CARTESIAN_POINT('',(-1.188027002668,0.752943589339,
    -3.841531728282));
#2315 = CARTESIAN_POINT('',(-1.133891208599,0.832239696978,
    -3.846959600183));
#2316 = CARTESIAN_POINT('',(-1.073652238947,0.906929649011,
    -3.852387210621));
#2317 = CARTESIAN_POINT('',(-1.007786744889,0.976463060914,
    -3.857814522858));
#2318 = CARTESIAN_POINT('',(-0.864008661297,1.105936621634,
    -3.868811834568));
#2319 = CARTESIAN_POINT('',(-0.785810830427,1.165581278565,
    -3.874382596586));
#2320 = CARTESIAN_POINT('',(-0.702841925332,1.218746168605,
    -3.879952305132));
#2321 = CARTESIAN_POINT('',(-0.615749954567,1.264982613984,
    -3.885521093368));
#2322 = CARTESIAN_POINT('',(-0.525228833182,1.303922201618,-3.891089518)
  );
#2323 = CARTESIAN_POINT('',(-0.432013267865,1.335279506466,
    -3.896657972822));
#2324 = CARTESIAN_POINT('',(-0.260474766172,1.377805954102,
    -3.906697838913));
#2325 = CARTESIAN_POINT('',(-0.182825845349,1.391735892466,
    -3.91116980562));
#2326 = CARTESIAN_POINT('',(-0.104330691951,1.400555714362,
    -3.915641864217));
#2327 = CARTESIAN_POINT('',(-2.539285843659E-02,1.404206678729,
    -3.920114246783));
#2328 = CARTESIAN_POINT('',(5.358123959587E-02,1.402669992138,
    -3.924587268475));
#2329 = CARTESIAN_POINT('',(0.132184328288,1.395966909633,
    -3.929061104265));
#2330 = CARTESIAN_POINT('',(0.288286557392,1.37228243639,-3.938035917695
    ));
#2331 = CARTESIAN_POINT('',(0.365781655033,1.35524103675,-3.942537187506
    ));
#2332 = CARTESIAN_POINT('',(0.44208242649,1.33309758636,-3.947039193178)
  );
#2333 = CARTESIAN_POINT('',(0.516786811775,1.305954599258,
    -3.951541932383));
#2334 = CARTESIAN_POINT('',(0.589505778973,1.273953441915,
    -3.956045381388));
#2335 = CARTESIAN_POINT('',(0.659865265478,1.23727362134,-3.960549294039
    ));
#2336 = CARTESIAN_POINT('',(0.788150816056,1.159248140946,
    -3.969090632319));
#2337 = CARTESIAN_POINT('',(0.846613024918,1.118776426006,
    -3.973128291597));
#2338 = CARTESIAN_POINT('',(0.902638118126,1.074873182907,
    -3.977165570747));
#2339 = CARTESIAN_POINT('',(0.955985626283,1.027715646605,
    -3.981202111564));
#2340 = CARTESIAN_POINT('',(1.006432127042,0.977501278968,
    -3.985237605992));
#2341 = CARTESIAN_POINT('',(1.053772133885,0.92444701528,-3.989271796633
    ));
#2342 = CARTESIAN_POINT('',(1.179965934794,0.764985939654,
    -4.000825387502));
#2343 = CARTESIAN_POINT('',(1.250684201894,0.652093470712,
    -4.008343262149));
#2344 = CARTESIAN_POINT('',(1.308724521628,0.531668616971,-4.01585500536
    ));
#2345 = CARTESIAN_POINT('',(1.353166098861,0.405428952344,
    -4.023363658178));
#2346 = CARTESIAN_POINT('',(1.383364704511,0.275204461215,
    -4.030883446177));
#2347 = CARTESIAN_POINT('',(1.39896259203,0.142912013597,-4.038447861411
    ));
#2348 = CARTESIAN_POINT('',(1.399960233727,1.055196584198E-02,
    -4.046120778637));
#2349 = PCURVE('',#433,#2350);
#2350 = DEFINITIONAL_REPRESENTATION('',(#2351),#2438);
#2351 = B_SPLINE_CURVE_WITH_KNOTS('',7,(#2352,#2353,#2354,#2355,#2356,
    #2357,#2358,#2359,#2360,#2361,#2362,#2363,#2364,#2365,#2366,#2367,
    #2368,#2369,#2370,#2371,#2372,#2373,#2374,#2375,#2376,#2377,#2378,
    #2379,#2380,#2381,#2382,#2383,#2384,#2385,#2386,#2387,#2388,#2389,
    #2390,#2391,#2392,#2393,#2394,#2395,#2396,#2397,#2398,#2399,#2400,
    #2401,#2402,#2403,#2404,#2405,#2406,#2407,#2408,#2409,#2410,#2411,
    #2412,#2413,#2414,#2415,#2416,#2417,#2418,#2419,#2420,#2421,#2422,
    #2423,#2424,#2425,#2426,#2427,#2428,#2429,#2430,#2431,#2432,#2433,
    #2434,#2435,#2436,#2437),.UNSPECIFIED.,.F.,.F.,(8,6,6,6,6,6,6,6,6,6,
    6,6,6,6,8),(0.,8.366618597394E-02,0.176298353406,0.213509362011,
    0.23153327683,0.252346283816,0.324431864353,0.437902906473,
    0.558034343865,0.634096826827,0.712187527771,0.774903391585,
    0.837982148657,0.894533073568,1.),.UNSPECIFIED.);
#2352 = CARTESIAN_POINT('',(0.191904883717,0.667077675349));
#2353 = CARTESIAN_POINT('',(0.191905883341,0.671055487196));
#2354 = CARTESIAN_POINT('',(0.191909004596,0.675033529872));
#2355 = CARTESIAN_POINT('',(0.191915099422,0.679011184532));
#2356 = CARTESIAN_POINT('',(0.191923571392,0.682988722913));
#2357 = CARTESIAN_POINT('',(0.191931574449,0.686966661116));
#2358 = CARTESIAN_POINT('',(0.191935294204,0.690945165339));
#2359 = CARTESIAN_POINT('',(0.191931116979,0.699328187996));
#2360 = CARTESIAN_POINT('',(0.191921880242,0.703733836693));
#2361 = CARTESIAN_POINT('',(0.191903650139,0.708139291585));
#2362 = CARTESIAN_POINT('',(0.191876752227,0.712544552886));
#2363 = CARTESIAN_POINT('',(0.191849142826,0.716950120966));
#2364 = CARTESIAN_POINT('',(0.191833019403,0.721356173222));
#2365 = CARTESIAN_POINT('',(0.191832554329,0.727531266301));
#2366 = CARTESIAN_POINT('',(0.191834919497,0.72930095477));
#2367 = CARTESIAN_POINT('',(0.191840188189,0.731070653685));
#2368 = CARTESIAN_POINT('',(0.19184840999,0.732840359174));
#2369 = CARTESIAN_POINT('',(0.191859279003,0.734610057119));
#2370 = CARTESIAN_POINT('',(0.191872133843,0.736379723164));
#2371 = CARTESIAN_POINT('',(0.19189265348,0.739006464529));
#2372 = CARTESIAN_POINT('',(0.191899566156,0.739863606802));
#2373 = CARTESIAN_POINT('',(0.191906568457,0.740720749685));
#2374 = CARTESIAN_POINT('',(0.191913506825,0.741577893224));
#2375 = CARTESIAN_POINT('',(0.191920201353,0.742435037354));
#2376 = CARTESIAN_POINT('',(0.191926445791,0.743292181902));
#2377 = CARTESIAN_POINT('',(0.191938429932,0.745139109236));
#2378 = CARTESIAN_POINT('',(0.191944327464,0.746128893339));
#2379 = CARTESIAN_POINT('',(0.191948578015,0.747118523699));
#2380 = CARTESIAN_POINT('',(0.191950613116,0.748107936591));
#2381 = CARTESIAN_POINT('',(0.19195041795,0.749097159752));
#2382 = CARTESIAN_POINT('',(0.191948531344,0.750086312389));
#2383 = CARTESIAN_POINT('',(0.191937437048,0.754502007917));
#2384 = CARTESIAN_POINT('',(0.19191423116,0.757930336424));
#2385 = CARTESIAN_POINT('',(0.191890269692,0.761359187819));
#2386 = CARTESIAN_POINT('',(0.191872270353,0.764788185107));
#2387 = CARTESIAN_POINT('',(0.191861980363,0.768217339976));
#2388 = CARTESIAN_POINT('',(0.191858381995,0.771646603519));
#2389 = CARTESIAN_POINT('',(0.191862418926,0.780473249712));
#2390 = CARTESIAN_POINT('',(0.191877769462,0.785872540131));
#2391 = CARTESIAN_POINT('',(0.191898939227,0.791270173361));
#2392 = CARTESIAN_POINT('',(0.191915996803,0.796666675791));
#2393 = CARTESIAN_POINT('',(0.191924868071,0.802063818771));
#2394 = CARTESIAN_POINT('',(0.191927896586,0.807462142612));
#2395 = CARTESIAN_POINT('',(0.191924482608,0.818571789583));
#2396 = CARTESIAN_POINT('',(0.191917612174,0.824287387171));
#2397 = CARTESIAN_POINT('',(0.19190774785,0.830001020249));
#2398 = CARTESIAN_POINT('',(0.191898357717,0.835714128262));
#2399 = CARTESIAN_POINT('',(0.191890476027,0.841428211975));
#2400 = CARTESIAN_POINT('',(0.191884517498,0.847144547521));
#2401 = CARTESIAN_POINT('',(0.191878175697,0.856476493957));
#2402 = CARTESIAN_POINT('',(0.191876548348,0.860094718116));
#2403 = CARTESIAN_POINT('',(0.191875789384,0.863712803223));
#2404 = CARTESIAN_POINT('',(0.191875899383,0.867330790423));
#2405 = CARTESIAN_POINT('',(0.191876879098,0.870948888175));
#2406 = CARTESIAN_POINT('',(0.191878719153,0.874567140591));
#2407 = CARTESIAN_POINT('',(0.191884036287,0.881899524535));
#2408 = CARTESIAN_POINT('',(0.191887556874,0.885614184947));
#2409 = CARTESIAN_POINT('',(0.191891822526,0.889328555926));
#2410 = CARTESIAN_POINT('',(0.19189669291,0.893042698793));
#2411 = CARTESIAN_POINT('',(0.19190191409,0.896756876507));
#2412 = CARTESIAN_POINT('',(0.191907119743,0.900471170549));
#2413 = CARTESIAN_POINT('',(0.191915718956,0.907167806913));
#2414 = CARTESIAN_POINT('',(0.191919266672,0.910150558197));
#2415 = CARTESIAN_POINT('',(0.191922319884,0.913133195144));
#2416 = CARTESIAN_POINT('',(0.19192463427,0.916115754143));
#2417 = CARTESIAN_POINT('',(0.191925973804,0.919098336727));
#2418 = CARTESIAN_POINT('',(0.19192615128,0.922080984043));
#2419 = CARTESIAN_POINT('',(0.191923980108,0.928063376609));
#2420 = CARTESIAN_POINT('',(0.191921620112,0.931063313188));
#2421 = CARTESIAN_POINT('',(0.191917887008,0.934063213311));
#2422 = CARTESIAN_POINT('',(0.191912793516,0.937063123177));
#2423 = CARTESIAN_POINT('',(0.191906510861,0.9400631528));
#2424 = CARTESIAN_POINT('',(0.191899412736,0.943063345899));
#2425 = CARTESIAN_POINT('',(0.191885580573,0.948753271525));
#2426 = CARTESIAN_POINT('',(0.191878892299,0.951443133345));
#2427 = CARTESIAN_POINT('',(0.191872452851,0.954133048905));
#2428 = CARTESIAN_POINT('',(0.191866876685,0.956823041582));
#2429 = CARTESIAN_POINT('',(0.191862868486,0.959513165018));
#2430 = CARTESIAN_POINT('',(0.191861097332,0.962203423679));
#2431 = CARTESIAN_POINT('',(0.19186388651,0.969911020361));
#2432 = CARTESIAN_POINT('',(0.191875355346,0.974929887175));
#2433 = CARTESIAN_POINT('',(0.191898735509,0.979947975092));
#2434 = CARTESIAN_POINT('',(0.191935065147,0.984965047934));
#2435 = CARTESIAN_POINT('',(0.191973051015,0.989981623601));
#2436 = CARTESIAN_POINT('',(0.191971525263,0.994996052086));
#2437 = CARTESIAN_POINT('',(0.191835470428,1.));
#2438 = ( GEOMETRIC_REPRESENTATION_CONTEXT(2) 
PARAMETRIC_REPRESENTATION_CONTEXT() REPRESENTATION_CONTEXT('2D SPACE',''
  ) );
#2439 = PCURVE('',#1449,#2440);
#2440 = DEFINITIONAL_REPRESENTATION('',(#2441),#2528);
#2441 = B_SPLINE_CURVE_WITH_KNOTS('',7,(#2442,#2443,#2444,#2445,#2446,
    #2447,#2448,#2449,#2450,#2451,#2452,#2453,#2454,#2455,#2456,#2457,
    #2458,#2459,#2460,#2461,#2462,#2463,#2464,#2465,#2466,#2467,#2468,
    #2469,#2470,#2471,#2472,#2473,#2474,#2475,#2476,#2477,#2478,#2479,
    #2480,#2481,#2482,#2483,#2484,#2485,#2486,#2487,#2488,#2489,#2490,
    #2491,#2492,#2493,#2494,#2495,#2496,#2497,#2498,#2499,#2500,#2501,
    #2502,#2503,#2504,#2505,#2506,#2507,#2508,#2509,#2510,#2511,#2512,
    #2513,#2514,#2515,#2516,#2517,#2518,#2519,#2520,#2521,#2522,#2523,
    #2524,#2525,#2526,#2527),.UNSPECIFIED.,.F.,.F.,(8,6,6,6,6,6,6,6,6,6,
    6,6,6,6,8),(0.,8.366618597394E-02,0.176298353406,0.213509362011,
    0.23153327683,0.252346283816,0.324431864353,0.437902906473,
    0.558034343865,0.634096826827,0.712187527771,0.774903391585,
    0.837982148657,0.894533073568,1.),.UNSPECIFIED.);
#2442 = CARTESIAN_POINT('',(6.28318530718,3.853434182924));
#2443 = CARTESIAN_POINT('',(6.208194202056,3.847471122257));
#2444 = CARTESIAN_POINT('',(6.133195335995,3.841508273999));
#2445 = CARTESIAN_POINT('',(6.058202019361,3.835546358087));
#2446 = CARTESIAN_POINT('',(5.983212297055,3.829584205106));
#2447 = CARTESIAN_POINT('',(5.908219137419,3.823619681267));
#2448 = CARTESIAN_POINT('',(5.83322058899,3.817651216594));
#2449 = CARTESIAN_POINT('',(5.675202938974,3.805068751333));
#2450 = CARTESIAN_POINT('',(5.592163565381,3.798452338114));
#2451 = CARTESIAN_POINT('',(5.509133695879,3.791832487474));
#2452 = CARTESIAN_POINT('',(5.426109863254,3.785210639343));
#2453 = CARTESIAN_POINT('',(5.343080000191,3.778591002082));
#2454 = CARTESIAN_POINT('',(5.260040399958,3.771979380601));
#2455 = CARTESIAN_POINT('',(5.143660098134,3.762725776061));
#2456 = CARTESIAN_POINT('',(5.110307173359,3.760075249279));
#2457 = CARTESIAN_POINT('',(5.076954104815,3.757426221316));
#2458 = CARTESIAN_POINT('',(5.043600929121,3.754778544085));
#2459 = CARTESIAN_POINT('',(5.010247699466,3.752131833088));
#2460 = CARTESIAN_POINT('',(4.976894485611,3.749485467416));
#2461 = CARTESIAN_POINT('',(4.927386110509,3.745556520287));
#2462 = CARTESIAN_POINT('',(4.91123054801,3.744274298533));
#2463 = CARTESIAN_POINT('',(4.895074606264,3.742991813377));
#2464 = CARTESIAN_POINT('',(4.878918174069,3.741708933343));
#2465 = CARTESIAN_POINT('',(4.862761109151,3.740425506593));
#2466 = CARTESIAN_POINT('',(4.846603238159,3.73914136092));
#2467 = CARTESIAN_POINT('',(4.811784985684,3.736372391736));
#2468 = CARTESIAN_POINT('',(4.793125612319,3.734888127003));
#2469 = CARTESIAN_POINT('',(4.774466351336,3.733401707696));
#2470 = CARTESIAN_POINT('',(4.755807245794,3.731912521085));
#2471 = CARTESIAN_POINT('',(4.737148267053,3.730421143556));
#2472 = CARTESIAN_POINT('',(4.718489314774,3.728929340621));
#2473 = CARTESIAN_POINT('',(4.635204672796,3.722281986687));
#2474 = CARTESIAN_POINT('',(4.570575224524,3.717129046048));
#2475 = CARTESIAN_POINT('',(4.505948236614,3.711980668256));
#2476 = CARTESIAN_POINT('',(4.44132276437,3.706836049411));
#2477 = CARTESIAN_POINT('',(4.37669544024,3.701694038185));
#2478 = CARTESIAN_POINT('',(4.312065340055,3.69655351283));
#2479 = CARTESIAN_POINT('',(4.145709225444,3.683324469917));
#2480 = CARTESIAN_POINT('',(4.043945101494,3.675234378309));
#2481 = CARTESIAN_POINT('',(3.942206479032,3.66714559139));
#2482 = CARTESIAN_POINT('',(3.840484137087,3.659055717184));
#2483 = CARTESIAN_POINT('',(3.738745739625,3.650962163154));
#2484 = CARTESIAN_POINT('',(3.636981966013,3.642865114303));
#2485 = CARTESIAN_POINT('',(3.427552129547,3.626199083903));
#2486 = CARTESIAN_POINT('',(3.319805298202,3.617623568573));
#2487 = CARTESIAN_POINT('',(3.212096487297,3.609050440847));
#2488 = CARTESIAN_POINT('',(3.104401101846,3.600478184139));
#2489 = CARTESIAN_POINT('',(2.996692338977,3.591904343185));
#2490 = CARTESIAN_POINT('',(2.888945612407,3.583327143302));
#2491 = CARTESIAN_POINT('',(2.713053657757,3.569325320379));
#2492 = CARTESIAN_POINT('',(2.644857294376,3.563896593932));
#2493 = CARTESIAN_POINT('',(2.576664463051,3.558468271718));
#2494 = CARTESIAN_POINT('',(2.508473888789,3.553040399817));
#2495 = CARTESIAN_POINT('',(2.440281094744,3.547612789379));
#2496 = CARTESIAN_POINT('',(2.372084744615,3.542185477142));
#2497 = CARTESIAN_POINT('',(2.233882843644,3.531188165432));
#2498 = CARTESIAN_POINT('',(2.163867268519,3.525617403414));
#2499 = CARTESIAN_POINT('',(2.093855642372,3.520047694868));
#2500 = CARTESIAN_POINT('',(2.023846513441,3.514478906632));
#2501 = CARTESIAN_POINT('',(1.953834816429,3.508910482));
#2502 = CARTESIAN_POINT('',(1.883819111181,3.503342027178));
#2503 = CARTESIAN_POINT('',(1.757582460418,3.493302161087));
#2504 = CARTESIAN_POINT('',(1.701354353629,3.48883019438));
#2505 = CARTESIAN_POINT('',(1.645127547939,3.484358135783));
#2506 = CARTESIAN_POINT('',(1.588901577193,3.479885753217));
#2507 = CARTESIAN_POINT('',(1.532674809967,3.475412731525));
#2508 = CARTESIAN_POINT('',(1.476446798369,3.470938895735));
#2509 = CARTESIAN_POINT('',(1.363669113401,3.461964082305));
#2510 = CARTESIAN_POINT('',(1.307115837263,3.457462812494));
#2511 = CARTESIAN_POINT('',(1.250563938007,3.452960806822));
#2512 = CARTESIAN_POINT('',(1.194012928521,3.448458067617));
#2513 = CARTESIAN_POINT('',(1.137461108639,3.443954618612));
#2514 = CARTESIAN_POINT('',(1.080907978802,3.439450705961));
#2515 = CARTESIAN_POINT('',(0.973657656321,3.430909367681));
#2516 = CARTESIAN_POINT('',(0.922957636313,3.426871708403));
#2517 = CARTESIAN_POINT('',(0.872258370737,3.422834429253));
#2518 = CARTESIAN_POINT('',(0.821559539301,3.418797888436));
#2519 = CARTESIAN_POINT('',(0.770860141723,3.414762394008));
#2520 = CARTESIAN_POINT('',(0.720159915105,3.410728203367));
#2521 = CARTESIAN_POINT('',(0.574907302589,3.399174612498));
#2522 = CARTESIAN_POINT('',(0.480328991855,3.391656737851));
#2523 = CARTESIAN_POINT('',(0.385767778615,3.38414499464));
#2524 = CARTESIAN_POINT('',(0.291218025328,3.376636341822));
#2525 = CARTESIAN_POINT('',(0.19665806064,3.369116553823));
#2526 = CARTESIAN_POINT('',(0.102082766594,3.361552138589));
#2527 = CARTESIAN_POINT('',(7.537189822013E-03,3.353879221363));
#2528 = ( GEOMETRIC_REPRESENTATION_CONTEXT(2) 
PARAMETRIC_REPRESENTATION_CONTEXT() REPRESENTATION_CONTEXT('2D SPACE',''
  ) );
#2529 = ORIENTED_EDGE('',*,*,#2530,.F.);
#2530 = EDGE_CURVE('',#2531,#2259,#2533,.T.);
#2531 = VERTEX_POINT('',#2532);
#2532 = CARTESIAN_POINT('',(1.4,-3.429011037613E-16,-3.046563445505));
#2533 = SURFACE_CURVE('',#2534,(#2663,#2795),.PCURVE_S1.);
#2534 = B_SPLINE_CURVE_WITH_KNOTS('',8,(#2535,#2536,#2537,#2538,#2539,
    #2540,#2541,#2542,#2543,#2544,#2545,#2546,#2547,#2548,#2549,#2550,
    #2551,#2552,#2553,#2554,#2555,#2556,#2557,#2558,#2559,#2560,#2561,
    #2562,#2563,#2564,#2565,#2566,#2567,#2568,#2569,#2570,#2571,#2572,
    #2573,#2574,#2575,#2576,#2577,#2578,#2579,#2580,#2581,#2582,#2583,
    #2584,#2585,#2586,#2587,#2588,#2589,#2590,#2591,#2592,#2593,#2594,
    #2595,#2596,#2597,#2598,#2599,#2600,#2601,#2602,#2603,#2604,#2605,
    #2606,#2607,#2608,#2609,#2610,#2611,#2612,#2613,#2614,#2615,#2616,
    #2617,#2618,#2619,#2620,#2621,#2622,#2623,#2624,#2625,#2626,#2627,
    #2628,#2629,#2630,#2631,#2632,#2633,#2634,#2635,#2636,#2637,#2638,
    #2639,#2640,#2641,#2642,#2643,#2644,#2645,#2646,#2647,#2648,#2649,
    #2650,#2651,#2652,#2653,#2654,#2655,#2656,#2657,#2658,#2659,#2660,
    #2661,#2662),.UNSPECIFIED.,.F.,.F.,(9,7,7,7,7,7,7,7,7,7,7,7,7,7,7,7,
    7,7,9),(0.,7.123849392176E-02,0.113241001247,0.157375805186,
    0.204933650871,0.244937898399,0.330287888365,0.374915808307,
    0.426403752016,0.458658065894,0.479658771993,0.49965891456,
    0.573322906241,0.670457269513,0.753386119251,0.821120331339,
    0.899147175565,0.95038242111,1.),.UNSPECIFIED.);
#2535 = CARTESIAN_POINT('',(1.4,-2.22044604925E-16,-3.046563445505));
#2536 = CARTESIAN_POINT('',(1.4,-7.831819279293E-02,-3.051011989709));
#2537 = CARTESIAN_POINT('',(1.394992860454,-0.156640326901,
    -3.055460242656));
#2538 = CARTESIAN_POINT('',(1.384977731303,-0.234587307432,
    -3.059908290767));
#2539 = CARTESIAN_POINT('',(1.36998908618,-0.311785302196,
    -3.064356679608));
#2540 = CARTESIAN_POINT('',(1.350094054938,-0.387866562397,
    -3.068806037964));
#2541 = CARTESIAN_POINT('',(1.325391312329,-0.46247058319,
    -3.073256784938));
#2542 = CARTESIAN_POINT('',(1.296011522862,-0.535245604115,
    -3.077708920082));
#2543 = CARTESIAN_POINT('',(1.24213637326,-0.647479354906,
    -3.084787389701));
#2544 = CARTESIAN_POINT('',(1.220584028217,-0.688355277785,
    -3.087413277016));
#2545 = CARTESIAN_POINT('',(1.197495711797,-0.728408726854,
    -3.090039464657));
#2546 = CARTESIAN_POINT('',(1.172908210778,-0.767572423005,
    -3.09266587128));
#2547 = CARTESIAN_POINT('',(1.146861693584,-0.805781299213,
    -3.095292428049));
#2548 = CARTESIAN_POINT('',(1.119399710295,-0.84297250053,
    -3.097919078632));
#2549 = CARTESIAN_POINT('',(1.09056919264,-0.879085384093,
    -3.100545779202));
#2550 = CARTESIAN_POINT('',(1.028741186418,-0.950813250388,
    -3.105932565533));
#2551 = CARTESIAN_POINT('',(0.995606035372,-0.986310393192,
    -3.108692707345));
#2552 = CARTESIAN_POINT('',(0.96107328979,-1.020485374318,
    -3.111453092323));
#2553 = CARTESIAN_POINT('',(0.925204667078,-1.053274144072,
    -3.114213595418));
#2554 = CARTESIAN_POINT('',(0.888065234966,-1.084616257009,
    -3.11697394898));
#2555 = CARTESIAN_POINT('',(0.849723333342,-1.114454952644,
    -3.119733893657));
#2556 = CARTESIAN_POINT('',(0.810250496101,-1.142737236175,
    -3.122493329295));
#2557 = CARTESIAN_POINT('',(0.726048860332,-1.198159696444,
    -3.128225597663));
#2558 = CARTESIAN_POINT('',(0.681148954132,-1.225041753167,
    -3.131198342791));
#2559 = CARTESIAN_POINT('',(0.635115092677,-1.249998643747,
    -3.134170692624));
#2560 = CARTESIAN_POINT('',(0.588043822618,-1.272974781604,
    -3.137142691228));
#2561 = CARTESIAN_POINT('',(0.540034630754,-1.293920549867,
    -3.140114405335));
#2562 = CARTESIAN_POINT('',(0.491189775834,-1.312792372031,
    -3.143085894352));
#2563 = CARTESIAN_POINT('',(0.441614120353,-1.329552782618,
    -3.146057180355));
#2564 = CARTESIAN_POINT('',(0.349188921333,-1.356466485792,
    -3.151527366813));
#2565 = CARTESIAN_POINT('',(0.30652081285,-1.367246621045,
    -3.154026388835));
#2566 = CARTESIAN_POINT('',(0.263474723094,-1.376492254604,
    -3.156525265853));
#2567 = CARTESIAN_POINT('',(0.220115220422,-1.384188040196,
    -3.159023985563));
#2568 = CARTESIAN_POINT('',(0.176507355353,-1.390321934255,
    -3.161522541667));
#2569 = CARTESIAN_POINT('',(0.132716660567,-1.394885195929,
    -3.164020933866));
#2570 = CARTESIAN_POINT('',(8.88091509049E-02,-1.397872387078,
    -3.166519167867));
#2571 = CARTESIAN_POINT('',(-4.893372124014E-02,-1.402287474868,
    -3.17434698302));
#2572 = CARTESIAN_POINT('',(-0.142958076358,-1.39811004582,
    -3.179676592597));
#2573 = CARTESIAN_POINT('',(-0.236566320191,-1.386725789831,
    -3.185005515934));
#2574 = CARTESIAN_POINT('',(-0.329113822662,-1.368185968553,
    -3.190334173925));
#2575 = CARTESIAN_POINT('',(-0.419968471264,-1.342608832518,
    -3.195663672198));
#2576 = CARTESIAN_POINT('',(-0.508513500677,-1.310176566317,
    -3.200995292082));
#2577 = CARTESIAN_POINT('',(-0.594151426154,-1.271136747035,
    -3.206329776877));
#2578 = CARTESIAN_POINT('',(-0.719267787889,-1.202106923625,
    -3.214456841236));
#2579 = CARTESIAN_POINT('',(-0.761277722077,-1.176684658762,
    -3.217248034334));
#2580 = CARTESIAN_POINT('',(-0.802257878713,-1.149586198849,
    -3.220039971012));
#2581 = CARTESIAN_POINT('',(-0.842130219049,-1.120860498687,
    -3.222832598336));
#2582 = CARTESIAN_POINT('',(-0.88081976121,-1.090560693906,
    -3.225625820129));
#2583 = CARTESIAN_POINT('',(-0.918254671288,-1.05874400451,
    -3.228419484987));
#2584 = CARTESIAN_POINT('',(-0.954366354434,-1.025471638418,
    -3.231213374288));
#2585 = CARTESIAN_POINT('',(-1.029150246332,-0.950817503817,
    -3.23723046022));
#2586 = CARTESIAN_POINT('',(-1.0673634623,-0.908974657654,
    -3.240453685679));
#2587 = CARTESIAN_POINT('',(-1.103628764256,-0.865380488547,
    -3.24367642288));
#2588 = CARTESIAN_POINT('',(-1.137852788834,-0.820141101018,
    -3.246898168066));
#2589 = CARTESIAN_POINT('',(-1.1699494003,-0.773368160615,
    -3.250118422847));
#2590 = CARTESIAN_POINT('',(-1.19983985195,-0.725178682437,
    -3.253336759632));
#2591 = CARTESIAN_POINT('',(-1.227452947506,-0.675694819658,
    -3.256552887063));
#2592 = CARTESIAN_POINT('',(-1.26855685527,-0.593313531552,
    -3.261779998974));
#2593 = CARTESIAN_POINT('',(-1.2834701912,-0.561124726,-3.263792428171)
  );
#2594 = CARTESIAN_POINT('',(-1.297449594968,-0.528508511856,
    -3.265803968948));
#2595 = CARTESIAN_POINT('',(-1.310480785872,-0.495496632759,
    -3.26781465712));
#2596 = CARTESIAN_POINT('',(-1.322550817846,-0.462121299525,
    -3.269824598405));
#2597 = CARTESIAN_POINT('',(-1.333648079459,-0.428415190148,
    -3.271833968419));
#2598 = CARTESIAN_POINT('',(-1.343762293921,-0.394411449799,
    -3.27384301268));
#2599 = CARTESIAN_POINT('',(-1.358823977908,-0.337832035481,
    -3.277160123758));
#2600 = CARTESIAN_POINT('',(-1.364342989063,-0.315408107665,
    -3.278468219844));
#2601 = CARTESIAN_POINT('',(-1.369439099828,-0.292881086097,
    -3.279776430755));
#2602 = CARTESIAN_POINT('',(-1.374110093841,-0.270260160607,
    -3.281084871679));
#2603 = CARTESIAN_POINT('',(-1.378353991086,-0.247554532141,
    -3.2823936771));
#2604 = CARTESIAN_POINT('',(-1.382169047895,-0.224773412764,
    -3.283703000802));
#2605 = CARTESIAN_POINT('',(-1.385553756946,-0.201926025654,
    -3.285013015865));
#2606 = CARTESIAN_POINT('',(-1.391319239722,-0.157208449203,
    -3.287572356637));
#2607 = CARTESIAN_POINT('',(-1.393739988823,-0.135344886227,
    -3.288821313196));
#2608 = CARTESIAN_POINT('',(-1.395768039431,-0.113439108589,
    -3.290071238742));
#2609 = CARTESIAN_POINT('',(-1.397402544602,-9.149933977937E-02,
    -3.291322443763));
#2610 = CARTESIAN_POINT('',(-1.398642865579,-6.953383437142E-02,
    -3.292575094846));
#2611 = CARTESIAN_POINT('',(-1.3994885718,-4.755087802021E-02,
    -3.29382921467));
#2612 = CARTESIAN_POINT('',(-1.399939440889,-2.555878746352E-02,
    -3.295084682009));
#2613 = CARTESIAN_POINT('',(-1.400201781841,7.743766726019E-02,
    -3.300969322156));
#2614 = CARTESIAN_POINT('',(-1.395051699562,0.158459735618,
    -3.305590930304));
#2615 = CARTESIAN_POINT('',(-1.384543071008,0.23908053618,
    -3.310206985757));
#2616 = CARTESIAN_POINT('',(-1.368714269661,0.318886454239,
    -3.314817825121));
#2617 = CARTESIAN_POINT('',(-1.347640976292,0.397470869582,
    -3.319424007417));
#2618 = CARTESIAN_POINT('',(-1.321434873858,0.474435490217,
    -3.324026586433));
#2619 = CARTESIAN_POINT('',(-1.290244244326,0.549392168999,
    -3.328626840018));
#2620 = CARTESIAN_POINT('',(-1.206802484596,0.717661014688,
    -3.339289255742));
#2621 = CARTESIAN_POINT('',(-1.15099638338,0.809234572711,
    -3.345351625105));
#2622 = CARTESIAN_POINT('',(-1.087266364654,0.895811256256,
    -3.351413769982));
#2623 = CARTESIAN_POINT('',(-1.016143031578,0.976596126314,
    -3.35747807508));
#2624 = CARTESIAN_POINT('',(-0.938243751749,1.050868383161,
    -3.363546327199));
#2625 = CARTESIAN_POINT('',(-0.854264306759,1.117982740921,
    -3.369618732027));
#2626 = CARTESIAN_POINT('',(-0.764977829167,1.177377719356,
    -3.375693724812));
#2627 = CARTESIAN_POINT('',(-0.591212858355,1.272314269767,
    -3.386955002363));
#2628 = CARTESIAN_POINT('',(-0.507922765784,1.310083898356,
    -3.392142464851));
#2629 = CARTESIAN_POINT('',(-0.42189753861,1.341609692081,
    -3.397329464507));
#2630 = CARTESIAN_POINT('',(-0.333685551901,1.366664952001,
    -3.402514994029));
#2631 = CARTESIAN_POINT('',(-0.243852488166,1.385081281801,
    -3.40769871302));
#2632 = CARTESIAN_POINT('',(-0.152977986122,1.396747378702,-3.4128808587
    ));
#2633 = CARTESIAN_POINT('',(-6.165321639701E-02,1.40161166029,
    -3.418061890995));
#2634 = CARTESIAN_POINT('',(0.103989123549,1.39811812363,-3.427472750997
    ));
#2635 = CARTESIAN_POINT('',(0.178365238485,1.392019207616,
    -3.431703384096));
#2636 = CARTESIAN_POINT('',(0.252323587654,1.381398989673,
    -3.435933946385));
#2637 = CARTESIAN_POINT('',(0.325543048377,1.36629172342,-3.440164860061
    ));
#2638 = CARTESIAN_POINT('',(0.39770783627,1.346758603362,-3.444396605237
    ));
#2639 = CARTESIAN_POINT('',(0.468508593251,1.322887462588,
    -3.448629530768));
#2640 = CARTESIAN_POINT('',(0.537643475552,1.294792470487,
    -3.452863665079));
#2641 = CARTESIAN_POINT('',(0.682202780714,1.225545447191,
    -3.461976902355));
#2642 = CARTESIAN_POINT('',(0.756995007593,1.1830543859,-3.466856889978)
  );
#2643 = CARTESIAN_POINT('',(0.828744783472,1.13535516767,-3.471736827081
    ));
#2644 = CARTESIAN_POINT('',(0.897030301192,1.08270556479,-3.476619848994
    ));
#2645 = CARTESIAN_POINT('',(0.961459152421,1.025400207544,
    -3.481495804459));
#2646 = CARTESIAN_POINT('',(1.021667453696,0.963771076373,
    -3.486380417641));
#2647 = CARTESIAN_POINT('',(1.077324363414,0.898183985785,
    -3.491261111645));
#2648 = CARTESIAN_POINT('',(1.161499024204,0.783641760189,
    -3.499345369291));
#2649 = CARTESIAN_POINT('',(1.192775609638,0.736705503221,-3.50254934909
    ));
#2650 = CARTESIAN_POINT('',(1.221881613191,0.68834679156,-3.505752886447
    ));
#2651 = CARTESIAN_POINT('',(1.24874176879,0.638683179733,-3.508956003091
    ));
#2652 = CARTESIAN_POINT('',(1.273288737134,0.587836499048,
    -3.512158777441));
#2653 = CARTESIAN_POINT('',(1.295463201259,0.535932607125,
    -3.515361291467));
#2654 = CARTESIAN_POINT('',(1.315213962094,0.48310113743,-3.518563577531
    ));
#2655 = CARTESIAN_POINT('',(1.349236390457,0.377542507375,
    -3.524866455592));
#2656 = CARTESIAN_POINT('',(1.36366181232,0.324863339159,-3.527967155778
    ));
#2657 = CARTESIAN_POINT('',(1.375735256984,0.271558855279,
    -3.531067612571));
#2658 = CARTESIAN_POINT('',(1.385425420397,0.217751834474,
    -3.534167800019));
#2659 = CARTESIAN_POINT('',(1.392708772244,0.163566503046,
    -3.537267710973));
#2660 = CARTESIAN_POINT('',(1.397569591126,0.109128314787,
    -3.540367348589));
#2661 = CARTESIAN_POINT('',(1.399999999729,5.456373091246E-02,
    -3.543466717851));
#2662 = CARTESIAN_POINT('',(1.4,-8.881784197001E-16,-3.546565817076));
#2663 = PCURVE('',#433,#2664);
#2664 = DEFINITIONAL_REPRESENTATION('',(#2665),#2794);
#2665 = B_SPLINE_CURVE_WITH_KNOTS('',8,(#2666,#2667,#2668,#2669,#2670,
    #2671,#2672,#2673,#2674,#2675,#2676,#2677,#2678,#2679,#2680,#2681,
    #2682,#2683,#2684,#2685,#2686,#2687,#2688,#2689,#2690,#2691,#2692,
    #2693,#2694,#2695,#2696,#2697,#2698,#2699,#2700,#2701,#2702,#2703,
    #2704,#2705,#2706,#2707,#2708,#2709,#2710,#2711,#2712,#2713,#2714,
    #2715,#2716,#2717,#2718,#2719,#2720,#2721,#2722,#2723,#2724,#2725,
    #2726,#2727,#2728,#2729,#2730,#2731,#2732,#2733,#2734,#2735,#2736,
    #2737,#2738,#2739,#2740,#2741,#2742,#2743,#2744,#2745,#2746,#2747,
    #2748,#2749,#2750,#2751,#2752,#2753,#2754,#2755,#2756,#2757,#2758,
    #2759,#2760,#2761,#2762,#2763,#2764,#2765,#2766,#2767,#2768,#2769,
    #2770,#2771,#2772,#2773,#2774,#2775,#2776,#2777,#2778,#2779,#2780,
    #2781,#2782,#2783,#2784,#2785,#2786,#2787,#2788,#2789,#2790,#2791,
    #2792,#2793),.UNSPECIFIED.,.F.,.F.,(9,7,7,7,7,7,7,7,7,7,7,7,7,7,7,7,
    7,7,9),(0.,7.123849392176E-02,0.113241001247,0.157375805186,
    0.204933650871,0.244937898399,0.330287888365,0.374915808307,
    0.426403752016,0.458658065894,0.479658771993,0.49965891456,
    0.573322906241,0.670457269513,0.753386119251,0.821120331339,
    0.899147175565,0.95038242111,1.),.UNSPECIFIED.);
#2666 = CARTESIAN_POINT('',(0.191902787789,0.333740768145));
#2667 = CARTESIAN_POINT('',(0.191903051882,0.336708162907));
#2668 = CARTESIAN_POINT('',(0.191904613294,0.339675809076));
#2669 = CARTESIAN_POINT('',(0.191907157928,0.34264353363));
#2670 = CARTESIAN_POINT('',(0.191909916693,0.345611333475));
#2671 = CARTESIAN_POINT('',(0.191912102903,0.348579273844));
#2672 = CARTESIAN_POINT('',(0.191913211288,0.351547396878));
#2673 = CARTESIAN_POINT('',(0.191913178606,0.354515640367));
#2674 = CARTESIAN_POINT('',(0.191911950279,0.359233786099));
#2675 = CARTESIAN_POINT('',(0.191911181327,0.360983816306));
#2676 = CARTESIAN_POINT('',(0.191910267157,0.362733845514));
#2677 = CARTESIAN_POINT('',(0.19190933377,0.364483864829));
#2678 = CARTESIAN_POINT('',(0.19190846503,0.366233868252));
#2679 = CARTESIAN_POINT('',(0.191907702672,0.367983852684));
#2680 = CARTESIAN_POINT('',(0.191907046294,0.369733817924));
#2681 = CARTESIAN_POINT('',(0.191905830332,0.373322553194));
#2682 = CARTESIAN_POINT('',(0.191905200194,0.37516133489));
#2683 = CARTESIAN_POINT('',(0.191903992697,0.377000106454));
#2684 = CARTESIAN_POINT('',(0.191902402121,0.378838878347));
#2685 = CARTESIAN_POINT('',(0.191900993052,0.380677666614));
#2686 = CARTESIAN_POINT('',(0.191900306145,0.382516482726));
#2687 = CARTESIAN_POINT('',(0.191900463892,0.384355323404));
#2688 = CARTESIAN_POINT('',(0.191901113126,0.388175615483));
#2689 = CARTESIAN_POINT('',(0.191901878828,0.390157108118));
#2690 = CARTESIAN_POINT('',(0.191902869316,0.392138604443));
#2691 = CARTESIAN_POINT('',(0.191903871015,0.394120090277));
#2692 = CARTESIAN_POINT('',(0.191904695801,0.396101561374));
#2693 = CARTESIAN_POINT('',(0.191905215853,0.398083013608));
#2694 = CARTESIAN_POINT('',(0.191905398499,0.40006443316));
#2695 = CARTESIAN_POINT('',(0.191905292756,0.403712442475));
#2696 = CARTESIAN_POINT('',(0.191905050653,0.405379079105));
#2697 = CARTESIAN_POINT('',(0.191904684234,0.407045683761));
#2698 = CARTESIAN_POINT('',(0.19190426966,0.40871224748));
#2699 = CARTESIAN_POINT('',(0.19190388977,0.410378765173));
#2700 = CARTESIAN_POINT('',(0.191903634087,0.412045235625));
#2701 = CARTESIAN_POINT('',(0.191903598813,0.413711661496));
#2702 = CARTESIAN_POINT('',(0.191904501334,0.418933326392));
#2703 = CARTESIAN_POINT('',(0.191906501358,0.422488778021));
#2704 = CARTESIAN_POINT('',(0.191910600859,0.426043964425));
#2705 = CARTESIAN_POINT('',(0.191916906076,0.429598945229));
#2706 = CARTESIAN_POINT('',(0.191924381668,0.433154011938));
#2707 = CARTESIAN_POINT('',(0.191930972806,0.436709432158));
#2708 = CARTESIAN_POINT('',(0.191934383228,0.44026520557));
#2709 = CARTESIAN_POINT('',(0.191933052295,0.445680002311));
#2710 = CARTESIAN_POINT('',(0.191931423622,0.447539250635));
#2711 = CARTESIAN_POINT('',(0.191928440586,0.449398550072));
#2712 = CARTESIAN_POINT('',(0.191924013118,0.451257890484));
#2713 = CARTESIAN_POINT('',(0.191918157173,0.453117270369));
#2714 = CARTESIAN_POINT('',(0.191911008158,0.454976689086));
#2715 = CARTESIAN_POINT('',(0.191902834365,0.456836139064));
#2716 = CARTESIAN_POINT('',(0.191883916199,0.460840885514));
#2717 = CARTESIAN_POINT('',(0.191872978097,0.462986223343));
#2718 = CARTESIAN_POINT('',(0.191861799258,0.465131560613));
#2719 = CARTESIAN_POINT('',(0.191851236644,0.467276886162));
#2720 = CARTESIAN_POINT('',(0.19184228699,0.46942221007));
#2721 = CARTESIAN_POINT('',(0.19183593277,0.47156754516));
#2722 = CARTESIAN_POINT('',(0.191832988169,0.473712888496));
#2723 = CARTESIAN_POINT('',(0.191834544487,0.477202122233));
#2724 = CARTESIAN_POINT('',(0.191836649659,0.478546051532));
#2725 = CARTESIAN_POINT('',(0.191840411953,0.479889987325));
#2726 = CARTESIAN_POINT('',(0.191845880723,0.481233925169));
#2727 = CARTESIAN_POINT('',(0.191853003287,0.482577859632));
#2728 = CARTESIAN_POINT('',(0.191861624932,0.483921784291));
#2729 = CARTESIAN_POINT('',(0.191871488911,0.48526569174));
#2730 = CARTESIAN_POINT('',(0.191889234137,0.48748457181));
#2731 = CARTESIAN_POINT('',(0.191896597943,0.488359570445));
#2732 = CARTESIAN_POINT('',(0.191904219866,0.489234569684));
#2733 = CARTESIAN_POINT('',(0.191911965878,0.49010956963));
#2734 = CARTESIAN_POINT('',(0.191919675919,0.490984570293));
#2735 = CARTESIAN_POINT('',(0.191927163896,0.491859571586));
#2736 = CARTESIAN_POINT('',(0.191934217686,0.492734573328));
#2737 = CARTESIAN_POINT('',(0.191946676539,0.494442888316));
#2738 = CARTESIAN_POINT('',(0.191952236755,0.495276173688));
#2739 = CARTESIAN_POINT('',(0.191956941162,0.496109389716));
#2740 = CARTESIAN_POINT('',(0.191960501729,0.496942509354));
#2741 = CARTESIAN_POINT('',(0.191962681017,0.49777552015));
#2742 = CARTESIAN_POINT('',(0.191963292174,0.49860842425));
#2743 = CARTESIAN_POINT('',(0.191962198936,0.49944123839));
#2744 = CARTESIAN_POINT('',(0.191948695918,0.503341176797));
#2745 = CARTESIAN_POINT('',(0.191923694842,0.506410256688));
#2746 = CARTESIAN_POINT('',(0.191893095983,0.509480034282));
#2747 = CARTESIAN_POINT('',(0.191864823931,0.512550009875));
#2748 = CARTESIAN_POINT('',(0.191844005101,0.515620072574));
#2749 = CARTESIAN_POINT('',(0.191832370244,0.51869024623));
#2750 = CARTESIAN_POINT('',(0.191828998675,0.521760492085));
#2751 = CARTESIAN_POINT('',(0.191836894791,0.528878813105));
#2752 = CARTESIAN_POINT('',(0.191853088339,0.532927684817));
#2753 = CARTESIAN_POINT('',(0.191877119263,0.536976266036));
#2754 = CARTESIAN_POINT('',(0.191901546059,0.541024475714));
#2755 = CARTESIAN_POINT('',(0.191920256064,0.545072610426));
#2756 = CARTESIAN_POINT('',(0.191930836864,0.549120927592));
#2757 = CARTESIAN_POINT('',(0.191934414364,0.553169270494));
#2758 = CARTESIAN_POINT('',(0.191931713742,0.560672274114));
#2759 = CARTESIAN_POINT('',(0.191926831523,0.564127938101));
#2760 = CARTESIAN_POINT('',(0.191919559204,0.567583301944));
#2761 = CARTESIAN_POINT('',(0.191912000229,0.571038371628));
#2762 = CARTESIAN_POINT('',(0.191905968307,0.574493382211));
#2763 = CARTESIAN_POINT('',(0.191902365593,0.577948586608));
#2764 = CARTESIAN_POINT('',(0.191901083863,0.581404035149));
#2765 = CARTESIAN_POINT('',(0.191901710378,0.58768155744));
#2766 = CARTESIAN_POINT('',(0.191903101811,0.590503988225));
#2767 = CARTESIAN_POINT('',(0.19190518794,0.593326509625));
#2768 = CARTESIAN_POINT('',(0.191907381924,0.596149109453));
#2769 = CARTESIAN_POINT('',(0.191909097973,0.598971827953));
#2770 = CARTESIAN_POINT('',(0.191909924165,0.601794693762));
#2771 = CARTESIAN_POINT('',(0.191909795273,0.604617659863));
#2772 = CARTESIAN_POINT('',(0.191908440198,0.610692373239));
#2773 = CARTESIAN_POINT('',(0.191906779597,0.613944448126));
#2774 = CARTESIAN_POINT('',(0.191906755427,0.617196361413));
#2775 = CARTESIAN_POINT('',(0.191900402293,0.620448141699));
#2776 = CARTESIAN_POINT('',(0.191911747284,0.623699720174));
#2777 = CARTESIAN_POINT('',(0.191902534667,0.626951471688));
#2778 = CARTESIAN_POINT('',(0.191902777073,0.630203381276));
#2779 = CARTESIAN_POINT('',(0.19190305152,0.635590335487));
#2780 = CARTESIAN_POINT('',(0.191903687739,0.637725611937));
#2781 = CARTESIAN_POINT('',(0.191904713636,0.63986090473));
#2782 = CARTESIAN_POINT('',(0.191905885136,0.641996194656));
#2783 = CARTESIAN_POINT('',(0.191906929685,0.644131477371));
#2784 = CARTESIAN_POINT('',(0.191907624097,0.646266749024));
#2785 = CARTESIAN_POINT('',(0.191907872386,0.648401991891));
#2786 = CARTESIAN_POINT('',(0.191907697635,0.652604913776));
#2787 = CARTESIAN_POINT('',(0.191907283022,0.654672652743));
#2788 = CARTESIAN_POINT('',(0.191906571076,0.656740329006));
#2789 = CARTESIAN_POINT('',(0.191905710584,0.65880792888));
#2790 = CARTESIAN_POINT('',(0.191904914583,0.660875458369));
#2791 = CARTESIAN_POINT('',(0.191904407137,0.662942928636));
#2792 = CARTESIAN_POINT('',(0.191904370108,0.665010341481));
#2793 = CARTESIAN_POINT('',(0.191904889926,0.667077674816));
#2794 = ( GEOMETRIC_REPRESENTATION_CONTEXT(2) 
PARAMETRIC_REPRESENTATION_CONTEXT() REPRESENTATION_CONTEXT('2D SPACE',''
  ) );
#2795 = PCURVE('',#1346,#2796);
#2796 = DEFINITIONAL_REPRESENTATION('',(#2797),#2926);
#2797 = B_SPLINE_CURVE_WITH_KNOTS('',8,(#2798,#2799,#2800,#2801,#2802,
    #2803,#2804,#2805,#2806,#2807,#2808,#2809,#2810,#2811,#2812,#2813,
    #2814,#2815,#2816,#2817,#2818,#2819,#2820,#2821,#2822,#2823,#2824,
    #2825,#2826,#2827,#2828,#2829,#2830,#2831,#2832,#2833,#2834,#2835,
    #2836,#2837,#2838,#2839,#2840,#2841,#2842,#2843,#2844,#2845,#2846,
    #2847,#2848,#2849,#2850,#2851,#2852,#2853,#2854,#2855,#2856,#2857,
    #2858,#2859,#2860,#2861,#2862,#2863,#2864,#2865,#2866,#2867,#2868,
    #2869,#2870,#2871,#2872,#2873,#2874,#2875,#2876,#2877,#2878,#2879,
    #2880,#2881,#2882,#2883,#2884,#2885,#2886,#2887,#2888,#2889,#2890,
    #2891,#2892,#2893,#2894,#2895,#2896,#2897,#2898,#2899,#2900,#2901,
    #2902,#2903,#2904,#2905,#2906,#2907,#2908,#2909,#2910,#2911,#2912,
    #2913,#2914,#2915,#2916,#2917,#2918,#2919,#2920,#2921,#2922,#2923,
    #2924,#2925),.UNSPECIFIED.,.F.,.F.,(9,7,7,7,7,7,7,7,7,7,7,7,7,7,7,7,
    7,7,9),(0.,7.123849392176E-02,0.113241001247,0.157375805186,
    0.204933650871,0.244937898399,0.330287888365,0.374915808307,
    0.426403752016,0.458658065894,0.479658771993,0.49965891456,
    0.573322906241,0.670457269513,0.753386119251,0.821120331339,
    0.899147175565,0.95038242111,1.),.UNSPECIFIED.);
#2798 = CARTESIAN_POINT('',(6.28318530718,4.353436554495));
#2799 = CARTESIAN_POINT('',(6.227243740899,4.348988010291));
#2800 = CARTESIAN_POINT('',(6.171299389809,4.344539757344));
#2801 = CARTESIAN_POINT('',(6.115356127377,4.340091709233));
#2802 = CARTESIAN_POINT('',(6.059414334868,4.335643320392));
#2803 = CARTESIAN_POINT('',(6.003472628137,4.331193962036));
#2804 = CARTESIAN_POINT('',(5.947529584871,4.326743215062));
#2805 = CARTESIAN_POINT('',(5.891585472301,4.322291079918));
#2806 = CARTESIAN_POINT('',(5.802660640018,4.315212610299));
#2807 = CARTESIAN_POINT('',(5.76967726306,4.312586722984));
#2808 = CARTESIAN_POINT('',(5.736693860293,4.309960535343));
#2809 = CARTESIAN_POINT('',(5.703710448201,4.30733412872));
#2810 = CARTESIAN_POINT('',(5.670727043953,4.304707571951));
#2811 = CARTESIAN_POINT('',(5.637743665408,4.302080921368));
#2812 = CARTESIAN_POINT('',(5.604760331107,4.299454220798));
#2813 = CARTESIAN_POINT('',(5.537119362825,4.294067434467));
#2814 = CARTESIAN_POINT('',(5.502461472218,4.291307292655));
#2815 = CARTESIAN_POINT('',(5.467803699039,4.288546907677));
#2816 = CARTESIAN_POINT('',(5.43314604288,4.285786404582));
#2817 = CARTESIAN_POINT('',(5.398488357378,4.28302605102));
#2818 = CARTESIAN_POINT('',(5.363830515243,4.280266106343));
#2819 = CARTESIAN_POINT('',(5.329172573291,4.277506670705));
#2820 = CARTESIAN_POINT('',(5.257169297541,4.271774402337));
#2821 = CARTESIAN_POINT('',(5.219823239802,4.268801657209));
#2822 = CARTESIAN_POINT('',(5.182477292227,4.265829307376));
#2823 = CARTESIAN_POINT('',(5.145131518086,4.262857308772));
#2824 = CARTESIAN_POINT('',(5.107785742106,4.259885594665));
#2825 = CARTESIAN_POINT('',(5.070439776613,4.256914105648));
#2826 = CARTESIAN_POINT('',(5.033093647693,4.253942819645));
#2827 = CARTESIAN_POINT('',(4.964333621216,4.248472633187));
#2828 = CARTESIAN_POINT('',(4.932919117148,4.245973611165));
#2829 = CARTESIAN_POINT('',(4.901504445151,4.243474734147));
#2830 = CARTESIAN_POINT('',(4.870089709755,4.240976014437));
#2831 = CARTESIAN_POINT('',(4.838674983998,4.238477458333));
#2832 = CARTESIAN_POINT('',(4.807260309429,4.235979066134));
#2833 = CARTESIAN_POINT('',(4.775845696105,4.233480832133));
#2834 = CARTESIAN_POINT('',(4.677407401367,4.22565301698));
#2835 = CARTESIAN_POINT('',(4.610377321066,4.220323407403));
#2836 = CARTESIAN_POINT('',(4.543350051237,4.214994484066));
#2837 = CARTESIAN_POINT('',(4.476326308034,4.209665826075));
#2838 = CARTESIAN_POINT('',(4.409302595258,4.204336327802));
#2839 = CARTESIAN_POINT('',(4.342275438671,4.199004707918));
#2840 = CARTESIAN_POINT('',(4.275245613592,4.193670223123));
#2841 = CARTESIAN_POINT('',(4.173177157938,4.185543158764));
#2842 = CARTESIAN_POINT('',(4.138131527692,4.182751965666));
#2843 = CARTESIAN_POINT('',(4.103085964107,4.179960028988));
#2844 = CARTESIAN_POINT('',(4.06804057839,4.177167401664));
#2845 = CARTESIAN_POINT('',(4.032995270051,4.174374179871));
#2846 = CARTESIAN_POINT('',(3.997949893074,4.171580515013));
#2847 = CARTESIAN_POINT('',(3.962904422081,4.168786625712));
#2848 = CARTESIAN_POINT('',(3.887426792268,4.16276953978));
#2849 = CARTESIAN_POINT('',(3.846993978717,4.159546314321));
#2850 = CARTESIAN_POINT('',(3.806561363239,4.15632357712));
#2851 = CARTESIAN_POINT('',(3.766128965142,4.153101831934));
#2852 = CARTESIAN_POINT('',(3.725696476881,4.149881577153));
#2853 = CARTESIAN_POINT('',(3.68526360329,4.146663240368));
#2854 = CARTESIAN_POINT('',(3.644830400816,4.143447112937));
#2855 = CARTESIAN_POINT('',(3.579068741403,4.138220001026));
#2856 = CARTESIAN_POINT('',(3.553739601238,4.136207571829));
#2857 = CARTESIAN_POINT('',(3.528410302464,4.134196031052));
#2858 = CARTESIAN_POINT('',(3.503080925414,4.13218534288));
#2859 = CARTESIAN_POINT('',(3.477751524548,4.130175401595));
#2860 = CARTESIAN_POINT('',(3.452422128449,4.128166031581));
#2861 = CARTESIAN_POINT('',(3.427092739827,4.12615698732));
#2862 = CARTESIAN_POINT('',(3.385271421362,4.122839876242));
#2863 = CARTESIAN_POINT('',(3.368779272061,4.121531780156));
#2864 = CARTESIAN_POINT('',(3.352286829227,4.120223569245));
#2865 = CARTESIAN_POINT('',(3.335794007789,4.118915128321));
#2866 = CARTESIAN_POINT('',(3.31930069599,4.1176063229));
#2867 = CARTESIAN_POINT('',(3.30280675539,4.116296999198));
#2868 = CARTESIAN_POINT('',(3.286312020862,4.114986984135));
#2869 = CARTESIAN_POINT('',(3.254106507047,4.112427643363));
#2870 = CARTESIAN_POINT('',(3.238396780607,4.111178686804));
#2871 = CARTESIAN_POINT('',(3.222687103704,4.109928761258));
#2872 = CARTESIAN_POINT('',(3.206977471454,4.108677556237));
#2873 = CARTESIAN_POINT('',(3.191267891658,4.107424905154));
#2874 = CARTESIAN_POINT('',(3.175558384804,4.10617078533));
#2875 = CARTESIAN_POINT('',(3.159848984061,4.104915317991));
#2876 = CARTESIAN_POINT('',(3.086279849186,4.099030677844));
#2877 = CARTESIAN_POINT('',(3.02841653923,4.094409069696));
#2878 = CARTESIAN_POINT('',(2.970554294165,4.089793014243));
#2879 = CARTESIAN_POINT('',(2.912693474341,4.085182174879));
#2880 = CARTESIAN_POINT('',(2.854832402831,4.080575992583));
#2881 = CARTESIAN_POINT('',(2.796969432493,4.075973413567));
#2882 = CARTESIAN_POINT('',(2.739104988993,4.071373159982));
#2883 = CARTESIAN_POINT('',(2.604946744599,4.060710744258));
#2884 = CARTESIAN_POINT('',(2.528637730193,4.054648374895));
#2885 = CARTESIAN_POINT('',(2.452334131498,4.048586230018));
#2886 = CARTESIAN_POINT('',(2.376037389592,4.04252192492));
#2887 = CARTESIAN_POINT('',(2.299740831608,4.036453672801));
#2888 = CARTESIAN_POINT('',(2.22343772651,4.030381267973));
#2889 = CARTESIAN_POINT('',(2.147129366751,4.024306275188));
#2890 = CARTESIAN_POINT('',(2.005694998751,4.013044997637));
#2891 = CARTESIAN_POINT('',(1.940551223929,4.007857535149));
#2892 = CARTESIAN_POINT('',(1.87540983822,4.002670535493));
#2893 = CARTESIAN_POINT('',(1.810271450626,3.997485005971));
#2894 = CARTESIAN_POINT('',(1.745132987488,3.99230128698));
#2895 = CARTESIAN_POINT('',(1.679991382049,3.9871191413));
#2896 = CARTESIAN_POINT('',(1.614847258394,3.981938109005));
#2897 = CARTESIAN_POINT('',(1.496504989347,3.972527249003));
#2898 = CARTESIAN_POINT('',(1.443299130767,3.968296615904));
#2899 = CARTESIAN_POINT('',(1.390094031352,3.964066053615));
#2900 = CARTESIAN_POINT('',(1.336890036318,3.959835139939));
#2901 = CARTESIAN_POINT('',(1.283686136959,3.955603394763));
#2902 = CARTESIAN_POINT('',(1.230481268858,3.951370469232));
#2903 = CARTESIAN_POINT('',(1.17727561009,3.947136334921));
#2904 = CARTESIAN_POINT('',(1.062783513081,3.938023097645));
#2905 = CARTESIAN_POINT('',(1.001491110758,3.933143110022));
#2906 = CARTESIAN_POINT('',(0.940200673195,3.928263172919));
#2907 = CARTESIAN_POINT('',(0.878912512394,3.923380151006));
#2908 = CARTESIAN_POINT('',(0.817623984334,3.918504195541));
#2909 = CARTESIAN_POINT('',(0.75633378121,3.913619582359));
#2910 = CARTESIAN_POINT('',(0.695041416701,3.908738888355));
#2911 = CARTESIAN_POINT('',(0.593509037821,3.900654630709));
#2912 = CARTESIAN_POINT('',(0.553264112292,3.89745065091));
#2913 = CARTESIAN_POINT('',(0.513019244486,3.894247113553));
#2914 = CARTESIAN_POINT('',(0.472774608333,3.891043996909));
#2915 = CARTESIAN_POINT('',(0.432529997466,3.887841222559));
#2916 = CARTESIAN_POINT('',(0.392285155054,3.884638708533));
#2917 = CARTESIAN_POINT('',(0.352040103632,3.881436422469));
#2918 = CARTESIAN_POINT('',(0.272821502658,3.875133544408));
#2919 = CARTESIAN_POINT('',(0.233846883173,3.872032844222));
#2920 = CARTESIAN_POINT('',(0.194872302154,3.868932387429));
#2921 = CARTESIAN_POINT('',(0.155897874649,3.865832199981));
#2922 = CARTESIAN_POINT('',(0.116923430282,3.862732289027));
#2923 = CARTESIAN_POINT('',(7.794879844689E-02,3.859632651411));
#2924 = CARTESIAN_POINT('',(3.89740935089E-02,3.856533282149));
#2925 = CARTESIAN_POINT('',(0.,3.853434182924));
#2926 = ( GEOMETRIC_REPRESENTATION_CONTEXT(2) 
PARAMETRIC_REPRESENTATION_CONTEXT() REPRESENTATION_CONTEXT('2D SPACE',''
  ) );
#2927 = ORIENTED_EDGE('',*,*,#2928,.F.);
#2928 = EDGE_CURVE('',#1525,#2531,#2929,.T.);
#2929 = SURFACE_CURVE('',#2930,(#3023,#3119),.PCURVE_S1.);
#2930 = B_SPLINE_CURVE_WITH_KNOTS('',7,(#2931,#2932,#2933,#2934,#2935,
    #2936,#2937,#2938,#2939,#2940,#2941,#2942,#2943,#2944,#2945,#2946,
    #2947,#2948,#2949,#2950,#2951,#2952,#2953,#2954,#2955,#2956,#2957,
    #2958,#2959,#2960,#2961,#2962,#2963,#2964,#2965,#2966,#2967,#2968,
    #2969,#2970,#2971,#2972,#2973,#2974,#2975,#2976,#2977,#2978,#2979,
    #2980,#2981,#2982,#2983,#2984,#2985,#2986,#2987,#2988,#2989,#2990,
    #2991,#2992,#2993,#2994,#2995,#2996,#2997,#2998,#2999,#3000,#3001,
    #3002,#3003,#3004,#3005,#3006,#3007,#3008,#3009,#3010,#3011,#3012,
    #3013,#3014,#3015,#3016,#3017,#3018,#3019,#3020,#3021,#3022),
  .UNSPECIFIED.,.F.,.F.,(8,6,6,6,6,6,6,6,6,6,6,6,6,6,6,8),(0.,
    0.102235608727,0.230935062368,0.296649967833,0.371656313904,
    0.428340809346,0.512350750162,0.574288645071,0.622296244966,
    0.675207401506,0.716235463309,0.737237481429,0.748968113157,
    0.819118520229,0.922863710459,1.),.UNSPECIFIED.);
#2931 = CARTESIAN_POINT('',(1.4,0.,-2.546420533185));
#2932 = CARTESIAN_POINT('',(1.4,-0.128449087241,-2.553793898936));
#2933 = CARTESIAN_POINT('',(1.386250564189,-0.256929286648,
    -2.56114597475));
#2934 = CARTESIAN_POINT('',(1.358740612238,-0.383620356276,
    -2.568477022727));
#2935 = CARTESIAN_POINT('',(1.317773279391,-0.506769025266,
    -2.575792601454));
#2936 = CARTESIAN_POINT('',(1.26390729749,-0.624694436129,
    -2.583099564573));
#2937 = CARTESIAN_POINT('',(1.197949628105,-0.735810602508,
    -2.590402590909));
#2938 = CARTESIAN_POINT('',(1.024130368776,-0.968145410007,
    -2.60688916962));
#2939 = CARTESIAN_POINT('',(0.909758059241,-1.084645032914,
    -2.616078039772));
#2940 = CARTESIAN_POINT('',(0.780059997114,-1.185182930971,
    -2.625263500724));
#2941 = CARTESIAN_POINT('',(0.637763782864,-1.267442076535,
    -2.634450035359));
#2942 = CARTESIAN_POINT('',(0.485914990604,-1.329661989226,
    -2.643639407514));
#2943 = CARTESIAN_POINT('',(0.327882533135,-1.370635449383,
    -2.65283426203));
#2944 = CARTESIAN_POINT('',(8.536100789244E-02,-1.399832466098,
    -2.666717484396));
#2945 = CARTESIAN_POINT('',(2.702998881064E-03,-1.404061111071,
    -2.671410623706));
#2946 = CARTESIAN_POINT('',(-8.016608646599E-02,-1.402592976254,
    -2.676103826924));
#2947 = CARTESIAN_POINT('',(-0.162775512432,-1.395420288001,
    -2.680797131727));
#2948 = CARTESIAN_POINT('',(-0.24465746755,-1.382583673102,
    -2.685490709874));
#2949 = CARTESIAN_POINT('',(-0.325349625245,-1.364171928074,
    -2.690184621033));
#2950 = CARTESIAN_POINT('',(-0.49462240383,-1.31309947392,
    -2.700236189875));
#2951 = CARTESIAN_POINT('',(-0.582715223747,-1.278789534573,
    -2.705594441272));
#2952 = CARTESIAN_POINT('',(-0.667997090903,-1.237595081832,
    -2.710952712249));
#2953 = CARTESIAN_POINT('',(-0.749827131009,-1.189798707223,
    -2.71631109429));
#2954 = CARTESIAN_POINT('',(-0.827602385836,-1.135752602353,
    -2.721669871657));
#2955 = CARTESIAN_POINT('',(-0.900761901744,-1.075876167748,
    -2.72702903758));
#2956 = CARTESIAN_POINT('',(-1.020209940682,-0.961376179236,
    -2.736437633478));
#2957 = CARTESIAN_POINT('',(-1.068700596905,-0.909038580585,
    -2.740487511681));
#2958 = CARTESIAN_POINT('',(-1.114048018334,-0.853858555283,
    -2.74453725861));
#2959 = CARTESIAN_POINT('',(-1.156053731211,-0.796063557141,
    -2.748586820669));
#2960 = CARTESIAN_POINT('',(-1.194540622355,-0.735897280888,
    -2.75263619717));
#2961 = CARTESIAN_POINT('',(-1.229353633423,-0.673618689963,
    -2.756685336921));
#2962 = CARTESIAN_POINT('',(-1.306314489705,-0.514474713495,
    -2.766734456375));
#2963 = CARTESIAN_POINT('',(-1.343914645878,-0.415396082826,
    -2.772734712563));
#2964 = CARTESIAN_POINT('',(-1.37272253398,-0.313163992912,
    -2.778733542826));
#2965 = CARTESIAN_POINT('',(-1.392435483125,-0.20871585683,
    -2.784731001063));
#2966 = CARTESIAN_POINT('',(-1.402871426827,-0.103016189728,
    -2.790727793999));
#2967 = CARTESIAN_POINT('',(-1.403970489925,2.951722766969E-03,
    -2.796724487464));
#2968 = CARTESIAN_POINT('',(-1.38979921941,0.185780649055,
    -2.807141311944));
#2969 = CARTESIAN_POINT('',(-1.378752944403,0.262982540172,
    -2.811562188499));
#2970 = CARTESIAN_POINT('',(-1.362705340094,0.339401120939,
    -2.815983200516));
#2971 = CARTESIAN_POINT('',(-1.341724897569,0.414648345477,
    -2.820404670766));
#2972 = CARTESIAN_POINT('',(-1.315917212122,0.488345518403,
    -2.824827004974));
#2973 = CARTESIAN_POINT('',(-1.285424484661,0.560125121466,
    -2.829250442299));
#2974 = CARTESIAN_POINT('',(-1.223297201793,0.683507398941,
    -2.837104096946));
#2975 = CARTESIAN_POINT('',(-1.193460996445,0.736019075852,
    -2.840534062308));
#2976 = CARTESIAN_POINT('',(-1.160999228185,0.787003325077,
    -2.843964665406));
#2977 = CARTESIAN_POINT('',(-1.12600640862,0.836303172354,
    -2.847395875425));
#2978 = CARTESIAN_POINT('',(-1.088588443111,0.883769427565,
    -2.850827608986));
#2979 = CARTESIAN_POINT('',(-1.048862334035,0.92926109733,
    -2.854259671893));
#2980 = CARTESIAN_POINT('',(-0.960769056536,1.020461865731,
    -2.861474281649));
#2981 = CARTESIAN_POINT('',(-0.911932473305,1.065719835343,
    -2.86525691678));
#2982 = CARTESIAN_POINT('',(-0.860617515844,1.108242435776,
    -2.869039152507));
#2983 = CARTESIAN_POINT('',(-0.807008681101,1.147867954925,
    -2.872820468546));
#2984 = CARTESIAN_POINT('',(-0.751302936966,1.18445075647,
    -2.876600345496));
#2985 = CARTESIAN_POINT('',(-0.69370907776,1.217861797111,
    -2.880378332243));
#2986 = CARTESIAN_POINT('',(-0.588494485283,1.27135031604,
    -2.887081907622));
#2987 = CARTESIAN_POINT('',(-0.541537696723,1.292737728402,
    -2.890008494659));
#2988 = CARTESIAN_POINT('',(-0.493679313132,1.312099256907,
    -2.892933661759));
#2989 = CARTESIAN_POINT('',(-0.445024368827,1.329389736055,
    -2.895857474569));
#2990 = CARTESIAN_POINT('',(-0.395680333352,1.344570958817,
    -2.898780277102));
#2991 = CARTESIAN_POINT('',(-0.34575711148,1.357611676636,
    -2.901702691725));
#2992 = CARTESIAN_POINT('',(-0.269572670274,1.374054918903,
    -2.90612184815));
#2993 = CARTESIAN_POINT('',(-0.243655061794,1.379055179017,
    -2.907618276591));
#2994 = CARTESIAN_POINT('',(-0.217628995765,1.383485143674,
    -2.909115050356));
#2995 = CARTESIAN_POINT('',(-0.191509254631,1.387342040459,
    -2.91061235844));
#2996 = CARTESIAN_POINT('',(-0.165310625284,1.390623560641,
    -2.912110432968));
#2997 = CARTESIAN_POINT('',(-0.139047899065,1.393327859166,
    -2.913609549191));
#2998 = CARTESIAN_POINT('',(-9.803934591273E-02,1.396640857276,
    -2.915948113282));
#2999 = CARTESIAN_POINT('',(-8.332830691144E-02,1.397647583821,
    -2.916787536874));
#3000 = CARTESIAN_POINT('',(-6.860531475915E-02,1.398473517234,
    -2.917626881817));
#3001 = CARTESIAN_POINT('',(-5.387301347641E-02,1.399118491233,
    -2.918465633061));
#3002 = CARTESIAN_POINT('',(-3.913413110688E-02,1.399582390319,
    -2.919304174961));
#3003 = CARTESIAN_POINT('',(-2.439147971736E-02,1.399865149773,
    -2.920143791271));
#3004 = CARTESIAN_POINT('',(7.851986511696E-02,1.400574369518,
    -2.92602713927));
#3005 = CARTESIAN_POINT('',(0.166737928733,1.39470388969,-2.931058766575
    ));
#3006 = CARTESIAN_POINT('',(0.254426556651,1.382349894387,
    -2.936083352158));
#3007 = CARTESIAN_POINT('',(0.341015485262,1.363573496104,
    -2.941101426384));
#3008 = CARTESIAN_POINT('',(0.425945803746,1.338495817111,
    -2.946114120236));
#3009 = CARTESIAN_POINT('',(0.508673203336,1.307297218223,
    -2.951123309555));
#3010 = CARTESIAN_POINT('',(0.706983273162,1.215392286368,-2.96353444674
    ));
#3011 = CARTESIAN_POINT('',(0.819365285351,1.147692237662,
    -2.970935823681));
#3012 = CARTESIAN_POINT('',(0.924083779667,1.067913170067,
    -2.978336134964));
#3013 = CARTESIAN_POINT('',(1.019611013994,0.977119517249,
    -2.985741001203));
#3014 = CARTESIAN_POINT('',(1.104604099968,0.876587853125,
    -2.993153045115));
#3015 = CARTESIAN_POINT('',(1.177923194555,0.767789383283,
    -3.000569677764));
#3016 = CARTESIAN_POINT('',(1.283871283183,0.566634277866,
    -3.013498963279));
#3017 = CARTESIAN_POINT('',(1.322125147867,0.477195621717,
    -3.019013440493));
#3018 = CARTESIAN_POINT('',(1.353090011514,0.384782616346,-3.02452697224
    ));
#3019 = CARTESIAN_POINT('',(1.376498053331,0.290109364523,
    -3.030038543236));
#3020 = CARTESIAN_POINT('',(1.392166698843,0.193913981681,
    -3.035548153697));
#3021 = CARTESIAN_POINT('',(1.40000000096,9.695330460934E-02,
    -3.041056409609));
#3022 = CARTESIAN_POINT('',(1.4,-2.22044604925E-16,-3.046563445505));
#3023 = PCURVE('',#433,#3024);
#3024 = DEFINITIONAL_REPRESENTATION('',(#3025),#3118);
#3025 = B_SPLINE_CURVE_WITH_KNOTS('',7,(#3026,#3027,#3028,#3029,#3030,
    #3031,#3032,#3033,#3034,#3035,#3036,#3037,#3038,#3039,#3040,#3041,
    #3042,#3043,#3044,#3045,#3046,#3047,#3048,#3049,#3050,#3051,#3052,
    #3053,#3054,#3055,#3056,#3057,#3058,#3059,#3060,#3061,#3062,#3063,
    #3064,#3065,#3066,#3067,#3068,#3069,#3070,#3071,#3072,#3073,#3074,
    #3075,#3076,#3077,#3078,#3079,#3080,#3081,#3082,#3083,#3084,#3085,
    #3086,#3087,#3088,#3089,#3090,#3091,#3092,#3093,#3094,#3095,#3096,
    #3097,#3098,#3099,#3100,#3101,#3102,#3103,#3104,#3105,#3106,#3107,
    #3108,#3109,#3110,#3111,#3112,#3113,#3114,#3115,#3116,#3117),
  .UNSPECIFIED.,.F.,.F.,(8,6,6,6,6,6,6,6,6,6,6,6,6,6,6,8),(0.,
    0.102235608727,0.230935062368,0.296649967833,0.371656313904,
    0.428340809346,0.512350750162,0.574288645071,0.622296244966,
    0.675207401506,0.716235463309,0.737237481429,0.748968113157,
    0.819118520229,0.922863710459,1.),.UNSPECIFIED.);
#3026 = CARTESIAN_POINT('',(0.19196419551,4.174945109167E-04));
#3027 = CARTESIAN_POINT('',(0.191998904979,5.274289583359E-03));
#3028 = CARTESIAN_POINT('',(0.191966850152,1.014014016183E-02));
#3029 = CARTESIAN_POINT('',(0.191921892962,1.500808028445E-02));
#3030 = CARTESIAN_POINT('',(0.19188702593,1.987657209628E-02));
#3031 = CARTESIAN_POINT('',(0.191866996056,2.474595779171E-02));
#3032 = CARTESIAN_POINT('',(0.191858650168,2.961604002758E-02));
#3033 = CARTESIAN_POINT('',(0.191859444404,4.061382523089E-02));
#3034 = CARTESIAN_POINT('',(0.191873498011,4.674595940543E-02));
#3035 = CARTESIAN_POINT('',(0.191893937982,5.287449687906E-02));
#3036 = CARTESIAN_POINT('',(0.191910011234,5.900159381193E-02));
#3037 = CARTESIAN_POINT('',(0.191920258611,6.512924900849E-02));
#3038 = CARTESIAN_POINT('',(0.1919245725,7.125965745882E-02));
#3039 = CARTESIAN_POINT('',(0.19192434678,8.051505745453E-02));
#3040 = CARTESIAN_POINT('',(0.191923100386,8.364364200846E-02));
#3041 = CARTESIAN_POINT('',(0.191920871024,8.677216598761E-02));
#3042 = CARTESIAN_POINT('',(0.191917896518,8.990067854946E-02));
#3043 = CARTESIAN_POINT('',(0.191914429351,9.302930377267E-02));
#3044 = CARTESIAN_POINT('',(0.191910700624,9.615808226884E-02));
#3045 = CARTESIAN_POINT('',(0.191902527804,0.10285791501));
#3046 = CARTESIAN_POINT('',(0.191898059087,0.106429343988));
#3047 = CARTESIAN_POINT('',(0.191893750962,0.11000069358));
#3048 = CARTESIAN_POINT('',(0.191889802278,0.113572022233));
#3049 = CARTESIAN_POINT('',(0.191886339417,0.117143536878));
#3050 = CARTESIAN_POINT('',(0.191883440943,0.120715279022));
#3051 = CARTESIAN_POINT('',(0.191879480346,0.12698592607));
#3052 = CARTESIAN_POINT('',(0.191878143061,0.12968511355));
#3053 = CARTESIAN_POINT('',(0.191877202892,0.132384264376));
#3054 = CARTESIAN_POINT('',(0.191876693116,0.135083381244));
#3055 = CARTESIAN_POINT('',(0.191876647855,0.137782505763));
#3056 = CARTESIAN_POINT('',(0.19187709926,0.140481643555));
#3057 = CARTESIAN_POINT('',(0.191879520333,0.147180842744));
#3058 = CARTESIAN_POINT('',(0.19188211809,0.151181331231));
#3059 = CARTESIAN_POINT('',(0.191885930785,0.155181408805));
#3060 = CARTESIAN_POINT('',(0.191891010612,0.159181173083));
#3061 = CARTESIAN_POINT('',(0.191897174641,0.16318101982));
#3062 = CARTESIAN_POINT('',(0.191903896519,0.167181087029));
#3063 = CARTESIAN_POINT('',(0.191915046051,0.1741294696));
#3064 = CARTESIAN_POINT('',(0.191919609153,0.177078310813));
#3065 = CARTESIAN_POINT('',(0.191923686926,0.180027073683));
#3066 = CARTESIAN_POINT('',(0.191926833187,0.182975798061));
#3067 = CARTESIAN_POINT('',(0.191928582913,0.185924582033));
#3068 = CARTESIAN_POINT('',(0.191928562816,0.188873461647));
#3069 = CARTESIAN_POINT('',(0.191925082067,0.194107905973));
#3070 = CARTESIAN_POINT('',(0.191922401253,0.19639357123));
#3071 = CARTESIAN_POINT('',(0.191918480395,0.198679247368));
#3072 = CARTESIAN_POINT('',(0.191913341493,0.200964944051));
#3073 = CARTESIAN_POINT('',(0.191907132284,0.20325068648));
#3074 = CARTESIAN_POINT('',(0.191900150875,0.205536482229));
#3075 = CARTESIAN_POINT('',(0.191884846249,0.210341569001));
#3076 = CARTESIAN_POINT('',(0.191876470364,0.212860930899));
#3077 = CARTESIAN_POINT('',(0.191868303705,0.215380305849));
#3078 = CARTESIAN_POINT('',(0.191861246882,0.217899707727));
#3079 = CARTESIAN_POINT('',(0.191856322781,0.220419174685));
#3080 = CARTESIAN_POINT('',(0.191854459225,0.222938711642));
#3081 = CARTESIAN_POINT('',(0.191857676975,0.227411905218));
#3082 = CARTESIAN_POINT('',(0.191861201475,0.229365603387));
#3083 = CARTESIAN_POINT('',(0.191867293302,0.231319323071));
#3084 = CARTESIAN_POINT('',(0.191876009757,0.233273048303));
#3085 = CARTESIAN_POINT('',(0.191887017257,0.235226751349));
#3086 = CARTESIAN_POINT('',(0.191899591336,0.237180392717));
#3087 = CARTESIAN_POINT('',(0.191919284218,0.240133920606));
#3088 = CARTESIAN_POINT('',(0.191926044542,0.241133920586));
#3089 = CARTESIAN_POINT('',(0.191932727342,0.242133921303));
#3090 = CARTESIAN_POINT('',(0.191939107622,0.243133922747));
#3091 = CARTESIAN_POINT('',(0.191944905662,0.244133924684));
#3092 = CARTESIAN_POINT('',(0.191949787018,0.245133926656));
#3093 = CARTESIAN_POINT('',(0.191955359613,0.246692476555));
#3094 = CARTESIAN_POINT('',(0.191956554845,0.247250998815));
#3095 = CARTESIAN_POINT('',(0.191957482306,0.247809484362));
#3096 = CARTESIAN_POINT('',(0.191958301355,0.248367925859));
#3097 = CARTESIAN_POINT('',(0.191958796627,0.248926319031));
#3098 = CARTESIAN_POINT('',(0.191958378023,0.249484662669));
#3099 = CARTESIAN_POINT('',(0.191942342619,0.253381626931));
#3100 = CARTESIAN_POINT('',(0.191913399231,0.256722550207));
#3101 = CARTESIAN_POINT('',(0.191880015842,0.26006410664));
#3102 = CARTESIAN_POINT('',(0.191852275644,0.263405797596));
#3103 = CARTESIAN_POINT('',(0.191835121014,0.266747610434));
#3104 = CARTESIAN_POINT('',(0.191828154158,0.270089543453));
#3105 = CARTESIAN_POINT('',(0.191831979028,0.278373394528));
#3106 = CARTESIAN_POINT('',(0.191852765637,0.283316638271));
#3107 = CARTESIAN_POINT('',(0.191885981379,0.288258979237));
#3108 = CARTESIAN_POINT('',(0.191914791029,0.293200729456));
#3109 = CARTESIAN_POINT('',(0.191930016589,0.298142833262));
#3110 = CARTESIAN_POINT('',(0.191934228517,0.30308538541));
#3111 = CARTESIAN_POINT('',(0.191929491028,0.311700113229));
#3112 = CARTESIAN_POINT('',(0.191923659647,0.315373903986));
#3113 = CARTESIAN_POINT('',(0.191915834543,0.319047310127));
#3114 = CARTESIAN_POINT('',(0.191908704653,0.322720464275));
#3115 = CARTESIAN_POINT('',(0.191904138402,0.326393732141));
#3116 = CARTESIAN_POINT('',(0.191902475297,0.33006730941));
#3117 = CARTESIAN_POINT('',(0.191902801176,0.333740769184));
#3118 = ( GEOMETRIC_REPRESENTATION_CONTEXT(2) 
PARAMETRIC_REPRESENTATION_CONTEXT() REPRESENTATION_CONTEXT('2D SPACE',''
  ) );
#3119 = PCURVE('',#1053,#3120);
#3120 = DEFINITIONAL_REPRESENTATION('',(#3121),#3214);
#3121 = B_SPLINE_CURVE_WITH_KNOTS('',7,(#3122,#3123,#3124,#3125,#3126,
    #3127,#3128,#3129,#3130,#3131,#3132,#3133,#3134,#3135,#3136,#3137,
    #3138,#3139,#3140,#3141,#3142,#3143,#3144,#3145,#3146,#3147,#3148,
    #3149,#3150,#3151,#3152,#3153,#3154,#3155,#3156,#3157,#3158,#3159,
    #3160,#3161,#3162,#3163,#3164,#3165,#3166,#3167,#3168,#3169,#3170,
    #3171,#3172,#3173,#3174,#3175,#3176,#3177,#3178,#3179,#3180,#3181,
    #3182,#3183,#3184,#3185,#3186,#3187,#3188,#3189,#3190,#3191,#3192,
    #3193,#3194,#3195,#3196,#3197,#3198,#3199,#3200,#3201,#3202,#3203,
    #3204,#3205,#3206,#3207,#3208,#3209,#3210,#3211,#3212,#3213),
  .UNSPECIFIED.,.F.,.F.,(8,6,6,6,6,6,6,6,6,6,6,6,6,6,6,8),(0.,
    0.102235608727,0.230935062368,0.296649967833,0.371656313904,
    0.428340809346,0.512350750162,0.574288645071,0.622296244966,
    0.675207401506,0.716235463309,0.737237481429,0.748968113157,
    0.819118520229,0.922863710459,1.),.UNSPECIFIED.);
#3122 = CARTESIAN_POINT('',(6.28318530718,4.853579466815));
#3123 = CARTESIAN_POINT('',(6.19143595915,4.846206101064));
#3124 = CARTESIAN_POINT('',(6.099664870467,4.83885402525));
#3125 = CARTESIAN_POINT('',(6.007908034033,4.831522977273));
#3126 = CARTESIAN_POINT('',(5.916160065746,4.824207398546));
#3127 = CARTESIAN_POINT('',(5.824401831411,4.816900435427));
#3128 = CARTESIAN_POINT('',(5.732628045745,4.809597409091));
#3129 = CARTESIAN_POINT('',(5.525371183411,4.79311083038));
#3130 = CARTESIAN_POINT('',(5.409801688576,4.783921960228));
#3131 = CARTESIAN_POINT('',(5.294286761327,4.774736499276));
#3132 = CARTESIAN_POINT('',(5.178789311051,4.765549964641));
#3133 = CARTESIAN_POINT('',(5.063274545935,4.756360592486));
#3134 = CARTESIAN_POINT('',(4.947705279128,4.74716573797));
#3135 = CARTESIAN_POINT('',(4.773224773242,4.733282515604));
#3136 = CARTESIAN_POINT('',(4.714245560794,4.728589376294));
#3137 = CARTESIAN_POINT('',(4.655267985223,4.723896173076));
#3138 = CARTESIAN_POINT('',(4.596291463634,4.719202868273));
#3139 = CARTESIAN_POINT('',(4.537313920329,4.714509290126));
#3140 = CARTESIAN_POINT('',(4.478334755587,4.709815378967));
#3141 = CARTESIAN_POINT('',(4.352042114489,4.699763810125));
#3142 = CARTESIAN_POINT('',(4.284721975256,4.694405558728));
#3143 = CARTESIAN_POINT('',(4.217405135719,4.689047287751));
#3144 = CARTESIAN_POINT('',(4.150090399357,4.68368890571));
#3145 = CARTESIAN_POINT('',(4.082773589478,4.678330128343));
#3146 = CARTESIAN_POINT('',(4.015453504952,4.67297096242));
#3147 = CARTESIAN_POINT('',(3.897265481595,4.663562366522));
#3148 = CARTESIAN_POINT('',(3.846391987941,4.659512488319));
#3149 = CARTESIAN_POINT('',(3.795519283352,4.65546274139));
#3150 = CARTESIAN_POINT('',(3.744647089416,4.651413179331));
#3151 = CARTESIAN_POINT('',(3.69377439662,4.64736380283));
#3152 = CARTESIAN_POINT('',(3.642900899644,4.643314663079));
#3153 = CARTESIAN_POINT('',(3.516632278779,4.633265543625));
#3154 = CARTESIAN_POINT('',(3.441228261964,4.627265287437));
#3155 = CARTESIAN_POINT('',(3.365829956397,4.621266457174));
#3156 = CARTESIAN_POINT('',(3.290435257362,4.615268998937));
#3157 = CARTESIAN_POINT('',(3.215036841792,4.609272206001));
#3158 = CARTESIAN_POINT('',(3.139632627089,4.603275512536));
#3159 = CARTESIAN_POINT('',(3.008648827663,4.592858688056));
#3160 = CARTESIAN_POINT('',(2.953059767254,4.588437811501));
#3161 = CARTESIAN_POINT('',(2.897471936981,4.584016799484));
#3162 = CARTESIAN_POINT('',(2.841884905903,4.579595329234));
#3163 = CARTESIAN_POINT('',(2.78629714309,4.575172995026));
#3164 = CARTESIAN_POINT('',(2.730708238567,4.570749557701));
#3165 = CARTESIAN_POINT('',(2.632035966984,4.562895903054));
#3166 = CARTESIAN_POINT('',(2.588950371159,4.559465937692));
#3167 = CARTESIAN_POINT('',(2.54586515992,4.556035334594));
#3168 = CARTESIAN_POINT('',(2.502780204242,4.552604124575));
#3169 = CARTESIAN_POINT('',(2.459695054853,4.549172391014));
#3170 = CARTESIAN_POINT('',(2.416609574168,4.545740328107));
#3171 = CARTESIAN_POINT('',(2.326038805532,4.538525718351));
#3172 = CARTESIAN_POINT('',(2.278552332736,4.53474308322));
#3173 = CARTESIAN_POINT('',(2.231066392792,4.530960847493));
#3174 = CARTESIAN_POINT('',(2.183580725844,4.527179531454));
#3175 = CARTESIAN_POINT('',(2.136094599003,4.523399654504));
#3176 = CARTESIAN_POINT('',(2.088607836149,4.519621667757));
#3177 = CARTESIAN_POINT('',(2.004300538285,4.512918092378));
#3178 = CARTESIAN_POINT('',(1.96747895602,4.509991505341));
#3179 = CARTESIAN_POINT('',(1.930657218238,4.507066338241));
#3180 = CARTESIAN_POINT('',(1.893835415547,4.504142525431));
#3181 = CARTESIAN_POINT('',(1.857013611852,4.501219722898));
#3182 = CARTESIAN_POINT('',(1.820191844363,4.498297308275));
#3183 = CARTESIAN_POINT('',(1.764521306144,4.49387815185));
#3184 = CARTESIAN_POINT('',(1.745671905009,4.492381723409));
#3185 = CARTESIAN_POINT('',(1.726821773756,4.490884949644));
#3186 = CARTESIAN_POINT('',(1.707970714868,4.48938764156));
#3187 = CARTESIAN_POINT('',(1.689118479734,4.487889567032));
#3188 = CARTESIAN_POINT('',(1.670264768648,4.486390450809));
#3189 = CARTESIAN_POINT('',(1.640877510996,4.484051886718));
#3190 = CARTESIAN_POINT('',(1.630345845443,4.483212463126));
#3191 = CARTESIAN_POINT('',(1.619814159816,4.482373118183));
#3192 = CARTESIAN_POINT('',(1.609282438298,4.481534366939));
#3193 = CARTESIAN_POINT('',(1.598750723595,4.480695825039));
#3194 = CARTESIAN_POINT('',(1.588219116932,4.479856208729));
#3195 = CARTESIAN_POINT('',(1.514709267917,4.47397286073));
#3196 = CARTESIAN_POINT('',(1.451726795307,4.468941233425));
#3197 = CARTESIAN_POINT('',(1.388746238026,4.463916647842));
#3198 = CARTESIAN_POINT('',(1.325766877272,4.458898573616));
#3199 = CARTESIAN_POINT('',(1.262785793887,4.453885879764));
#3200 = CARTESIAN_POINT('',(1.199802185799,4.448876690445));
#3201 = CARTESIAN_POINT('',(1.043679849719,4.43646555326));
#3202 = CARTESIAN_POINT('',(0.950515453695,4.429064176319));
#3203 = CARTESIAN_POINT('',(0.857367426379,4.421663865036));
#3204 = CARTESIAN_POINT('',(0.764230124026,4.414258998797));
#3205 = CARTESIAN_POINT('',(0.671082667947,4.406846954885));
#3206 = CARTESIAN_POINT('',(0.577918854797,4.399430322236));
#3207 = CARTESIAN_POINT('',(0.415525445612,4.386501036721));
#3208 = CARTESIAN_POINT('',(0.346268262595,4.380986559507));
#3209 = CARTESIAN_POINT('',(0.2770148054,4.37547302776));
#3210 = CARTESIAN_POINT('',(0.207763627104,4.369961456764));
#3211 = CARTESIAN_POINT('',(0.138509916118,4.364451846303));
#3212 = CARTESIAN_POINT('',(6.925236043524E-02,4.358943590391));
#3213 = CARTESIAN_POINT('',(0.,4.353436554495));
#3214 = ( GEOMETRIC_REPRESENTATION_CONTEXT(2) 
PARAMETRIC_REPRESENTATION_CONTEXT() REPRESENTATION_CONTEXT('2D SPACE',''
  ) );
#3215 = ADVANCED_FACE('',(#3216),#1496,.F.);
#3216 = FACE_BOUND('',#3217,.F.);
#3217 = EDGE_LOOP('',(#3218,#3219,#3353));
#3218 = ORIENTED_EDGE('',*,*,#1460,.T.);
#3219 = ORIENTED_EDGE('',*,*,#3220,.T.);
#3220 = EDGE_CURVE('',#558,#3221,#3223,.T.);
#3221 = VERTEX_POINT('',#3222);
#3222 = CARTESIAN_POINT('',(1.399960410434,-1.052849548201E-02,
    -3.754196489599));
#3223 = SURFACE_CURVE('',#3224,(#3227,#3233),.PCURVE_S1.);
#3224 = B_SPLINE_CURVE_WITH_KNOTS('',1,(#3225,#3226),.UNSPECIFIED.,.F.,
  .F.,(2,2),(0.,0.548073520823),.PIECEWISE_BEZIER_KNOTS.);
#3225 = CARTESIAN_POINT('',(1.0752404736,6.661338147751E-16,-3.9));
#3226 = CARTESIAN_POINT('',(1.575006415024,-1.620406651852E-02,
    -3.675598537776));
#3227 = PCURVE('',#1496,#3228);
#3228 = DEFINITIONAL_REPRESENTATION('',(#3229),#3232);
#3229 = B_SPLINE_CURVE_WITH_KNOTS('',1,(#3230,#3231),.UNSPECIFIED.,.F.,
  .F.,(2,2),(0.,0.548073520823),.PIECEWISE_BEZIER_KNOTS.);
#3230 = CARTESIAN_POINT('',(9.42220582445E-06,-0.322606282864));
#3231 = CARTESIAN_POINT('',(0.224994825875,0.177159814789));
#3232 = ( GEOMETRIC_REPRESENTATION_CONTEXT(2) 
PARAMETRIC_REPRESENTATION_CONTEXT() REPRESENTATION_CONTEXT('2D SPACE',''
  ) );
#3233 = PCURVE('',#3234,#3347);
#3234 = B_SPLINE_SURFACE_WITH_KNOTS('',1,10,(
    (#3235,#3236,#3237,#3238,#3239,#3240,#3241,#3242,#3243,#3244,#3245
      ,#3246,#3247,#3248,#3249,#3250,#3251,#3252,#3253,#3254,#3255,#3256
      ,#3257,#3258,#3259,#3260,#3261,#3262,#3263,#3264,#3265,#3266,#3267
      ,#3268,#3269,#3270,#3271,#3272,#3273,#3274,#3275,#3276,#3277,#3278
      ,#3279,#3280,#3281,#3282,#3283,#3284,#3285,#3286,#3287,#3288,#3289
      ,#3290)
    ,(#3291,#3292,#3293,#3294,#3295,#3296,#3297,#3298,#3299,#3300,#3301
      ,#3302,#3303,#3304,#3305,#3306,#3307,#3308,#3309,#3310,#3311,#3312
      ,#3313,#3314,#3315,#3316,#3317,#3318,#3319,#3320,#3321,#3322,#3323
      ,#3324,#3325,#3326,#3327,#3328,#3329,#3330,#3331,#3332,#3333,#3334
      ,#3335,#3336,#3337,#3338,#3339,#3340,#3341,#3342,#3343,#3344,#3345
      ,#3346)),.UNSPECIFIED.,.F.,.F.,.F.,(2,2),(11,10,8,9,8,10,11),(0.,
    0.548073520823),(0.,0.25,0.375,0.5,0.625,0.75,1.),.UNSPECIFIED.);
#3235 = CARTESIAN_POINT('',(1.0752404736,6.661338147751E-16,-3.9));
#3236 = CARTESIAN_POINT('',(1.075642392113,-0.506921496507,
    -3.937499999999));
#3237 = CARTESIAN_POINT('',(0.808248362562,-1.012470669129,
    -3.975000000002));
#3238 = CARTESIAN_POINT('',(0.282424455392,-1.365295048825,
    -4.012499999999));
#3239 = CARTESIAN_POINT('',(-0.413943196385,-1.401166267696,
    -4.049999999997));
#3240 = CARTESIAN_POINT('',(-1.052062482877,-1.051310012873,
    -4.087500000004));
#3241 = CARTESIAN_POINT('',(-1.400965028501,-0.414054875451,
    -4.124999999999));
#3242 = CARTESIAN_POINT('',(-1.364542580346,0.281705252351,
    -4.162499999999));
#3243 = CARTESIAN_POINT('',(-1.013317139679,0.809007013393,
    -4.200000000001));
#3244 = CARTESIAN_POINT('',(-0.506607916893,1.075309871495,-4.2375));
#3245 = CARTESIAN_POINT('',(5.79553161982E-06,1.075289498069,-4.275));
#3246 = CARTESIAN_POINT('',(0.253312651744,1.075279311355,-4.29375));
#3247 = CARTESIAN_POINT('',(0.506595630365,1.008688316759,-4.3125));
#3248 = CARTESIAN_POINT('',(0.740551077324,0.876210817943,-4.33125));
#3249 = CARTESIAN_POINT('',(0.935351164266,0.684000351072,-4.35));
#3250 = CARTESIAN_POINT('',(1.074003598917,0.444993776879,-4.36875));
#3251 = CARTESIAN_POINT('',(1.14486853092,0.177774995765,-4.3875));
#3252 = CARTESIAN_POINT('',(1.143209081532,-9.6072652321E-02,-4.40625));
#3253 = CARTESIAN_POINT('',(1.07165192549,-0.355176241511,-4.425));
#3254 = CARTESIAN_POINT('',(0.807216781324,-0.807216369316,-4.4625));
#3255 = CARTESIAN_POINT('',(0.355171484031,-1.071647070107,-4.5));
#3256 = CARTESIAN_POINT('',(9.606691379834E-02,-1.143203852093,
    -4.518750000001));
#3257 = CARTESIAN_POINT('',(-0.177778374182,-1.144866488939,
    -4.537499999999));
#3258 = CARTESIAN_POINT('',(-0.444990836017,-1.074007853274,
    -4.556250000001));
#3259 = CARTESIAN_POINT('',(-0.683989925993,-0.935361211572,
    -4.574999999999));
#3260 = CARTESIAN_POINT('',(-0.87619857294,-0.740560719405,
    -4.593750000001));
#3261 = CARTESIAN_POINT('',(-1.008686841803,-0.506594888178,-4.6125));
#3262 = CARTESIAN_POINT('',(-1.075296827396,-0.253297444089,-4.63125));
#3263 = CARTESIAN_POINT('',(-1.075296827396,0.253297444089,-4.66875));
#3264 = CARTESIAN_POINT('',(-1.008686841804,0.506594888179,
    -4.687500000001));
#3265 = CARTESIAN_POINT('',(-0.87619857294,0.740560719404,
    -4.706249999998));
#3266 = CARTESIAN_POINT('',(-0.683989925993,0.935361211572,
    -4.725000000003));
#3267 = CARTESIAN_POINT('',(-0.444990836017,1.074007853273,
    -4.743749999997));
#3268 = CARTESIAN_POINT('',(-0.177778374182,1.144866488939,
    -4.762500000002));
#3269 = CARTESIAN_POINT('',(9.606691379844E-02,1.143203852093,
    -4.781249999999));
#3270 = CARTESIAN_POINT('',(0.355171484031,1.071647070107,-4.8));
#3271 = CARTESIAN_POINT('',(0.807216781324,0.807216369316,-4.8375));
#3272 = CARTESIAN_POINT('',(1.07165192549,0.355176241511,-4.875));
#3273 = CARTESIAN_POINT('',(1.143209081532,9.607265232095E-02,
    -4.893750000001));
#3274 = CARTESIAN_POINT('',(1.14486853092,-0.177774995765,
    -4.912499999999));
#3275 = CARTESIAN_POINT('',(1.074003598917,-0.444993776879,
    -4.931250000002));
#3276 = CARTESIAN_POINT('',(0.935351164266,-0.684000351072,
    -4.949999999999));
#3277 = CARTESIAN_POINT('',(0.740551077324,-0.876210817943,
    -4.968750000001));
#3278 = CARTESIAN_POINT('',(0.506595630365,-1.008688316759,
    -4.987499999999));
#3279 = CARTESIAN_POINT('',(0.253312651744,-1.075279311355,-5.00625));
#3280 = CARTESIAN_POINT('',(5.795531620723E-06,-1.075289498069,-5.025));
#3281 = CARTESIAN_POINT('',(-0.506607916893,-1.075309871495,-5.0625));
#3282 = CARTESIAN_POINT('',(-1.013317139679,-0.809007013393,-5.1));
#3283 = CARTESIAN_POINT('',(-1.364542580346,-0.281705252351,-5.1375));
#3284 = CARTESIAN_POINT('',(-1.400965028501,0.414054875451,-5.175));
#3285 = CARTESIAN_POINT('',(-1.052062482877,1.051310012873,
    -5.212500000001));
#3286 = CARTESIAN_POINT('',(-0.413943196385,1.401166267696,
    -5.249999999999));
#3287 = CARTESIAN_POINT('',(0.282424455392,1.365295048825,-5.2875));
#3288 = CARTESIAN_POINT('',(0.808248362562,1.012470669129,
    -5.325000000001));
#3289 = CARTESIAN_POINT('',(1.075642392113,0.506921496507,-5.3625));
#3290 = CARTESIAN_POINT('',(1.0752404736,2.109423746788E-15,-5.4));
#3291 = CARTESIAN_POINT('',(1.575006415024,-1.620406651852E-02,
    -3.675598537776));
#3292 = CARTESIAN_POINT('',(1.568088560723,-0.760721838259,
    -3.713953490746));
#3293 = CARTESIAN_POINT('',(1.166923900025,-1.494190779199,
    -3.749777920029));
#3294 = CARTESIAN_POINT('',(0.397352738139,-2.001587323412,
    -3.789233636005));
#3295 = CARTESIAN_POINT('',(-0.635992465858,-2.055471915614,
    -3.825864155051));
#3296 = CARTESIAN_POINT('',(-1.549978371289,-1.511560868168,
    -3.861974029266));
#3297 = CARTESIAN_POINT('',(-2.061344395867,-0.59360895239,
    -3.90277437616));
#3298 = CARTESIAN_POINT('',(-1.996147602728,0.43677619723,
    -3.936730940331));
#3299 = CARTESIAN_POINT('',(-1.469540155692,1.200497817301,
    -3.976627148387));
#3300 = CARTESIAN_POINT('',(-0.726467986901,1.582920005237,
    -4.013091931302));
#3301 = CARTESIAN_POINT('',(1.662099943862E-02,1.575134666142,
    -4.050805157998));
#3302 = CARTESIAN_POINT('',(0.388161831656,1.571264307213,
    -4.069711241831));
#3303 = CARTESIAN_POINT('',(0.757568116018,1.469603156036,
    -4.088233196425));
#3304 = CARTESIAN_POINT('',(1.098051228189,1.272202213392,
    -4.106977178355));
#3305 = CARTESIAN_POINT('',(1.38060319765,0.987800224018,-4.12584146199)
  );
#3306 = CARTESIAN_POINT('',(1.580186897192,0.635343269175,
    -4.144643970432));
#3307 = CARTESIAN_POINT('',(1.679899006331,0.242531069448,
    -4.163348405951));
#3308 = CARTESIAN_POINT('',(1.673210240831,-0.158563638658,
    -4.182037394703));
#3309 = CARTESIAN_POINT('',(1.564387340475,-0.536756288803,
    -4.200781060333));
#3310 = CARTESIAN_POINT('',(1.17001527407,-1.194935451237,
    -4.238317822143));
#3311 = CARTESIAN_POINT('',(0.503687656362,-1.575365398745,
    -4.275851959902));
#3312 = CARTESIAN_POINT('',(0.123270790432,-1.676158976977,
    -4.294591446323));
#3313 = CARTESIAN_POINT('',(-0.277855677336,-1.674389310028,
    -4.3132798678));
#3314 = CARTESIAN_POINT('',(-0.668446099855,-1.566459046416,
    -4.331989545439));
#3315 = CARTESIAN_POINT('',(-1.016637505267,-1.359519023811,
    -4.350798922892));
#3316 = CARTESIAN_POINT('',(-1.295093696353,-1.071015171648,
    -4.369665127089));
#3317 = CARTESIAN_POINT('',(-1.485288380138,-0.7264204021,
    -4.388403052776));
#3318 = CARTESIAN_POINT('',(-1.579007125575,-0.354993266133,
    -4.406915253366));
#3319 = CARTESIAN_POINT('',(-1.571288768759,0.388182963425,
    -4.444718586941));
#3320 = CARTESIAN_POINT('',(-1.469579216386,0.757580584852,
    -4.46322818538));
#3321 = CARTESIAN_POINT('',(-1.272185981308,1.098049735892,
    -4.481967950141));
#3322 = CARTESIAN_POINT('',(-0.987805042637,1.380599794422,
    -4.500836150603));
#3323 = CARTESIAN_POINT('',(-0.635346098772,1.580189157998,
    -4.519644843245));
#3324 = CARTESIAN_POINT('',(-0.242519548967,1.679903559585,
    -4.538352546099));
#3325 = CARTESIAN_POINT('',(0.158573546705,1.673209563487,
    -4.557040529633));
#3326 = CARTESIAN_POINT('',(0.536748100717,1.564381770865,
    -4.575781418735));
#3327 = CARTESIAN_POINT('',(1.1949274923,1.170022757292,-4.613316181572)
  );
#3328 = CARTESIAN_POINT('',(1.575371409476,0.503695991451,-4.65085233817
    ));
#3329 = CARTESIAN_POINT('',(1.676162557669,0.123261608706,
    -4.669594602249));
#3330 = CARTESIAN_POINT('',(1.674387576141,-0.277867310186,
    -4.688283962364));
#3331 = CARTESIAN_POINT('',(1.566455965345,-0.668444147578,
    -4.706990297717));
#3332 = CARTESIAN_POINT('',(1.359517781676,-1.016631664502,
    -4.725793522711));
#3333 = CARTESIAN_POINT('',(1.071011896976,-1.295104954493,
    -4.74465597134));
#3334 = CARTESIAN_POINT('',(0.72640676578,-1.485307078564,
    -4.763398247413));
#3335 = CARTESIAN_POINT('',(0.354973684813,-1.578986641351,
    -4.781922688545));
#3336 = CARTESIAN_POINT('',(-1.656747085687E-02,-1.575146568382,
    -4.80082859164));
#3337 = CARTESIAN_POINT('',(-0.759657107845,-1.567421806464,
    -4.838541454777));
#3338 = CARTESIAN_POINT('',(-1.494576956221,-1.168647102278,
    -4.874998509194));
#3339 = CARTESIAN_POINT('',(-2.004565522356,-0.395559861065,
    -4.914931626179));
#3340 = CARTESIAN_POINT('',(-2.049029752872,0.637246519051,
    -4.948800112958));
#3341 = CARTESIAN_POINT('',(-1.517227505071,1.544649311452,
    -4.989734107122));
#3342 = CARTESIAN_POINT('',(-0.59242821787,2.067107159752,
    -5.025706654178));
#3343 = CARTESIAN_POINT('',(0.438599910989,1.9937361099,-5.062435599497)
  );
#3344 = CARTESIAN_POINT('',(1.1990242983,1.468920898926,-5.101839885793)
  );
#3345 = CARTESIAN_POINT('',(1.583260269632,0.727541865781,
    -5.137685348927));
#3346 = CARTESIAN_POINT('',(1.575176387759,-1.696449481484E-02,
    -5.176033770676));
#3347 = DEFINITIONAL_REPRESENTATION('',(#3348),#3352);
#3348 = LINE('',#3349,#3350);
#3349 = CARTESIAN_POINT('',(0.,0.));
#3350 = VECTOR('',#3351,1.);
#3351 = DIRECTION('',(1.,0.));
#3352 = ( GEOMETRIC_REPRESENTATION_CONTEXT(2) 
PARAMETRIC_REPRESENTATION_CONTEXT() REPRESENTATION_CONTEXT('2D SPACE',''
  ) );
#3353 = ORIENTED_EDGE('',*,*,#3354,.T.);
#3354 = EDGE_CURVE('',#3221,#1436,#3355,.T.);
#3355 = SURFACE_CURVE('',#3356,(#3361,#3368),.PCURVE_S1.);
#3356 = ELLIPSE('',#3357,18.9767876497,1.4);
#3357 = AXIS2_PLACEMENT_3D('',#3358,#3359,#3360);
#3358 = CARTESIAN_POINT('',(0.,0.,-3.911524241399));
#3359 = DIRECTION('',(-7.907006234319E-04,0.997274646939,
    7.377434083382E-02));
#3360 = DIRECTION('',(5.84928125212E-05,-7.377431764548E-02,
    0.997274960397));
#3361 = PCURVE('',#1496,#3362);
#3362 = DEFINITIONAL_REPRESENTATION('',(#3363),#3367);
#3363 = ELLIPSE('',#3364,18.9767876497,1.4);
#3364 = AXIS2_PLACEMENT_2D('',#3365,#3366);
#3365 = CARTESIAN_POINT('',(-1.148341515922E-02,-1.397847092588));
#3366 = DIRECTION('',(0.999999998289,5.849283080628E-05));
#3367 = ( GEOMETRIC_REPRESENTATION_CONTEXT(2) 
PARAMETRIC_REPRESENTATION_CONTEXT() REPRESENTATION_CONTEXT('2D SPACE',''
  ) );
#3368 = PCURVE('',#1449,#3369);
#3369 = DEFINITIONAL_REPRESENTATION('',(#3370),#3377);
#3370 = B_SPLINE_CURVE_WITH_KNOTS('',5,(#3371,#3372,#3373,#3374,#3375,
    #3376),.UNSPECIFIED.,.F.,.F.,(6,6),(1.555958702058,1.57000346551),
  .PIECEWISE_BEZIER_KNOTS.);
#3371 = CARTESIAN_POINT('',(6.269140543727,3.769268618562));
#3372 = CARTESIAN_POINT('',(6.271949496418,3.716114829373));
#3373 = CARTESIAN_POINT('',(6.274758449108,3.662958270789));
#3374 = CARTESIAN_POINT('',(6.277567401799,3.609799816549));
#3375 = CARTESIAN_POINT('',(6.280376354489,3.556640340483));
#3376 = CARTESIAN_POINT('',(6.28318530718,3.503480716426));
#3377 = ( GEOMETRIC_REPRESENTATION_CONTEXT(2) 
PARAMETRIC_REPRESENTATION_CONTEXT() REPRESENTATION_CONTEXT('2D SPACE',''
  ) );
#3378 = ADVANCED_FACE('',(#3379),#1449,.T.);
#3379 = FACE_BOUND('',#3380,.T.);
#3380 = EDGE_LOOP('',(#3381,#3382,#3403,#3404,#3431,#3564,#3592,#3844));
#3381 = ORIENTED_EDGE('',*,*,#1435,.F.);
#3382 = ORIENTED_EDGE('',*,*,#3383,.T.);
#3383 = EDGE_CURVE('',#1177,#2259,#3384,.T.);
#3384 = SURFACE_CURVE('',#3385,(#3389,#3396),.PCURVE_S1.);
#3385 = LINE('',#3386,#3387);
#3386 = CARTESIAN_POINT('',(1.4,-3.429011037613E-16,-7.4));
#3387 = VECTOR('',#3388,1.);
#3388 = DIRECTION('',(0.,0.,1.));
#3389 = PCURVE('',#1449,#3390);
#3390 = DEFINITIONAL_REPRESENTATION('',(#3391),#3395);
#3391 = LINE('',#3392,#3393);
#3392 = CARTESIAN_POINT('',(6.28318530718,-0.));
#3393 = VECTOR('',#3394,1.);
#3394 = DIRECTION('',(0.,1.));
#3395 = ( GEOMETRIC_REPRESENTATION_CONTEXT(2) 
PARAMETRIC_REPRESENTATION_CONTEXT() REPRESENTATION_CONTEXT('2D SPACE',''
  ) );
#3396 = PCURVE('',#1346,#3397);
#3397 = DEFINITIONAL_REPRESENTATION('',(#3398),#3402);
#3398 = LINE('',#3399,#3400);
#3399 = CARTESIAN_POINT('',(0.,-0.));
#3400 = VECTOR('',#3401,1.);
#3401 = DIRECTION('',(0.,1.));
#3402 = ( GEOMETRIC_REPRESENTATION_CONTEXT(2) 
PARAMETRIC_REPRESENTATION_CONTEXT() REPRESENTATION_CONTEXT('2D SPACE',''
  ) );
#3403 = ORIENTED_EDGE('',*,*,#2258,.T.);
#3404 = ORIENTED_EDGE('',*,*,#3405,.F.);
#3405 = EDGE_CURVE('',#3406,#2233,#3408,.T.);
#3406 = VERTEX_POINT('',#3407);
#3407 = CARTESIAN_POINT('',(1.399960403463,1.052942238626E-02,
    -4.045816040128));
#3408 = SURFACE_CURVE('',#3409,(#3414,#3424),.PCURVE_S1.);
#3409 = ELLIPSE('',#3410,18.976787649195,1.4);
#3410 = AXIS2_PLACEMENT_3D('',#3411,#3412,#3413);
#3411 = CARTESIAN_POINT('',(0.,0.,-3.8884757586));
#3412 = DIRECTION('',(7.907006235169E-04,0.997274646939,
    7.377434083578E-02));
#3413 = DIRECTION('',(-5.849281252905E-05,-7.377431764744E-02,
    0.997274960397));
#3414 = PCURVE('',#1449,#3415);
#3415 = DEFINITIONAL_REPRESENTATION('',(#3416),#3423);
#3416 = B_SPLINE_CURVE_WITH_KNOTS('',5,(#3417,#3418,#3419,#3420,#3421,
    #3422),.UNSPECIFIED.,.F.,.F.,(6,6),(1.57158918808,1.585655400454),
  .PIECEWISE_BEZIER_KNOTS.);
#3417 = CARTESIAN_POINT('',(0.,3.496519283573));
#3418 = CARTESIAN_POINT('',(2.813242474916E-03,3.443278475051));
#3419 = CARTESIAN_POINT('',(5.626484949831E-03,3.390037814972));
#3420 = CARTESIAN_POINT('',(8.439727424749E-03,3.33679818118));
#3421 = CARTESIAN_POINT('',(1.125296989966E-02,3.283560451515));
#3422 = CARTESIAN_POINT('',(1.406621237458E-02,3.230325503726));
#3423 = ( GEOMETRIC_REPRESENTATION_CONTEXT(2) 
PARAMETRIC_REPRESENTATION_CONTEXT() REPRESENTATION_CONTEXT('2D SPACE',''
  ) );
#3424 = PCURVE('',#2247,#3425);
#3425 = DEFINITIONAL_REPRESENTATION('',(#3426),#3430);
#3426 = ELLIPSE('',#3427,18.976787649195,1.4);
#3427 = AXIS2_PLACEMENT_2D('',#3428,#3429);
#3428 = CARTESIAN_POINT('',(1.174618817794E-02,-1.397846993244));
#3429 = DIRECTION('',(0.999999998289,-5.849283081413E-05));
#3430 = ( GEOMETRIC_REPRESENTATION_CONTEXT(2) 
PARAMETRIC_REPRESENTATION_CONTEXT() REPRESENTATION_CONTEXT('2D SPACE',''
  ) );
#3431 = ORIENTED_EDGE('',*,*,#3432,.T.);
#3432 = EDGE_CURVE('',#3406,#3433,#3435,.T.);
#3433 = VERTEX_POINT('',#3434);
#3434 = CARTESIAN_POINT('',(1.4,-3.429011037613E-16,-4.046420533185));
#3435 = SURFACE_CURVE('',#3436,(#3439,#3445),.PCURVE_S1.);
#3436 = B_SPLINE_CURVE_WITH_KNOTS('',1,(#3437,#3438),.UNSPECIFIED.,.F.,
  .F.,(2,2),(0.,1.),.PIECEWISE_BEZIER_KNOTS.);
#3437 = CARTESIAN_POINT('',(1.399956453167,1.104215722638E-02,
    -4.045786600061));
#3438 = CARTESIAN_POINT('',(1.4,-1.404041813369E-16,-4.046420533185));
#3439 = PCURVE('',#1449,#3440);
#3440 = DEFINITIONAL_REPRESENTATION('',(#3441),#3444);
#3441 = B_SPLINE_CURVE_WITH_KNOTS('',1,(#3442,#3443),.UNSPECIFIED.,.F.,
  .F.,(2,2),(0.,1.),.PIECEWISE_BEZIER_KNOTS.);
#3442 = CARTESIAN_POINT('',(7.887336940092E-03,3.354213399939));
#3443 = CARTESIAN_POINT('',(0.,3.353579466815));
#3444 = ( GEOMETRIC_REPRESENTATION_CONTEXT(2) 
PARAMETRIC_REPRESENTATION_CONTEXT() REPRESENTATION_CONTEXT('2D SPACE',''
  ) );
#3445 = PCURVE('',#3446,#3559);
#3446 = B_SPLINE_SURFACE_WITH_KNOTS('',1,10,(
    (#3447,#3448,#3449,#3450,#3451,#3452,#3453,#3454,#3455,#3456,#3457
      ,#3458,#3459,#3460,#3461,#3462,#3463,#3464,#3465,#3466,#3467,#3468
      ,#3469,#3470,#3471,#3472,#3473,#3474,#3475,#3476,#3477,#3478,#3479
      ,#3480,#3481,#3482,#3483,#3484,#3485,#3486,#3487,#3488,#3489,#3490
      ,#3491,#3492,#3493,#3494,#3495,#3496,#3497,#3498,#3499,#3500,#3501
      ,#3502)
    ,(#3503,#3504,#3505,#3506,#3507,#3508,#3509,#3510,#3511,#3512,#3513
      ,#3514,#3515,#3516,#3517,#3518,#3519,#3520,#3521,#3522,#3523,#3524
      ,#3525,#3526,#3527,#3528,#3529,#3530,#3531,#3532,#3533,#3534,#3535
      ,#3536,#3537,#3538,#3539,#3540,#3541,#3542,#3543,#3544,#3545,#3546
      ,#3547,#3548,#3549,#3550,#3551,#3552,#3553,#3554,#3555,#3556,#3557
      ,#3558)),.UNSPECIFIED.,.F.,.F.,.F.,(2,2),(11,10,8,9,8,10,11),(0.,
    0.548073520823),(0.,0.25,0.375,0.5,0.625,0.75,1.),.UNSPECIFIED.);
#3447 = CARTESIAN_POINT('',(1.574993272096,1.69943868567E-02,
    -4.124372269763));
#3448 = CARTESIAN_POINT('',(1.583090670417,-0.727424851193,
    -4.162720373353));
#3449 = CARTESIAN_POINT('',(1.198915970008,-1.468726029742,
    -4.198566466012));
#3450 = CARTESIAN_POINT('',(0.438587557093,-1.993497145015,
    -4.237969998091));
#3451 = CARTESIAN_POINT('',(-0.592315346348,-2.066875661358,
    -4.274699333298));
#3452 = CARTESIAN_POINT('',(-1.517021295739,-1.544504454175,
    -4.310672290873));
#3453 = CARTESIAN_POINT('',(-2.048778733467,-0.637212196302,
    -4.351605171485));
#3454 = CARTESIAN_POINT('',(-2.004340023898,0.395473242444,
    -4.38547489384));
#3455 = CARTESIAN_POINT('',(-1.494427761705,1.168480563549,
    -4.425407158917));
#3456 = CARTESIAN_POINT('',(-0.759600462186,1.567224500826,
    -4.461864587324));
#3457 = CARTESIAN_POINT('',(-1.6597528019E-02,1.574963309525,
    -4.499577372011));
#3458 = CARTESIAN_POINT('',(0.354900277581,1.578810365483,
    -4.518483217749));
#3459 = CARTESIAN_POINT('',(0.726292245658,1.485149424578,
    -4.537007744289));
#3460 = CARTESIAN_POINT('',(1.07086129514,1.294976302816,-4.555750021339
    ));
#3461 = CARTESIAN_POINT('',(1.359339305041,1.016541095787,
    -4.574612426738));
#3462 = CARTESIAN_POINT('',(1.566260458991,0.668398258207,
    -4.593415633001));
#3463 = CARTESIAN_POINT('',(1.674187428275,0.27786908359,-4.612121986428
    ));
#3464 = CARTESIAN_POINT('',(1.675970365422,-0.123213205069,
    -4.630811369183));
#3465 = CARTESIAN_POINT('',(1.575198680343,-0.503605542739,
    -4.649553634571));
#3466 = CARTESIAN_POINT('',(1.194812461782,-1.169862611366,
    -4.687089777254));
#3467 = CARTESIAN_POINT('',(0.53671752027,-1.564189152102,
    -4.724624528026));
#3468 = CARTESIAN_POINT('',(0.158589064385,-1.673012026565,
    -4.743365421995));
#3469 = CARTESIAN_POINT('',(-0.242457339743,-1.679713392677,
    -4.762053427791));
#3470 = CARTESIAN_POINT('',(-0.635240267906,-1.580018515979,
    -4.780761144003));
#3471 = CARTESIAN_POINT('',(-0.987662258147,-1.380459499935,
    -4.79956981438));
#3472 = CARTESIAN_POINT('',(-1.27201585252,-1.097948096802,
    -4.818437973677));
#3473 = CARTESIAN_POINT('',(-1.469393127668,-0.757522486776,
    -4.837177744192));
#3474 = CARTESIAN_POINT('',(-1.571098510776,-0.38816964292,
    -4.855687427942));
#3475 = CARTESIAN_POINT('',(-1.578830844287,0.354919844457,
    -4.893490650301));
#3476 = CARTESIAN_POINT('',(-1.485130738174,0.726305877978,
    -4.912002940911));
#3477 = CARTESIAN_POINT('',(-1.294965049729,1.070864577336,
    -4.930740869023));
#3478 = CARTESIAN_POINT('',(-1.016546931701,1.359340555462,
    -4.949607028441));
#3479 = CARTESIAN_POINT('',(-0.668400207734,1.566263541385,
    -4.968416384869));
#3480 = CARTESIAN_POINT('',(-0.277857456123,1.674189157708,
    -4.987126079443));
#3481 = CARTESIAN_POINT('',(0.123222380534,1.675966780964,
    -5.005814523974));
#3482 = CARTESIAN_POINT('',(0.503597208801,1.575192669555,
    -5.024554012722));
#3483 = CARTESIAN_POINT('',(1.169855131557,1.194820418168,
    -5.062088137284));
#3484 = CARTESIAN_POINT('',(1.56419472097,0.536725706939,-5.099624886274
    ));
#3485 = CARTESIAN_POINT('',(1.673012702416,0.158579161284,
    -5.118368555753));
#3486 = CARTESIAN_POINT('',(1.679708838772,-0.242468854639,
    -5.137057566469));
#3487 = CARTESIAN_POINT('',(1.580016255334,-0.63523743947,
    -5.155762016629));
#3488 = CARTESIAN_POINT('',(1.38046290329,-0.98765744623,-5.174564505036
    ));
#3489 = CARTESIAN_POINT('',(1.097949590206,-1.272032088557,
    -5.193428748769));
#3490 = CARTESIAN_POINT('',(0.757510024058,-1.469417064787,
    -5.212172734761));
#3491 = CARTESIAN_POINT('',(0.388148522787,-1.571074047447,
    -5.23069477026));
#3492 = CARTESIAN_POINT('',(1.665104122459E-02,-1.574951385731,
    -5.249600797062));
#3493 = CARTESIAN_POINT('',(-0.726351241115,-1.582750764329,
    -5.287313945982));
#3494 = CARTESIAN_POINT('',(-1.469345623583,-1.200388955063,
    -5.323779116862));
#3495 = CARTESIAN_POINT('',(-1.995906860783,-0.436764214722,
    -5.363674406163));
#3496 = CARTESIAN_POINT('',(-2.061115676282,0.593495609071,
    -5.397632365438));
#3497 = CARTESIAN_POINT('',(-1.549831468483,1.511356093071,
    -5.438431356754));
#3498 = CARTESIAN_POINT('',(-0.635958482136,2.05521934768,-5.47454189017
    ));
#3499 = CARTESIAN_POINT('',(0.39726569229,2.0013625758,-5.511172620831)
  );
#3500 = CARTESIAN_POINT('',(1.166757443103,1.494041669678,
    -5.550627675758));
#3501 = CARTESIAN_POINT('',(1.567891487999,0.760664907233,
    -5.586452696496));
#3502 = CARTESIAN_POINT('',(1.574822991568,1.623423737137E-02,
    -5.624807343085));
#3503 = CARTESIAN_POINT('',(1.0752404736,3.330669073875E-16,-3.9));
#3504 = CARTESIAN_POINT('',(1.075642392113,-0.506921496507,
    -3.937499999999));
#3505 = CARTESIAN_POINT('',(0.808248362562,-1.012470669129,
    -3.975000000002));
#3506 = CARTESIAN_POINT('',(0.282424455392,-1.365295048825,
    -4.012499999999));
#3507 = CARTESIAN_POINT('',(-0.413943196385,-1.401166267696,
    -4.049999999997));
#3508 = CARTESIAN_POINT('',(-1.052062482877,-1.051310012873,
    -4.087500000004));
#3509 = CARTESIAN_POINT('',(-1.400965028501,-0.414054875451,
    -4.124999999999));
#3510 = CARTESIAN_POINT('',(-1.364542580346,0.281705252351,
    -4.162499999999));
#3511 = CARTESIAN_POINT('',(-1.013317139679,0.809007013393,
    -4.200000000001));
#3512 = CARTESIAN_POINT('',(-0.506607916893,1.075309871495,-4.2375));
#3513 = CARTESIAN_POINT('',(5.795531619709E-06,1.075289498069,-4.275));
#3514 = CARTESIAN_POINT('',(0.253312651744,1.075279311355,-4.29375));
#3515 = CARTESIAN_POINT('',(0.506595630365,1.008688316759,-4.3125));
#3516 = CARTESIAN_POINT('',(0.740551077324,0.876210817943,-4.33125));
#3517 = CARTESIAN_POINT('',(0.935351164267,0.684000351072,-4.35));
#3518 = CARTESIAN_POINT('',(1.074003598917,0.444993776879,-4.36875));
#3519 = CARTESIAN_POINT('',(1.14486853092,0.177774995765,-4.3875));
#3520 = CARTESIAN_POINT('',(1.143209081532,-9.6072652321E-02,-4.40625));
#3521 = CARTESIAN_POINT('',(1.07165192549,-0.355176241511,-4.425));
#3522 = CARTESIAN_POINT('',(0.807216781324,-0.807216369316,-4.4625));
#3523 = CARTESIAN_POINT('',(0.355171484031,-1.071647070107,-4.5));
#3524 = CARTESIAN_POINT('',(9.606691379829E-02,-1.143203852093,
    -4.518750000001));
#3525 = CARTESIAN_POINT('',(-0.177778374181,-1.144866488938,
    -4.537499999999));
#3526 = CARTESIAN_POINT('',(-0.444990836018,-1.074007853274,
    -4.556250000001));
#3527 = CARTESIAN_POINT('',(-0.683989925993,-0.935361211572,
    -4.574999999999));
#3528 = CARTESIAN_POINT('',(-0.876198572941,-0.740560719405,
    -4.593750000001));
#3529 = CARTESIAN_POINT('',(-1.008686841803,-0.506594888178,-4.6125));
#3530 = CARTESIAN_POINT('',(-1.075296827396,-0.253297444089,-4.63125));
#3531 = CARTESIAN_POINT('',(-1.075296827396,0.253297444089,-4.66875));
#3532 = CARTESIAN_POINT('',(-1.008686841804,0.506594888179,
    -4.687500000001));
#3533 = CARTESIAN_POINT('',(-0.87619857294,0.740560719404,
    -4.706249999998));
#3534 = CARTESIAN_POINT('',(-0.683989925993,0.935361211572,
    -4.725000000003));
#3535 = CARTESIAN_POINT('',(-0.444990836017,1.074007853273,
    -4.743749999997));
#3536 = CARTESIAN_POINT('',(-0.177778374182,1.144866488939,
    -4.762500000002));
#3537 = CARTESIAN_POINT('',(9.606691379844E-02,1.143203852093,
    -4.781249999999));
#3538 = CARTESIAN_POINT('',(0.355171484031,1.071647070107,-4.8));
#3539 = CARTESIAN_POINT('',(0.807216781324,0.807216369316,-4.8375));
#3540 = CARTESIAN_POINT('',(1.07165192549,0.355176241511,-4.875));
#3541 = CARTESIAN_POINT('',(1.143209081532,9.607265232097E-02,
    -4.893750000001));
#3542 = CARTESIAN_POINT('',(1.14486853092,-0.177774995765,
    -4.912499999999));
#3543 = CARTESIAN_POINT('',(1.074003598917,-0.444993776879,
    -4.931250000002));
#3544 = CARTESIAN_POINT('',(0.935351164266,-0.684000351072,
    -4.949999999999));
#3545 = CARTESIAN_POINT('',(0.740551077324,-0.876210817943,
    -4.968750000001));
#3546 = CARTESIAN_POINT('',(0.506595630365,-1.00868831676,
    -4.987499999999));
#3547 = CARTESIAN_POINT('',(0.253312651744,-1.075279311355,-5.00625));
#3548 = CARTESIAN_POINT('',(5.795531621167E-06,-1.075289498069,-5.025));
#3549 = CARTESIAN_POINT('',(-0.506607916893,-1.075309871495,-5.0625));
#3550 = CARTESIAN_POINT('',(-1.013317139679,-0.809007013393,-5.1));
#3551 = CARTESIAN_POINT('',(-1.364542580346,-0.281705252351,-5.1375));
#3552 = CARTESIAN_POINT('',(-1.400965028501,0.414054875451,-5.175));
#3553 = CARTESIAN_POINT('',(-1.052062482877,1.051310012873,
    -5.212500000001));
#3554 = CARTESIAN_POINT('',(-0.413943196385,1.401166267696,
    -5.249999999999));
#3555 = CARTESIAN_POINT('',(0.282424455392,1.365295048825,-5.2875));
#3556 = CARTESIAN_POINT('',(0.808248362562,1.012470669129,
    -5.325000000001));
#3557 = CARTESIAN_POINT('',(1.075642392113,0.506921496507,-5.3625));
#3558 = CARTESIAN_POINT('',(1.0752404736,2.331468351713E-15,-5.4));
#3559 = DEFINITIONAL_REPRESENTATION('',(#3560),#3563);
#3560 = B_SPLINE_CURVE_WITH_KNOTS('',1,(#3561,#3562),.UNSPECIFIED.,.F.,
  .F.,(2,2),(0.,1.),.PIECEWISE_BEZIER_KNOTS.);
#3561 = CARTESIAN_POINT('',(0.191960997343,0.));
#3562 = CARTESIAN_POINT('',(0.19196419551,4.174945109066E-04));
#3563 = ( GEOMETRIC_REPRESENTATION_CONTEXT(2) 
PARAMETRIC_REPRESENTATION_CONTEXT() REPRESENTATION_CONTEXT('2D SPACE',''
  ) );
#3564 = ORIENTED_EDGE('',*,*,#3565,.F.);
#3565 = EDGE_CURVE('',#3566,#3433,#3568,.T.);
#3566 = VERTEX_POINT('',#3567);
#3567 = CARTESIAN_POINT('',(1.4,-3.429011037613E-16,-4.253752665146));
#3568 = SURFACE_CURVE('',#3569,(#3573,#3580),.PCURVE_S1.);
#3569 = LINE('',#3570,#3571);
#3570 = CARTESIAN_POINT('',(1.4,-3.429011037613E-16,-7.4));
#3571 = VECTOR('',#3572,1.);
#3572 = DIRECTION('',(0.,0.,1.));
#3573 = PCURVE('',#1449,#3574);
#3574 = DEFINITIONAL_REPRESENTATION('',(#3575),#3579);
#3575 = LINE('',#3576,#3577);
#3576 = CARTESIAN_POINT('',(0.,-0.));
#3577 = VECTOR('',#3578,1.);
#3578 = DIRECTION('',(0.,1.));
#3579 = ( GEOMETRIC_REPRESENTATION_CONTEXT(2) 
PARAMETRIC_REPRESENTATION_CONTEXT() REPRESENTATION_CONTEXT('2D SPACE',''
  ) );
#3580 = PCURVE('',#3581,#3586);
#3581 = CYLINDRICAL_SURFACE('',#3582,1.4);
#3582 = AXIS2_PLACEMENT_3D('',#3583,#3584,#3585);
#3583 = CARTESIAN_POINT('',(0.,0.,-7.4));
#3584 = DIRECTION('',(0.,0.,1.));
#3585 = DIRECTION('',(1.,0.,-0.));
#3586 = DEFINITIONAL_REPRESENTATION('',(#3587),#3591);
#3587 = LINE('',#3588,#3589);
#3588 = CARTESIAN_POINT('',(6.28318530718,-0.));
#3589 = VECTOR('',#3590,1.);
#3590 = DIRECTION('',(0.,1.));
#3591 = ( GEOMETRIC_REPRESENTATION_CONTEXT(2) 
PARAMETRIC_REPRESENTATION_CONTEXT() REPRESENTATION_CONTEXT('2D SPACE',''
  ) );
#3592 = ORIENTED_EDGE('',*,*,#3593,.F.);
#3593 = EDGE_CURVE('',#3221,#3566,#3594,.T.);
#3594 = SURFACE_CURVE('',#3595,(#3676,#3760),.PCURVE_S1.);
#3595 = B_SPLINE_CURVE_WITH_KNOTS('',7,(#3596,#3597,#3598,#3599,#3600,
    #3601,#3602,#3603,#3604,#3605,#3606,#3607,#3608,#3609,#3610,#3611,
    #3612,#3613,#3614,#3615,#3616,#3617,#3618,#3619,#3620,#3621,#3622,
    #3623,#3624,#3625,#3626,#3627,#3628,#3629,#3630,#3631,#3632,#3633,
    #3634,#3635,#3636,#3637,#3638,#3639,#3640,#3641,#3642,#3643,#3644,
    #3645,#3646,#3647,#3648,#3649,#3650,#3651,#3652,#3653,#3654,#3655,
    #3656,#3657,#3658,#3659,#3660,#3661,#3662,#3663,#3664,#3665,#3666,
    #3667,#3668,#3669,#3670,#3671,#3672,#3673,#3674,#3675),
  .UNSPECIFIED.,.F.,.F.,(8,6,6,6,6,6,6,6,6,6,6,6,6,8),(0.,0.111647244633
    ,0.163486966485,0.24237265338,0.287358313528,0.407497191695,
    0.536141322485,0.655855380457,0.703577856444,0.727606573312,
    0.751642505105,0.833782929832,0.920869292092,1.),.UNSPECIFIED.);
#3596 = CARTESIAN_POINT('',(1.399960410434,-1.052849548201E-02,
    -3.754196489599));
#3597 = CARTESIAN_POINT('',(1.398906798351,-0.150625929851,
    -3.762317768417));
#3598 = CARTESIAN_POINT('',(1.381495951175,-0.290655043181,
    -3.770318015809));
#3599 = CARTESIAN_POINT('',(1.347724760632,-0.428233596232,
    -3.778272485368));
#3600 = CARTESIAN_POINT('',(1.298045234307,-0.561092292676,
    -3.786218341931));
#3601 = CARTESIAN_POINT('',(1.233263533561,-0.687076008926,
    -3.794170000227));
#3602 = CARTESIAN_POINT('',(1.154526065001,-0.804177283618,
    -3.802129487344));
#3603 = CARTESIAN_POINT('',(1.021077813657,-0.960016910555,
    -3.81378888023));
#3604 = CARTESIAN_POINT('',(0.976083087554,-1.00713869735,
    -3.817487164206));
#3605 = CARTESIAN_POINT('',(0.928559008889,-1.051791607751,
    -3.821186443935));
#3606 = CARTESIAN_POINT('',(0.878668994983,-1.093813582878,
    -3.824886483249));
#3607 = CARTESIAN_POINT('',(0.826588700511,-1.133056741156,
    -3.828587037947));
#3608 = CARTESIAN_POINT('',(0.772505399191,-1.169387795113,
    -3.832287846899));
#3609 = CARTESIAN_POINT('',(0.631571270119,-1.253362861769,
    -3.841620178766));
#3610 = CARTESIAN_POINT('',(0.542337612712,-1.297025186914,
    -3.847252210666));
#3611 = CARTESIAN_POINT('',(0.449622230127,-1.333252214079,
    -3.852883148414));
#3612 = CARTESIAN_POINT('',(0.354170455905,-1.361721323105,
    -3.858512616307));
#3613 = CARTESIAN_POINT('',(0.256758100412,-1.382201074068,
    -3.864140891287));
#3614 = CARTESIAN_POINT('',(0.158185648807,-1.394552993773,
    -3.869768235651));
#3615 = CARTESIAN_POINT('',(2.870889624145E-03,-1.401134887008,
    -3.878602334584));
#3616 = CARTESIAN_POINT('',(-5.36468763512E-02,-1.40087155861,
    -3.881810266121));
#3617 = CARTESIAN_POINT('',(-0.110126961942,-1.397948234979,
    -3.885017899585));
#3618 = CARTESIAN_POINT('',(-0.16641921812,-1.392369153941,
    -3.888225303461));
#3619 = CARTESIAN_POINT('',(-0.222374366355,-1.384149110002,
    -3.891432571511));
#3620 = CARTESIAN_POINT('',(-0.277844359013,-1.373313415519,
    -3.894639779971));
#3621 = CARTESIAN_POINT('',(-0.47913433162,-1.324070232302,
    -3.906412011379));
#3622 = CARTESIAN_POINT('',(-0.621147458825,-1.269826565237,
    -3.914980645198));
#3623 = CARTESIAN_POINT('',(-0.755826484838,-1.197846279479,
    -3.923547328734));
#3624 = CARTESIAN_POINT('',(-0.880561063707,-1.109378868937,
    -3.932114974859));
#3625 = CARTESIAN_POINT('',(-0.993023745855,-1.00607517901,
    -3.940685640458));
#3626 = CARTESIAN_POINT('',(-1.091172385826,-0.889985584278,
    -3.949260686252));
#3627 = CARTESIAN_POINT('',(-1.261466451534,-0.628304384837,
    -3.967011840733));
#3628 = CARTESIAN_POINT('',(-1.331369280207,-0.481067217875,
    -3.976196935756));
#3629 = CARTESIAN_POINT('',(-1.381078294837,-0.324962156723,
    -3.985377963454));
#3630 = CARTESIAN_POINT('',(-1.409361723077,-0.163330822382,
    -3.994557035561));
#3631 = CARTESIAN_POINT('',(-1.415616504245,3.782304505928E-04,
    -4.003737072491));
#3632 = CARTESIAN_POINT('',(-1.399865666452,0.162604358526,
    -4.012921091381));
#3633 = CARTESIAN_POINT('',(-1.328673375268,0.466045220134,
    -4.03063999552));
#3634 = CARTESIAN_POINT('',(-1.276030412778,0.608076117601,
    -4.03918383225));
#3635 = CARTESIAN_POINT('',(-1.205705800298,0.743002550269,
    -4.047723628775));
#3636 = CARTESIAN_POINT('',(-1.118908814683,0.868229519004,
    -4.056260772153));
#3637 = CARTESIAN_POINT('',(-1.017247665851,0.981436550325,
    -4.064796019085));
#3638 = CARTESIAN_POINT('',(-0.902727858729,1.080580252301,
    -4.073331893806));
#3639 = CARTESIAN_POINT('',(-0.728014428234,1.197322775589,
    -4.085265646307));
#3640 = CARTESIAN_POINT('',(-0.676556692863,1.228111588734,
    -4.088667048221));
#3641 = CARTESIAN_POINT('',(-0.623587571404,1.256315402988,
    -4.092068603103));
#3642 = CARTESIAN_POINT('',(-0.56926324939,1.281846006698,
    -4.095470525993));
#3643 = CARTESIAN_POINT('',(-0.513745824955,1.304627234145,
    -4.098873092835));
#3644 = CARTESIAN_POINT('',(-0.457202860519,1.324595166435,
    -4.102276575231));
#3645 = CARTESIAN_POINT('',(-0.370907544263,1.350309937796,
    -4.10739542339));
#3646 = CARTESIAN_POINT('',(-0.341791396557,1.358195415653,
    -4.109109984218));
#3647 = CARTESIAN_POINT('',(-0.312480284591,1.365348265779,
    -4.110824899977));
#3648 = CARTESIAN_POINT('',(-0.282996104611,1.371762799165,
    -4.112540217138));
#3649 = CARTESIAN_POINT('',(-0.253360855884,1.377434137978,
    -4.114255986334));
#3650 = CARTESIAN_POINT('',(-0.223596640699,1.382358215552,
    -4.115972262368));
#3651 = CARTESIAN_POINT('',(-0.163845718897,1.390706590411,
    -4.119406461553));
#3652 = CARTESIAN_POINT('',(-0.133860886906,1.394130167782,
    -4.121125242896));
#3653 = CARTESIAN_POINT('',(-0.103793764669,1.396799336648,
    -4.122843818578));
#3654 = CARTESIAN_POINT('',(-7.366708632676E-02,1.398711788442,
    -4.124561660231));
#3655 = CARTESIAN_POINT('',(-4.350372388254E-02,1.399866077899,
    -4.126279340771));
#3656 = CARTESIAN_POINT('',(-1.332668720416E-02,1.40026162305,
    -4.127998534402));
#3657 = CARTESIAN_POINT('',(0.119935545823,1.398658469385,
    -4.135611846984));
#3658 = CARTESIAN_POINT('',(0.222936351435,1.388560325899,
    -4.141464867925));
#3659 = CARTESIAN_POINT('',(0.32491042442,1.369611723721,-4.147302771084
    ));
#3660 = CARTESIAN_POINT('',(0.424948616658,1.341946923011,
    -4.153141297434));
#3661 = CARTESIAN_POINT('',(0.52216884951,1.305810052604,-4.158987841996
    ));
#3662 = CARTESIAN_POINT('',(0.615723171416,1.261552783699,
    -4.164842612917));
#3663 = CARTESIAN_POINT('',(0.799257990147,1.154615019764,
    -4.176916970314));
#3664 = CARTESIAN_POINT('',(0.888705359456,1.090973265425,
    -4.183138612449));
#3665 = CARTESIAN_POINT('',(0.972187724517,1.019277911223,
    -4.189365083453));
#3666 = CARTESIAN_POINT('',(1.048848353586,0.940209339722,
    -4.195591713405));
#3667 = CARTESIAN_POINT('',(1.117928475337,0.854550100745,-4.20181564387
    ));
#3668 = CARTESIAN_POINT('',(1.178774313705,0.763177739488,
    -4.208036196522));
#3669 = CARTESIAN_POINT('',(1.278186273007,0.579746084389,
    -4.219900572111));
#3670 = CARTESIAN_POINT('',(1.318289112523,0.488495189725,
    -4.225546259367));
#3671 = CARTESIAN_POINT('',(1.350769616243,0.394049193827,
    -4.231188746231));
#3672 = CARTESIAN_POINT('',(1.37533308438,0.297173837052,-4.236829377528
    ));
#3673 = CARTESIAN_POINT('',(1.391778486163,0.198661807244,
    -4.242469860653));
#3674 = CARTESIAN_POINT('',(1.4,9.932670459564E-02,-4.248111126383));
#3675 = CARTESIAN_POINT('',(1.4,0.,-4.253752665146));
#3676 = PCURVE('',#1449,#3677);
#3677 = DEFINITIONAL_REPRESENTATION('',(#3678),#3759);
#3678 = B_SPLINE_CURVE_WITH_KNOTS('',7,(#3679,#3680,#3681,#3682,#3683,
    #3684,#3685,#3686,#3687,#3688,#3689,#3690,#3691,#3692,#3693,#3694,
    #3695,#3696,#3697,#3698,#3699,#3700,#3701,#3702,#3703,#3704,#3705,
    #3706,#3707,#3708,#3709,#3710,#3711,#3712,#3713,#3714,#3715,#3716,
    #3717,#3718,#3719,#3720,#3721,#3722,#3723,#3724,#3725,#3726,#3727,
    #3728,#3729,#3730,#3731,#3732,#3733,#3734,#3735,#3736,#3737,#3738,
    #3739,#3740,#3741,#3742,#3743,#3744,#3745,#3746,#3747,#3748,#3749,
    #3750,#3751,#3752,#3753,#3754,#3755,#3756,#3757,#3758),
  .UNSPECIFIED.,.F.,.F.,(8,6,6,6,6,6,6,6,6,6,6,6,6,8),(0.,0.111647244633
    ,0.163486966485,0.24237265338,0.287358313528,0.407497191695,
    0.536141322485,0.655855380457,0.703577856444,0.727606573312,
    0.751642505105,0.833782929832,0.920869292092,1.),.UNSPECIFIED.);
#3679 = CARTESIAN_POINT('',(6.275664882376,3.645803510401));
#3680 = CARTESIAN_POINT('',(6.175592456524,3.637682231583));
#3681 = CARTESIAN_POINT('',(6.075481882768,3.629681984191));
#3682 = CARTESIAN_POINT('',(5.975392725835,3.621727514632));
#3683 = CARTESIAN_POINT('',(5.875317942186,3.613781658069));
#3684 = CARTESIAN_POINT('',(5.775228178431,3.605829999773));
#3685 = CARTESIAN_POINT('',(5.675115254593,3.597870512656));
#3686 = CARTESIAN_POINT('',(5.528565783406,3.58621111977));
#3687 = CARTESIAN_POINT('',(5.482095755562,3.582512835794));
#3688 = CARTESIAN_POINT('',(5.435626193112,3.578813556065));
#3689 = CARTESIAN_POINT('',(5.38915704526,3.575113516751));
#3690 = CARTESIAN_POINT('',(5.342687693242,3.571412962053));
#3691 = CARTESIAN_POINT('',(5.296217877596,3.567712153101));
#3692 = CARTESIAN_POINT('',(5.179035304718,3.558379821234));
#3693 = CARTESIAN_POINT('',(5.108316269425,3.552747789334));
#3694 = CARTESIAN_POINT('',(5.037601383274,3.547116851586));
#3695 = CARTESIAN_POINT('',(4.966889077936,3.541487383693));
#3696 = CARTESIAN_POINT('',(4.896174031352,3.535859108713));
#3697 = CARTESIAN_POINT('',(4.825454800681,3.530231764349));
#3698 = CARTESIAN_POINT('',(4.714416115248,3.521397665416));
#3699 = CARTESIAN_POINT('',(4.674090445659,3.518189733879));
#3700 = CARTESIAN_POINT('',(4.633765008612,3.514982100415));
#3701 = CARTESIAN_POINT('',(4.593439722879,3.511774696539));
#3702 = CARTESIAN_POINT('',(4.553114274449,3.508567428489));
#3703 = CARTESIAN_POINT('',(4.512788572474,3.505360220029));
#3704 = CARTESIAN_POINT('',(4.364770123255,3.493587988621));
#3705 = CARTESIAN_POINT('',(4.257030679115,3.485019354802));
#3706 = CARTESIAN_POINT('',(4.149329279193,3.476452671266));
#3707 = CARTESIAN_POINT('',(4.041641386709,3.467885025141));
#3708 = CARTESIAN_POINT('',(3.933940191028,3.459314359542));
#3709 = CARTESIAN_POINT('',(3.826201099206,3.450739313748));
#3710 = CARTESIAN_POINT('',(3.603191628651,3.432988159267));
#3711 = CARTESIAN_POINT('',(3.487809759546,3.423803064244));
#3712 = CARTESIAN_POINT('',(3.372481821904,3.414622036546));
#3713 = CARTESIAN_POINT('',(3.257171144789,3.405442964439));
#3714 = CARTESIAN_POINT('',(3.141843222291,3.396262927509));
#3715 = CARTESIAN_POINT('',(3.026460885426,3.387078908619));
#3716 = CARTESIAN_POINT('',(2.803831997261,3.36936000448));
#3717 = CARTESIAN_POINT('',(2.696474425928,3.36081616775));
#3718 = CARTESIAN_POINT('',(2.58915408574,3.352276371225));
#3719 = CARTESIAN_POINT('',(2.481846860867,3.343739227847));
#3720 = CARTESIAN_POINT('',(2.374526245488,3.335203980915));
#3721 = CARTESIAN_POINT('',(2.267168206596,3.326668106194));
#3722 = CARTESIAN_POINT('',(2.117077078598,3.314734353693));
#3723 = CARTESIAN_POINT('',(2.07429789171,3.311332951779));
#3724 = CARTESIAN_POINT('',(2.031519060216,3.307931396897));
#3725 = CARTESIAN_POINT('',(1.988740481068,3.304529474007));
#3726 = CARTESIAN_POINT('',(1.945961733931,3.301126907165));
#3727 = CARTESIAN_POINT('',(1.903182691328,3.297723424769));
#3728 = CARTESIAN_POINT('',(1.838864718969,3.29260457661));
#3729 = CARTESIAN_POINT('',(1.817325060828,3.290890015782));
#3730 = CARTESIAN_POINT('',(1.795785044819,3.289175100023));
#3731 = CARTESIAN_POINT('',(1.774244505288,3.287459782862));
#3732 = CARTESIAN_POINT('',(1.752703220467,3.285744013666));
#3733 = CARTESIAN_POINT('',(1.731160912474,3.284027737632));
#3734 = CARTESIAN_POINT('',(1.688067113385,3.280593538447));
#3735 = CARTESIAN_POINT('',(1.666517049342,3.278874757104));
#3736 = CARTESIAN_POINT('',(1.644966968798,3.277156181422));
#3737 = CARTESIAN_POINT('',(1.62341684496,3.275438339769));
#3738 = CARTESIAN_POINT('',(1.601866710621,3.273720659229));
#3739 = CARTESIAN_POINT('',(1.58031665816,3.272001465598));
#3740 = CARTESIAN_POINT('',(1.485122461231,3.264388153016));
#3741 = CARTESIAN_POINT('',(1.411469124734,3.258535132075));
#3742 = CARTESIAN_POINT('',(1.337820200287,3.252697228916));
#3743 = CARTESIAN_POINT('',(1.264174554065,3.246858702566));
#3744 = CARTESIAN_POINT('',(1.190525994956,3.241012158004));
#3745 = CARTESIAN_POINT('',(1.116872752507,3.235157387083));
#3746 = CARTESIAN_POINT('',(0.965146772594,3.223083029686));
#3747 = CARTESIAN_POINT('',(0.887057670392,3.216861387551));
#3748 = CARTESIAN_POINT('',(0.808975694054,3.210634916547));
#3749 = CARTESIAN_POINT('',(0.730898103161,3.204408286595));
#3750 = CARTESIAN_POINT('',(0.652816004634,3.19818435613));
#3751 = CARTESIAN_POINT('',(0.574726836666,3.191963803478));
#3752 = CARTESIAN_POINT('',(0.425699531702,3.180099427889));
#3753 = CARTESIAN_POINT('',(0.354746295708,3.174453740633));
#3754 = CARTESIAN_POINT('',(0.283797116521,3.168811253769));
#3755 = CARTESIAN_POINT('',(0.212850533711,3.163170622472));
#3756 = CARTESIAN_POINT('',(0.141901206991,3.157530139347));
#3757 = CARTESIAN_POINT('',(7.094764613974E-02,3.151888873617));
#3758 = CARTESIAN_POINT('',(0.,3.146247334854));
#3759 = ( GEOMETRIC_REPRESENTATION_CONTEXT(2) 
PARAMETRIC_REPRESENTATION_CONTEXT() REPRESENTATION_CONTEXT('2D SPACE',''
  ) );
#3760 = PCURVE('',#3234,#3761);
#3761 = DEFINITIONAL_REPRESENTATION('',(#3762),#3843);
#3762 = B_SPLINE_CURVE_WITH_KNOTS('',7,(#3763,#3764,#3765,#3766,#3767,
    #3768,#3769,#3770,#3771,#3772,#3773,#3774,#3775,#3776,#3777,#3778,
    #3779,#3780,#3781,#3782,#3783,#3784,#3785,#3786,#3787,#3788,#3789,
    #3790,#3791,#3792,#3793,#3794,#3795,#3796,#3797,#3798,#3799,#3800,
    #3801,#3802,#3803,#3804,#3805,#3806,#3807,#3808,#3809,#3810,#3811,
    #3812,#3813,#3814,#3815,#3816,#3817,#3818,#3819,#3820,#3821,#3822,
    #3823,#3824,#3825,#3826,#3827,#3828,#3829,#3830,#3831,#3832,#3833,
    #3834,#3835,#3836,#3837,#3838,#3839,#3840,#3841,#3842),
  .UNSPECIFIED.,.F.,.F.,(8,6,6,6,6,6,6,6,6,6,6,6,6,8),(0.,0.111647244633
    ,0.163486966485,0.24237265338,0.287358313528,0.407497191695,
    0.536141322485,0.655855380457,0.703577856444,0.727606573312,
    0.751642505105,0.833782929832,0.920869292092,1.),.UNSPECIFIED.);
#3763 = CARTESIAN_POINT('',(0.356107498152,0.));
#3764 = CARTESIAN_POINT('',(0.355963652248,5.296463644546E-03));
#3765 = CARTESIAN_POINT('',(0.355970445237,1.060492107309E-02));
#3766 = CARTESIAN_POINT('',(0.356015061077,1.591518818141E-02));
#3767 = CARTESIAN_POINT('',(0.356052816764,2.122560230508E-02));
#3768 = CARTESIAN_POINT('',(0.356074264628,2.653714891121E-02));
#3769 = CARTESIAN_POINT('',(0.356082564929,3.184967466408E-02));
#3770 = CARTESIAN_POINT('',(0.356080461909,3.962594834645E-02));
#3771 = CARTESIAN_POINT('',(0.356077728576,4.209169534938E-02));
#3772 = CARTESIAN_POINT('',(0.356073383804,4.455733792746E-02));
#3773 = CARTESIAN_POINT('',(0.356067947884,4.702287408085E-02));
#3774 = CARTESIAN_POINT('',(0.356061937733,4.948833813651E-02));
#3775 = CARTESIAN_POINT('',(0.356055798279,5.195374912898E-02));
#3776 = CARTESIAN_POINT('',(0.356040757649,5.817057770622E-02));
#3777 = CARTESIAN_POINT('',(0.356032096417,6.192223516574E-02));
#3778 = CARTESIAN_POINT('',(0.35602501241,6.567353333889E-02));
#3779 = CARTESIAN_POINT('',(0.356020094988,6.942459248769E-02));
#3780 = CARTESIAN_POINT('',(0.356017445012,7.317573578856E-02));
#3781 = CARTESIAN_POINT('',(0.356016828551,7.692707864808E-02));
#3782 = CARTESIAN_POINT('',(0.356018510836,8.28172080611E-02));
#3783 = CARTESIAN_POINT('',(0.356019670264,8.495631673342E-02));
#3784 = CARTESIAN_POINT('',(0.3560213116,8.70954229255E-02));
#3785 = CARTESIAN_POINT('',(0.356023354814,8.923453654977E-02));
#3786 = CARTESIAN_POINT('',(0.356025713217,9.137367908607E-02));
#3787 = CARTESIAN_POINT('',(0.356028300274,9.351285924246E-02));
#3788 = CARTESIAN_POINT('',(0.356038343508,0.101364976039));
#3789 = CARTESIAN_POINT('',(0.356046714819,0.107080555312));
#3790 = CARTESIAN_POINT('',(0.356054623978,0.112794362854));
#3791 = CARTESIAN_POINT('',(0.356060782696,0.118507700738));
#3792 = CARTESIAN_POINT('',(0.356064879804,0.124221927829));
#3793 = CARTESIAN_POINT('',(0.356066828514,0.129938236447));
#3794 = CARTESIAN_POINT('',(0.356066399214,0.141770371898));
#3795 = CARTESIAN_POINT('',(0.356063711485,0.14789210897));
#3796 = CARTESIAN_POINT('',(0.356058504188,0.154010818944));
#3797 = CARTESIAN_POINT('',(0.356051068368,0.160128323904));
#3798 = CARTESIAN_POINT('',(0.356041088054,0.166246422421));
#3799 = CARTESIAN_POINT('',(0.356030981582,0.172367198819));
#3800 = CARTESIAN_POINT('',(0.35601704895,0.184177023527));
#3801 = CARTESIAN_POINT('',(0.356012809185,0.18987197203));
#3802 = CARTESIAN_POINT('',(0.356013582051,0.195564986398));
#3803 = CARTESIAN_POINT('',(0.356021700272,0.201257498501));
#3804 = CARTESIAN_POINT('',(0.356039846608,0.206950964933));
#3805 = CARTESIAN_POINT('',(0.356060114619,0.212646721599));
#3806 = CARTESIAN_POINT('',(0.35607860292,0.220610022809));
#3807 = CARTESIAN_POINT('',(0.356082747937,0.222879778946));
#3808 = CARTESIAN_POINT('',(0.35608522284,0.225149556793));
#3809 = CARTESIAN_POINT('',(0.356085395827,0.227419358735));
#3810 = CARTESIAN_POINT('',(0.356082754857,0.229689196687));
#3811 = CARTESIAN_POINT('',(0.356077113589,0.23195905139));
#3812 = CARTESIAN_POINT('',(0.35606464006,0.235371687473));
#3813 = CARTESIAN_POINT('',(0.356059796269,0.236514543465));
#3814 = CARTESIAN_POINT('',(0.356054321907,0.237657399711));
#3815 = CARTESIAN_POINT('',(0.356048305128,0.238800256209));
#3816 = CARTESIAN_POINT('',(0.356041886269,0.239943112899));
#3817 = CARTESIAN_POINT('',(0.356035257854,0.24108596966));
#3818 = CARTESIAN_POINT('',(0.356022069349,0.243372026132));
#3819 = CARTESIAN_POINT('',(0.356015115513,0.244515182536));
#3820 = CARTESIAN_POINT('',(0.356008742052,0.245658225781));
#3821 = CARTESIAN_POINT('',(0.356003508055,0.246801113575));
#3822 = CARTESIAN_POINT('',(0.355999592731,0.247943831076));
#3823 = CARTESIAN_POINT('',(0.355996795407,0.249086390899));
#3824 = CARTESIAN_POINT('',(0.355986812627,0.25413301661));
#3825 = CARTESIAN_POINT('',(0.356019878834,0.258040416811));
#3826 = CARTESIAN_POINT('',(0.356064049875,0.261948178441));
#3827 = CARTESIAN_POINT('',(0.3560977912,0.265855785357));
#3828 = CARTESIAN_POINT('',(0.356113534822,0.269763542641));
#3829 = CARTESIAN_POINT('',(0.356115069005,0.273671550772));
#3830 = CARTESIAN_POINT('',(0.356097416725,0.28172208331));
#3831 = CARTESIAN_POINT('',(0.356077110231,0.285865473252));
#3832 = CARTESIAN_POINT('',(0.356051377449,0.290008509904));
#3833 = CARTESIAN_POINT('',(0.356029232135,0.294151272285));
#3834 = CARTESIAN_POINT('',(0.356015562862,0.298294103141));
#3835 = CARTESIAN_POINT('',(0.356009632956,0.302437018251));
#3836 = CARTESIAN_POINT('',(0.356009232583,0.310342925233));
#3837 = CARTESIAN_POINT('',(0.356013728774,0.314106765545));
#3838 = CARTESIAN_POINT('',(0.356021359199,0.317870152281));
#3839 = CARTESIAN_POINT('',(0.356029005936,0.321633227908));
#3840 = CARTESIAN_POINT('',(0.356034458208,0.325396399114));
#3841 = CARTESIAN_POINT('',(0.356037305213,0.329159882341));
#3842 = CARTESIAN_POINT('',(0.356038249269,0.33292321389));
#3843 = ( GEOMETRIC_REPRESENTATION_CONTEXT(2) 
PARAMETRIC_REPRESENTATION_CONTEXT() REPRESENTATION_CONTEXT('2D SPACE',''
  ) );
#3844 = ORIENTED_EDGE('',*,*,#3354,.T.);
#3845 = ADVANCED_FACE('',(#3846),#1346,.T.);
#3846 = FACE_BOUND('',#3847,.T.);
#3847 = EDGE_LOOP('',(#3848,#3869,#3870,#3871));
#3848 = ORIENTED_EDGE('',*,*,#3849,.T.);
#3849 = EDGE_CURVE('',#816,#2531,#3850,.T.);
#3850 = SURFACE_CURVE('',#3851,(#3855,#3862),.PCURVE_S1.);
#3851 = LINE('',#3852,#3853);
#3852 = CARTESIAN_POINT('',(1.4,-3.429011037613E-16,-7.4));
#3853 = VECTOR('',#3854,1.);
#3854 = DIRECTION('',(0.,0.,1.));
#3855 = PCURVE('',#1346,#3856);
#3856 = DEFINITIONAL_REPRESENTATION('',(#3857),#3861);
#3857 = LINE('',#3858,#3859);
#3858 = CARTESIAN_POINT('',(6.28318530718,-0.));
#3859 = VECTOR('',#3860,1.);
#3860 = DIRECTION('',(0.,1.));
#3861 = ( GEOMETRIC_REPRESENTATION_CONTEXT(2) 
PARAMETRIC_REPRESENTATION_CONTEXT() REPRESENTATION_CONTEXT('2D SPACE',''
  ) );
#3862 = PCURVE('',#1053,#3863);
#3863 = DEFINITIONAL_REPRESENTATION('',(#3864),#3868);
#3864 = LINE('',#3865,#3866);
#3865 = CARTESIAN_POINT('',(0.,-0.));
#3866 = VECTOR('',#3867,1.);
#3867 = DIRECTION('',(0.,1.));
#3868 = ( GEOMETRIC_REPRESENTATION_CONTEXT(2) 
PARAMETRIC_REPRESENTATION_CONTEXT() REPRESENTATION_CONTEXT('2D SPACE',''
  ) );
#3869 = ORIENTED_EDGE('',*,*,#2530,.T.);
#3870 = ORIENTED_EDGE('',*,*,#3383,.F.);
#3871 = ORIENTED_EDGE('',*,*,#1176,.F.);
#3872 = ADVANCED_FACE('',(#3873),#1053,.T.);
#3873 = FACE_BOUND('',#3874,.T.);
#3874 = EDGE_LOOP('',(#3875,#3876,#3877,#3878));
#3875 = ORIENTED_EDGE('',*,*,#1544,.T.);
#3876 = ORIENTED_EDGE('',*,*,#2928,.T.);
#3877 = ORIENTED_EDGE('',*,*,#3849,.F.);
#3878 = ORIENTED_EDGE('',*,*,#815,.F.);
#3879 = ADVANCED_FACE('',(#3880),#1612,.F.);
#3880 = FACE_BOUND('',#3881,.F.);
#3881 = EDGE_LOOP('',(#3882,#3883,#3906,#3907,#3908,#3938,#3966,#3967,
    #3968,#3998,#4026,#4027,#4028,#4058,#4086,#4087,#4088,#4118));
#3882 = ORIENTED_EDGE('',*,*,#2204,.T.);
#3883 = ORIENTED_EDGE('',*,*,#3884,.F.);
#3884 = EDGE_CURVE('',#3885,#1570,#3887,.T.);
#3885 = VERTEX_POINT('',#3886);
#3886 = CARTESIAN_POINT('',(0.,0.,-1.830303992915));
#3887 = SEAM_CURVE('',#3888,(#3892,#3899),.PCURVE_S1.);
#3888 = LINE('',#3889,#3890);
#3889 = CARTESIAN_POINT('',(0.,0.,-1.830303992915));
#3890 = VECTOR('',#3891,1.);
#3891 = DIRECTION('',(0.683941128881,-1.675172628579E-16,0.72953720414)
  );
#3892 = PCURVE('',#1612,#3893);
#3893 = DEFINITIONAL_REPRESENTATION('',(#3894),#3898);
#3894 = LINE('',#3895,#3896);
#3895 = CARTESIAN_POINT('',(6.28318530718,-0.));
#3896 = VECTOR('',#3897,1.);
#3897 = DIRECTION('',(0.,1.));
#3898 = ( GEOMETRIC_REPRESENTATION_CONTEXT(2) 
PARAMETRIC_REPRESENTATION_CONTEXT() REPRESENTATION_CONTEXT('2D SPACE',''
  ) );
#3899 = PCURVE('',#1612,#3900);
#3900 = DEFINITIONAL_REPRESENTATION('',(#3901),#3905);
#3901 = LINE('',#3902,#3903);
#3902 = CARTESIAN_POINT('',(0.,-0.));
#3903 = VECTOR('',#3904,1.);
#3904 = DIRECTION('',(0.,1.));
#3905 = ( GEOMETRIC_REPRESENTATION_CONTEXT(2) 
PARAMETRIC_REPRESENTATION_CONTEXT() REPRESENTATION_CONTEXT('2D SPACE',''
  ) );
#3906 = ORIENTED_EDGE('',*,*,#3884,.T.);
#3907 = ORIENTED_EDGE('',*,*,#1595,.T.);
#3908 = ORIENTED_EDGE('',*,*,#3909,.F.);
#3909 = EDGE_CURVE('',#3910,#1596,#3912,.T.);
#3910 = VERTEX_POINT('',#3911);
#3911 = CARTESIAN_POINT('',(0.603283173735,-0.603283173735,
    -0.920254663585));
#3912 = SURFACE_CURVE('',#3913,(#3918,#3931),.PCURVE_S1.);
#3913 = HYPERBOLA('',#3914,0.765956178654,0.718083917489);
#3914 = AXIS2_PLACEMENT_3D('',#3915,#3916,#3917);
#3915 = CARTESIAN_POINT('',(0.153173313253,-0.70155715994,
    -1.830303992915));
#3916 = DIRECTION('',(-0.213308374583,0.976984921753,0.));
#3917 = DIRECTION('',(0.,0.,1.));
#3918 = PCURVE('',#1612,#3919);
#3919 = DEFINITIONAL_REPRESENTATION('',(#3920),#3930);
#3920 = B_SPLINE_CURVE_WITH_KNOTS('',8,(#3921,#3922,#3923,#3924,#3925,
    #3926,#3927,#3928,#3929),.UNSPECIFIED.,.F.,.F.,(9,9),(0.493492976169
    ,1.464716114777),.PIECEWISE_BEZIER_KNOTS.);
#3921 = CARTESIAN_POINT('',(5.401950881413,0.861133153806));
#3922 = CARTESIAN_POINT('',(5.509935686171,0.908908152249));
#3923 = CARTESIAN_POINT('',(5.611073734176,0.971188237943));
#3924 = CARTESIAN_POINT('',(5.703952845302,1.049046379077));
#3925 = CARTESIAN_POINT('',(5.787966132597,1.14401165311));
#3926 = CARTESIAN_POINT('',(5.863345467518,1.25811971756));
#3927 = CARTESIAN_POINT('',(5.930641482932,1.393999605584));
#3928 = CARTESIAN_POINT('',(5.990560237591,1.555003197989));
#3929 = CARTESIAN_POINT('',(6.043836813826,1.745406744498));
#3930 = ( GEOMETRIC_REPRESENTATION_CONTEXT(2) 
PARAMETRIC_REPRESENTATION_CONTEXT() REPRESENTATION_CONTEXT('2D SPACE',''
  ) );
#3931 = PCURVE('',#1652,#3932);
#3932 = DEFINITIONAL_REPRESENTATION('',(#3933),#3937);
#3933 = ( BOUNDED_CURVE() B_SPLINE_CURVE(2,(#3934,#3935,#3936),
.UNSPECIFIED.,.F.,.F.) B_SPLINE_CURVE_WITH_KNOTS((3,3),(0.493492976169,
1.464716114777),.PIECEWISE_BEZIER_KNOTS.) CURVE() 
GEOMETRIC_REPRESENTATION_ITEM() RATIONAL_B_SPLINE_CURVE((1.,
1.120244689298,1.)) REPRESENTATION_ITEM('') );
#3934 = CARTESIAN_POINT('',(-9.178410089035E-02,-1.061133153806));
#3935 = CARTESIAN_POINT('',(0.272092925448,-1.238505004941));
#3936 = CARTESIAN_POINT('',(1.009625109794,-1.945406744498));
#3937 = ( GEOMETRIC_REPRESENTATION_CONTEXT(2) 
PARAMETRIC_REPRESENTATION_CONTEXT() REPRESENTATION_CONTEXT('2D SPACE',''
  ) );
#3938 = ORIENTED_EDGE('',*,*,#3939,.F.);
#3939 = EDGE_CURVE('',#1694,#3910,#3940,.T.);
#3940 = SURFACE_CURVE('',#3941,(#3946,#3959),.PCURVE_S1.);
#3941 = HYPERBOLA('',#3942,0.765956178654,0.718083917489);
#3942 = AXIS2_PLACEMENT_3D('',#3943,#3944,#3945);
#3943 = CARTESIAN_POINT('',(0.70155715994,-0.153173313253,
    -1.830303992915));
#3944 = DIRECTION('',(-0.976984921753,0.213308374583,0.));
#3945 = DIRECTION('',(0.,0.,1.));
#3946 = PCURVE('',#1612,#3947);
#3947 = DEFINITIONAL_REPRESENTATION('',(#3948),#3958);
#3948 = B_SPLINE_CURVE_WITH_KNOTS('',8,(#3949,#3950,#3951,#3952,#3953,
    #3954,#3955,#3956,#3957),.UNSPECIFIED.,.F.,.F.,(9,9),(
    -1.464716114777,-0.493492976169),.PIECEWISE_BEZIER_KNOTS.);
#3949 = CARTESIAN_POINT('',(4.951737473738,1.745406744498));
#3950 = CARTESIAN_POINT('',(5.005014049973,1.555003197989));
#3951 = CARTESIAN_POINT('',(5.064932804624,1.393999605585));
#3952 = CARTESIAN_POINT('',(5.132228820055,1.258119717556));
#3953 = CARTESIAN_POINT('',(5.207608154931,1.144011653118));
#3954 = CARTESIAN_POINT('',(5.291621442266,1.049046379072));
#3955 = CARTESIAN_POINT('',(5.384500553377,0.971188237944));
#3956 = CARTESIAN_POINT('',(5.485638601394,0.908908152249));
#3957 = CARTESIAN_POINT('',(5.593623406151,0.861133153806));
#3958 = ( GEOMETRIC_REPRESENTATION_CONTEXT(2) 
PARAMETRIC_REPRESENTATION_CONTEXT() REPRESENTATION_CONTEXT('2D SPACE',''
  ) );
#3959 = PCURVE('',#1721,#3960);
#3960 = DEFINITIONAL_REPRESENTATION('',(#3961),#3965);
#3961 = ( BOUNDED_CURVE() B_SPLINE_CURVE(2,(#3962,#3963,#3964),
.UNSPECIFIED.,.F.,.F.) B_SPLINE_CURVE_WITH_KNOTS((3,3),(-1.464716114777,
-0.493492976169),.PIECEWISE_BEZIER_KNOTS.) CURVE() 
GEOMETRIC_REPRESENTATION_ITEM() RATIONAL_B_SPLINE_CURVE((1.,
1.120244689298,1.)) REPRESENTATION_ITEM('') );
#3962 = CARTESIAN_POINT('',(-9.178410089035E-02,-1.945406744498));
#3963 = CARTESIAN_POINT('',(0.645748083455,-1.238505004941));
#3964 = CARTESIAN_POINT('',(1.009625109794,-1.061133153806));
#3965 = ( GEOMETRIC_REPRESENTATION_CONTEXT(2) 
PARAMETRIC_REPRESENTATION_CONTEXT() REPRESENTATION_CONTEXT('2D SPACE',''
  ) );
#3966 = ORIENTED_EDGE('',*,*,#1733,.T.);
#3967 = ORIENTED_EDGE('',*,*,#1757,.T.);
#3968 = ORIENTED_EDGE('',*,*,#3969,.F.);
#3969 = EDGE_CURVE('',#3970,#1758,#3972,.T.);
#3970 = VERTEX_POINT('',#3971);
#3971 = CARTESIAN_POINT('',(-0.603283173735,-0.603283173735,
    -0.920254663585));
#3972 = SURFACE_CURVE('',#3973,(#3978,#3991),.PCURVE_S1.);
#3973 = HYPERBOLA('',#3974,0.765956178654,0.718083917489);
#3974 = AXIS2_PLACEMENT_3D('',#3975,#3976,#3977);
#3975 = CARTESIAN_POINT('',(-0.70155715994,-0.153173313253,
    -1.830303992915));
#3976 = DIRECTION('',(0.976984921753,0.213308374583,-0.));
#3977 = DIRECTION('',(0.,0.,1.));
#3978 = PCURVE('',#1612,#3979);
#3979 = DEFINITIONAL_REPRESENTATION('',(#3980),#3990);
#3980 = B_SPLINE_CURVE_WITH_KNOTS('',8,(#3981,#3982,#3983,#3984,#3985,
    #3986,#3987,#3988,#3989),.UNSPECIFIED.,.F.,.F.,(9,9),(0.493492976169
    ,1.464716114777),.PIECEWISE_BEZIER_KNOTS.);
#3981 = CARTESIAN_POINT('',(3.831154554619,0.861133153806));
#3982 = CARTESIAN_POINT('',(3.939139359376,0.908908152249));
#3983 = CARTESIAN_POINT('',(4.040277407385,0.971188237944));
#3984 = CARTESIAN_POINT('',(4.133156518503,1.049046379071));
#3985 = CARTESIAN_POINT('',(4.217169805812,1.144011653123));
#3986 = CARTESIAN_POINT('',(4.292549140713,1.258119717555));
#3987 = CARTESIAN_POINT('',(4.359845156139,1.393999605587));
#3988 = CARTESIAN_POINT('',(4.419763910797,1.555003197989));
#3989 = CARTESIAN_POINT('',(4.473040487031,1.745406744498));
#3990 = ( GEOMETRIC_REPRESENTATION_CONTEXT(2) 
PARAMETRIC_REPRESENTATION_CONTEXT() REPRESENTATION_CONTEXT('2D SPACE',''
  ) );
#3991 = PCURVE('',#1809,#3992);
#3992 = DEFINITIONAL_REPRESENTATION('',(#3993),#3997);
#3993 = ( BOUNDED_CURVE() B_SPLINE_CURVE(2,(#3994,#3995,#3996),
.UNSPECIFIED.,.F.,.F.) B_SPLINE_CURVE_WITH_KNOTS((3,3),(0.493492976169,
1.464716114777),.PIECEWISE_BEZIER_KNOTS.) CURVE() 
GEOMETRIC_REPRESENTATION_ITEM() RATIONAL_B_SPLINE_CURVE((1.,
1.120244689298,1.)) REPRESENTATION_ITEM('') );
#3994 = CARTESIAN_POINT('',(-9.178410089035E-02,-1.061133153806));
#3995 = CARTESIAN_POINT('',(0.272092925448,-1.238505004941));
#3996 = CARTESIAN_POINT('',(1.009625109794,-1.945406744498));
#3997 = ( GEOMETRIC_REPRESENTATION_CONTEXT(2) 
PARAMETRIC_REPRESENTATION_CONTEXT() REPRESENTATION_CONTEXT('2D SPACE',''
  ) );
#3998 = ORIENTED_EDGE('',*,*,#3999,.F.);
#3999 = EDGE_CURVE('',#1851,#3970,#4000,.T.);
#4000 = SURFACE_CURVE('',#4001,(#4006,#4019),.PCURVE_S1.);
#4001 = HYPERBOLA('',#4002,0.765956178654,0.718083917489);
#4002 = AXIS2_PLACEMENT_3D('',#4003,#4004,#4005);
#4003 = CARTESIAN_POINT('',(-0.153173313253,-0.70155715994,
    -1.830303992915));
#4004 = DIRECTION('',(0.213308374583,0.976984921753,-0.));
#4005 = DIRECTION('',(0.,0.,1.));
#4006 = PCURVE('',#1612,#4007);
#4007 = DEFINITIONAL_REPRESENTATION('',(#4008),#4018);
#4008 = B_SPLINE_CURVE_WITH_KNOTS('',8,(#4009,#4010,#4011,#4012,#4013,
    #4014,#4015,#4016,#4017),.UNSPECIFIED.,.F.,.F.,(9,9),(
    -1.464716114777,-0.493492976169),.PIECEWISE_BEZIER_KNOTS.);
#4009 = CARTESIAN_POINT('',(3.380941146943,1.745406744498));
#4010 = CARTESIAN_POINT('',(3.434217723178,1.555003197989));
#4011 = CARTESIAN_POINT('',(3.494136477835,1.393999605584));
#4012 = CARTESIAN_POINT('',(3.561432493239,1.258119717556));
#4013 = CARTESIAN_POINT('',(3.636811828179,1.144011653117));
#4014 = CARTESIAN_POINT('',(3.720825115444,1.049046379073));
#4015 = CARTESIAN_POINT('',(3.813704226591,0.971188237943));
#4016 = CARTESIAN_POINT('',(3.914842274599,0.908908152249));
#4017 = CARTESIAN_POINT('',(4.022827079356,0.861133153806));
#4018 = ( GEOMETRIC_REPRESENTATION_CONTEXT(2) 
PARAMETRIC_REPRESENTATION_CONTEXT() REPRESENTATION_CONTEXT('2D SPACE',''
  ) );
#4019 = PCURVE('',#1878,#4020);
#4020 = DEFINITIONAL_REPRESENTATION('',(#4021),#4025);
#4021 = ( BOUNDED_CURVE() B_SPLINE_CURVE(2,(#4022,#4023,#4024),
.UNSPECIFIED.,.F.,.F.) B_SPLINE_CURVE_WITH_KNOTS((3,3),(-1.464716114777,
-0.493492976169),.PIECEWISE_BEZIER_KNOTS.) CURVE() 
GEOMETRIC_REPRESENTATION_ITEM() RATIONAL_B_SPLINE_CURVE((1.,
1.120244689298,1.)) REPRESENTATION_ITEM('') );
#4022 = CARTESIAN_POINT('',(-9.178410089035E-02,-1.945406744498));
#4023 = CARTESIAN_POINT('',(0.645748083455,-1.238505004941));
#4024 = CARTESIAN_POINT('',(1.009625109794,-1.061133153806));
#4025 = ( GEOMETRIC_REPRESENTATION_CONTEXT(2) 
PARAMETRIC_REPRESENTATION_CONTEXT() REPRESENTATION_CONTEXT('2D SPACE',''
  ) );
#4026 = ORIENTED_EDGE('',*,*,#1890,.T.);
#4027 = ORIENTED_EDGE('',*,*,#1914,.T.);
#4028 = ORIENTED_EDGE('',*,*,#4029,.F.);
#4029 = EDGE_CURVE('',#4030,#1915,#4032,.T.);
#4030 = VERTEX_POINT('',#4031);
#4031 = CARTESIAN_POINT('',(-0.603283173735,0.603283173735,
    -0.920254663585));
#4032 = SURFACE_CURVE('',#4033,(#4038,#4051),.PCURVE_S1.);
#4033 = HYPERBOLA('',#4034,0.765956178654,0.718083917489);
#4034 = AXIS2_PLACEMENT_3D('',#4035,#4036,#4037);
#4035 = CARTESIAN_POINT('',(-0.153173313253,0.70155715994,
    -1.830303992915));
#4036 = DIRECTION('',(0.213308374583,-0.976984921753,0.));
#4037 = DIRECTION('',(0.,0.,1.));
#4038 = PCURVE('',#1612,#4039);
#4039 = DEFINITIONAL_REPRESENTATION('',(#4040),#4050);
#4040 = B_SPLINE_CURVE_WITH_KNOTS('',8,(#4041,#4042,#4043,#4044,#4045,
    #4046,#4047,#4048,#4049),.UNSPECIFIED.,.F.,.F.,(9,9),(0.493492976169
    ,1.464716114777),.PIECEWISE_BEZIER_KNOTS.);
#4041 = CARTESIAN_POINT('',(2.260358227824,0.861133153806));
#4042 = CARTESIAN_POINT('',(2.368343032581,0.908908152249));
#4043 = CARTESIAN_POINT('',(2.469481080587,0.971188237943));
#4044 = CARTESIAN_POINT('',(2.562360191728,1.049046379077));
#4045 = CARTESIAN_POINT('',(2.64637347902,1.14401165311));
#4046 = CARTESIAN_POINT('',(2.721752813932,1.25811971756));
#4047 = CARTESIAN_POINT('',(2.789048829341,1.393999605584));
#4048 = CARTESIAN_POINT('',(2.848967584002,1.555003197989));
#4049 = CARTESIAN_POINT('',(2.902244160236,1.745406744498));
#4050 = ( GEOMETRIC_REPRESENTATION_CONTEXT(2) 
PARAMETRIC_REPRESENTATION_CONTEXT() REPRESENTATION_CONTEXT('2D SPACE',''
  ) );
#4051 = PCURVE('',#1966,#4052);
#4052 = DEFINITIONAL_REPRESENTATION('',(#4053),#4057);
#4053 = ( BOUNDED_CURVE() B_SPLINE_CURVE(2,(#4054,#4055,#4056),
.UNSPECIFIED.,.F.,.F.) B_SPLINE_CURVE_WITH_KNOTS((3,3),(0.493492976169,
1.464716114777),.PIECEWISE_BEZIER_KNOTS.) CURVE() 
GEOMETRIC_REPRESENTATION_ITEM() RATIONAL_B_SPLINE_CURVE((1.,
1.120244689298,1.)) REPRESENTATION_ITEM('') );
#4054 = CARTESIAN_POINT('',(-9.178410089035E-02,-1.061133153806));
#4055 = CARTESIAN_POINT('',(0.272092925448,-1.238505004941));
#4056 = CARTESIAN_POINT('',(1.009625109794,-1.945406744498));
#4057 = ( GEOMETRIC_REPRESENTATION_CONTEXT(2) 
PARAMETRIC_REPRESENTATION_CONTEXT() REPRESENTATION_CONTEXT('2D SPACE',''
  ) );
#4058 = ORIENTED_EDGE('',*,*,#4059,.F.);
#4059 = EDGE_CURVE('',#2008,#4030,#4060,.T.);
#4060 = SURFACE_CURVE('',#4061,(#4066,#4079),.PCURVE_S1.);
#4061 = HYPERBOLA('',#4062,0.765956178654,0.718083917489);
#4062 = AXIS2_PLACEMENT_3D('',#4063,#4064,#4065);
#4063 = CARTESIAN_POINT('',(-0.70155715994,0.153173313253,
    -1.830303992915));
#4064 = DIRECTION('',(0.976984921753,-0.213308374583,0.));
#4065 = DIRECTION('',(0.,0.,1.));
#4066 = PCURVE('',#1612,#4067);
#4067 = DEFINITIONAL_REPRESENTATION('',(#4068),#4078);
#4068 = B_SPLINE_CURVE_WITH_KNOTS('',8,(#4069,#4070,#4071,#4072,#4073,
    #4074,#4075,#4076,#4077),.UNSPECIFIED.,.F.,.F.,(9,9),(
    -1.464716114777,-0.493492976169),.PIECEWISE_BEZIER_KNOTS.);
#4069 = CARTESIAN_POINT('',(1.810144820148,1.745406744498));
#4070 = CARTESIAN_POINT('',(1.863421396383,1.555003197989));
#4071 = CARTESIAN_POINT('',(1.923340151037,1.393999605584));
#4072 = CARTESIAN_POINT('',(1.990636166463,1.258119717556));
#4073 = CARTESIAN_POINT('',(2.066015501352,1.144011653117));
#4074 = CARTESIAN_POINT('',(2.150028788669,1.049046379073));
#4075 = CARTESIAN_POINT('',(2.242907899793,0.971188237943));
#4076 = CARTESIAN_POINT('',(2.344045947804,0.908908152249));
#4077 = CARTESIAN_POINT('',(2.452030752561,0.861133153806));
#4078 = ( GEOMETRIC_REPRESENTATION_CONTEXT(2) 
PARAMETRIC_REPRESENTATION_CONTEXT() REPRESENTATION_CONTEXT('2D SPACE',''
  ) );
#4079 = PCURVE('',#2035,#4080);
#4080 = DEFINITIONAL_REPRESENTATION('',(#4081),#4085);
#4081 = ( BOUNDED_CURVE() B_SPLINE_CURVE(2,(#4082,#4083,#4084),
.UNSPECIFIED.,.F.,.F.) B_SPLINE_CURVE_WITH_KNOTS((3,3),(-1.464716114777,
-0.493492976169),.PIECEWISE_BEZIER_KNOTS.) CURVE() 
GEOMETRIC_REPRESENTATION_ITEM() RATIONAL_B_SPLINE_CURVE((1.,
1.120244689298,1.)) REPRESENTATION_ITEM('') );
#4082 = CARTESIAN_POINT('',(-9.178410089035E-02,-1.945406744498));
#4083 = CARTESIAN_POINT('',(0.645748083455,-1.238505004941));
#4084 = CARTESIAN_POINT('',(1.009625109794,-1.061133153806));
#4085 = ( GEOMETRIC_REPRESENTATION_CONTEXT(2) 
PARAMETRIC_REPRESENTATION_CONTEXT() REPRESENTATION_CONTEXT('2D SPACE',''
  ) );
#4086 = ORIENTED_EDGE('',*,*,#2047,.T.);
#4087 = ORIENTED_EDGE('',*,*,#2071,.T.);
#4088 = ORIENTED_EDGE('',*,*,#4089,.F.);
#4089 = EDGE_CURVE('',#4090,#2072,#4092,.T.);
#4090 = VERTEX_POINT('',#4091);
#4091 = CARTESIAN_POINT('',(0.603283173735,0.603283173735,
    -0.920254663585));
#4092 = SURFACE_CURVE('',#4093,(#4098,#4111),.PCURVE_S1.);
#4093 = HYPERBOLA('',#4094,0.765956178654,0.718083917489);
#4094 = AXIS2_PLACEMENT_3D('',#4095,#4096,#4097);
#4095 = CARTESIAN_POINT('',(0.70155715994,0.153173313253,-1.830303992915
    ));
#4096 = DIRECTION('',(-0.976984921753,-0.213308374583,0.));
#4097 = DIRECTION('',(0.,0.,1.));
#4098 = PCURVE('',#1612,#4099);
#4099 = DEFINITIONAL_REPRESENTATION('',(#4100),#4110);
#4100 = B_SPLINE_CURVE_WITH_KNOTS('',8,(#4101,#4102,#4103,#4104,#4105,
    #4106,#4107,#4108,#4109),.UNSPECIFIED.,.F.,.F.,(9,9),(0.493492976169
    ,1.464716114777),.PIECEWISE_BEZIER_KNOTS.);
#4101 = CARTESIAN_POINT('',(0.689561901029,0.861133153806));
#4102 = CARTESIAN_POINT('',(0.797546705786,0.908908152249));
#4103 = CARTESIAN_POINT('',(0.898684753793,0.971188237943));
#4104 = CARTESIAN_POINT('',(0.991563864931,1.049046379077));
#4105 = CARTESIAN_POINT('',(1.075577152216,1.14401165311));
#4106 = CARTESIAN_POINT('',(1.150956487135,1.25811971756));
#4107 = CARTESIAN_POINT('',(1.218252502548,1.393999605584));
#4108 = CARTESIAN_POINT('',(1.278171257207,1.555003197989));
#4109 = CARTESIAN_POINT('',(1.331447833441,1.745406744498));
#4110 = ( GEOMETRIC_REPRESENTATION_CONTEXT(2) 
PARAMETRIC_REPRESENTATION_CONTEXT() REPRESENTATION_CONTEXT('2D SPACE',''
  ) );
#4111 = PCURVE('',#2123,#4112);
#4112 = DEFINITIONAL_REPRESENTATION('',(#4113),#4117);
#4113 = ( BOUNDED_CURVE() B_SPLINE_CURVE(2,(#4114,#4115,#4116),
.UNSPECIFIED.,.F.,.F.) B_SPLINE_CURVE_WITH_KNOTS((3,3),(0.493492976169,
1.464716114777),.PIECEWISE_BEZIER_KNOTS.) CURVE() 
GEOMETRIC_REPRESENTATION_ITEM() RATIONAL_B_SPLINE_CURVE((1.,
1.120244689298,1.)) REPRESENTATION_ITEM('') );
#4114 = CARTESIAN_POINT('',(-9.178410089035E-02,-1.061133153806));
#4115 = CARTESIAN_POINT('',(0.272092925448,-1.238505004941));
#4116 = CARTESIAN_POINT('',(1.009625109794,-1.945406744498));
#4117 = ( GEOMETRIC_REPRESENTATION_CONTEXT(2) 
PARAMETRIC_REPRESENTATION_CONTEXT() REPRESENTATION_CONTEXT('2D SPACE',''
  ) );
#4118 = ORIENTED_EDGE('',*,*,#4119,.F.);
#4119 = EDGE_CURVE('',#2165,#4090,#4120,.T.);
#4120 = SURFACE_CURVE('',#4121,(#4126,#4139),.PCURVE_S1.);
#4121 = HYPERBOLA('',#4122,0.765956178654,0.718083917489);
#4122 = AXIS2_PLACEMENT_3D('',#4123,#4124,#4125);
#4123 = CARTESIAN_POINT('',(0.153173313253,0.70155715994,-1.830303992915
    ));
#4124 = DIRECTION('',(-0.213308374583,-0.976984921753,0.));
#4125 = DIRECTION('',(0.,0.,1.));
#4126 = PCURVE('',#1612,#4127);
#4127 = DEFINITIONAL_REPRESENTATION('',(#4128),#4138);
#4128 = B_SPLINE_CURVE_WITH_KNOTS('',8,(#4129,#4130,#4131,#4132,#4133,
    #4134,#4135,#4136,#4137),.UNSPECIFIED.,.F.,.F.,(9,9),(
    -1.464716114777,-0.493492976169),.PIECEWISE_BEZIER_KNOTS.);
#4129 = CARTESIAN_POINT('',(0.239348493354,1.745406744498));
#4130 = CARTESIAN_POINT('',(0.292625069588,1.555003197989));
#4131 = CARTESIAN_POINT('',(0.352543824247,1.393999605585));
#4132 = CARTESIAN_POINT('',(0.419839839657,1.258119717556));
#4133 = CARTESIAN_POINT('',(0.495219174577,1.144011653118));
#4134 = CARTESIAN_POINT('',(0.579232461862,1.049046379072));
#4135 = CARTESIAN_POINT('',(0.672111573002,0.971188237944));
#4136 = CARTESIAN_POINT('',(0.773249621009,0.908908152249));
#4137 = CARTESIAN_POINT('',(0.881234425766,0.861133153806));
#4138 = ( GEOMETRIC_REPRESENTATION_CONTEXT(2) 
PARAMETRIC_REPRESENTATION_CONTEXT() REPRESENTATION_CONTEXT('2D SPACE',''
  ) );
#4139 = PCURVE('',#2192,#4140);
#4140 = DEFINITIONAL_REPRESENTATION('',(#4141),#4145);
#4141 = ( BOUNDED_CURVE() B_SPLINE_CURVE(2,(#4142,#4143,#4144),
.UNSPECIFIED.,.F.,.F.) B_SPLINE_CURVE_WITH_KNOTS((3,3),(-1.464716114777,
-0.493492976169),.PIECEWISE_BEZIER_KNOTS.) CURVE() 
GEOMETRIC_REPRESENTATION_ITEM() RATIONAL_B_SPLINE_CURVE((1.,
1.120244689298,1.)) REPRESENTATION_ITEM('') );
#4142 = CARTESIAN_POINT('',(-9.178410089035E-02,-1.945406744498));
#4143 = CARTESIAN_POINT('',(0.645748083455,-1.238505004941));
#4144 = CARTESIAN_POINT('',(1.009625109794,-1.061133153806));
#4145 = ( GEOMETRIC_REPRESENTATION_CONTEXT(2) 
PARAMETRIC_REPRESENTATION_CONTEXT() REPRESENTATION_CONTEXT('2D SPACE',''
  ) );
#4146 = ADVANCED_FACE('',(#4147),#2192,.T.);
#4147 = FACE_BOUND('',#4148,.T.);
#4148 = EDGE_LOOP('',(#4149,#4150,#4151,#4179));
#4149 = ORIENTED_EDGE('',*,*,#4119,.F.);
#4150 = ORIENTED_EDGE('',*,*,#2164,.T.);
#4151 = ORIENTED_EDGE('',*,*,#4152,.T.);
#4152 = EDGE_CURVE('',#2136,#4153,#4155,.T.);
#4153 = VERTEX_POINT('',#4154);
#4154 = CARTESIAN_POINT('',(0.603283173735,0.603283173735,
    -0.419656398827));
#4155 = SURFACE_CURVE('',#4156,(#4161,#4168),.PCURVE_S1.);
#4156 = HYPERBOLA('',#4157,3.049593363713,0.718083917489);
#4157 = AXIS2_PLACEMENT_3D('',#4158,#4159,#4160);
#4158 = CARTESIAN_POINT('',(0.153173313253,0.70155715994,-4.042945136117
    ));
#4159 = DIRECTION('',(-0.213308374583,-0.976984921753,0.));
#4160 = DIRECTION('',(0.,0.,1.));
#4161 = PCURVE('',#2192,#4162);
#4162 = DEFINITIONAL_REPRESENTATION('',(#4163),#4167);
#4163 = ( BOUNDED_CURVE() B_SPLINE_CURVE(2,(#4164,#4165,#4166),
.UNSPECIFIED.,.F.,.F.) B_SPLINE_CURVE_WITH_KNOTS((3,3),(-0.953143409187,
-0.493492976169),.PIECEWISE_BEZIER_KNOTS.) CURVE() 
GEOMETRIC_REPRESENTATION_ITEM() RATIONAL_B_SPLINE_CURVE((1.,
1.026526266323,1.)) REPRESENTATION_ITEM('') );
#4164 = CARTESIAN_POINT('',(0.5856735528,-2.530303992915));
#4165 = CARTESIAN_POINT('',(0.827283534963,-1.769769917449));
#4166 = CARTESIAN_POINT('',(1.009625109794,-1.415891747195));
#4167 = ( GEOMETRIC_REPRESENTATION_CONTEXT(2) 
PARAMETRIC_REPRESENTATION_CONTEXT() REPRESENTATION_CONTEXT('2D SPACE',''
  ) );
#4168 = PCURVE('',#2152,#4169);
#4169 = DEFINITIONAL_REPRESENTATION('',(#4170),#4178);
#4170 = B_SPLINE_CURVE_WITH_KNOTS('',6,(#4171,#4172,#4173,#4174,#4175,
    #4176,#4177),.UNSPECIFIED.,.F.,.F.,(7,7),(-0.953143409187,
    -0.493492976169),.PIECEWISE_BEZIER_KNOTS.);
#4171 = CARTESIAN_POINT('',(0.520975864415,2.530303992915));
#4172 = CARTESIAN_POINT('',(0.572401641753,2.272344814262));
#4173 = CARTESIAN_POINT('',(0.627331657508,2.046379847442));
#4174 = CARTESIAN_POINT('',(0.685818515714,1.849684122792));
#4175 = CARTESIAN_POINT('',(0.747814447065,1.680095545115));
#4176 = CARTESIAN_POINT('',(0.813093185039,1.535920717739));
#4177 = CARTESIAN_POINT('',(0.881234425766,1.415891747195));
#4178 = ( GEOMETRIC_REPRESENTATION_CONTEXT(2) 
PARAMETRIC_REPRESENTATION_CONTEXT() REPRESENTATION_CONTEXT('2D SPACE',''
  ) );
#4179 = ORIENTED_EDGE('',*,*,#4180,.F.);
#4180 = EDGE_CURVE('',#4090,#4153,#4181,.T.);
#4181 = SURFACE_CURVE('',#4182,(#4186,#4193),.PCURVE_S1.);
#4182 = LINE('',#4183,#4184);
#4183 = CARTESIAN_POINT('',(0.603283173735,0.603283173735,
    -2.030303992915));
#4184 = VECTOR('',#4185,1.);
#4185 = DIRECTION('',(0.,0.,1.));
#4186 = PCURVE('',#2192,#4187);
#4187 = DEFINITIONAL_REPRESENTATION('',(#4188),#4192);
#4188 = LINE('',#4189,#4190);
#4189 = CARTESIAN_POINT('',(0.917841008904,0.));
#4190 = VECTOR('',#4191,1.);
#4191 = DIRECTION('',(0.,-1.));
#4192 = ( GEOMETRIC_REPRESENTATION_CONTEXT(2) 
PARAMETRIC_REPRESENTATION_CONTEXT() REPRESENTATION_CONTEXT('2D SPACE',''
  ) );
#4193 = PCURVE('',#2123,#4194);
#4194 = DEFINITIONAL_REPRESENTATION('',(#4195),#4199);
#4195 = LINE('',#4196,#4197);
#4196 = CARTESIAN_POINT('',(0.,0.));
#4197 = VECTOR('',#4198,1.);
#4198 = DIRECTION('',(0.,-1.));
#4199 = ( GEOMETRIC_REPRESENTATION_CONTEXT(2) 
PARAMETRIC_REPRESENTATION_CONTEXT() REPRESENTATION_CONTEXT('2D SPACE',''
  ) );
#4200 = ADVANCED_FACE('',(#4201),#2152,.F.);
#4201 = FACE_BOUND('',#4202,.F.);
#4202 = EDGE_LOOP('',(#4203,#4204,#4205));
#4203 = ORIENTED_EDGE('',*,*,#2135,.T.);
#4204 = ORIENTED_EDGE('',*,*,#4152,.T.);
#4205 = ORIENTED_EDGE('',*,*,#4206,.T.);
#4206 = EDGE_CURVE('',#4153,#2096,#4207,.T.);
#4207 = SURFACE_CURVE('',#4208,(#4213,#4224),.PCURVE_S1.);
#4208 = HYPERBOLA('',#4209,3.049593363713,0.718083917489);
#4209 = AXIS2_PLACEMENT_3D('',#4210,#4211,#4212);
#4210 = CARTESIAN_POINT('',(0.70155715994,0.153173313253,-4.042945136117
    ));
#4211 = DIRECTION('',(-0.976984921753,-0.213308374583,0.));
#4212 = DIRECTION('',(0.,0.,1.));
#4213 = PCURVE('',#2152,#4214);
#4214 = DEFINITIONAL_REPRESENTATION('',(#4215),#4223);
#4215 = B_SPLINE_CURVE_WITH_KNOTS('',6,(#4216,#4217,#4218,#4219,#4220,
    #4221,#4222),.UNSPECIFIED.,.F.,.F.,(7,7),(0.493492976169,
    0.953143409187),.PIECEWISE_BEZIER_KNOTS.);
#4216 = CARTESIAN_POINT('',(0.689561901029,1.415891747195));
#4217 = CARTESIAN_POINT('',(0.757703141756,1.535920717739));
#4218 = CARTESIAN_POINT('',(0.82298187973,1.680095545115));
#4219 = CARTESIAN_POINT('',(0.88497781108,1.849684122792));
#4220 = CARTESIAN_POINT('',(0.943464669287,2.046379847442));
#4221 = CARTESIAN_POINT('',(0.998394685042,2.272344814262));
#4222 = CARTESIAN_POINT('',(1.049820462379,2.530303992915));
#4223 = ( GEOMETRIC_REPRESENTATION_CONTEXT(2) 
PARAMETRIC_REPRESENTATION_CONTEXT() REPRESENTATION_CONTEXT('2D SPACE',''
  ) );
#4224 = PCURVE('',#2123,#4225);
#4225 = DEFINITIONAL_REPRESENTATION('',(#4226),#4230);
#4226 = ( BOUNDED_CURVE() B_SPLINE_CURVE(2,(#4227,#4228,#4229),
.UNSPECIFIED.,.F.,.F.) B_SPLINE_CURVE_WITH_KNOTS((3,3),(0.493492976169,
0.953143409187),.PIECEWISE_BEZIER_KNOTS.) CURVE() 
GEOMETRIC_REPRESENTATION_ITEM() RATIONAL_B_SPLINE_CURVE((1.,
1.026526266323,1.)) REPRESENTATION_ITEM('') );
#4227 = CARTESIAN_POINT('',(-9.178410089035E-02,-1.415891747195));
#4228 = CARTESIAN_POINT('',(9.055747394097E-02,-1.769769917449));
#4229 = CARTESIAN_POINT('',(0.332167456103,-2.530303992915));
#4230 = ( GEOMETRIC_REPRESENTATION_CONTEXT(2) 
PARAMETRIC_REPRESENTATION_CONTEXT() REPRESENTATION_CONTEXT('2D SPACE',''
  ) );
#4231 = ADVANCED_FACE('',(#4232),#2123,.T.);
#4232 = FACE_BOUND('',#4233,.T.);
#4233 = EDGE_LOOP('',(#4234,#4235,#4236,#4237));
#4234 = ORIENTED_EDGE('',*,*,#4089,.F.);
#4235 = ORIENTED_EDGE('',*,*,#4180,.T.);
#4236 = ORIENTED_EDGE('',*,*,#4206,.T.);
#4237 = ORIENTED_EDGE('',*,*,#2095,.T.);
#4238 = ADVANCED_FACE('',(#4239),#2035,.T.);
#4239 = FACE_BOUND('',#4240,.T.);
#4240 = EDGE_LOOP('',(#4241,#4242,#4243,#4271));
#4241 = ORIENTED_EDGE('',*,*,#4059,.F.);
#4242 = ORIENTED_EDGE('',*,*,#2007,.T.);
#4243 = ORIENTED_EDGE('',*,*,#4244,.T.);
#4244 = EDGE_CURVE('',#1979,#4245,#4247,.T.);
#4245 = VERTEX_POINT('',#4246);
#4246 = CARTESIAN_POINT('',(-0.603283173735,0.603283173735,
    -0.419656398827));
#4247 = SURFACE_CURVE('',#4248,(#4253,#4260),.PCURVE_S1.);
#4248 = HYPERBOLA('',#4249,3.049593363713,0.718083917489);
#4249 = AXIS2_PLACEMENT_3D('',#4250,#4251,#4252);
#4250 = CARTESIAN_POINT('',(-0.70155715994,0.153173313253,
    -4.042945136117));
#4251 = DIRECTION('',(0.976984921753,-0.213308374583,0.));
#4252 = DIRECTION('',(0.,0.,1.));
#4253 = PCURVE('',#2035,#4254);
#4254 = DEFINITIONAL_REPRESENTATION('',(#4255),#4259);
#4255 = ( BOUNDED_CURVE() B_SPLINE_CURVE(2,(#4256,#4257,#4258),
.UNSPECIFIED.,.F.,.F.) B_SPLINE_CURVE_WITH_KNOTS((3,3),(-0.953143409187,
-0.493492976169),.PIECEWISE_BEZIER_KNOTS.) CURVE() 
GEOMETRIC_REPRESENTATION_ITEM() RATIONAL_B_SPLINE_CURVE((1.,
1.026526266323,1.)) REPRESENTATION_ITEM('') );
#4256 = CARTESIAN_POINT('',(0.5856735528,-2.530303992915));
#4257 = CARTESIAN_POINT('',(0.827283534963,-1.769769917449));
#4258 = CARTESIAN_POINT('',(1.009625109794,-1.415891747195));
#4259 = ( GEOMETRIC_REPRESENTATION_CONTEXT(2) 
PARAMETRIC_REPRESENTATION_CONTEXT() REPRESENTATION_CONTEXT('2D SPACE',''
  ) );
#4260 = PCURVE('',#1995,#4261);
#4261 = DEFINITIONAL_REPRESENTATION('',(#4262),#4270);
#4262 = B_SPLINE_CURVE_WITH_KNOTS('',6,(#4263,#4264,#4265,#4266,#4267,
    #4268,#4269),.UNSPECIFIED.,.F.,.F.,(7,7),(-0.953143409187,
    -0.493492976169),.PIECEWISE_BEZIER_KNOTS.);
#4263 = CARTESIAN_POINT('',(2.09177219121,2.530303992915));
#4264 = CARTESIAN_POINT('',(2.143197968548,2.272344814262));
#4265 = CARTESIAN_POINT('',(2.198127984303,2.046379847442));
#4266 = CARTESIAN_POINT('',(2.256614842509,1.849684122792));
#4267 = CARTESIAN_POINT('',(2.31861077386,1.680095545115));
#4268 = CARTESIAN_POINT('',(2.383889511834,1.535920717739));
#4269 = CARTESIAN_POINT('',(2.452030752561,1.415891747195));
#4270 = ( GEOMETRIC_REPRESENTATION_CONTEXT(2) 
PARAMETRIC_REPRESENTATION_CONTEXT() REPRESENTATION_CONTEXT('2D SPACE',''
  ) );
#4271 = ORIENTED_EDGE('',*,*,#4272,.F.);
#4272 = EDGE_CURVE('',#4030,#4245,#4273,.T.);
#4273 = SURFACE_CURVE('',#4274,(#4278,#4285),.PCURVE_S1.);
#4274 = LINE('',#4275,#4276);
#4275 = CARTESIAN_POINT('',(-0.603283173735,0.603283173735,
    -2.030303992915));
#4276 = VECTOR('',#4277,1.);
#4277 = DIRECTION('',(0.,0.,1.));
#4278 = PCURVE('',#2035,#4279);
#4279 = DEFINITIONAL_REPRESENTATION('',(#4280),#4284);
#4280 = LINE('',#4281,#4282);
#4281 = CARTESIAN_POINT('',(0.917841008904,0.));
#4282 = VECTOR('',#4283,1.);
#4283 = DIRECTION('',(0.,-1.));
#4284 = ( GEOMETRIC_REPRESENTATION_CONTEXT(2) 
PARAMETRIC_REPRESENTATION_CONTEXT() REPRESENTATION_CONTEXT('2D SPACE',''
  ) );
#4285 = PCURVE('',#1966,#4286);
#4286 = DEFINITIONAL_REPRESENTATION('',(#4287),#4291);
#4287 = LINE('',#4288,#4289);
#4288 = CARTESIAN_POINT('',(0.,0.));
#4289 = VECTOR('',#4290,1.);
#4290 = DIRECTION('',(0.,-1.));
#4291 = ( GEOMETRIC_REPRESENTATION_CONTEXT(2) 
PARAMETRIC_REPRESENTATION_CONTEXT() REPRESENTATION_CONTEXT('2D SPACE',''
  ) );
#4292 = ADVANCED_FACE('',(#4293),#1995,.F.);
#4293 = FACE_BOUND('',#4294,.F.);
#4294 = EDGE_LOOP('',(#4295,#4296,#4297));
#4295 = ORIENTED_EDGE('',*,*,#1978,.T.);
#4296 = ORIENTED_EDGE('',*,*,#4244,.T.);
#4297 = ORIENTED_EDGE('',*,*,#4298,.T.);
#4298 = EDGE_CURVE('',#4245,#1939,#4299,.T.);
#4299 = SURFACE_CURVE('',#4300,(#4305,#4316),.PCURVE_S1.);
#4300 = HYPERBOLA('',#4301,3.049593363713,0.718083917489);
#4301 = AXIS2_PLACEMENT_3D('',#4302,#4303,#4304);
#4302 = CARTESIAN_POINT('',(-0.153173313253,0.70155715994,
    -4.042945136117));
#4303 = DIRECTION('',(0.213308374583,-0.976984921753,0.));
#4304 = DIRECTION('',(0.,0.,1.));
#4305 = PCURVE('',#1995,#4306);
#4306 = DEFINITIONAL_REPRESENTATION('',(#4307),#4315);
#4307 = B_SPLINE_CURVE_WITH_KNOTS('',6,(#4308,#4309,#4310,#4311,#4312,
    #4313,#4314),.UNSPECIFIED.,.F.,.F.,(7,7),(0.493492976169,
    0.953143409187),.PIECEWISE_BEZIER_KNOTS.);
#4308 = CARTESIAN_POINT('',(2.260358227824,1.415891747195));
#4309 = CARTESIAN_POINT('',(2.328499468551,1.535920717739));
#4310 = CARTESIAN_POINT('',(2.393778206525,1.680095545115));
#4311 = CARTESIAN_POINT('',(2.455774137875,1.849684122792));
#4312 = CARTESIAN_POINT('',(2.514260996082,2.046379847442));
#4313 = CARTESIAN_POINT('',(2.569191011837,2.272344814262));
#4314 = CARTESIAN_POINT('',(2.620616789174,2.530303992915));
#4315 = ( GEOMETRIC_REPRESENTATION_CONTEXT(2) 
PARAMETRIC_REPRESENTATION_CONTEXT() REPRESENTATION_CONTEXT('2D SPACE',''
  ) );
#4316 = PCURVE('',#1966,#4317);
#4317 = DEFINITIONAL_REPRESENTATION('',(#4318),#4322);
#4318 = ( BOUNDED_CURVE() B_SPLINE_CURVE(2,(#4319,#4320,#4321),
.UNSPECIFIED.,.F.,.F.) B_SPLINE_CURVE_WITH_KNOTS((3,3),(0.493492976169,
0.953143409187),.PIECEWISE_BEZIER_KNOTS.) CURVE() 
GEOMETRIC_REPRESENTATION_ITEM() RATIONAL_B_SPLINE_CURVE((1.,
1.026526266323,1.)) REPRESENTATION_ITEM('') );
#4319 = CARTESIAN_POINT('',(-9.178410089035E-02,-1.415891747195));
#4320 = CARTESIAN_POINT('',(9.055747394097E-02,-1.769769917449));
#4321 = CARTESIAN_POINT('',(0.332167456103,-2.530303992915));
#4322 = ( GEOMETRIC_REPRESENTATION_CONTEXT(2) 
PARAMETRIC_REPRESENTATION_CONTEXT() REPRESENTATION_CONTEXT('2D SPACE',''
  ) );
#4323 = ADVANCED_FACE('',(#4324),#1966,.T.);
#4324 = FACE_BOUND('',#4325,.T.);
#4325 = EDGE_LOOP('',(#4326,#4327,#4328,#4329));
#4326 = ORIENTED_EDGE('',*,*,#4029,.F.);
#4327 = ORIENTED_EDGE('',*,*,#4272,.T.);
#4328 = ORIENTED_EDGE('',*,*,#4298,.T.);
#4329 = ORIENTED_EDGE('',*,*,#1938,.T.);
#4330 = ADVANCED_FACE('',(#4331),#1878,.T.);
#4331 = FACE_BOUND('',#4332,.T.);
#4332 = EDGE_LOOP('',(#4333,#4334,#4335,#4363));
#4333 = ORIENTED_EDGE('',*,*,#3999,.F.);
#4334 = ORIENTED_EDGE('',*,*,#1850,.T.);
#4335 = ORIENTED_EDGE('',*,*,#4336,.T.);
#4336 = EDGE_CURVE('',#1822,#4337,#4339,.T.);
#4337 = VERTEX_POINT('',#4338);
#4338 = CARTESIAN_POINT('',(-0.603283173735,-0.603283173735,
    -0.419656398827));
#4339 = SURFACE_CURVE('',#4340,(#4345,#4352),.PCURVE_S1.);
#4340 = HYPERBOLA('',#4341,3.049593363713,0.718083917489);
#4341 = AXIS2_PLACEMENT_3D('',#4342,#4343,#4344);
#4342 = CARTESIAN_POINT('',(-0.153173313253,-0.70155715994,
    -4.042945136117));
#4343 = DIRECTION('',(0.213308374583,0.976984921753,-0.));
#4344 = DIRECTION('',(0.,0.,1.));
#4345 = PCURVE('',#1878,#4346);
#4346 = DEFINITIONAL_REPRESENTATION('',(#4347),#4351);
#4347 = ( BOUNDED_CURVE() B_SPLINE_CURVE(2,(#4348,#4349,#4350),
.UNSPECIFIED.,.F.,.F.) B_SPLINE_CURVE_WITH_KNOTS((3,3),(-0.953143409187,
-0.493492976169),.PIECEWISE_BEZIER_KNOTS.) CURVE() 
GEOMETRIC_REPRESENTATION_ITEM() RATIONAL_B_SPLINE_CURVE((1.,
1.026526266323,1.)) REPRESENTATION_ITEM('') );
#4348 = CARTESIAN_POINT('',(0.5856735528,-2.530303992915));
#4349 = CARTESIAN_POINT('',(0.827283534963,-1.769769917449));
#4350 = CARTESIAN_POINT('',(1.009625109794,-1.415891747195));
#4351 = ( GEOMETRIC_REPRESENTATION_CONTEXT(2) 
PARAMETRIC_REPRESENTATION_CONTEXT() REPRESENTATION_CONTEXT('2D SPACE',''
  ) );
#4352 = PCURVE('',#1838,#4353);
#4353 = DEFINITIONAL_REPRESENTATION('',(#4354),#4362);
#4354 = B_SPLINE_CURVE_WITH_KNOTS('',6,(#4355,#4356,#4357,#4358,#4359,
    #4360,#4361),.UNSPECIFIED.,.F.,.F.,(7,7),(-0.953143409187,
    -0.493492976169),.PIECEWISE_BEZIER_KNOTS.);
#4355 = CARTESIAN_POINT('',(3.662568518005,2.530303992915));
#4356 = CARTESIAN_POINT('',(3.713994295343,2.272344814262));
#4357 = CARTESIAN_POINT('',(3.768924311098,2.046379847442));
#4358 = CARTESIAN_POINT('',(3.827411169304,1.849684122792));
#4359 = CARTESIAN_POINT('',(3.889407100655,1.680095545115));
#4360 = CARTESIAN_POINT('',(3.954685838628,1.535920717739));
#4361 = CARTESIAN_POINT('',(4.022827079356,1.415891747195));
#4362 = ( GEOMETRIC_REPRESENTATION_CONTEXT(2) 
PARAMETRIC_REPRESENTATION_CONTEXT() REPRESENTATION_CONTEXT('2D SPACE',''
  ) );
#4363 = ORIENTED_EDGE('',*,*,#4364,.F.);
#4364 = EDGE_CURVE('',#3970,#4337,#4365,.T.);
#4365 = SURFACE_CURVE('',#4366,(#4370,#4377),.PCURVE_S1.);
#4366 = LINE('',#4367,#4368);
#4367 = CARTESIAN_POINT('',(-0.603283173735,-0.603283173735,
    -2.030303992915));
#4368 = VECTOR('',#4369,1.);
#4369 = DIRECTION('',(0.,0.,1.));
#4370 = PCURVE('',#1878,#4371);
#4371 = DEFINITIONAL_REPRESENTATION('',(#4372),#4376);
#4372 = LINE('',#4373,#4374);
#4373 = CARTESIAN_POINT('',(0.917841008904,0.));
#4374 = VECTOR('',#4375,1.);
#4375 = DIRECTION('',(0.,-1.));
#4376 = ( GEOMETRIC_REPRESENTATION_CONTEXT(2) 
PARAMETRIC_REPRESENTATION_CONTEXT() REPRESENTATION_CONTEXT('2D SPACE',''
  ) );
#4377 = PCURVE('',#1809,#4378);
#4378 = DEFINITIONAL_REPRESENTATION('',(#4379),#4383);
#4379 = LINE('',#4380,#4381);
#4380 = CARTESIAN_POINT('',(0.,0.));
#4381 = VECTOR('',#4382,1.);
#4382 = DIRECTION('',(0.,-1.));
#4383 = ( GEOMETRIC_REPRESENTATION_CONTEXT(2) 
PARAMETRIC_REPRESENTATION_CONTEXT() REPRESENTATION_CONTEXT('2D SPACE',''
  ) );
#4384 = ADVANCED_FACE('',(#4385),#1838,.F.);
#4385 = FACE_BOUND('',#4386,.F.);
#4386 = EDGE_LOOP('',(#4387,#4388,#4414));
#4387 = ORIENTED_EDGE('',*,*,#4336,.T.);
#4388 = ORIENTED_EDGE('',*,*,#4389,.T.);
#4389 = EDGE_CURVE('',#4337,#1782,#4390,.T.);
#4390 = SURFACE_CURVE('',#4391,(#4396,#4407),.PCURVE_S1.);
#4391 = HYPERBOLA('',#4392,3.049593363713,0.718083917489);
#4392 = AXIS2_PLACEMENT_3D('',#4393,#4394,#4395);
#4393 = CARTESIAN_POINT('',(-0.70155715994,-0.153173313253,
    -4.042945136117));
#4394 = DIRECTION('',(0.976984921753,0.213308374583,-0.));
#4395 = DIRECTION('',(0.,0.,1.));
#4396 = PCURVE('',#1838,#4397);
#4397 = DEFINITIONAL_REPRESENTATION('',(#4398),#4406);
#4398 = B_SPLINE_CURVE_WITH_KNOTS('',6,(#4399,#4400,#4401,#4402,#4403,
    #4404,#4405),.UNSPECIFIED.,.F.,.F.,(7,7),(0.493492976169,
    0.953143409187),.PIECEWISE_BEZIER_KNOTS.);
#4399 = CARTESIAN_POINT('',(3.831154554619,1.415891747195));
#4400 = CARTESIAN_POINT('',(3.899295795346,1.535920717739));
#4401 = CARTESIAN_POINT('',(3.96457453332,1.680095545115));
#4402 = CARTESIAN_POINT('',(4.02657046467,1.849684122792));
#4403 = CARTESIAN_POINT('',(4.085057322877,2.046379847442));
#4404 = CARTESIAN_POINT('',(4.139987338632,2.272344814262));
#4405 = CARTESIAN_POINT('',(4.191413115969,2.530303992915));
#4406 = ( GEOMETRIC_REPRESENTATION_CONTEXT(2) 
PARAMETRIC_REPRESENTATION_CONTEXT() REPRESENTATION_CONTEXT('2D SPACE',''
  ) );
#4407 = PCURVE('',#1809,#4408);
#4408 = DEFINITIONAL_REPRESENTATION('',(#4409),#4413);
#4409 = ( BOUNDED_CURVE() B_SPLINE_CURVE(2,(#4410,#4411,#4412),
.UNSPECIFIED.,.F.,.F.) B_SPLINE_CURVE_WITH_KNOTS((3,3),(0.493492976169,
0.953143409187),.PIECEWISE_BEZIER_KNOTS.) CURVE() 
GEOMETRIC_REPRESENTATION_ITEM() RATIONAL_B_SPLINE_CURVE((1.,
1.026526266323,1.)) REPRESENTATION_ITEM('') );
#4410 = CARTESIAN_POINT('',(-9.178410089035E-02,-1.415891747195));
#4411 = CARTESIAN_POINT('',(9.055747394097E-02,-1.769769917449));
#4412 = CARTESIAN_POINT('',(0.332167456103,-2.530303992915));
#4413 = ( GEOMETRIC_REPRESENTATION_CONTEXT(2) 
PARAMETRIC_REPRESENTATION_CONTEXT() REPRESENTATION_CONTEXT('2D SPACE',''
  ) );
#4414 = ORIENTED_EDGE('',*,*,#1821,.T.);
#4415 = ADVANCED_FACE('',(#4416),#1809,.T.);
#4416 = FACE_BOUND('',#4417,.T.);
#4417 = EDGE_LOOP('',(#4418,#4419,#4420,#4421));
#4418 = ORIENTED_EDGE('',*,*,#3969,.F.);
#4419 = ORIENTED_EDGE('',*,*,#4364,.T.);
#4420 = ORIENTED_EDGE('',*,*,#4389,.T.);
#4421 = ORIENTED_EDGE('',*,*,#1781,.T.);
#4422 = ADVANCED_FACE('',(#4423),#1721,.T.);
#4423 = FACE_BOUND('',#4424,.T.);
#4424 = EDGE_LOOP('',(#4425,#4426,#4427,#4455));
#4425 = ORIENTED_EDGE('',*,*,#3939,.F.);
#4426 = ORIENTED_EDGE('',*,*,#1693,.T.);
#4427 = ORIENTED_EDGE('',*,*,#4428,.T.);
#4428 = EDGE_CURVE('',#1665,#4429,#4431,.T.);
#4429 = VERTEX_POINT('',#4430);
#4430 = CARTESIAN_POINT('',(0.603283173735,-0.603283173735,
    -0.419656398827));
#4431 = SURFACE_CURVE('',#4432,(#4437,#4444),.PCURVE_S1.);
#4432 = HYPERBOLA('',#4433,3.049593363713,0.718083917489);
#4433 = AXIS2_PLACEMENT_3D('',#4434,#4435,#4436);
#4434 = CARTESIAN_POINT('',(0.70155715994,-0.153173313253,
    -4.042945136117));
#4435 = DIRECTION('',(-0.976984921753,0.213308374583,0.));
#4436 = DIRECTION('',(0.,0.,1.));
#4437 = PCURVE('',#1721,#4438);
#4438 = DEFINITIONAL_REPRESENTATION('',(#4439),#4443);
#4439 = ( BOUNDED_CURVE() B_SPLINE_CURVE(2,(#4440,#4441,#4442),
.UNSPECIFIED.,.F.,.F.) B_SPLINE_CURVE_WITH_KNOTS((3,3),(-0.953143409187,
-0.493492976169),.PIECEWISE_BEZIER_KNOTS.) CURVE() 
GEOMETRIC_REPRESENTATION_ITEM() RATIONAL_B_SPLINE_CURVE((1.,
1.026526266323,1.)) REPRESENTATION_ITEM('') );
#4440 = CARTESIAN_POINT('',(0.5856735528,-2.530303992915));
#4441 = CARTESIAN_POINT('',(0.827283534963,-1.769769917449));
#4442 = CARTESIAN_POINT('',(1.009625109794,-1.415891747195));
#4443 = ( GEOMETRIC_REPRESENTATION_CONTEXT(2) 
PARAMETRIC_REPRESENTATION_CONTEXT() REPRESENTATION_CONTEXT('2D SPACE',''
  ) );
#4444 = PCURVE('',#1681,#4445);
#4445 = DEFINITIONAL_REPRESENTATION('',(#4446),#4454);
#4446 = B_SPLINE_CURVE_WITH_KNOTS('',6,(#4447,#4448,#4449,#4450,#4451,
    #4452,#4453),.UNSPECIFIED.,.F.,.F.,(7,7),(-0.953143409187,
    -0.493492976169),.PIECEWISE_BEZIER_KNOTS.);
#4447 = CARTESIAN_POINT('',(5.2333648448,2.530303992915));
#4448 = CARTESIAN_POINT('',(5.284790622138,2.272344814262));
#4449 = CARTESIAN_POINT('',(5.339720637892,2.046379847442));
#4450 = CARTESIAN_POINT('',(5.398207496099,1.849684122792));
#4451 = CARTESIAN_POINT('',(5.46020342745,1.680095545115));
#4452 = CARTESIAN_POINT('',(5.525482165423,1.535920717739));
#4453 = CARTESIAN_POINT('',(5.593623406151,1.415891747195));
#4454 = ( GEOMETRIC_REPRESENTATION_CONTEXT(2) 
PARAMETRIC_REPRESENTATION_CONTEXT() REPRESENTATION_CONTEXT('2D SPACE',''
  ) );
#4455 = ORIENTED_EDGE('',*,*,#4456,.F.);
#4456 = EDGE_CURVE('',#3910,#4429,#4457,.T.);
#4457 = SURFACE_CURVE('',#4458,(#4462,#4469),.PCURVE_S1.);
#4458 = LINE('',#4459,#4460);
#4459 = CARTESIAN_POINT('',(0.603283173735,-0.603283173735,
    -2.030303992915));
#4460 = VECTOR('',#4461,1.);
#4461 = DIRECTION('',(0.,0.,1.));
#4462 = PCURVE('',#1721,#4463);
#4463 = DEFINITIONAL_REPRESENTATION('',(#4464),#4468);
#4464 = LINE('',#4465,#4466);
#4465 = CARTESIAN_POINT('',(0.917841008904,0.));
#4466 = VECTOR('',#4467,1.);
#4467 = DIRECTION('',(0.,-1.));
#4468 = ( GEOMETRIC_REPRESENTATION_CONTEXT(2) 
PARAMETRIC_REPRESENTATION_CONTEXT() REPRESENTATION_CONTEXT('2D SPACE',''
  ) );
#4469 = PCURVE('',#1652,#4470);
#4470 = DEFINITIONAL_REPRESENTATION('',(#4471),#4475);
#4471 = LINE('',#4472,#4473);
#4472 = CARTESIAN_POINT('',(0.,0.));
#4473 = VECTOR('',#4474,1.);
#4474 = DIRECTION('',(0.,-1.));
#4475 = ( GEOMETRIC_REPRESENTATION_CONTEXT(2) 
PARAMETRIC_REPRESENTATION_CONTEXT() REPRESENTATION_CONTEXT('2D SPACE',''
  ) );
#4476 = ADVANCED_FACE('',(#4477),#1681,.F.);
#4477 = FACE_BOUND('',#4478,.F.);
#4478 = EDGE_LOOP('',(#4479,#4480,#4506));
#4479 = ORIENTED_EDGE('',*,*,#4428,.T.);
#4480 = ORIENTED_EDGE('',*,*,#4481,.T.);
#4481 = EDGE_CURVE('',#4429,#1625,#4482,.T.);
#4482 = SURFACE_CURVE('',#4483,(#4488,#4499),.PCURVE_S1.);
#4483 = HYPERBOLA('',#4484,3.049593363713,0.718083917489);
#4484 = AXIS2_PLACEMENT_3D('',#4485,#4486,#4487);
#4485 = CARTESIAN_POINT('',(0.153173313253,-0.70155715994,
    -4.042945136117));
#4486 = DIRECTION('',(-0.213308374583,0.976984921753,0.));
#4487 = DIRECTION('',(0.,0.,1.));
#4488 = PCURVE('',#1681,#4489);
#4489 = DEFINITIONAL_REPRESENTATION('',(#4490),#4498);
#4490 = B_SPLINE_CURVE_WITH_KNOTS('',6,(#4491,#4492,#4493,#4494,#4495,
    #4496,#4497),.UNSPECIFIED.,.F.,.F.,(7,7),(0.493492976169,
    0.953143409187),.PIECEWISE_BEZIER_KNOTS.);
#4491 = CARTESIAN_POINT('',(5.401950881413,1.415891747195));
#4492 = CARTESIAN_POINT('',(5.470092122141,1.535920717739));
#4493 = CARTESIAN_POINT('',(5.535370860115,1.680095545115));
#4494 = CARTESIAN_POINT('',(5.597366791465,1.849684122792));
#4495 = CARTESIAN_POINT('',(5.655853649672,2.046379847442));
#4496 = CARTESIAN_POINT('',(5.710783665427,2.272344814262));
#4497 = CARTESIAN_POINT('',(5.762209442764,2.530303992915));
#4498 = ( GEOMETRIC_REPRESENTATION_CONTEXT(2) 
PARAMETRIC_REPRESENTATION_CONTEXT() REPRESENTATION_CONTEXT('2D SPACE',''
  ) );
#4499 = PCURVE('',#1652,#4500);
#4500 = DEFINITIONAL_REPRESENTATION('',(#4501),#4505);
#4501 = ( BOUNDED_CURVE() B_SPLINE_CURVE(2,(#4502,#4503,#4504),
.UNSPECIFIED.,.F.,.F.) B_SPLINE_CURVE_WITH_KNOTS((3,3),(0.493492976169,
0.953143409187),.PIECEWISE_BEZIER_KNOTS.) CURVE() 
GEOMETRIC_REPRESENTATION_ITEM() RATIONAL_B_SPLINE_CURVE((1.,
1.026526266323,1.)) REPRESENTATION_ITEM('') );
#4502 = CARTESIAN_POINT('',(-9.178410089035E-02,-1.415891747195));
#4503 = CARTESIAN_POINT('',(9.055747394097E-02,-1.769769917449));
#4504 = CARTESIAN_POINT('',(0.332167456103,-2.530303992915));
#4505 = ( GEOMETRIC_REPRESENTATION_CONTEXT(2) 
PARAMETRIC_REPRESENTATION_CONTEXT() REPRESENTATION_CONTEXT('2D SPACE',''
  ) );
#4506 = ORIENTED_EDGE('',*,*,#1664,.T.);
#4507 = ADVANCED_FACE('',(#4508),#1652,.T.);
#4508 = FACE_BOUND('',#4509,.T.);
#4509 = EDGE_LOOP('',(#4510,#4511,#4512,#4513));
#4510 = ORIENTED_EDGE('',*,*,#3909,.F.);
#4511 = ORIENTED_EDGE('',*,*,#4456,.T.);
#4512 = ORIENTED_EDGE('',*,*,#4481,.T.);
#4513 = ORIENTED_EDGE('',*,*,#1624,.T.);
#4514 = ADVANCED_FACE('',(#4515),#2247,.T.);
#4515 = FACE_BOUND('',#4516,.T.);
#4516 = EDGE_LOOP('',(#4517,#4562,#4563));
#4517 = ORIENTED_EDGE('',*,*,#4518,.T.);
#4518 = EDGE_CURVE('',#558,#3406,#4519,.T.);
#4519 = SURFACE_CURVE('',#4520,(#4532,#4547),.PCURVE_S1.);
#4520 = B_SPLINE_CURVE_WITH_KNOTS('',4,(#4521,#4522,#4523,#4524,#4525,
    #4526,#4527,#4528,#4529,#4530,#4531),.UNSPECIFIED.,.F.,.F.,(5,3,3,5)
  ,(0.,0.49859032299,0.954092547109,1.),.UNSPECIFIED.);
#4521 = CARTESIAN_POINT('',(1.0752404736,-7.493463315134E-16,-3.9));
#4522 = CARTESIAN_POINT('',(1.115720498123,1.31270454382E-03,
    -3.918178875283));
#4523 = CARTESIAN_POINT('',(1.156200723677,2.625375574826E-03,
    -3.936357299697));
#4524 = CARTESIAN_POINT('',(1.196681106183,3.938020439823E-03,
    -3.954535372083));
#4525 = CARTESIAN_POINT('',(1.274143815768,6.449829425099E-03,
    -3.989320003198));
#4526 = CARTESIAN_POINT('',(1.311126120735,7.648997231789E-03,
    -4.005926611522));
#4527 = CARTESIAN_POINT('',(1.348108516431,8.848149911717E-03,
    -4.022533016337));
#4528 = CARTESIAN_POINT('',(1.388818241795,1.016814389386E-02,
    -4.04081289146));
#4529 = CARTESIAN_POINT('',(1.39254549375,1.028899815279E-02,
    -4.042486536082));
#4530 = CARTESIAN_POINT('',(1.396272746489,1.040985228105E-02,
    -4.044160178947));
#4531 = CARTESIAN_POINT('',(1.4,1.053070628065E-02,-4.045833820081));
#4532 = PCURVE('',#2247,#4533);
#4533 = DEFINITIONAL_REPRESENTATION('',(#4534),#4546);
#4534 = B_SPLINE_CURVE_WITH_KNOTS('',4,(#4535,#4536,#4537,#4538,#4539,
    #4540,#4541,#4542,#4543,#4544,#4545),.UNSPECIFIED.,.F.,.F.,(5,3,3,5)
  ,(0.,0.49859032299,0.954092547109,1.),.UNSPECIFIED.);
#4535 = CARTESIAN_POINT('',(2.533508119735E-04,-0.32260618352));
#4536 = CARTESIAN_POINT('',(-1.797283022715E-02,-0.282126146343));
#4537 = CARTESIAN_POINT('',(-3.619855915405E-02,-0.241645908134));
#4538 = CARTESIAN_POINT('',(-5.442393508237E-02,-0.201165512974));
#4539 = CARTESIAN_POINT('',(-8.929908375094E-02,-0.123702779174));
#4540 = CARTESIAN_POINT('',(-0.105948906224,-8.672046264634E-02));
#4541 = CARTESIAN_POINT('',(-0.122598524625,-4.973805538912E-02));
#4542 = CARTESIAN_POINT('',(-0.140925968049,-9.028317299081E-03));
#4543 = CARTESIAN_POINT('',(-0.142603967867,-5.301064179361E-03));
#4544 = CARTESIAN_POINT('',(-0.144281965923,-1.573810274461E-03));
#4545 = CARTESIAN_POINT('',(-0.145959962243,2.153444401194E-03));
#4546 = ( GEOMETRIC_REPRESENTATION_CONTEXT(2) 
PARAMETRIC_REPRESENTATION_CONTEXT() REPRESENTATION_CONTEXT('2D SPACE',''
  ) );
#4547 = PCURVE('',#3446,#4548);
#4548 = DEFINITIONAL_REPRESENTATION('',(#4549),#4561);
#4549 = B_SPLINE_CURVE_WITH_KNOTS('',4,(#4550,#4551,#4552,#4553,#4554,
    #4555,#4556,#4557,#4558,#4559,#4560),.UNSPECIFIED.,.F.,.F.,(5,3,3,5)
  ,(0.,0.49859032299,0.954092547109,1.),.UNSPECIFIED.);
#4550 = CARTESIAN_POINT('',(0.548073520823,0.));
#4551 = CARTESIAN_POINT('',(0.503679568677,3.14845088172E-06));
#4552 = CARTESIAN_POINT('',(0.459285614199,5.980324752956E-06));
#4553 = CARTESIAN_POINT('',(0.414891657903,8.565038240335E-06));
#4554 = CARTESIAN_POINT('',(0.329940261243,1.311270038101E-05));
#4555 = CARTESIAN_POINT('',(0.289382821135,1.511046965594E-05));
#4556 = CARTESIAN_POINT('',(0.248825379978,1.696536379713E-05));
#4557 = CARTESIAN_POINT('',(0.204180386277,1.887111128711E-05));
#4558 = CARTESIAN_POINT('',(0.200092834632,1.904434206449E-05));
#4559 = CARTESIAN_POINT('',(0.19600528298,1.921633437588E-05));
#4560 = CARTESIAN_POINT('',(0.191917731317,1.938711426385E-05));
#4561 = ( GEOMETRIC_REPRESENTATION_CONTEXT(2) 
PARAMETRIC_REPRESENTATION_CONTEXT() REPRESENTATION_CONTEXT('2D SPACE',''
  ) );
#4562 = ORIENTED_EDGE('',*,*,#3405,.T.);
#4563 = ORIENTED_EDGE('',*,*,#2232,.T.);
#4564 = ADVANCED_FACE('',(#4565),#3234,.T.);
#4565 = FACE_BOUND('',#4566,.T.);
#4566 = EDGE_LOOP('',(#4567,#4642,#4643,#4644,#4952,#5187,#5212));
#4567 = ORIENTED_EDGE('',*,*,#4568,.F.);
#4568 = EDGE_CURVE('',#558,#4569,#4571,.T.);
#4569 = VERTEX_POINT('',#4570);
#4570 = CARTESIAN_POINT('',(1.0752404736,1.33226762955E-15,-5.4));
#4571 = SURFACE_CURVE('',#4572,(#4629,#4635),.PCURVE_S1.);
#4572 = B_SPLINE_CURVE_WITH_KNOTS('',10,(#4573,#4574,#4575,#4576,#4577,
    #4578,#4579,#4580,#4581,#4582,#4583,#4584,#4585,#4586,#4587,#4588,
    #4589,#4590,#4591,#4592,#4593,#4594,#4595,#4596,#4597,#4598,#4599,
    #4600,#4601,#4602,#4603,#4604,#4605,#4606,#4607,#4608,#4609,#4610,
    #4611,#4612,#4613,#4614,#4615,#4616,#4617,#4618,#4619,#4620,#4621,
    #4622,#4623,#4624,#4625,#4626,#4627,#4628),.UNSPECIFIED.,.F.,.F.,(11
    ,10,8,9,8,10,11),(0.,0.25,0.375,0.5,0.625,0.75,1.),.UNSPECIFIED.);
#4573 = CARTESIAN_POINT('',(1.0752404736,3.330669073875E-16,-3.9));
#4574 = CARTESIAN_POINT('',(1.075642392113,-0.506921496507,
    -3.937499999999));
#4575 = CARTESIAN_POINT('',(0.808248362562,-1.012470669129,
    -3.975000000002));
#4576 = CARTESIAN_POINT('',(0.282424455392,-1.365295048825,
    -4.012499999999));
#4577 = CARTESIAN_POINT('',(-0.413943196385,-1.401166267696,
    -4.049999999997));
#4578 = CARTESIAN_POINT('',(-1.052062482877,-1.051310012873,
    -4.087500000004));
#4579 = CARTESIAN_POINT('',(-1.400965028501,-0.414054875451,
    -4.124999999999));
#4580 = CARTESIAN_POINT('',(-1.364542580346,0.281705252351,
    -4.162499999999));
#4581 = CARTESIAN_POINT('',(-1.013317139679,0.809007013393,
    -4.200000000001));
#4582 = CARTESIAN_POINT('',(-0.506607916893,1.075309871495,-4.2375));
#4583 = CARTESIAN_POINT('',(5.795531619709E-06,1.075289498069,-4.275));
#4584 = CARTESIAN_POINT('',(0.253312651744,1.075279311355,-4.29375));
#4585 = CARTESIAN_POINT('',(0.506595630365,1.008688316759,-4.3125));
#4586 = CARTESIAN_POINT('',(0.740551077324,0.876210817943,-4.33125));
#4587 = CARTESIAN_POINT('',(0.935351164267,0.684000351072,-4.35));
#4588 = CARTESIAN_POINT('',(1.074003598917,0.444993776879,-4.36875));
#4589 = CARTESIAN_POINT('',(1.14486853092,0.177774995765,-4.3875));
#4590 = CARTESIAN_POINT('',(1.143209081532,-9.6072652321E-02,-4.40625));
#4591 = CARTESIAN_POINT('',(1.07165192549,-0.355176241511,-4.425));
#4592 = CARTESIAN_POINT('',(0.807216781324,-0.807216369316,-4.4625));
#4593 = CARTESIAN_POINT('',(0.355171484031,-1.071647070107,-4.5));
#4594 = CARTESIAN_POINT('',(9.606691379829E-02,-1.143203852093,
    -4.518750000001));
#4595 = CARTESIAN_POINT('',(-0.177778374181,-1.144866488938,
    -4.537499999999));
#4596 = CARTESIAN_POINT('',(-0.444990836018,-1.074007853274,
    -4.556250000001));
#4597 = CARTESIAN_POINT('',(-0.683989925993,-0.935361211572,
    -4.574999999999));
#4598 = CARTESIAN_POINT('',(-0.876198572941,-0.740560719405,
    -4.593750000001));
#4599 = CARTESIAN_POINT('',(-1.008686841803,-0.506594888178,-4.6125));
#4600 = CARTESIAN_POINT('',(-1.075296827396,-0.253297444089,-4.63125));
#4601 = CARTESIAN_POINT('',(-1.075296827396,0.253297444089,-4.66875));
#4602 = CARTESIAN_POINT('',(-1.008686841804,0.506594888179,
    -4.687500000001));
#4603 = CARTESIAN_POINT('',(-0.87619857294,0.740560719404,
    -4.706249999998));
#4604 = CARTESIAN_POINT('',(-0.683989925993,0.935361211572,
    -4.725000000003));
#4605 = CARTESIAN_POINT('',(-0.444990836017,1.074007853273,
    -4.743749999997));
#4606 = CARTESIAN_POINT('',(-0.177778374182,1.144866488939,
    -4.762500000002));
#4607 = CARTESIAN_POINT('',(9.606691379844E-02,1.143203852093,
    -4.781249999999));
#4608 = CARTESIAN_POINT('',(0.355171484031,1.071647070107,-4.8));
#4609 = CARTESIAN_POINT('',(0.807216781324,0.807216369316,-4.8375));
#4610 = CARTESIAN_POINT('',(1.07165192549,0.355176241511,-4.875));
#4611 = CARTESIAN_POINT('',(1.143209081532,9.607265232097E-02,
    -4.893750000001));
#4612 = CARTESIAN_POINT('',(1.14486853092,-0.177774995765,
    -4.912499999999));
#4613 = CARTESIAN_POINT('',(1.074003598917,-0.444993776879,
    -4.931250000002));
#4614 = CARTESIAN_POINT('',(0.935351164266,-0.684000351072,
    -4.949999999999));
#4615 = CARTESIAN_POINT('',(0.740551077324,-0.876210817943,
    -4.968750000001));
#4616 = CARTESIAN_POINT('',(0.506595630365,-1.00868831676,
    -4.987499999999));
#4617 = CARTESIAN_POINT('',(0.253312651744,-1.075279311355,-5.00625));
#4618 = CARTESIAN_POINT('',(5.795531621167E-06,-1.075289498069,-5.025));
#4619 = CARTESIAN_POINT('',(-0.506607916893,-1.075309871495,-5.0625));
#4620 = CARTESIAN_POINT('',(-1.013317139679,-0.809007013393,-5.1));
#4621 = CARTESIAN_POINT('',(-1.364542580346,-0.281705252351,-5.1375));
#4622 = CARTESIAN_POINT('',(-1.400965028501,0.414054875451,-5.175));
#4623 = CARTESIAN_POINT('',(-1.052062482877,1.051310012873,
    -5.212500000001));
#4624 = CARTESIAN_POINT('',(-0.413943196385,1.401166267696,
    -5.249999999999));
#4625 = CARTESIAN_POINT('',(0.282424455392,1.365295048825,-5.2875));
#4626 = CARTESIAN_POINT('',(0.808248362562,1.012470669129,
    -5.325000000001));
#4627 = CARTESIAN_POINT('',(1.075642392113,0.506921496507,-5.3625));
#4628 = CARTESIAN_POINT('',(1.0752404736,2.331468351713E-15,-5.4));
#4629 = PCURVE('',#3234,#4630);
#4630 = DEFINITIONAL_REPRESENTATION('',(#4631),#4634);
#4631 = B_SPLINE_CURVE_WITH_KNOTS('',1,(#4632,#4633),.UNSPECIFIED.,.F.,
  .F.,(2,2),(0.,1.),.PIECEWISE_BEZIER_KNOTS.);
#4632 = CARTESIAN_POINT('',(0.,0.));
#4633 = CARTESIAN_POINT('',(0.,1.));
#4634 = ( GEOMETRIC_REPRESENTATION_CONTEXT(2) 
PARAMETRIC_REPRESENTATION_CONTEXT() REPRESENTATION_CONTEXT('2D SPACE',''
  ) );
#4635 = PCURVE('',#3446,#4636);
#4636 = DEFINITIONAL_REPRESENTATION('',(#4637),#4641);
#4637 = LINE('',#4638,#4639);
#4638 = CARTESIAN_POINT('',(0.548073520823,0.));
#4639 = VECTOR('',#4640,1.);
#4640 = DIRECTION('',(0.,1.));
#4641 = ( GEOMETRIC_REPRESENTATION_CONTEXT(2) 
PARAMETRIC_REPRESENTATION_CONTEXT() REPRESENTATION_CONTEXT('2D SPACE',''
  ) );
#4642 = ORIENTED_EDGE('',*,*,#3220,.T.);
#4643 = ORIENTED_EDGE('',*,*,#3593,.T.);
#4644 = ORIENTED_EDGE('',*,*,#4645,.T.);
#4645 = EDGE_CURVE('',#3566,#4646,#4648,.T.);
#4646 = VERTEX_POINT('',#4647);
#4647 = CARTESIAN_POINT('',(1.4,-3.429011037613E-16,-4.753755040487));
#4648 = SURFACE_CURVE('',#4649,(#4748,#4850),.PCURVE_S1.);
#4649 = B_SPLINE_CURVE_WITH_KNOTS('',7,(#4650,#4651,#4652,#4653,#4654,
    #4655,#4656,#4657,#4658,#4659,#4660,#4661,#4662,#4663,#4664,#4665,
    #4666,#4667,#4668,#4669,#4670,#4671,#4672,#4673,#4674,#4675,#4676,
    #4677,#4678,#4679,#4680,#4681,#4682,#4683,#4684,#4685,#4686,#4687,
    #4688,#4689,#4690,#4691,#4692,#4693,#4694,#4695,#4696,#4697,#4698,
    #4699,#4700,#4701,#4702,#4703,#4704,#4705,#4706,#4707,#4708,#4709,
    #4710,#4711,#4712,#4713,#4714,#4715,#4716,#4717,#4718,#4719,#4720,
    #4721,#4722,#4723,#4724,#4725,#4726,#4727,#4728,#4729,#4730,#4731,
    #4732,#4733,#4734,#4735,#4736,#4737,#4738,#4739,#4740,#4741,#4742,
    #4743,#4744,#4745,#4746,#4747),.UNSPECIFIED.,.F.,.F.,(8,6,6,6,6,6,6,
    6,6,6,6,6,6,6,6,6,8),(0.,6.285118334118E-02,0.120159205448,
    0.192152487799,0.259378552345,0.336864642896,0.413997029348,
    0.500141767675,0.516621852452,0.578114063677,0.626214711748,
    0.675183938382,0.730727004125,0.798318626282,0.870477397084,
    0.939470160271,1.),.UNSPECIFIED.);
#4650 = CARTESIAN_POINT('',(1.4,0.,-4.253752665146));
#4651 = CARTESIAN_POINT('',(1.4,-7.897987599235E-02,-4.258238548714));
#4652 = CARTESIAN_POINT('',(1.394801627845,-0.157961882291,
    -4.262725027682));
#4653 = CARTESIAN_POINT('',(1.384405140244,-0.236531578051,
    -4.26721204749));
#4654 = CARTESIAN_POINT('',(1.368851114908,-0.314279215271,
    -4.271699630364));
#4655 = CARTESIAN_POINT('',(1.348220125323,-0.390801791613,
    -4.276187806235));
#4656 = CARTESIAN_POINT('',(1.322632415527,-0.465705103237,
    -4.280676543666));
#4657 = CARTESIAN_POINT('',(1.264542525786,-0.605077013963,
    -4.289258898349));
#4658 = CARTESIAN_POINT('',(1.232847660612,-0.669887139499,
    -4.293352705174));
#4659 = CARTESIAN_POINT('',(1.197283942584,-0.732746255881,
    -4.297446911426));
#4660 = CARTESIAN_POINT('',(1.157996932013,-0.793378196737,
    -4.301541764041));
#4661 = CARTESIAN_POINT('',(1.11515603832,-0.851521602863,-4.30563754077
    ));
#4662 = CARTESIAN_POINT('',(1.068953772075,-0.90693097741,
    -4.309734144245));
#4663 = CARTESIAN_POINT('',(0.957610529826,-1.025264060742,
    -4.318976994914));
#4664 = CARTESIAN_POINT('',(0.890645406653,-1.086480405707,
    -4.324123356718));
#4665 = CARTESIAN_POINT('',(0.81913757174,-1.142569931609,
    -4.329267846332));
#4666 = CARTESIAN_POINT('',(0.743561729185,-1.193133825409,
    -4.334414965542));
#4667 = CARTESIAN_POINT('',(0.664430597067,-1.237829126663,
    -4.33955939836));
#4668 = CARTESIAN_POINT('',(0.582293736883,-1.276369219267,
    -4.344703263762));
#4669 = CARTESIAN_POINT('',(0.418778928577,-1.338566612647,
    -4.35464659813));
#4670 = CARTESIAN_POINT('',(0.337703298126,-1.363042963622,
    -4.359446901133));
#4671 = CARTESIAN_POINT('',(0.254985166684,-1.381781407844,
    -4.364245685121));
#4672 = CARTESIAN_POINT('',(0.171112220642,-1.394653332974,
    -4.369043497782));
#4673 = CARTESIAN_POINT('',(8.658165548818E-02,-1.401582423086,
    -4.373841279353));
#4674 = CARTESIAN_POINT('',(1.897301339784E-03,-1.402545109417,
    -4.378639810368));
#4675 = CARTESIAN_POINT('',(-0.17963431335,-1.391837788624,
    -4.388970983926));
#4676 = CARTESIAN_POINT('',(-0.27637744218,-1.378217057123,
    -4.394504572819));
#4677 = CARTESIAN_POINT('',(-0.371881287783,-1.356752881865,
    -4.400039851795));
#4678 = CARTESIAN_POINT('',(-0.465386450999,-1.327587843605,
    -4.405577009501));
#4679 = CARTESIAN_POINT('',(-0.556157699704,-1.290951296542,
    -4.411115617139));
#4680 = CARTESIAN_POINT('',(-0.6434892914,-1.247157705465,
    -4.416654379235));
#4681 = CARTESIAN_POINT('',(-0.809557616781,-1.146303152827,
    -4.427703376287));
#4682 = CARTESIAN_POINT('',(-0.888344530883,-1.089295912964,
    -4.433214455417));
#4683 = CARTESIAN_POINT('',(-0.962413334529,-1.025992223685,
    -4.43872299827));
#4684 = CARTESIAN_POINT('',(-1.031167440709,-0.956866375927,
    -4.444228234277));
#4685 = CARTESIAN_POINT('',(-1.094071034365,-0.882457005921,
    -4.449730743025));
#4686 = CARTESIAN_POINT('',(-1.150652930368,-0.803363228914,
    -4.455232021115));
#4687 = CARTESIAN_POINT('',(-1.256208887274,-0.627421328021,
    -4.466877256713));
#4688 = CARTESIAN_POINT('',(-1.303532621492,-0.529560083969,
    -4.473022468353));
#4689 = CARTESIAN_POINT('',(-1.341930059532,-0.427588324325,
    -4.479169916582));
#4690 = CARTESIAN_POINT('',(-1.370988940913,-0.322485856846,
    -4.48532394748));
#4691 = CARTESIAN_POINT('',(-1.390427233105,-0.215273372036,
    -4.491487241031));
#4692 = CARTESIAN_POINT('',(-1.400095701749,-0.107003118928,
    -4.497660185189));
#4693 = CARTESIAN_POINT('',(-1.399981032221,2.195348792725E-02,
    -4.505027726617));
#4694 = CARTESIAN_POINT('',(-1.399605246173,4.266178135182E-02,
    -4.506210208008));
#4695 = CARTESIAN_POINT('',(-1.398872093996,6.33623975121E-02,
    -4.507391464701));
#4696 = CARTESIAN_POINT('',(-1.397781769869,8.404796721127E-02,
    -4.508571214382));
#4697 = CARTESIAN_POINT('',(-1.396334656518,0.104711128574,
    -4.509749476303));
#4698 = CARTESIAN_POINT('',(-1.394531325215,0.125344527044,
    -4.510926571279));
#4699 = CARTESIAN_POINT('',(-1.38431743549,0.222791834697,
    -4.516493189319));
#4700 = CARTESIAN_POINT('',(-1.371313134636,0.299127114483,
    -4.52087189401));
#4701 = CARTESIAN_POINT('',(-1.353400225371,0.374559921262,
    -4.525246924433));
#4702 = CARTESIAN_POINT('',(-1.330655774876,0.44871198854,
    -4.529623240551));
#4703 = CARTESIAN_POINT('',(-1.303192743845,0.521215215562,
    -4.534003497716));
#4704 = CARTESIAN_POINT('',(-1.271159404971,0.591713366064,
    -4.538388470749));
#4705 = CARTESIAN_POINT('',(-1.206249680901,0.713172607061,
    -4.54621066233));
#4706 = CARTESIAN_POINT('',(-1.175074997214,0.765047186887,
    -4.549646484546));
#4707 = CARTESIAN_POINT('',(-1.141302139453,0.815323956422,
    -4.553084676907));
#4708 = CARTESIAN_POINT('',(-1.105030130955,0.863847247793,
    -4.556524727733));
#4709 = CARTESIAN_POINT('',(-1.066369241335,0.910469639043,
    -4.559965996069));
#4710 = CARTESIAN_POINT('',(-1.025440638503,0.955052317873,
    -4.563407826339));
#4711 = CARTESIAN_POINT('',(-0.938533802902,1.040644448872,
    -4.570353650681));
#4712 = CARTESIAN_POINT('',(-0.892476869231,1.081575686665,
    -4.573857713521));
#4713 = CARTESIAN_POINT('',(-0.844344444964,1.120122155743,
    -4.577361206842));
#4714 = CARTESIAN_POINT('',(-0.79428517275,1.156158418968,
    -4.580863741845));
#4715 = CARTESIAN_POINT('',(-0.742456692996,1.189570957637,
    -4.584365125724));
#4716 = CARTESIAN_POINT('',(-0.689025204265,1.220258524046,
    -4.587865301798));
#4717 = CARTESIAN_POINT('',(-0.571940177043,1.279748385429,
    -4.595332996616));
#4718 = CARTESIAN_POINT('',(-0.507874664817,1.30774585179,
    -4.599300333567));
#4719 = CARTESIAN_POINT('',(-0.442223515872,1.331995313501,
    -4.603266268829));
#4720 = CARTESIAN_POINT('',(-0.375250436473,1.352390563682,
    -4.607231126049));
#4721 = CARTESIAN_POINT('',(-0.307226753468,1.368849008457,
    -4.611195372525));
#4722 = CARTESIAN_POINT('',(-0.238430357468,1.381311907199,
    -4.61515940754));
#4723 = CARTESIAN_POINT('',(-8.482928524084E-02,1.400006564299,
    -4.62394716347));
#4724 = CARTESIAN_POINT('',(2.159046910531E-04,1.404300653125,
    -4.628771131689));
#4725 = CARTESIAN_POINT('',(8.54778825877E-02,1.402564829965,
    -4.633595426459));
#4726 = CARTESIAN_POINT('',(0.170444110687,1.394791506963,
    -4.638420285675));
#4727 = CARTESIAN_POINT('',(0.254605524347,1.381027275918,
    -4.643245885333));
#4728 = CARTESIAN_POINT('',(0.337459501758,1.361372626518,-4.64807221083
    ));
#4729 = CARTESIAN_POINT('',(0.505042918485,1.308875041808,
    -4.658051785759));
#4730 = CARTESIAN_POINT('',(0.589530263032,1.275228138817,
    -4.663205649003));
#4731 = CARTESIAN_POINT('',(0.671372190663,1.235228159852,
    -4.668360059606));
#4732 = CARTESIAN_POINT('',(0.749999144721,1.189130091767,
    -4.673515198765));
#4733 = CARTESIAN_POINT('',(0.824874563822,1.13724864604,-4.67867194291)
  );
#4734 = CARTESIAN_POINT('',(0.895498189074,1.0799561387,-4.683830746687)
  );
#4735 = CARTESIAN_POINT('',(1.024435375687,0.958148602307,
    -4.693921623033));
#4736 = CARTESIAN_POINT('',(1.083159461988,0.894054750411,
    -4.698853989549));
#4737 = CARTESIAN_POINT('',(1.137184305757,0.825781858824,
    -4.703784663264));
#4738 = CARTESIAN_POINT('',(1.186157688192,0.753746462172,
    -4.708717580704));
#4739 = CARTESIAN_POINT('',(1.22977440777,0.678397576021,-4.713648138219
    ));
#4740 = CARTESIAN_POINT('',(1.267776674915,0.600215743357,
    -4.718578113336));
#4741 = CARTESIAN_POINT('',(1.328197798791,0.449083847073,
    -4.727829907255));
#4742 = CARTESIAN_POINT('',(1.351958381454,0.376662910179,
    -4.732152576638));
#4743 = CARTESIAN_POINT('',(1.371105355154,0.302793789124,
    -4.736473960679));
#4744 = CARTESIAN_POINT('',(1.385535123193,0.227829707348,
    -4.740794355627));
#4745 = CARTESIAN_POINT('',(1.395178308086,0.152131221561,-4.74511434892
    ));
#4746 = CARTESIAN_POINT('',(1.399999999136,7.606456655302E-02,
    -4.749434503225));
#4747 = CARTESIAN_POINT('',(1.4,2.22044604925E-16,-4.753755040487));
#4748 = PCURVE('',#3234,#4749);
#4749 = DEFINITIONAL_REPRESENTATION('',(#4750),#4849);
#4750 = B_SPLINE_CURVE_WITH_KNOTS('',7,(#4751,#4752,#4753,#4754,#4755,
    #4756,#4757,#4758,#4759,#4760,#4761,#4762,#4763,#4764,#4765,#4766,
    #4767,#4768,#4769,#4770,#4771,#4772,#4773,#4774,#4775,#4776,#4777,
    #4778,#4779,#4780,#4781,#4782,#4783,#4784,#4785,#4786,#4787,#4788,
    #4789,#4790,#4791,#4792,#4793,#4794,#4795,#4796,#4797,#4798,#4799,
    #4800,#4801,#4802,#4803,#4804,#4805,#4806,#4807,#4808,#4809,#4810,
    #4811,#4812,#4813,#4814,#4815,#4816,#4817,#4818,#4819,#4820,#4821,
    #4822,#4823,#4824,#4825,#4826,#4827,#4828,#4829,#4830,#4831,#4832,
    #4833,#4834,#4835,#4836,#4837,#4838,#4839,#4840,#4841,#4842,#4843,
    #4844,#4845,#4846,#4847,#4848),.UNSPECIFIED.,.F.,.F.,(8,6,6,6,6,6,6,
    6,6,6,6,6,6,6,6,6,8),(0.,6.285118334118E-02,0.120159205448,
    0.192152487799,0.259378552345,0.336864642896,0.413997029348,
    0.500141767675,0.516621852452,0.578114063677,0.626214711748,
    0.675183938382,0.730727004125,0.798318626282,0.870477397084,
    0.939470160271,1.),.UNSPECIFIED.);
#4751 = CARTESIAN_POINT('',(0.356038249269,0.33292321389));
#4752 = CARTESIAN_POINT('',(0.356038999937,0.335915636324));
#4753 = CARTESIAN_POINT('',(0.356038535363,0.338908241844));
#4754 = CARTESIAN_POINT('',(0.356037203161,0.341900926093));
#4755 = CARTESIAN_POINT('',(0.356035741725,0.34489373374));
#4756 = CARTESIAN_POINT('',(0.356034899728,0.347886737981));
#4757 = CARTESIAN_POINT('',(0.356035055622,0.350879920041));
#4758 = CARTESIAN_POINT('',(0.356036549743,0.356602198268));
#4759 = CARTESIAN_POINT('',(0.356037740179,0.359331464004));
#4760 = CARTESIAN_POINT('',(0.356039422902,0.362060697035));
#4761 = CARTESIAN_POINT('',(0.356040778759,0.364789873477));
#4762 = CARTESIAN_POINT('',(0.356040941461,0.367519025412));
#4763 = CARTESIAN_POINT('',(0.356039784039,0.370248171898));
#4764 = CARTESIAN_POINT('',(0.356037350141,0.376405658108));
#4765 = CARTESIAN_POINT('',(0.356036791093,0.379834234086));
#4766 = CARTESIAN_POINT('',(0.356039822512,0.383262715794));
#4767 = CARTESIAN_POINT('',(0.356034806772,0.386691254895));
#4768 = CARTESIAN_POINT('',(0.356034417068,0.390119925096));
#4769 = CARTESIAN_POINT('',(0.356033316153,0.393548729262));
#4770 = CARTESIAN_POINT('',(0.356033999331,0.400178742527));
#4771 = CARTESIAN_POINT('',(0.356035298679,0.403380294966));
#4772 = CARTESIAN_POINT('',(0.356037671561,0.40658161168));
#4773 = CARTESIAN_POINT('',(0.356040350723,0.409782691282));
#4774 = CARTESIAN_POINT('',(0.356042242652,0.412983651683));
#4775 = CARTESIAN_POINT('',(0.356042472654,0.416184555135));
#4776 = CARTESIAN_POINT('',(0.35603915175,0.423074398168));
#4777 = CARTESIAN_POINT('',(0.356035023842,0.426763717587));
#4778 = CARTESIAN_POINT('',(0.35602827275,0.43045279241));
#4779 = CARTESIAN_POINT('',(0.356019950145,0.434141821265));
#4780 = CARTESIAN_POINT('',(0.356012524323,0.437831159667));
#4781 = CARTESIAN_POINT('',(0.356008868274,0.441520917185));
#4782 = CARTESIAN_POINT('',(0.356011414538,0.44888342567));
#4783 = CARTESIAN_POINT('',(0.356017595088,0.452556735128));
#4784 = CARTESIAN_POINT('',(0.356029865033,0.456230036467));
#4785 = CARTESIAN_POINT('',(0.356048206842,0.459903328661));
#4786 = CARTESIAN_POINT('',(0.356069565807,0.463576795327));
#4787 = CARTESIAN_POINT('',(0.356088585328,0.467250474475));
#4788 = CARTESIAN_POINT('',(0.356114691788,0.475026531738));
#4789 = CARTESIAN_POINT('',(0.356119962819,0.479129646924));
#4790 = CARTESIAN_POINT('',(0.35611159739,0.483232425127));
#4791 = CARTESIAN_POINT('',(0.356083109235,0.487334989349));
#4792 = CARTESIAN_POINT('',(0.356039403323,0.49143774951));
#4793 = CARTESIAN_POINT('',(0.3559987713,0.495540177351));
#4794 = CARTESIAN_POINT('',(0.355981339303,0.500423144668));
#4795 = CARTESIAN_POINT('',(0.355980015545,0.501207287037));
#4796 = CARTESIAN_POINT('',(0.355980248118,0.501991507284));
#4797 = CARTESIAN_POINT('',(0.355981995069,0.502775842827));
#4798 = CARTESIAN_POINT('',(0.355985091733,0.503560297989));
#4799 = CARTESIAN_POINT('',(0.355989250737,0.504344844002));
#4800 = CARTESIAN_POINT('',(0.356012014267,0.508056907089));
#4801 = CARTESIAN_POINT('',(0.356040831808,0.510985250006));
#4802 = CARTESIAN_POINT('',(0.356069627435,0.513913783096));
#4803 = CARTESIAN_POINT('',(0.356092153305,0.51684230927));
#4804 = CARTESIAN_POINT('',(0.356105839041,0.519770868615));
#4805 = CARTESIAN_POINT('',(0.356110829857,0.522699508009));
#4806 = CARTESIAN_POINT('',(0.356107612636,0.527918825439));
#4807 = CARTESIAN_POINT('',(0.356101984694,0.530209640837));
#4808 = CARTESIAN_POINT('',(0.35609297541,0.532500445972));
#4809 = CARTESIAN_POINT('',(0.356081799515,0.534791240741));
#4810 = CARTESIAN_POINT('',(0.356069778757,0.537082041423));
#4811 = CARTESIAN_POINT('',(0.356058068741,0.539372846224));
#4812 = CARTESIAN_POINT('',(0.356036509889,0.54399572076));
#4813 = CARTESIAN_POINT('',(0.356026701982,0.546327835549));
#4814 = CARTESIAN_POINT('',(0.356018816244,0.548659883286));
#4815 = CARTESIAN_POINT('',(0.35601326473,0.550991854719));
#4816 = CARTESIAN_POINT('',(0.356010091292,0.55332376025));
#4817 = CARTESIAN_POINT('',(0.356009045522,0.555655596941));
#4818 = CARTESIAN_POINT('',(0.356010349924,0.560632053998));
#4819 = CARTESIAN_POINT('',(0.356013197166,0.563276752433));
#4820 = CARTESIAN_POINT('',(0.356017518944,0.56592130889));
#4821 = CARTESIAN_POINT('',(0.356022455332,0.568565750015));
#4822 = CARTESIAN_POINT('',(0.356027177069,0.571210155143));
#4823 = CARTESIAN_POINT('',(0.356031096676,0.573854580401));
#4824 = CARTESIAN_POINT('',(0.356037709514,0.579717016374));
#4825 = CARTESIAN_POINT('',(0.356039956916,0.582935213171));
#4826 = CARTESIAN_POINT('',(0.356040372268,0.586153414774));
#4827 = CARTESIAN_POINT('',(0.356039498119,0.589371712258));
#4828 = CARTESIAN_POINT('',(0.356038313997,0.592590258405));
#4829 = CARTESIAN_POINT('',(0.35603768133,0.595809079887));
#4830 = CARTESIAN_POINT('',(0.356037902636,0.602464193173));
#4831 = CARTESIAN_POINT('',(0.356038861679,0.605900855554));
#4832 = CARTESIAN_POINT('',(0.356040812802,0.609337468451));
#4833 = CARTESIAN_POINT('',(0.356043298367,0.612773976608));
#4834 = CARTESIAN_POINT('',(0.356044190706,0.616210486824));
#4835 = CARTESIAN_POINT('',(0.356041680588,0.619647047031));
#4836 = CARTESIAN_POINT('',(0.356037061514,0.626368971805));
#4837 = CARTESIAN_POINT('',(0.356035457927,0.629654680117));
#4838 = CARTESIAN_POINT('',(0.356037263713,0.632940315257));
#4839 = CARTESIAN_POINT('',(0.356032324485,0.636226000062));
#4840 = CARTESIAN_POINT('',(0.356031485248,0.639511799394));
#4841 = CARTESIAN_POINT('',(0.356030178894,0.642797711926));
#4842 = CARTESIAN_POINT('',(0.35603046898,0.64896604401));
#4843 = CARTESIAN_POINT('',(0.356031488647,0.651848738879));
#4844 = CARTESIAN_POINT('',(0.356033545474,0.654731285226));
#4845 = CARTESIAN_POINT('',(0.356036163022,0.657613663457));
#4846 = CARTESIAN_POINT('',(0.356038575903,0.660495929101));
#4847 = CARTESIAN_POINT('',(0.356040070329,0.663378112735));
#4848 = CARTESIAN_POINT('',(0.356040324666,0.666260119932));
#4849 = ( GEOMETRIC_REPRESENTATION_CONTEXT(2) 
PARAMETRIC_REPRESENTATION_CONTEXT() REPRESENTATION_CONTEXT('2D SPACE',''
  ) );
#4850 = PCURVE('',#3581,#4851);
#4851 = DEFINITIONAL_REPRESENTATION('',(#4852),#4951);
#4852 = B_SPLINE_CURVE_WITH_KNOTS('',7,(#4853,#4854,#4855,#4856,#4857,
    #4858,#4859,#4860,#4861,#4862,#4863,#4864,#4865,#4866,#4867,#4868,
    #4869,#4870,#4871,#4872,#4873,#4874,#4875,#4876,#4877,#4878,#4879,
    #4880,#4881,#4882,#4883,#4884,#4885,#4886,#4887,#4888,#4889,#4890,
    #4891,#4892,#4893,#4894,#4895,#4896,#4897,#4898,#4899,#4900,#4901,
    #4902,#4903,#4904,#4905,#4906,#4907,#4908,#4909,#4910,#4911,#4912,
    #4913,#4914,#4915,#4916,#4917,#4918,#4919,#4920,#4921,#4922,#4923,
    #4924,#4925,#4926,#4927,#4928,#4929,#4930,#4931,#4932,#4933,#4934,
    #4935,#4936,#4937,#4938,#4939,#4940,#4941,#4942,#4943,#4944,#4945,
    #4946,#4947,#4948,#4949,#4950),.UNSPECIFIED.,.F.,.F.,(8,6,6,6,6,6,6,
    6,6,6,6,6,6,6,6,6,8),(0.,6.285118334118E-02,0.120159205448,
    0.192152487799,0.259378552345,0.336864642896,0.413997029348,
    0.500141767675,0.516621852452,0.578114063677,0.626214711748,
    0.675183938382,0.730727004125,0.798318626282,0.870477397084,
    0.939470160271,1.),.UNSPECIFIED.);
#4853 = CARTESIAN_POINT('',(6.28318530718,3.146247334854));
#4854 = CARTESIAN_POINT('',(6.226771110042,3.141761451286));
#4855 = CARTESIAN_POINT('',(6.170355376354,3.137274972318));
#4856 = CARTESIAN_POINT('',(6.113940919067,3.13278795251));
#4857 = CARTESIAN_POINT('',(6.057527145148,3.128300369636));
#4858 = CARTESIAN_POINT('',(6.001112419972,3.123812193765));
#4859 = CARTESIAN_POINT('',(5.944696431721,3.119323456334));
#4860 = CARTESIAN_POINT('',(5.836844102619,3.110741101651));
#4861 = CARTESIAN_POINT('',(5.785404420195,3.106647294826));
#4862 = CARTESIAN_POINT('',(5.733965603965,3.102553088574));
#4863 = CARTESIAN_POINT('',(5.682527430979,3.098458235959));
#4864 = CARTESIAN_POINT('',(5.631088856505,3.09436245923));
#4865 = CARTESIAN_POINT('',(5.579649510656,3.090265855755));
#4866 = CARTESIAN_POINT('',(5.46359173958,3.081023005086));
#4867 = CARTESIAN_POINT('',(5.398968606861,3.075876643282));
#4868 = CARTESIAN_POINT('',(5.334348198551,3.070732153668));
#4869 = CARTESIAN_POINT('',(5.269729389213,3.065585034458));
#4870 = CARTESIAN_POINT('',(5.205108977691,3.06044060164));
#4871 = CARTESIAN_POINT('',(5.140485714228,3.055296736238));
#4872 = CARTESIAN_POINT('',(5.015525295436,3.04535340187));
#4873 = CARTESIAN_POINT('',(4.955181955054,3.040553098867));
#4874 = CARTESIAN_POINT('',(4.894840352632,3.035754314879));
#4875 = CARTESIAN_POINT('',(4.83449986582,3.030956502218));
#4876 = CARTESIAN_POINT('',(4.774158220714,3.026158720647));
#4877 = CARTESIAN_POINT('',(4.713814809867,3.021360189632));
#4878 = CARTESIAN_POINT('',(4.583924012228,3.011029016074));
#4879 = CARTESIAN_POINT('',(4.514368883939,3.005495427181));
#4880 = CARTESIAN_POINT('',(4.444817715749,2.999960148205));
#4881 = CARTESIAN_POINT('',(4.375269087208,2.994422990499));
#4882 = CARTESIAN_POINT('',(4.305718058448,2.988884382861));
#4883 = CARTESIAN_POINT('',(4.236163188233,2.983345620765));
#4884 = CARTESIAN_POINT('',(4.097381445251,2.972296623713));
#4885 = CARTESIAN_POINT('',(4.028143998387,2.966785544583));
#4886 = CARTESIAN_POINT('',(3.958910176412,2.96127700173));
#4887 = CARTESIAN_POINT('',(3.889678615594,2.955771765723));
#4888 = CARTESIAN_POINT('',(3.820444537552,2.950269256975));
#4889 = CARTESIAN_POINT('',(3.751206608859,2.944767978885));
#4890 = CARTESIAN_POINT('',(3.604651589365,2.933122743287));
#4891 = CARTESIAN_POINT('',(3.527320627721,2.926977531647));
#4892 = CARTESIAN_POINT('',(3.449996355562,2.920830083418));
#4893 = CARTESIAN_POINT('',(3.372676566953,2.91467605252));
#4894 = CARTESIAN_POINT('',(3.295353055591,2.908512758969));
#4895 = CARTESIAN_POINT('',(3.218023483275,2.902339814811));
#4896 = CARTESIAN_POINT('',(3.12591158482,2.894972273383));
#4897 = CARTESIAN_POINT('',(3.111119716111,2.893789791992));
#4898 = CARTESIAN_POINT('',(3.096327814801,2.892608535299));
#4899 = CARTESIAN_POINT('',(3.081535859846,2.891428785618));
#4900 = CARTESIAN_POINT('',(3.066743831881,2.890250523697));
#4901 = CARTESIAN_POINT('',(3.05195171322,2.889073428721));
#4902 = CARTESIAN_POINT('',(2.981965193701,2.883506810681));
#4903 = CARTESIAN_POINT('',(2.926768751601,2.87912810599));
#4904 = CARTESIAN_POINT('',(2.87157329859,2.874753075567));
#4905 = CARTESIAN_POINT('',(2.816378629774,2.870376759449));
#4906 = CARTESIAN_POINT('',(2.761183383579,2.865996502284));
#4907 = CARTESIAN_POINT('',(2.705987227017,2.861611529251));
#4908 = CARTESIAN_POINT('',(2.607618855673,2.85378933767));
#4909 = CARTESIAN_POINT('',(2.564444059584,2.850353515454));
#4910 = CARTESIAN_POINT('',(2.521269671345,2.846915323093));
#4911 = CARTESIAN_POINT('',(2.478095649956,2.843475272267));
#4912 = CARTESIAN_POINT('',(2.434921543997,2.840034003931));
#4913 = CARTESIAN_POINT('',(2.39174714089,2.836592173661));
#4914 = CARTESIAN_POINT('',(2.30461947546,2.829646349319));
#4915 = CARTESIAN_POINT('',(2.260665356246,2.82614228648));
#4916 = CARTESIAN_POINT('',(2.216711582424,2.822638793158));
#4917 = CARTESIAN_POINT('',(2.17275797147,2.819136258155));
#4918 = CARTESIAN_POINT('',(2.128804032437,2.815634874276));
#4919 = CARTESIAN_POINT('',(2.084849663965,2.812134698202));
#4920 = CARTESIAN_POINT('',(1.991041492334,2.804667003384));
#4921 = CARTESIAN_POINT('',(1.941185742769,2.800699666433));
#4922 = CARTESIAN_POINT('',(1.891330548051,2.796733731171));
#4923 = CARTESIAN_POINT('',(1.841475802574,2.792768873951));
#4924 = CARTESIAN_POINT('',(1.7916206531,2.788804627475));
#4925 = CARTESIAN_POINT('',(1.741764801201,2.78484059246));
#4926 = CARTESIAN_POINT('',(1.631240125793,2.77605283653));
#4927 = CARTESIAN_POINT('',(1.570567951198,2.771228868311));
#4928 = CARTESIAN_POINT('',(1.509897707954,2.766404573541));
#4929 = CARTESIAN_POINT('',(1.449228706835,2.761579714325));
#4930 = CARTESIAN_POINT('',(1.388558547914,2.756754114667));
#4931 = CARTESIAN_POINT('',(1.327886525138,2.75192778917));
#4932 = CARTESIAN_POINT('',(1.202448114439,2.741948214241));
#4933 = CARTESIAN_POINT('',(1.137675094724,2.736794350997));
#4934 = CARTESIAN_POINT('',(1.072904714215,2.731639940394));
#4935 = CARTESIAN_POINT('',(1.008136181211,2.726484801235));
#4936 = CARTESIAN_POINT('',(0.943366123927,2.72132805709));
#4937 = CARTESIAN_POINT('',(0.878593491746,2.716169253313));
#4938 = CARTESIAN_POINT('',(0.751897096622,2.706078376967));
#4939 = CARTESIAN_POINT('',(0.689966816714,2.701146010451));
#4940 = CARTESIAN_POINT('',(0.628038723802,2.696215336736));
#4941 = CARTESIAN_POINT('',(0.56611194712,2.691282419296));
#4942 = CARTESIAN_POINT('',(0.504183848029,2.686351861781));
#4943 = CARTESIAN_POINT('',(0.442253442725,2.681421886664));
#4944 = CARTESIAN_POINT('',(0.325994665823,2.672170092745));
#4945 = CARTESIAN_POINT('',(0.271661455348,2.667847423362));
#4946 = CARTESIAN_POINT('',(0.217329135837,2.663526039321));
#4947 = CARTESIAN_POINT('',(0.162997477433,2.659205644373));
#4948 = CARTESIAN_POINT('',(0.108665171792,2.65488565108));
#4949 = CARTESIAN_POINT('',(5.433183325216E-02,2.650565496775));
#4950 = CARTESIAN_POINT('',(0.,2.646244959513));
#4951 = ( GEOMETRIC_REPRESENTATION_CONTEXT(2) 
PARAMETRIC_REPRESENTATION_CONTEXT() REPRESENTATION_CONTEXT('2D SPACE',''
  ) );
#4952 = ORIENTED_EDGE('',*,*,#4953,.T.);
#4953 = EDGE_CURVE('',#4646,#4954,#4956,.T.);
#4954 = VERTEX_POINT('',#4955);
#4955 = CARTESIAN_POINT('',(1.4,-3.429011037613E-16,-5.253897858847));
#4956 = SURFACE_CURVE('',#4957,(#5030,#5106),.PCURVE_S1.);
#4957 = B_SPLINE_CURVE_WITH_KNOTS('',6,(#4958,#4959,#4960,#4961,#4962,
    #4963,#4964,#4965,#4966,#4967,#4968,#4969,#4970,#4971,#4972,#4973,
    #4974,#4975,#4976,#4977,#4978,#4979,#4980,#4981,#4982,#4983,#4984,
    #4985,#4986,#4987,#4988,#4989,#4990,#4991,#4992,#4993,#4994,#4995,
    #4996,#4997,#4998,#4999,#5000,#5001,#5002,#5003,#5004,#5005,#5006,
    #5007,#5008,#5009,#5010,#5011,#5012,#5013,#5014,#5015,#5016,#5017,
    #5018,#5019,#5020,#5021,#5022,#5023,#5024,#5025,#5026,#5027,#5028,
    #5029),.UNSPECIFIED.,.F.,.F.,(7,5,5,5,5,5,5,5,5,5,5,5,5,5,7),(0.,
    8.156745409041E-02,0.16287873104,0.246605212706,0.267091383149,
    0.335803053848,0.434798009821,0.488593090537,0.542596014296,
    0.629162437533,0.707159813156,0.775660899229,0.865594187598,
    0.9096257651,1.),.UNSPECIFIED.);
#4958 = CARTESIAN_POINT('',(1.4,4.440892098501E-16,-4.753755040487));
#4959 = CARTESIAN_POINT('',(1.4,-0.119580227613,-4.760547306596));
#4960 = CARTESIAN_POINT('',(1.387743315853,-0.239174105392,
    -4.767341597465));
#4961 = CARTESIAN_POINT('',(1.363224959716,-0.357180743686,
    -4.774138020853));
#4962 = CARTESIAN_POINT('',(1.3267274933,-0.472048359715,-4.780938183243
    ));
#4963 = CARTESIAN_POINT('',(1.278765730249,-0.582286495281,
    -4.787740253097));
#4964 = CARTESIAN_POINT('',(1.161675678079,-0.79039186237,
    -4.801319259625));
#4965 = CARTESIAN_POINT('',(1.09260125337,-0.88832012593,-4.808097688279
    ));
#4966 = CARTESIAN_POINT('',(1.013678336032,-0.978903825178,
    -4.814871992487));
#4967 = CARTESIAN_POINT('',(0.925903425397,-1.060939905737,
    -4.821640906511));
#4968 = CARTESIAN_POINT('',(0.830443929871,-1.133389966704,
    -4.828407452879));
#4969 = CARTESIAN_POINT('',(0.623846118275,-1.259318329977,
    -4.842141048729));
#4970 = CARTESIAN_POINT('',(0.512301005703,-1.312184615815,
    -4.849109805392));
#4971 = CARTESIAN_POINT('',(0.395498279304,-1.353124666017,
    -4.856081759431));
#4972 = CARTESIAN_POINT('',(0.275033922489,-1.381534085684,
    -4.863065257434));
#4973 = CARTESIAN_POINT('',(0.1525778418,-1.397063283412,-4.870061497414
    ));
#4974 = CARTESIAN_POINT('',(-1.629746628207E-04,-1.400322082965,
    -4.878789415552));
#4975 = CARTESIAN_POINT('',(-3.020543426346E-02,-1.400189768369,
    -4.880505080439));
#4976 = CARTESIAN_POINT('',(-6.023967086929E-02,-1.399283977096,
    -4.882217701938));
#4977 = CARTESIAN_POINT('',(-9.024085119215E-02,-1.397605229479,
    -4.883926308349));
#4978 = CARTESIAN_POINT('',(-0.120184132237,-1.395155111969,
    -4.885631926438));
#4979 = CARTESIAN_POINT('',(-0.25019841359,-1.381140139351,
    -4.893058436151));
#4980 = CARTESIAN_POINT('',(-0.349426206653,-1.361695186715,
    -4.898765709189));
#4981 = CARTESIAN_POINT('',(-0.446782120191,-1.333703869816,
    -4.90447432068));
#4982 = CARTESIAN_POINT('',(-0.541353202952,-1.297400794621,
    -4.910189337208));
#4983 = CARTESIAN_POINT('',(-0.632269840979,-1.253148868427,
    -4.915910243795));
#4984 = CARTESIAN_POINT('',(-0.843261870133,-1.126930373448,
    -4.929883354172));
#4985 = CARTESIAN_POINT('',(-0.958569037224,-1.036914295989,
    -4.938142460857));
#4986 = CARTESIAN_POINT('',(-1.062152229578,-0.932856701616,
    -4.946403566091));
#4987 = CARTESIAN_POINT('',(-1.151969386744,-0.816708398294,
    -4.954660329224));
#4988 = CARTESIAN_POINT('',(-1.226349019976,-0.690746493899,
    -4.962915157698));
#4989 = CARTESIAN_POINT('',(-1.315567153928,-0.485286303756,
    -4.975647188178));
#4990 = CARTESIAN_POINT('',(-1.342090122064,-0.410821586195,
    -4.980129001718));
#4991 = CARTESIAN_POINT('',(-1.363542880667,-0.334648213396,
    -4.984609821215));
#4992 = CARTESIAN_POINT('',(-1.379793277261,-0.257197990934,
    -4.989090057319));
#4993 = CARTESIAN_POINT('',(-1.390758535293,-0.178914802308,
    -4.993570154097));
#4994 = CARTESIAN_POINT('',(-1.40207522802,-2.12842569953E-02,
    -5.00254747734));
#4995 = CARTESIAN_POINT('',(-1.402385728749,5.806934952186E-02,
    -5.007044892801));
#4996 = CARTESIAN_POINT('',(-1.397304760735,0.137351165706,
    -5.01154247224));
#4997 = CARTESIAN_POINT('',(-1.386851273982,0.216104841678,
    -5.016040509708));
#4998 = CARTESIAN_POINT('',(-1.371095557052,0.293879082306,
    -5.020539209465));
#4999 = CARTESIAN_POINT('',(-1.316597572805,0.492622464292,
    -5.03225049395));
#5000 = CARTESIAN_POINT('',(-1.269717695261,0.61138062899,
    -5.039465055325));
#5001 = CARTESIAN_POINT('',(-1.210019826709,0.724653818053,
    -5.046679884505));
#5002 = CARTESIAN_POINT('',(-1.138341154685,0.830751814094,
    -5.053895647658));
#5003 = CARTESIAN_POINT('',(-1.055776612447,0.928138856064,
    -5.061112978402));
#5004 = CARTESIAN_POINT('',(-0.880779701161,1.094213106669,
    -5.074831324563));
#5005 = CARTESIAN_POINT('',(-0.790114769104,1.164804466058,
    -5.081333945406));
#5006 = CARTESIAN_POINT('',(-0.692738011308,1.22630945053,
    -5.087835593491));
#5007 = CARTESIAN_POINT('',(-0.589796497679,1.277963581488,
    -5.094336810944));
#5008 = CARTESIAN_POINT('',(-0.482537081678,1.319178986822,
    -5.100838305119));
#5009 = CARTESIAN_POINT('',(-0.275498680595,1.376294181767,
    -5.113047823915));
#5010 = CARTESIAN_POINT('',(-0.17638573888,1.394668355517,
    -5.118756843701));
#5011 = CARTESIAN_POINT('',(-7.587652952779E-02,1.404460573825,
    -5.124465212428));
#5012 = CARTESIAN_POINT('',(2.510271865901E-02,1.405553864526,
    -5.130173308085));
#5013 = CARTESIAN_POINT('',(0.125618489342,1.397964659421,
    -5.135881470037));
#5014 = CARTESIAN_POINT('',(0.354876701338,1.360678415022,
    -5.149082150715));
#5015 = CARTESIAN_POINT('',(0.482642042219,1.324803085851,
    -5.156575937608));
#5016 = CARTESIAN_POINT('',(0.605909447867,1.274554713373,-5.1640674963)
  );
#5017 = CARTESIAN_POINT('',(0.722700120346,1.210682110215,
    -5.171557952397));
#5018 = CARTESIAN_POINT('',(0.831184042904,1.13424705763,-5.179048494564
    ));
#5019 = CARTESIAN_POINT('',(0.978017579442,1.003817004595,
    -5.190204460101));
#5020 = CARTESIAN_POINT('',(1.023907283376,0.958276490845,
    -5.193871215415));
#5021 = CARTESIAN_POINT('',(1.067239780336,0.91023020186,-5.19753804823)
  );
#5022 = CARTESIAN_POINT('',(1.107846014666,0.859858792945,
    -5.201205227297));
#5023 = CARTESIAN_POINT('',(1.145574281246,0.807357724794,-5.20487312525
    ));
#5024 = CARTESIAN_POINT('',(1.251546528604,0.641237336018,
    -5.216072680884));
#5025 = CARTESIAN_POINT('',(1.310129302377,0.521426859497,
    -5.223609341276));
#5026 = CARTESIAN_POINT('',(1.354854805082,0.395344869305,
    -5.231153033203));
#5027 = CARTESIAN_POINT('',(1.384954800304,0.264996752705,
    -5.238711544135));
#5028 = CARTESIAN_POINT('',(1.4,0.132486459286,-5.246292740187));
#5029 = CARTESIAN_POINT('',(1.4,2.22044604925E-16,-5.253897858847));
#5030 = PCURVE('',#3234,#5031);
#5031 = DEFINITIONAL_REPRESENTATION('',(#5032),#5105);
#5032 = B_SPLINE_CURVE_WITH_KNOTS('',6,(#5033,#5034,#5035,#5036,#5037,
    #5038,#5039,#5040,#5041,#5042,#5043,#5044,#5045,#5046,#5047,#5048,
    #5049,#5050,#5051,#5052,#5053,#5054,#5055,#5056,#5057,#5058,#5059,
    #5060,#5061,#5062,#5063,#5064,#5065,#5066,#5067,#5068,#5069,#5070,
    #5071,#5072,#5073,#5074,#5075,#5076,#5077,#5078,#5079,#5080,#5081,
    #5082,#5083,#5084,#5085,#5086,#5087,#5088,#5089,#5090,#5091,#5092,
    #5093,#5094,#5095,#5096,#5097,#5098,#5099,#5100,#5101,#5102,#5103,
    #5104),.UNSPECIFIED.,.F.,.F.,(7,5,5,5,5,5,5,5,5,5,5,5,5,5,7),(0.,
    8.156745409041E-02,0.16287873104,0.246605212706,0.267091383149,
    0.335803053848,0.434798009821,0.488593090537,0.542596014296,
    0.629162437533,0.707159813156,0.775660899229,0.865594187598,
    0.9096257651,1.),.UNSPECIFIED.);
#5033 = CARTESIAN_POINT('',(0.356040339887,0.666260121124));
#5034 = CARTESIAN_POINT('',(0.356040741216,0.670790891345));
#5035 = CARTESIAN_POINT('',(0.356037956809,0.675321918368));
#5036 = CARTESIAN_POINT('',(0.356030370928,0.679852227181));
#5037 = CARTESIAN_POINT('',(0.356019327842,0.684382691661));
#5038 = CARTESIAN_POINT('',(0.356011865284,0.6889140601));
#5039 = CARTESIAN_POINT('',(0.356010319367,0.697962192123));
#5040 = CARTESIAN_POINT('',(0.356016235839,0.702479952289));
#5041 = CARTESIAN_POINT('',(0.356031937259,0.706997467324));
#5042 = CARTESIAN_POINT('',(0.356058144728,0.711515139339));
#5043 = CARTESIAN_POINT('',(0.356083892625,0.716033436649));
#5044 = CARTESIAN_POINT('',(0.356117162345,0.725203303852));
#5045 = CARTESIAN_POINT('',(0.356123954237,0.729855948281));
#5046 = CARTESIAN_POINT('',(0.356112222396,0.734507962869));
#5047 = CARTESIAN_POINT('',(0.35607077561,0.739160017559));
#5048 = CARTESIAN_POINT('',(0.356020718741,0.743812743194));
#5049 = CARTESIAN_POINT('',(0.355987991425,0.749599016292));
#5050 = CARTESIAN_POINT('',(0.355983698286,0.750736175422));
#5051 = CARTESIAN_POINT('',(0.355982736697,0.751873438614));
#5052 = CARTESIAN_POINT('',(0.35598524117,0.753010998952));
#5053 = CARTESIAN_POINT('',(0.355990289585,0.754148829484));
#5054 = CARTESIAN_POINT('',(0.356014731536,0.759103103246));
#5055 = CARTESIAN_POINT('',(0.356047479211,0.762920933194));
#5056 = CARTESIAN_POINT('',(0.356073121729,0.766738719128));
#5057 = CARTESIAN_POINT('',(0.356086370181,0.770556435732));
#5058 = CARTESIAN_POINT('',(0.356089864278,0.774374365747));
#5059 = CARTESIAN_POINT('',(0.356081324433,0.783692129422));
#5060 = CARTESIAN_POINT('',(0.35606184151,0.789193390498));
#5061 = CARTESIAN_POINT('',(0.356037927157,0.794692887534));
#5062 = CARTESIAN_POINT('',(0.356023037343,0.800192179346));
#5063 = CARTESIAN_POINT('',(0.356015989822,0.805692791418));
#5064 = CARTESIAN_POINT('',(0.356015049248,0.814180305708));
#5065 = CARTESIAN_POINT('',(0.356016598484,0.817168667481));
#5066 = CARTESIAN_POINT('',(0.35601970024,0.820156937942));
#5067 = CARTESIAN_POINT('',(0.356023841923,0.82314520431));
#5068 = CARTESIAN_POINT('',(0.356028498516,0.826133556499));
#5069 = CARTESIAN_POINT('',(0.356038129794,0.832121741241));
#5070 = CARTESIAN_POINT('',(0.35604310421,0.835121699846));
#5071 = CARTESIAN_POINT('',(0.356047831894,0.838121631566));
#5072 = CARTESIAN_POINT('',(0.356052059596,0.841121621819));
#5073 = CARTESIAN_POINT('',(0.356055653723,0.844121749773));
#5074 = CARTESIAN_POINT('',(0.356063263034,0.851931064784));
#5075 = CARTESIAN_POINT('',(0.356066222853,0.856741087661));
#5076 = CARTESIAN_POINT('',(0.35606726766,0.861550469633));
#5077 = CARTESIAN_POINT('',(0.356066762421,0.866359943516));
#5078 = CARTESIAN_POINT('',(0.35606486022,0.871170217658));
#5079 = CARTESIAN_POINT('',(0.356058983021,0.880313227454));
#5080 = CARTESIAN_POINT('',(0.356055230352,0.884647045399));
#5081 = CARTESIAN_POINT('',(0.356050666047,0.888980298548));
#5082 = CARTESIAN_POINT('',(0.356045446432,0.893313417643));
#5083 = CARTESIAN_POINT('',(0.356039939474,0.897646860415));
#5084 = CARTESIAN_POINT('',(0.3560301159,0.905785135015));
#5085 = CARTESIAN_POINT('',(0.356025738762,0.909590599252));
#5086 = CARTESIAN_POINT('',(0.356021937693,0.913395731964));
#5087 = CARTESIAN_POINT('',(0.356019230674,0.917200795278));
#5088 = CARTESIAN_POINT('',(0.356018119073,0.921006060619));
#5089 = CARTESIAN_POINT('',(0.356019955007,0.929806703371));
#5090 = CARTESIAN_POINT('',(0.356024285147,0.934803111044));
#5091 = CARTESIAN_POINT('',(0.356032496735,0.939798684826));
#5092 = CARTESIAN_POINT('',(0.356044740527,0.944794494988));
#5093 = CARTESIAN_POINT('',(0.35605858665,0.949791615164));
#5094 = CARTESIAN_POINT('',(0.356075117917,0.95723467663));
#5095 = CARTESIAN_POINT('',(0.356079892495,0.959681175018));
#5096 = CARTESIAN_POINT('',(0.356083525835,0.962127735898));
#5097 = CARTESIAN_POINT('',(0.356085400785,0.964574381305));
#5098 = CARTESIAN_POINT('',(0.356084940811,0.967021120091));
#5099 = CARTESIAN_POINT('',(0.356075309114,0.974489769357));
#5100 = CARTESIAN_POINT('',(0.356057396599,0.979512657653));
#5101 = CARTESIAN_POINT('',(0.356025706503,0.984534360288));
#5102 = CARTESIAN_POINT('',(0.355980326346,0.989554949992));
#5103 = CARTESIAN_POINT('',(0.3559431941,0.994573941777));
#5104 = CARTESIAN_POINT('',(0.355979090742,0.999583392363));
#5105 = ( GEOMETRIC_REPRESENTATION_CONTEXT(2) 
PARAMETRIC_REPRESENTATION_CONTEXT() REPRESENTATION_CONTEXT('2D SPACE',''
  ) );
#5106 = PCURVE('',#5107,#5112);
#5107 = CYLINDRICAL_SURFACE('',#5108,1.4);
#5108 = AXIS2_PLACEMENT_3D('',#5109,#5110,#5111);
#5109 = CARTESIAN_POINT('',(0.,0.,-7.4));
#5110 = DIRECTION('',(0.,0.,1.));
#5111 = DIRECTION('',(1.,0.,-0.));
#5112 = DEFINITIONAL_REPRESENTATION('',(#5113),#5186);
#5113 = B_SPLINE_CURVE_WITH_KNOTS('',6,(#5114,#5115,#5116,#5117,#5118,
    #5119,#5120,#5121,#5122,#5123,#5124,#5125,#5126,#5127,#5128,#5129,
    #5130,#5131,#5132,#5133,#5134,#5135,#5136,#5137,#5138,#5139,#5140,
    #5141,#5142,#5143,#5144,#5145,#5146,#5147,#5148,#5149,#5150,#5151,
    #5152,#5153,#5154,#5155,#5156,#5157,#5158,#5159,#5160,#5161,#5162,
    #5163,#5164,#5165,#5166,#5167,#5168,#5169,#5170,#5171,#5172,#5173,
    #5174,#5175,#5176,#5177,#5178,#5179,#5180,#5181,#5182,#5183,#5184,
    #5185),.UNSPECIFIED.,.F.,.F.,(7,5,5,5,5,5,5,5,5,5,5,5,5,5,7),(0.,
    8.156745409041E-02,0.16287873104,0.246605212706,0.267091383149,
    0.335803053848,0.434798009821,0.488593090537,0.542596014296,
    0.629162437533,0.707159813156,0.775660899229,0.865594187598,
    0.9096257651,1.),.UNSPECIFIED.);
#5114 = CARTESIAN_POINT('',(6.28318530718,2.646244959513));
#5115 = CARTESIAN_POINT('',(6.197770858885,2.639452693404));
#5116 = CARTESIAN_POINT('',(6.112346805109,2.632658402535));
#5117 = CARTESIAN_POINT('',(6.026933962111,2.625861979147));
#5118 = CARTESIAN_POINT('',(5.941521334085,2.619061816757));
#5119 = CARTESIAN_POINT('',(5.856097709712,2.612259746903));
#5120 = CARTESIAN_POINT('',(5.685537522047,2.598680740375));
#5121 = CARTESIAN_POINT('',(5.600382117644,2.591902311721));
#5122 = CARTESIAN_POINT('',(5.51523735001,2.585128007513));
#5123 = CARTESIAN_POINT('',(5.430092243524,2.578359093489));
#5124 = CARTESIAN_POINT('',(5.344935946214,2.571592547121));
#5125 = CARTESIAN_POINT('',(5.172113328008,2.557858951271));
#5126 = CARTESIAN_POINT('',(5.0844267424,2.550890194608));
#5127 = CARTESIAN_POINT('',(4.996753021774,2.543918240569));
#5128 = CARTESIAN_POINT('',(4.909079878118,2.536934742566));
#5129 = CARTESIAN_POINT('',(4.821394718794,2.529938502586));
#5130 = CARTESIAN_POINT('',(4.712269306977,2.521210584448));
#5131 = CARTESIAN_POINT('',(4.69081731558,2.519494919561));
#5132 = CARTESIAN_POINT('',(4.669365192267,2.517782298062));
#5133 = CARTESIAN_POINT('',(4.647912912391,2.516073691651));
#5134 = CARTESIAN_POINT('',(4.626460490153,2.514368073562));
#5135 = CARTESIAN_POINT('',(4.53305515006,2.506941563849));
#5136 = CARTESIAN_POINT('',(4.461097782465,2.501234290811));
#5137 = CARTESIAN_POINT('',(4.389145024184,2.49552567932));
#5138 = CARTESIAN_POINT('',(4.317192567852,2.489810662792));
#5139 = CARTESIAN_POINT('',(4.245235869701,2.484089756205));
#5140 = CARTESIAN_POINT('',(4.069619252185,2.470116645828));
#5141 = CARTESIAN_POINT('',(3.965930967365,2.461857539143));
#5142 = CARTESIAN_POINT('',(3.86227182277,2.453596433909));
#5143 = CARTESIAN_POINT('',(3.758612486318,2.445339670776));
#5144 = CARTESIAN_POINT('',(3.654923969406,2.437084842302));
#5145 = CARTESIAN_POINT('',(3.494927532648,2.424352811822));
#5146 = CARTESIAN_POINT('',(3.438593794864,2.419870998282));
#5147 = CARTESIAN_POINT('',(3.382261305632,2.415390178785));
#5148 = CARTESIAN_POINT('',(3.325928778666,2.410909942681));
#5149 = CARTESIAN_POINT('',(3.269594895794,2.406429845903));
#5150 = CARTESIAN_POINT('',(3.156711859999,2.39745252266));
#5151 = CARTESIAN_POINT('',(3.100160333501,2.392955107199));
#5152 = CARTESIAN_POINT('',(3.043610210226,2.38845752776));
#5153 = CARTESIAN_POINT('',(2.987060112458,2.383959490292));
#5154 = CARTESIAN_POINT('',(2.930508657758,2.379460790535));
#5155 = CARTESIAN_POINT('',(2.783308665088,2.36774950605));
#5156 = CARTESIAN_POINT('',(2.69264624576,2.360534944675));
#5157 = CARTESIAN_POINT('',(2.601998829308,2.353320115495));
#5158 = CARTESIAN_POINT('',(2.511351499378,2.346104352342));
#5159 = CARTESIAN_POINT('',(2.420689314107,2.338887021598));
#5160 = CARTESIAN_POINT('',(2.248363424937,2.325168675437));
#5161 = CARTESIAN_POINT('',(2.166679516654,2.318666054594));
#5162 = CARTESIAN_POINT('',(2.085004467486,2.312164406509));
#5163 = CARTESIAN_POINT('',(2.003329393766,2.305663189056));
#5164 = CARTESIAN_POINT('',(1.921645418463,2.299161694881));
#5165 = CARTESIAN_POINT('',(1.768236792105,2.286952176085));
#5166 = CARTESIAN_POINT('',(1.696500808661,2.281243156299));
#5167 = CARTESIAN_POINT('',(1.624769246694,2.275534787572));
#5168 = CARTESIAN_POINT('',(1.553037629834,2.269826691915));
#5169 = CARTESIAN_POINT('',(1.481301539392,2.264118529963));
#5170 = CARTESIAN_POINT('',(1.315394029216,2.250917849285));
#5171 = CARTESIAN_POINT('',(1.221203311887,2.243424062392));
#5172 = CARTESIAN_POINT('',(1.12703054696,2.2359325037));
#5173 = CARTESIAN_POINT('',(1.032857736871,2.228442047603));
#5174 = CARTESIAN_POINT('',(0.938666870179,2.220951505436));
#5175 = CARTESIAN_POINT('',(0.798382744885,2.209795539899));
#5176 = CARTESIAN_POINT('',(0.752273699028,2.206128784585));
#5177 = CARTESIAN_POINT('',(0.706165163659,2.20246195177));
#5178 = CARTESIAN_POINT('',(0.660056661265,2.198794772703));
#5179 = CARTESIAN_POINT('',(0.613947719836,2.19512687475));
#5180 = CARTESIAN_POINT('',(0.473202435402,2.183927319116));
#5181 = CARTESIAN_POINT('',(0.378549513939,2.176390658724));
#5182 = CARTESIAN_POINT('',(0.283915800414,2.168846966797));
#5183 = CARTESIAN_POINT('',(0.189283112719,2.161288455865));
#5184 = CARTESIAN_POINT('',(9.463318520406E-02,2.153707259813));
#5185 = CARTESIAN_POINT('',(0.,2.146102141153));
#5186 = ( GEOMETRIC_REPRESENTATION_CONTEXT(2) 
PARAMETRIC_REPRESENTATION_CONTEXT() REPRESENTATION_CONTEXT('2D SPACE',''
  ) );
#5187 = ORIENTED_EDGE('',*,*,#5188,.T.);
#5188 = EDGE_CURVE('',#4954,#5189,#5191,.T.);
#5189 = VERTEX_POINT('',#5190);
#5190 = CARTESIAN_POINT('',(1.399960579668,-1.050596853162E-02,
    -5.254501004999));
#5191 = SURFACE_CURVE('',#5192,(#5195,#5201),.PCURVE_S1.);
#5192 = B_SPLINE_CURVE_WITH_KNOTS('',1,(#5193,#5194),.UNSPECIFIED.,.F.,
  .F.,(2,2),(0.,1.),.PIECEWISE_BEZIER_KNOTS.);
#5193 = CARTESIAN_POINT('',(1.4,1.52655665886E-16,-5.253897858847));
#5194 = CARTESIAN_POINT('',(1.399956637961,-1.101870365896E-02,
    -5.254530445058));
#5195 = PCURVE('',#3234,#5196);
#5196 = DEFINITIONAL_REPRESENTATION('',(#5197),#5200);
#5197 = B_SPLINE_CURVE_WITH_KNOTS('',1,(#5198,#5199),.UNSPECIFIED.,.F.,
  .F.,(2,2),(0.,1.),.PIECEWISE_BEZIER_KNOTS.);
#5198 = CARTESIAN_POINT('',(0.355979090742,0.999583392363));
#5199 = CARTESIAN_POINT('',(0.355982289788,1.));
#5200 = ( GEOMETRIC_REPRESENTATION_CONTEXT(2) 
PARAMETRIC_REPRESENTATION_CONTEXT() REPRESENTATION_CONTEXT('2D SPACE',''
  ) );
#5201 = PCURVE('',#5202,#5207);
#5202 = CYLINDRICAL_SURFACE('',#5203,1.4);
#5203 = AXIS2_PLACEMENT_3D('',#5204,#5205,#5206);
#5204 = CARTESIAN_POINT('',(0.,0.,-7.4));
#5205 = DIRECTION('',(0.,0.,1.));
#5206 = DIRECTION('',(1.,0.,-0.));
#5207 = DEFINITIONAL_REPRESENTATION('',(#5208),#5211);
#5208 = B_SPLINE_CURVE_WITH_KNOTS('',1,(#5209,#5210),.UNSPECIFIED.,.F.,
  .F.,(2,2),(0.,1.),.PIECEWISE_BEZIER_KNOTS.);
#5209 = CARTESIAN_POINT('',(6.28318530718,2.146102141153));
#5210 = CARTESIAN_POINT('',(6.275314723308,2.145469554942));
#5211 = ( GEOMETRIC_REPRESENTATION_CONTEXT(2) 
PARAMETRIC_REPRESENTATION_CONTEXT() REPRESENTATION_CONTEXT('2D SPACE',''
  ) );
#5212 = ORIENTED_EDGE('',*,*,#5213,.T.);
#5213 = EDGE_CURVE('',#5189,#4569,#5214,.T.);
#5214 = SURFACE_CURVE('',#5215,(#5224,#5236),.PCURVE_S1.);
#5215 = B_SPLINE_CURVE_WITH_KNOTS('',4,(#5216,#5217,#5218,#5219,#5220,
    #5221,#5222,#5223),.UNSPECIFIED.,.F.,.F.,(5,3,5),(0.,0.501226999924,
    1.),.UNSPECIFIED.);
#5216 = CARTESIAN_POINT('',(1.4,-1.050724386477E-02,-5.254483342664));
#5217 = CARTESIAN_POINT('',(1.359305081394,-9.190675072707E-03,
    -5.272716757691));
#5218 = CARTESIAN_POINT('',(1.318610254661,-7.874090929183E-03,
    -5.290950379253));
#5219 = CARTESIAN_POINT('',(1.277915535265,-6.557488850966E-03,
    -5.309184242104));
#5220 = CARTESIAN_POINT('',(1.196725602497,-3.930686432678E-03,
    -5.345563291436));
#5221 = CARTESIAN_POINT('',(1.156230388148,-2.620486255759E-03,
    -5.363708475723));
#5222 = CARTESIAN_POINT('',(1.115735330506,-1.310259896424E-03,
    -5.381854012262));
#5223 = CARTESIAN_POINT('',(1.0752404736,1.058072900129E-15,-5.4));
#5224 = PCURVE('',#3234,#5225);
#5225 = DEFINITIONAL_REPRESENTATION('',(#5226),#5235);
#5226 = B_SPLINE_CURVE_WITH_KNOTS('',4,(#5227,#5228,#5229,#5230,#5231,
    #5232,#5233,#5234),.UNSPECIFIED.,.F.,.F.,(5,3,5),(0.,0.501226999924,
    1.),.UNSPECIFIED.);
#5227 = CARTESIAN_POINT('',(0.3560253464,0.999980612888));
#5228 = CARTESIAN_POINT('',(0.31141296318,0.999982477498));
#5229 = CARTESIAN_POINT('',(0.266800581026,0.999984487097));
#5230 = CARTESIAN_POINT('',(0.222188200114,0.999986666101));
#5231 = CARTESIAN_POINT('',(0.133181862918,0.999991432121));
#5232 = CARTESIAN_POINT('',(8.87879066207E-02,0.9999940176));
#5233 = CARTESIAN_POINT('',(4.439395214334E-02,0.999996850395));
#5234 = CARTESIAN_POINT('',(0.,1.));
#5235 = ( GEOMETRIC_REPRESENTATION_CONTEXT(2) 
PARAMETRIC_REPRESENTATION_CONTEXT() REPRESENTATION_CONTEXT('2D SPACE',''
  ) );
#5236 = PCURVE('',#5237,#5242);
#5237 = PLANE('',#5238);
#5238 = AXIS2_PLACEMENT_3D('',#5239,#5240,#5241);
#5239 = CARTESIAN_POINT('',(1.397846655616,2.550849891224E-04,
    -5.399990577797));
#5240 = DIRECTION('',(-7.907006235224E-04,0.997274646939,
    7.377434083577E-02));
#5241 = DIRECTION('',(-6.776263578034E-21,-7.377436389792E-02,
    0.997274958691));
#5242 = DEFINITIONAL_REPRESENTATION('',(#5243),#5252);
#5243 = B_SPLINE_CURVE_WITH_KNOTS('',4,(#5244,#5245,#5246,#5247,#5248,
    #5249,#5250,#5251),.UNSPECIFIED.,.F.,.F.,(5,3,5),(0.,0.501226999924,
    1.),.UNSPECIFIED.);
#5244 = CARTESIAN_POINT('',(0.145904705871,2.153345057398E-03));
#5245 = CARTESIAN_POINT('',(0.127623848629,-3.854158626957E-02));
#5246 = CARTESIAN_POINT('',(0.109342784281,-7.923642572447E-02));
#5247 = CARTESIAN_POINT('',(9.106147797884E-02,-0.119931157841));
#5248 = CARTESIAN_POINT('',(5.458777238104E-02,-0.20112111599));
#5249 = CARTESIAN_POINT('',(3.639537528651E-02,-0.241616342997));
#5250 = CARTESIAN_POINT('',(1.820262496839E-02,-0.282111413299));
#5251 = CARTESIAN_POINT('',(9.422205825338E-06,-0.322606282864));
#5252 = ( GEOMETRIC_REPRESENTATION_CONTEXT(2) 
PARAMETRIC_REPRESENTATION_CONTEXT() REPRESENTATION_CONTEXT('2D SPACE',''
  ) );
#5253 = ADVANCED_FACE('',(#5254),#3581,.T.);
#5254 = FACE_BOUND('',#5255,.T.);
#5255 = EDGE_LOOP('',(#5256,#5257,#5258,#5548));
#5256 = ORIENTED_EDGE('',*,*,#4645,.F.);
#5257 = ORIENTED_EDGE('',*,*,#3565,.T.);
#5258 = ORIENTED_EDGE('',*,*,#5259,.T.);
#5259 = EDGE_CURVE('',#3433,#5260,#5262,.T.);
#5260 = VERTEX_POINT('',#5261);
#5261 = CARTESIAN_POINT('',(1.4,-3.429011037613E-16,-4.546563445511));
#5262 = SURFACE_CURVE('',#5263,(#5356,#5452),.PCURVE_S1.);
#5263 = B_SPLINE_CURVE_WITH_KNOTS('',7,(#5264,#5265,#5266,#5267,#5268,
    #5269,#5270,#5271,#5272,#5273,#5274,#5275,#5276,#5277,#5278,#5279,
    #5280,#5281,#5282,#5283,#5284,#5285,#5286,#5287,#5288,#5289,#5290,
    #5291,#5292,#5293,#5294,#5295,#5296,#5297,#5298,#5299,#5300,#5301,
    #5302,#5303,#5304,#5305,#5306,#5307,#5308,#5309,#5310,#5311,#5312,
    #5313,#5314,#5315,#5316,#5317,#5318,#5319,#5320,#5321,#5322,#5323,
    #5324,#5325,#5326,#5327,#5328,#5329,#5330,#5331,#5332,#5333,#5334,
    #5335,#5336,#5337,#5338,#5339,#5340,#5341,#5342,#5343,#5344,#5345,
    #5346,#5347,#5348,#5349,#5350,#5351,#5352,#5353,#5354,#5355),
  .UNSPECIFIED.,.F.,.F.,(8,6,6,6,6,6,6,6,6,6,6,6,6,6,6,8),(0.,
    0.102235618255,0.230935083272,0.296649994917,0.37165634737,
    0.428340848598,0.512350796564,0.574288701195,0.622296305173,
    0.675207473187,0.716235555855,0.737237575768,0.74896891631,
    0.81913628642,0.923175109758,1.),.UNSPECIFIED.);
#5264 = CARTESIAN_POINT('',(1.4,-2.22044604925E-16,-4.046420533185));
#5265 = CARTESIAN_POINT('',(1.4,-0.128449088281,-4.053793898998));
#5266 = CARTESIAN_POINT('',(1.386250563966,-0.25692928873,
    -4.061145974874));
#5267 = CARTESIAN_POINT('',(1.358740611569,-0.383620359356,
    -4.068477022911));
#5268 = CARTESIAN_POINT('',(1.317773278063,-0.506769029256,
    -4.075792601698));
#5269 = CARTESIAN_POINT('',(1.263907295308,-0.624694440906,
    -4.083099564876));
#5270 = CARTESIAN_POINT('',(1.1979496249,-0.735810607908,-4.090402591271
    ));
#5271 = CARTESIAN_POINT('',(1.024130363418,-0.968145415764,
    -4.106889170071));
#5272 = CARTESIAN_POINT('',(0.909758052839,-1.084645038421,
    -4.116078040254));
#5273 = CARTESIAN_POINT('',(0.780059989659,-1.185182936028,
    -4.125263501236));
#5274 = CARTESIAN_POINT('',(0.637763774383,-1.267442080944,
    -4.134450035901));
#5275 = CARTESIAN_POINT('',(0.485914981172,-1.329661992784,
    -4.143639408086));
#5276 = CARTESIAN_POINT('',(0.327882522863,-1.370635451903,
    -4.152834262632));
#5277 = CARTESIAN_POINT('',(8.536099612675E-02,-1.399832466859,
    -4.166717485071));
#5278 = CARTESIAN_POINT('',(2.702986336623E-03,-1.404061111168,
    -4.171410624423));
#5279 = CARTESIAN_POINT('',(-8.016609974384E-02,-1.402592975583,
    -4.176103827683));
#5280 = CARTESIAN_POINT('',(-0.162775526386,-1.395420286462,
    -4.180797132528));
#5281 = CARTESIAN_POINT('',(-0.244657482108,-1.3825836706,
    -4.185490710717));
#5282 = CARTESIAN_POINT('',(-0.325349640327,-1.364171924522,
    -4.190184621918));
#5283 = CARTESIAN_POINT('',(-0.494622419027,-1.313099468196,
    -4.200236190803));
#5284 = CARTESIAN_POINT('',(-0.582715238547,-1.278789527829,
    -4.2055944422));
#5285 = CARTESIAN_POINT('',(-0.667997105226,-1.237595074101,
    -4.210952713177));
#5286 = CARTESIAN_POINT('',(-0.749827144779,-1.189798698545,
    -4.216311095218));
#5287 = CARTESIAN_POINT('',(-0.82760239898,-1.135752592775,
    -4.221669872585));
#5288 = CARTESIAN_POINT('',(-0.900761914195,-1.075876157324,
    -4.227029038508));
#5289 = CARTESIAN_POINT('',(-1.020209952681,-0.961376166592,
    -4.236437634475));
#5290 = CARTESIAN_POINT('',(-1.068700609072,-0.90903856644,
    -4.240487512747));
#5291 = CARTESIAN_POINT('',(-1.114048030526,-0.853858539579,
    -4.244537259745));
#5292 = CARTESIAN_POINT('',(-1.156053743277,-0.796063539836,
    -4.248586821872));
#5293 = CARTESIAN_POINT('',(-1.19454063414,-0.735897261955,
    -4.252636198442));
#5294 = CARTESIAN_POINT('',(-1.229353644767,-0.673618669389,
    -4.256685338261));
#5295 = CARTESIAN_POINT('',(-1.306314498771,-0.514474690476,
    -4.266734457784));
#5296 = CARTESIAN_POINT('',(-1.343914653198,-0.415396059143,
    -4.272734713972));
#5297 = CARTESIAN_POINT('',(-1.372722539499,-0.313163968722,
    -4.278733544235));
#5298 = CARTESIAN_POINT('',(-1.392435486803,-0.208715832291,
    -4.284731002471));
#5299 = CARTESIAN_POINT('',(-1.402871428643,-0.103016165005,
    -4.290727795406));
#5300 = CARTESIAN_POINT('',(-1.403970489873,2.951747509655E-03,
    -4.296724488871));
#5301 = CARTESIAN_POINT('',(-1.389799215703,0.185780679125,
    -4.307141313669));
#5302 = CARTESIAN_POINT('',(-1.37875293818,0.262982575569,
    -4.311562190542));
#5303 = CARTESIAN_POINT('',(-1.362705330651,0.339401161435,
    -4.315983202877));
#5304 = CARTESIAN_POINT('',(-1.341724884229,0.414648390758,
    -4.320404673445));
#5305 = CARTESIAN_POINT('',(-1.315917194241,0.488345568081,
    -4.324827007972));
#5306 = CARTESIAN_POINT('',(-1.285424461639,0.560125175077,
    -4.329250445616));
#5307 = CARTESIAN_POINT('',(-1.22329717063,0.683507454715,
    -4.337104100582));
#5308 = CARTESIAN_POINT('',(-1.193460962888,0.736019130265,
    -4.340534065944));
#5309 = CARTESIAN_POINT('',(-1.160999192304,0.78700337801,
    -4.343964669042));
#5310 = CARTESIAN_POINT('',(-1.126006370492,0.83630322369,
    -4.347395879062));
#5311 = CARTESIAN_POINT('',(-1.088588402819,0.883769477194,
    -4.350827612623));
#5312 = CARTESIAN_POINT('',(-1.048862291669,0.929261145148,
    -4.354259675532));
#5313 = CARTESIAN_POINT('',(-0.960769003928,1.020461915831,
    -4.361474285786));
#5314 = CARTESIAN_POINT('',(-0.911932411851,1.065719888843,
    -4.365256921415));
#5315 = CARTESIAN_POINT('',(-0.860617445038,1.108242491818,
    -4.36903915764));
#5316 = CARTESIAN_POINT('',(-0.807008600519,1.147868012599,
    -4.372820474175));
#5317 = CARTESIAN_POINT('',(-0.751302846272,1.184450814821,
    -4.376600351621));
#5318 = CARTESIAN_POINT('',(-0.693708976711,1.217861855148,
    -4.380378338863));
#5319 = CARTESIAN_POINT('',(-0.588494352186,1.271350378535,
    -4.387081915973));
#5320 = CARTESIAN_POINT('',(-0.541537541404,1.29273779492,
    -4.390008504247));
#5321 = CARTESIAN_POINT('',(-0.493679135055,1.31209932563,
    -4.392933672581));
#5322 = CARTESIAN_POINT('',(-0.445024167591,1.329389805119,
    -4.395857486625));
#5323 = CARTESIAN_POINT('',(-0.395680108698,1.344571026326,
    -4.398780290392));
#5324 = CARTESIAN_POINT('',(-0.345756863295,1.357611740673,
    -4.401702706251));
#5325 = CARTESIAN_POINT('',(-0.269572397481,1.374054972422,
    -4.406121863918));
#5326 = CARTESIAN_POINT('',(-0.243654788,1.379055227392,-4.407618292361)
  );
#5327 = CARTESIAN_POINT('',(-0.217628721081,1.383485186883,
    -4.409115066131));
#5328 = CARTESIAN_POINT('',(-0.191508979167,1.387342078485,
    -4.410612374221));
#5329 = CARTESIAN_POINT('',(-0.165310349153,1.390623593467,
    -4.412110448756));
#5330 = CARTESIAN_POINT('',(-0.139047622378,1.393327886778,
    -4.413609564989));
#5331 = CARTESIAN_POINT('',(-9.803818176106E-02,1.396640948388,
    -4.415948179668));
#5332 = CARTESIAN_POINT('',(-8.332625390347E-02,1.397647721864,
    -4.416787653281));
#5333 = CARTESIAN_POINT('',(-6.860237167605E-02,1.398473680374,
    -4.417627048556));
#5334 = CARTESIAN_POINT('',(-5.386917964838E-02,1.399118657606,
    -4.418465850837));
#5335 = CARTESIAN_POINT('',(-3.912940634381E-02,1.399582538046,
    -4.419304444395));
#5336 = CARTESIAN_POINT('',(-2.438586423948E-02,1.399865256978,
    -4.420144112432));
#5337 = CARTESIAN_POINT('',(7.85476863097E-02,1.400574151401,
    -4.426028729045));
#5338 = CARTESIAN_POINT('',(0.16678706179,1.394700276141,-4.431061570188
    ));
#5339 = CARTESIAN_POINT('',(0.25449657471,1.382339751147,-4.43608736658)
  );
#5340 = CARTESIAN_POINT('',(0.341105549525,1.363553752456,
    -4.441106648755));
#5341 = CARTESIAN_POINT('',(0.426054676484,1.338463522429,
    -4.446120548824));
#5342 = CARTESIAN_POINT('',(0.508799265033,1.307249597889,
    -4.451130944479));
#5343 = CARTESIAN_POINT('',(0.70745327597,1.215158428262,-4.463564239685
    ));
#5344 = CARTESIAN_POINT('',(0.820129221281,1.147217594019,
    -4.470986569649));
#5345 = CARTESIAN_POINT('',(0.925091806339,1.067132327304,
    -4.478407836718));
#5346 = CARTESIAN_POINT('',(1.020800942224,0.975977194475,-4.48583370765
    ));
#5347 = CARTESIAN_POINT('',(1.105903614867,0.875041067836,
    -4.493266810664));
#5348 = CARTESIAN_POINT('',(1.179252323892,0.765809333468,
    -4.500704504176));
#5349 = CARTESIAN_POINT('',(1.284796140319,0.564467017511,
    -4.513632543942));
#5350 = CARTESIAN_POINT('',(1.322748995741,0.475329753473,
    -4.519124739315));
#5351 = CARTESIAN_POINT('',(1.353467297868,0.383253518872,
    -4.524615982635));
#5352 = CARTESIAN_POINT('',(1.376687458918,0.288944149149,
    -4.530105279132));
#5353 = CARTESIAN_POINT('',(1.392229819537,0.193131025187,
    -4.535592632766));
#5354 = CARTESIAN_POINT('',(1.400000001121,9.656189028034E-02,
    -4.541078642224));
#5355 = CARTESIAN_POINT('',(1.4,0.,-4.546563445511));
#5356 = PCURVE('',#3581,#5357);
#5357 = DEFINITIONAL_REPRESENTATION('',(#5358),#5451);
#5358 = B_SPLINE_CURVE_WITH_KNOTS('',7,(#5359,#5360,#5361,#5362,#5363,
    #5364,#5365,#5366,#5367,#5368,#5369,#5370,#5371,#5372,#5373,#5374,
    #5375,#5376,#5377,#5378,#5379,#5380,#5381,#5382,#5383,#5384,#5385,
    #5386,#5387,#5388,#5389,#5390,#5391,#5392,#5393,#5394,#5395,#5396,
    #5397,#5398,#5399,#5400,#5401,#5402,#5403,#5404,#5405,#5406,#5407,
    #5408,#5409,#5410,#5411,#5412,#5413,#5414,#5415,#5416,#5417,#5418,
    #5419,#5420,#5421,#5422,#5423,#5424,#5425,#5426,#5427,#5428,#5429,
    #5430,#5431,#5432,#5433,#5434,#5435,#5436,#5437,#5438,#5439,#5440,
    #5441,#5442,#5443,#5444,#5445,#5446,#5447,#5448,#5449,#5450),
  .UNSPECIFIED.,.F.,.F.,(8,6,6,6,6,6,6,6,6,6,6,6,6,6,6,8),(0.,
    0.102235618255,0.230935083272,0.296649994917,0.37165634737,
    0.428340848598,0.512350796564,0.574288701195,0.622296305173,
    0.675207473187,0.716235555855,0.737237575768,0.74896891631,
    0.81913628642,0.923175109758,1.),.UNSPECIFIED.);
#5359 = CARTESIAN_POINT('',(6.28318530718,3.353579466815));
#5360 = CARTESIAN_POINT('',(6.191435958408,3.346206101002));
#5361 = CARTESIAN_POINT('',(6.09966486898,3.338854025126));
#5362 = CARTESIAN_POINT('',(6.007908031803,3.331522977089));
#5363 = CARTESIAN_POINT('',(5.916160062773,3.324207398302));
#5364 = CARTESIAN_POINT('',(5.824401827695,3.316900435124));
#5365 = CARTESIAN_POINT('',(5.732628041284,3.309597408729));
#5366 = CARTESIAN_POINT('',(5.525371177826,3.293110829929));
#5367 = CARTESIAN_POINT('',(5.409801682606,3.283921959746));
#5368 = CARTESIAN_POINT('',(5.294286754977,3.274736498764));
#5369 = CARTESIAN_POINT('',(5.178789304316,3.265549964099));
#5370 = CARTESIAN_POINT('',(5.06327453882,3.256360591914));
#5371 = CARTESIAN_POINT('',(4.947705271629,3.247165737368));
#5372 = CARTESIAN_POINT('',(4.773224764834,3.233282514929));
#5373 = CARTESIAN_POINT('',(4.714245551858,3.228589375577));
#5374 = CARTESIAN_POINT('',(4.655267975759,3.223896172317));
#5375 = CARTESIAN_POINT('',(4.596291453643,3.219202867472));
#5376 = CARTESIAN_POINT('',(4.537313909811,3.214509289283));
#5377 = CARTESIAN_POINT('',(4.47833474454,3.209815378082));
#5378 = CARTESIAN_POINT('',(4.352042102916,3.199763809197));
#5379 = CARTESIAN_POINT('',(4.284721963682,3.1944055578));
#5380 = CARTESIAN_POINT('',(4.217405124146,3.189047286823));
#5381 = CARTESIAN_POINT('',(4.150090387784,3.183688904782));
#5382 = CARTESIAN_POINT('',(4.082773577905,3.178330127415));
#5383 = CARTESIAN_POINT('',(4.01545349338,3.172970961492));
#5384 = CARTESIAN_POINT('',(3.897265469159,3.163562365525));
#5385 = CARTESIAN_POINT('',(3.846391974641,3.159512487253));
#5386 = CARTESIAN_POINT('',(3.795519269187,3.155462740255));
#5387 = CARTESIAN_POINT('',(3.744647074387,3.151413178128));
#5388 = CARTESIAN_POINT('',(3.693774380728,3.147363801558));
#5389 = CARTESIAN_POINT('',(3.642900882887,3.143314661739));
#5390 = CARTESIAN_POINT('',(3.516632261158,3.133265542216));
#5391 = CARTESIAN_POINT('',(3.441228244342,3.127265286028));
#5392 = CARTESIAN_POINT('',(3.365829938775,3.121266455765));
#5393 = CARTESIAN_POINT('',(3.29043523974,3.115268997529));
#5394 = CARTESIAN_POINT('',(3.215036824169,3.109272204594));
#5395 = CARTESIAN_POINT('',(3.139632609466,3.103275511129));
#5396 = CARTESIAN_POINT('',(3.008648806044,3.092858686331));
#5397 = CARTESIAN_POINT('',(2.953059741639,3.088437809458));
#5398 = CARTESIAN_POINT('',(2.89747190737,3.084016797123));
#5399 = CARTESIAN_POINT('',(2.841884872296,3.079595326555));
#5400 = CARTESIAN_POINT('',(2.786297105489,3.075172992028));
#5401 = CARTESIAN_POINT('',(2.73070819697,3.070749554384));
#5402 = CARTESIAN_POINT('',(2.632035921391,3.062895899418));
#5403 = CARTESIAN_POINT('',(2.588950325566,3.059465934056));
#5404 = CARTESIAN_POINT('',(2.545865114328,3.056035330958));
#5405 = CARTESIAN_POINT('',(2.50278015865,3.052604120938));
#5406 = CARTESIAN_POINT('',(2.459695009263,3.049172387377));
#5407 = CARTESIAN_POINT('',(2.416609528578,3.045740324468));
#5408 = CARTESIAN_POINT('',(2.326038753686,3.038525714214));
#5409 = CARTESIAN_POINT('',(2.278552274634,3.034743078585));
#5410 = CARTESIAN_POINT('',(2.231066328434,3.03096084236));
#5411 = CARTESIAN_POINT('',(2.183580655229,3.027179525825));
#5412 = CARTESIAN_POINT('',(2.136094522133,3.023399648379));
#5413 = CARTESIAN_POINT('',(2.088607753022,3.019621661137));
#5414 = CARTESIAN_POINT('',(2.004300433308,3.012918084027));
#5415 = CARTESIAN_POINT('',(1.967478835452,3.009991495753));
#5416 = CARTESIAN_POINT('',(1.930657082079,3.007066327419));
#5417 = CARTESIAN_POINT('',(1.893835263796,3.004142513375));
#5418 = CARTESIAN_POINT('',(1.857013444509,3.001219709608));
#5419 = CARTESIAN_POINT('',(1.820191661428,2.998297293749));
#5420 = CARTESIAN_POINT('',(1.764521107613,2.993878136082));
#5421 = CARTESIAN_POINT('',(1.745671706471,2.992381707639));
#5422 = CARTESIAN_POINT('',(1.726821575211,2.990884933869));
#5423 = CARTESIAN_POINT('',(1.707970516313,2.989387625779));
#5424 = CARTESIAN_POINT('',(1.689118281167,2.987889551244));
#5425 = CARTESIAN_POINT('',(1.670264570067,2.986390435011));
#5426 = CARTESIAN_POINT('',(1.640876676918,2.984051820332));
#5427 = CARTESIAN_POINT('',(1.630344375805,2.983212346719));
#5428 = CARTESIAN_POINT('',(1.619812054634,2.982372951444));
#5429 = CARTESIAN_POINT('',(1.609279697637,2.981534149163));
#5430 = CARTESIAN_POINT('',(1.598747347516,2.980695555605));
#5431 = CARTESIAN_POINT('',(1.588215105444,2.979855887568));
#5432 = CARTESIAN_POINT('',(1.514689397182,2.973971270955));
#5433 = CARTESIAN_POINT('',(1.451691697435,2.968938429812));
#5434 = CARTESIAN_POINT('',(1.388695915598,2.96391263342));
#5435 = CARTESIAN_POINT('',(1.325701331566,2.958893351245));
#5436 = CARTESIAN_POINT('',(1.262705022736,2.953879451176));
#5437 = CARTESIAN_POINT('',(1.199706186617,2.948869055521));
#5438 = CARTESIAN_POINT('',(1.043305015526,2.936435760315));
#5439 = CARTESIAN_POINT('',(0.949876689341,2.929013430351));
#5440 = CARTESIAN_POINT('',(0.856464967022,2.921592163282));
#5441 = CARTESIAN_POINT('',(0.763064123684,2.91416629235));
#5442 = CARTESIAN_POINT('',(0.669652983547,2.906733189336));
#5443 = CARTESIAN_POINT('',(0.576225250023,2.899295495824));
#5444 = CARTESIAN_POINT('',(0.41384778385,2.886367456058));
#5445 = CARTESIAN_POINT('',(0.344870274719,2.880875260685));
#5446 = CARTESIAN_POINT('',(0.275896414166,2.875384017365));
#5447 = CARTESIAN_POINT('',(0.206924781815,2.869894720868));
#5448 = CARTESIAN_POINT('',(0.137950663441,2.864407367234));
#5449 = CARTESIAN_POINT('',(6.897277877167E-02,2.858921357776));
#5450 = CARTESIAN_POINT('',(0.,2.853436554489));
#5451 = ( GEOMETRIC_REPRESENTATION_CONTEXT(2) 
PARAMETRIC_REPRESENTATION_CONTEXT() REPRESENTATION_CONTEXT('2D SPACE',''
  ) );
#5452 = PCURVE('',#3446,#5453);
#5453 = DEFINITIONAL_REPRESENTATION('',(#5454),#5547);
#5454 = B_SPLINE_CURVE_WITH_KNOTS('',7,(#5455,#5456,#5457,#5458,#5459,
    #5460,#5461,#5462,#5463,#5464,#5465,#5466,#5467,#5468,#5469,#5470,
    #5471,#5472,#5473,#5474,#5475,#5476,#5477,#5478,#5479,#5480,#5481,
    #5482,#5483,#5484,#5485,#5486,#5487,#5488,#5489,#5490,#5491,#5492,
    #5493,#5494,#5495,#5496,#5497,#5498,#5499,#5500,#5501,#5502,#5503,
    #5504,#5505,#5506,#5507,#5508,#5509,#5510,#5511,#5512,#5513,#5514,
    #5515,#5516,#5517,#5518,#5519,#5520,#5521,#5522,#5523,#5524,#5525,
    #5526,#5527,#5528,#5529,#5530,#5531,#5532,#5533,#5534,#5535,#5536,
    #5537,#5538,#5539,#5540,#5541,#5542,#5543,#5544,#5545,#5546),
  .UNSPECIFIED.,.F.,.F.,(8,6,6,6,6,6,6,6,6,6,6,6,6,6,6,8),(0.,
    0.102235618255,0.230935083272,0.296649994917,0.37165634737,
    0.428340848598,0.512350796564,0.574288701195,0.622296305173,
    0.675207473187,0.716235555855,0.737237575768,0.74896891631,
    0.81913628642,0.923175109758,1.),.UNSPECIFIED.);
#5455 = CARTESIAN_POINT('',(0.19196419551,4.174945109066E-04));
#5456 = CARTESIAN_POINT('',(0.191998904978,5.274289622688E-03));
#5457 = CARTESIAN_POINT('',(0.19196685015,1.014014024069E-02));
#5458 = CARTESIAN_POINT('',(0.191921892958,1.500808040278E-02));
#5459 = CARTESIAN_POINT('',(0.191887025927,1.987657225406E-02));
#5460 = CARTESIAN_POINT('',(0.191866996052,2.474595798896E-02));
#5461 = CARTESIAN_POINT('',(0.191858650165,2.961604026429E-02));
#5462 = CARTESIAN_POINT('',(0.191859444401,4.061382552728E-02));
#5463 = CARTESIAN_POINT('',(0.191873498009,4.674595972217E-02));
#5464 = CARTESIAN_POINT('',(0.191893937981,5.287449721599E-02));
#5465 = CARTESIAN_POINT('',(0.191910011232,5.900159416918E-02));
#5466 = CARTESIAN_POINT('',(0.191920258609,6.512924938596E-02));
#5467 = CARTESIAN_POINT('',(0.191924572497,7.125965785663E-02));
#5468 = CARTESIAN_POINT('',(0.191924346778,8.051505790059E-02));
#5469 = CARTESIAN_POINT('',(0.191923100383,8.364364248251E-02));
#5470 = CARTESIAN_POINT('',(0.191920871021,8.677216648965E-02));
#5471 = CARTESIAN_POINT('',(0.191917896515,8.990067907948E-02));
#5472 = CARTESIAN_POINT('',(0.191914429348,9.302930433069E-02));
#5473 = CARTESIAN_POINT('',(0.191910700621,9.615808285485E-02));
#5474 = CARTESIAN_POINT('',(0.1919025278,0.102857915624));
#5475 = CARTESIAN_POINT('',(0.191898059083,0.106429344602));
#5476 = CARTESIAN_POINT('',(0.191893750959,0.110000694194));
#5477 = CARTESIAN_POINT('',(0.191889802275,0.113572022847));
#5478 = CARTESIAN_POINT('',(0.191886339414,0.117143537492));
#5479 = CARTESIAN_POINT('',(0.19188344094,0.120715279636));
#5480 = CARTESIAN_POINT('',(0.191879480343,0.12698592673));
#5481 = CARTESIAN_POINT('',(0.191878143058,0.129685114256));
#5482 = CARTESIAN_POINT('',(0.191877202889,0.132384265128));
#5483 = CARTESIAN_POINT('',(0.191876693113,0.135083382041));
#5484 = CARTESIAN_POINT('',(0.191876647852,0.137782506607));
#5485 = CARTESIAN_POINT('',(0.191877099257,0.140481644444));
#5486 = CARTESIAN_POINT('',(0.191879520331,0.147180843679));
#5487 = CARTESIAN_POINT('',(0.191882118088,0.151181332166));
#5488 = CARTESIAN_POINT('',(0.191885930783,0.15518140974));
#5489 = CARTESIAN_POINT('',(0.19189101061,0.159181174018));
#5490 = CARTESIAN_POINT('',(0.19189717464,0.163181020754));
#5491 = CARTESIAN_POINT('',(0.191903896518,0.167181087964));
#5492 = CARTESIAN_POINT('',(0.19191504605,0.174129470747));
#5493 = CARTESIAN_POINT('',(0.191919609153,0.177078312171));
#5494 = CARTESIAN_POINT('',(0.191923686925,0.180027075254));
#5495 = CARTESIAN_POINT('',(0.191926833187,0.182975799844));
#5496 = CARTESIAN_POINT('',(0.191928582912,0.185924584028));
#5497 = CARTESIAN_POINT('',(0.191928562814,0.188873463854));
#5498 = CARTESIAN_POINT('',(0.191925082062,0.194107908391));
#5499 = CARTESIAN_POINT('',(0.191922401247,0.196393573649));
#5500 = CARTESIAN_POINT('',(0.191918480387,0.198679249787));
#5501 = CARTESIAN_POINT('',(0.191913341484,0.20096494647));
#5502 = CARTESIAN_POINT('',(0.191907132274,0.203250688899));
#5503 = CARTESIAN_POINT('',(0.191900150865,0.205536484647));
#5504 = CARTESIAN_POINT('',(0.191884846237,0.210341571752));
#5505 = CARTESIAN_POINT('',(0.191876470351,0.212860933982));
#5506 = CARTESIAN_POINT('',(0.191868303692,0.215380309264));
#5507 = CARTESIAN_POINT('',(0.191861246869,0.217899711473));
#5508 = CARTESIAN_POINT('',(0.191856322771,0.220419178763));
#5509 = CARTESIAN_POINT('',(0.191854459219,0.222938716053));
#5510 = CARTESIAN_POINT('',(0.191857676981,0.227411910788));
#5511 = CARTESIAN_POINT('',(0.191861201488,0.229365609784));
#5512 = CARTESIAN_POINT('',(0.191867293325,0.231319330296));
#5513 = CARTESIAN_POINT('',(0.191876009792,0.233273056354));
#5514 = CARTESIAN_POINT('',(0.191887017306,0.235226760228));
#5515 = CARTESIAN_POINT('',(0.191899591396,0.237180402423));
#5516 = CARTESIAN_POINT('',(0.191919284286,0.240133931139));
#5517 = CARTESIAN_POINT('',(0.19192604461,0.241133931119));
#5518 = CARTESIAN_POINT('',(0.191932727408,0.242133931836));
#5519 = CARTESIAN_POINT('',(0.191939107684,0.24313393328));
#5520 = CARTESIAN_POINT('',(0.191944905718,0.244133935217));
#5521 = CARTESIAN_POINT('',(0.191949787065,0.245133937189));
#5522 = CARTESIAN_POINT('',(0.191955359762,0.24669252079));
#5523 = CARTESIAN_POINT('',(0.191956555308,0.247251076776));
#5524 = CARTESIAN_POINT('',(0.191957482915,0.247809596031));
#5525 = CARTESIAN_POINT('',(0.191958301768,0.248368071201));
#5526 = CARTESIAN_POINT('',(0.191958796524,0.24892649802));
#5527 = CARTESIAN_POINT('',(0.191958377306,0.249484875307));
#5528 = CARTESIAN_POINT('',(0.191942337323,0.253382680464));
#5529 = CARTESIAN_POINT('',(0.191913382802,0.256724412023));
#5530 = CARTESIAN_POINT('',(0.191879989485,0.260066776603));
#5531 = CARTESIAN_POINT('',(0.191852247141,0.263409275458));
#5532 = CARTESIAN_POINT('',(0.19183509911,0.266751896199));
#5533 = CARTESIAN_POINT('',(0.191828143704,0.270094637204));
#5534 = CARTESIAN_POINT('',(0.19183200722,0.278393283179));
#5535 = CARTESIAN_POINT('',(0.191852919606,0.283350530528));
#5536 = CARTESIAN_POINT('',(0.191886299525,0.288306862996));
#5537 = CARTESIAN_POINT('',(0.191915144127,0.293262595971));
#5538 = CARTESIAN_POINT('',(0.191930246659,0.298218687266));
#5539 = CARTESIAN_POINT('',(0.191934301516,0.303175235033));
#5540 = CARTESIAN_POINT('',(0.191929349436,0.311789105821));
#5541 = CARTESIAN_POINT('',(0.191923498811,0.315448057092));
#5542 = CARTESIAN_POINT('',(0.191915723491,0.319106631056));
#5543 = CARTESIAN_POINT('',(0.1919086512,0.322764957396));
#5544 = CARTESIAN_POINT('',(0.191904119092,0.326423395703));
#5545 = CARTESIAN_POINT('',(0.19190247893,0.330082139864));
#5546 = CARTESIAN_POINT('',(0.191902803314,0.333740769363));
#5547 = ( GEOMETRIC_REPRESENTATION_CONTEXT(2) 
PARAMETRIC_REPRESENTATION_CONTEXT() REPRESENTATION_CONTEXT('2D SPACE',''
  ) );
#5548 = ORIENTED_EDGE('',*,*,#5549,.F.);
#5549 = EDGE_CURVE('',#4646,#5260,#5550,.T.);
#5550 = SURFACE_CURVE('',#5551,(#5555,#5562),.PCURVE_S1.);
#5551 = LINE('',#5552,#5553);
#5552 = CARTESIAN_POINT('',(1.4,-3.429011037613E-16,-7.4));
#5553 = VECTOR('',#5554,1.);
#5554 = DIRECTION('',(0.,0.,1.));
#5555 = PCURVE('',#3581,#5556);
#5556 = DEFINITIONAL_REPRESENTATION('',(#5557),#5561);
#5557 = LINE('',#5558,#5559);
#5558 = CARTESIAN_POINT('',(0.,-0.));
#5559 = VECTOR('',#5560,1.);
#5560 = DIRECTION('',(0.,1.));
#5561 = ( GEOMETRIC_REPRESENTATION_CONTEXT(2) 
PARAMETRIC_REPRESENTATION_CONTEXT() REPRESENTATION_CONTEXT('2D SPACE',''
  ) );
#5562 = PCURVE('',#5107,#5563);
#5563 = DEFINITIONAL_REPRESENTATION('',(#5564),#5568);
#5564 = LINE('',#5565,#5566);
#5565 = CARTESIAN_POINT('',(6.28318530718,-0.));
#5566 = VECTOR('',#5567,1.);
#5567 = DIRECTION('',(0.,1.));
#5568 = ( GEOMETRIC_REPRESENTATION_CONTEXT(2) 
PARAMETRIC_REPRESENTATION_CONTEXT() REPRESENTATION_CONTEXT('2D SPACE',''
  ) );
#5569 = ADVANCED_FACE('',(#5570),#3446,.T.);
#5570 = FACE_BOUND('',#5571,.T.);
#5571 = EDGE_LOOP('',(#5572,#5573,#5574,#5600,#5893,#6226,#6227));
#5572 = ORIENTED_EDGE('',*,*,#4518,.F.);
#5573 = ORIENTED_EDGE('',*,*,#4568,.T.);
#5574 = ORIENTED_EDGE('',*,*,#5575,.F.);
#5575 = EDGE_CURVE('',#5576,#4569,#5578,.T.);
#5576 = VERTEX_POINT('',#5577);
#5577 = CARTESIAN_POINT('',(1.399960233727,1.055196584242E-02,
    -5.546120778642));
#5578 = SURFACE_CURVE('',#5579,(#5582,#5589),.PCURVE_S1.);
#5579 = B_SPLINE_CURVE_WITH_KNOTS('',1,(#5580,#5581),.UNSPECIFIED.,.F.,
  .F.,(2,2),(0.,0.548073520823),.PIECEWISE_BEZIER_KNOTS.);
#5580 = CARTESIAN_POINT('',(1.574822991568,1.623423737137E-02,
    -5.624807343085));
#5581 = CARTESIAN_POINT('',(1.0752404736,2.331468351713E-15,-5.4));
#5582 = PCURVE('',#3446,#5583);
#5583 = DEFINITIONAL_REPRESENTATION('',(#5584),#5588);
#5584 = LINE('',#5585,#5586);
#5585 = CARTESIAN_POINT('',(0.,1.));
#5586 = VECTOR('',#5587,1.);
#5587 = DIRECTION('',(1.,0.));
#5588 = ( GEOMETRIC_REPRESENTATION_CONTEXT(2) 
PARAMETRIC_REPRESENTATION_CONTEXT() REPRESENTATION_CONTEXT('2D SPACE',''
  ) );
#5589 = PCURVE('',#5590,#5595);
#5590 = PLANE('',#5591);
#5591 = AXIS2_PLACEMENT_3D('',#5592,#5593,#5594);
#5592 = CARTESIAN_POINT('',(1.397846556272,-2.356989982454E-04,
    -5.400271479151));
#5593 = DIRECTION('',(7.907006234426E-04,0.997274646939,
    7.377434083636E-02));
#5594 = DIRECTION('',(0.,-7.37743638985E-02,0.997274958691));
#5595 = DEFINITIONAL_REPRESENTATION('',(#5596),#5599);
#5596 = B_SPLINE_CURVE_WITH_KNOTS('',1,(#5597,#5598),.UNSPECIFIED.,.F.,
  .F.,(2,2),(0.,0.548073520823),.PIECEWISE_BEZIER_KNOTS.);
#5597 = CARTESIAN_POINT('',(-0.225139053508,0.17697649062));
#5598 = CARTESIAN_POINT('',(2.533508156768E-04,-0.32260618352));
#5599 = ( GEOMETRIC_REPRESENTATION_CONTEXT(2) 
PARAMETRIC_REPRESENTATION_CONTEXT() REPRESENTATION_CONTEXT('2D SPACE',''
  ) );
#5600 = ORIENTED_EDGE('',*,*,#5601,.F.);
#5601 = EDGE_CURVE('',#5602,#5576,#5604,.T.);
#5602 = VERTEX_POINT('',#5603);
#5603 = CARTESIAN_POINT('',(1.4,-3.429011037613E-16,-5.046565817083));
#5604 = SURFACE_CURVE('',#5605,(#5699,#5796),.PCURVE_S1.);
#5605 = B_SPLINE_CURVE_WITH_KNOTS('',8,(#5606,#5607,#5608,#5609,#5610,
    #5611,#5612,#5613,#5614,#5615,#5616,#5617,#5618,#5619,#5620,#5621,
    #5622,#5623,#5624,#5625,#5626,#5627,#5628,#5629,#5630,#5631,#5632,
    #5633,#5634,#5635,#5636,#5637,#5638,#5639,#5640,#5641,#5642,#5643,
    #5644,#5645,#5646,#5647,#5648,#5649,#5650,#5651,#5652,#5653,#5654,
    #5655,#5656,#5657,#5658,#5659,#5660,#5661,#5662,#5663,#5664,#5665,
    #5666,#5667,#5668,#5669,#5670,#5671,#5672,#5673,#5674,#5675,#5676,
    #5677,#5678,#5679,#5680,#5681,#5682,#5683,#5684,#5685,#5686,#5687,
    #5688,#5689,#5690,#5691,#5692,#5693,#5694,#5695,#5696,#5697,#5698),
  .UNSPECIFIED.,.F.,.F.,(9,7,7,7,7,7,7,7,7,7,7,7,7,9),(0.,
    8.247594595978E-02,0.125625401447,0.208684492465,0.229712998809,
    0.250472146865,0.326581031496,0.437000479886,0.484909984166,
    0.593035415669,0.767112582832,0.836607168824,0.89557181187,1.),
  .UNSPECIFIED.);
#5606 = CARTESIAN_POINT('',(1.4,6.661338147751E-16,-5.046565817083));
#5607 = CARTESIAN_POINT('',(1.4,-9.055214447231E-02,-5.051708978777));
#5608 = CARTESIAN_POINT('',(1.393306356525,-0.181111933349,
    -5.056851962973));
#5609 = CARTESIAN_POINT('',(1.379917197876,-0.271090771325,
    -5.061994360936));
#5610 = CARTESIAN_POINT('',(1.359894702096,-0.359911037103,
    -5.067136642506));
#5611 = CARTESIAN_POINT('',(1.333358910209,-0.447007422453,
    -5.072279838974));
#5612 = CARTESIAN_POINT('',(1.300485173605,-0.531829244443,
    -5.077425083351));
#5613 = CARTESIAN_POINT('',(1.261505235596,-0.613843730856,
    -5.082573008004));
#5614 = CARTESIAN_POINT('',(1.193277162778,-0.733712443003,
    -5.090417352973));
#5615 = CARTESIAN_POINT('',(1.168249884745,-0.77397870405,
    -5.093112418831));
#5616 = CARTESIAN_POINT('',(1.141671275922,-0.813266732891,
    -5.095808177491));
#5617 = CARTESIAN_POINT('',(1.1135861881,-0.851506807182,-5.09850458095)
  );
#5618 = CARTESIAN_POINT('',(1.084043082409,-0.88863188809,
    -5.101201543438));
#5619 = CARTESIAN_POINT('',(1.053093949765,-0.924577697121,
    -5.103898931887));
#5620 = CARTESIAN_POINT('',(1.020794231316,-0.959282792946,
    -5.106596556402));
#5621 = CARTESIAN_POINT('',(0.922541926956,-1.056992124205,
    -5.11448682334));
#5622 = CARTESIAN_POINT('',(0.853088567681,-1.116487686675,
    -5.119679889942));
#5623 = CARTESIAN_POINT('',(0.779267626905,-1.170749950367,
    -5.124871153849));
#5624 = CARTESIAN_POINT('',(0.701542404866,-1.219408392814,-5.1300583378
    ));
#5625 = CARTESIAN_POINT('',(0.620409022749,-1.262143604604,
    -5.135239578007));
#5626 = CARTESIAN_POINT('',(0.536392926447,-1.29868702387,
    -5.140414161156));
#5627 = CARTESIAN_POINT('',(0.450047407535,-1.328824155006,
    -5.14558351438));
#5628 = CARTESIAN_POINT('',(0.33965110657,-1.358370414074,
    -5.152061094313));
#5629 = CARTESIAN_POINT('',(0.317235284893,-1.363919273056,
    -5.153369756252));
#5630 = CARTESIAN_POINT('',(0.294715856278,-1.369045384932,
    -5.154678524022));
#5631 = CARTESIAN_POINT('',(0.272102013201,-1.373746522971,
    -5.155987506022));
#5632 = CARTESIAN_POINT('',(0.249402960756,-1.378020697341,
    -5.157296829039));
#5633 = CARTESIAN_POINT('',(0.226627916656,-1.381866155109,
    -5.158606638247));
#5634 = CARTESIAN_POINT('',(0.203786111235,-1.385281380241,
    -5.159917097204));
#5635 = CARTESIAN_POINT('',(0.158280785622,-1.391210587998,
    -5.162522881924));
#5636 = CARTESIAN_POINT('',(0.135620025207,-1.393735377587,
    -5.163817231987));
#5637 = CARTESIAN_POINT('',(0.112913682432,-1.395838275686,
    -5.165112888584));
#5638 = CARTESIAN_POINT('',(9.01709388866E-02,-1.397518335569,
    -5.166410613998));
#5639 = CARTESIAN_POINT('',(6.740098152694E-02,-1.398774850463,
    -5.167710482255));
#5640 = CARTESIAN_POINT('',(4.461300267427E-02,-1.399607353554,
    -5.169011879121));
#5641 = CARTESIAN_POINT('',(2.181620001501E-02,-1.400015617982,
    -5.170313502101));
#5642 = CARTESIAN_POINT('',(-8.455833339327E-02,-1.399941138816,
    -5.176379007306));
#5643 = CARTESIAN_POINT('',(-0.16813798116,-1.394180319602,
    -5.181140281952));
#5644 = CARTESIAN_POINT('',(-0.25125760152,-1.382716258683,
    -5.185897599847));
#5645 = CARTESIAN_POINT('',(-0.333462969261,-1.365594091741,
    -5.190651504615));
#5646 = CARTESIAN_POINT('',(-0.414308204396,-1.342901148325,
    -5.19540274517));
#5647 = CARTESIAN_POINT('',(-0.493357340728,-1.314765351792,
    -5.200152179652));
#5648 = CARTESIAN_POINT('',(-0.57018645772,-1.281355901504,
    -5.204900506183));
#5649 = CARTESIAN_POINT('',(-0.752036278165,-1.187074105475,
    -5.216535266262));
#5650 = CARTESIAN_POINT('',(-0.854190319025,-1.12059101287,
    -5.22342297653));
#5651 = CARTESIAN_POINT('',(-0.949568939221,-1.044088865505,
    -5.230310114289));
#5652 = CARTESIAN_POINT('',(-1.037036561312,-0.958388149398,
    -5.23719755544));
#5653 = CARTESIAN_POINT('',(-1.115587059362,-0.864446717473,
    -5.244086666303));
#5654 = CARTESIAN_POINT('',(-1.184344811498,-0.763342991573,
    -5.250978249188));
#5655 = CARTESIAN_POINT('',(-1.24258133511,-0.656273579562,
    -5.257871655949));
#5656 = CARTESIAN_POINT('',(-1.310212267335,-0.496096600103,
    -5.267754594524));
#5657 = CARTESIAN_POINT('',(-1.328595535918,-0.446748479371,
    -5.270745297746));
#5658 = CARTESIAN_POINT('',(-1.344853014935,-0.396625927819,
    -5.273736113487));
#5659 = CARTESIAN_POINT('',(-1.358946924736,-0.34583596618,
    -5.276727017044));
#5660 = CARTESIAN_POINT('',(-1.370846045388,-0.294487471247,
    -5.279718006291));
#5661 = CARTESIAN_POINT('',(-1.380525760541,-0.242690993697,
    -5.28270908323));
#5662 = CARTESIAN_POINT('',(-1.387968101295,-0.190558575916,
    -5.285700235546));
#5663 = CARTESIAN_POINT('',(-1.404883260521,-2.004522710505E-02,
    -5.295442122744));
#5664 = CARTESIAN_POINT('',(-1.40515445806,9.927828743345E-02,
    -5.302194735989));
#5665 = CARTESIAN_POINT('',(-1.393833535643,0.21842822318,
    -5.308946829203));
#5666 = CARTESIAN_POINT('',(-1.370979775477,0.336091030949,
    -5.315698244159));
#5667 = CARTESIAN_POINT('',(-1.336823505984,0.450983048999,
    -5.322449853146));
#5668 = CARTESIAN_POINT('',(-1.291754213784,0.56185964268,
    -5.329202405813));
#5669 = CARTESIAN_POINT('',(-1.23632685071,0.667528797717,
    -5.335955462822));
#5670 = CARTESIAN_POINT('',(-1.066573980736,0.926802772465,
    -5.353575153102));
#5671 = CARTESIAN_POINT('',(-0.936738706514,1.070647508744,
    -5.364459687701));
#5672 = CARTESIAN_POINT('',(-0.78488681136,1.193362172556,
    -5.375331535076));
#5673 = CARTESIAN_POINT('',(-0.61518614435,1.291207905424,
    -5.386193367364));
#5674 = CARTESIAN_POINT('',(-0.432288332344,1.361354777288,
    -5.397051878516));
#5675 = CARTESIAN_POINT('',(-0.241319366089,1.401977128554,
    -5.407916439792));
#5676 = CARTESIAN_POINT('',(-4.780282680398E-02,1.412180836059,
    -5.418794845048));
#5677 = CARTESIAN_POINT('',(0.218276627123,1.384983329631,
    -5.433996416052));
#5678 = CARTESIAN_POINT('',(0.293712964605,1.372493599556,
    -5.438334506873));
#5679 = CARTESIAN_POINT('',(0.368320945689,1.355309783612,
    -5.442673281294));
#5680 = CARTESIAN_POINT('',(0.441759426927,1.333497188549,
    -5.447012731511));
#5681 = CARTESIAN_POINT('',(0.51369564093,1.307150190572,-5.451352892455
    ));
#5682 = CARTESIAN_POINT('',(0.583806384436,1.276391795613,
    -5.455693715803));
#5683 = CARTESIAN_POINT('',(0.651779206371,1.241373199603,
    -5.460034943986));
#5684 = CARTESIAN_POINT('',(0.772918098503,1.169097976659,
    -5.468059262302));
#5685 = CARTESIAN_POINT('',(0.826770120012,1.132982784211,-5.47174259808
    ));
#5686 = CARTESIAN_POINT('',(0.878686865524,1.094036969136,
    -5.475425701494));
#5687 = CARTESIAN_POINT('',(0.928495026702,1.052382166126,
    -5.479108311386));
#5688 = CARTESIAN_POINT('',(0.976031197453,1.008152098602,
    -5.482790195752));
#5689 = CARTESIAN_POINT('',(1.021142289601,0.961492230487,
    -5.486471151994));
#5690 = CARTESIAN_POINT('',(1.063685948551,0.912559417968,
    -5.490151007183));
#5691 = CARTESIAN_POINT('',(1.174097720028,0.771131954466,
    -5.500344551279));
#5692 = CARTESIAN_POINT('',(1.23621852169,0.674116512055,-5.506857200791
    ));
#5693 = CARTESIAN_POINT('',(1.28914262006,0.571424466351,-5.513365807124
    ));
#5694 = CARTESIAN_POINT('',(1.332277165637,0.464080806012,
    -5.519871630823));
#5695 = CARTESIAN_POINT('',(1.36516860689,0.353169629396,-5.526380795063
    ));
#5696 = CARTESIAN_POINT('',(1.38749882346,0.239822602004,-5.532906827536
    ));
#5697 = CARTESIAN_POINT('',(1.399095999015,0.125212518003,
    -5.539473901879));
#5698 = CARTESIAN_POINT('',(1.399960233727,1.055196584242E-02,
    -5.546120778642));
#5699 = PCURVE('',#3446,#5700);
#5700 = DEFINITIONAL_REPRESENTATION('',(#5701),#5795);
#5701 = B_SPLINE_CURVE_WITH_KNOTS('',8,(#5702,#5703,#5704,#5705,#5706,
    #5707,#5708,#5709,#5710,#5711,#5712,#5713,#5714,#5715,#5716,#5717,
    #5718,#5719,#5720,#5721,#5722,#5723,#5724,#5725,#5726,#5727,#5728,
    #5729,#5730,#5731,#5732,#5733,#5734,#5735,#5736,#5737,#5738,#5739,
    #5740,#5741,#5742,#5743,#5744,#5745,#5746,#5747,#5748,#5749,#5750,
    #5751,#5752,#5753,#5754,#5755,#5756,#5757,#5758,#5759,#5760,#5761,
    #5762,#5763,#5764,#5765,#5766,#5767,#5768,#5769,#5770,#5771,#5772,
    #5773,#5774,#5775,#5776,#5777,#5778,#5779,#5780,#5781,#5782,#5783,
    #5784,#5785,#5786,#5787,#5788,#5789,#5790,#5791,#5792,#5793,#5794),
  .UNSPECIFIED.,.F.,.F.,(9,7,7,7,7,7,7,7,7,7,7,7,7,9),(0.,
    8.247594595978E-02,0.125625401447,0.208684492465,0.229712998809,
    0.250472146865,0.326581031496,0.437000479886,0.484909984166,
    0.593035415669,0.767112582832,0.836607168824,0.89557181187,1.),
  .UNSPECIFIED.);
#5702 = CARTESIAN_POINT('',(0.191904883714,0.667077675349));
#5703 = CARTESIAN_POINT('',(0.191905745894,0.670508552655));
#5704 = CARTESIAN_POINT('',(0.191908155246,0.673939583367));
#5705 = CARTESIAN_POINT('',(0.191912617764,0.677370410608));
#5706 = CARTESIAN_POINT('',(0.191918963763,0.68080109157));
#5707 = CARTESIAN_POINT('',(0.191926057807,0.684231872474));
#5708 = CARTESIAN_POINT('',(0.191931993981,0.687662975043));
#5709 = CARTESIAN_POINT('',(0.191934776499,0.691094394491));
#5710 = CARTESIAN_POINT('',(0.191932810328,0.69632089128));
#5711 = CARTESIAN_POINT('',(0.191931019474,0.698116142574));
#5712 = CARTESIAN_POINT('',(0.191927960295,0.699911440743));
#5713 = CARTESIAN_POINT('',(0.191923562867,0.701706777311));
#5714 = CARTESIAN_POINT('',(0.191917850051,0.703502150959));
#5715 = CARTESIAN_POINT('',(0.191910947392,0.70529756099));
#5716 = CARTESIAN_POINT('',(0.191903093027,0.707093000798));
#5717 = CARTESIAN_POINT('',(0.19187839081,0.712344543372));
#5718 = CARTESIAN_POINT('',(0.191859965849,0.71580099852));
#5719 = CARTESIAN_POINT('',(0.191841687251,0.719257354004));
#5720 = CARTESIAN_POINT('',(0.191827628068,0.722713525157));
#5721 = CARTESIAN_POINT('',(0.191822410804,0.726169681361));
#5722 = CARTESIAN_POINT('',(0.191829459001,0.729626040569));
#5723 = CARTESIAN_POINT('',(0.191848709469,0.733082582402));
#5724 = CARTESIAN_POINT('',(0.19188013371,0.737413678165));
#5725 = CARTESIAN_POINT('',(0.1918868588,0.738288676845));
#5726 = CARTESIAN_POINT('',(0.191893862122,0.739163676038));
#5727 = CARTESIAN_POINT('',(0.191901020991,0.740038675839));
#5728 = CARTESIAN_POINT('',(0.191908188351,0.740913676257));
#5729 = CARTESIAN_POINT('',(0.191915192775,0.741788677221));
#5730 = CARTESIAN_POINT('',(0.191921838467,0.742663678579));
#5731 = CARTESIAN_POINT('',(0.191933894338,0.744402473549));
#5732 = CARTESIAN_POINT('',(0.191939693935,0.745266248967));
#5733 = CARTESIAN_POINT('',(0.19194454195,0.746129949527));
#5734 = CARTESIAN_POINT('',(0.191947955882,0.746993540618));
#5735 = CARTESIAN_POINT('',(0.19194973282,0.747857009841));
#5736 = CARTESIAN_POINT('',(0.191949949448,0.748720367008));
#5737 = CARTESIAN_POINT('',(0.191948962043,0.749583644147));
#5738 = CARTESIAN_POINT('',(0.191941703324,0.753611818124));
#5739 = CARTESIAN_POINT('',(0.191922253674,0.756778505362));
#5740 = CARTESIAN_POINT('',(0.191899773145,0.759945843763));
#5741 = CARTESIAN_POINT('',(0.191880467264,0.763113390215));
#5742 = CARTESIAN_POINT('',(0.191867076474,0.76628105367));
#5743 = CARTESIAN_POINT('',(0.191859942547,0.769448841785));
#5744 = CARTESIAN_POINT('',(0.191858096362,0.772616672474));
#5745 = CARTESIAN_POINT('',(0.191863661459,0.780379800597));
#5746 = CARTESIAN_POINT('',(0.191875655961,0.78497640826));
#5747 = CARTESIAN_POINT('',(0.191892116885,0.789572276823));
#5748 = CARTESIAN_POINT('',(0.191907808903,0.794167276898));
#5749 = CARTESIAN_POINT('',(0.191919188083,0.798762104038));
#5750 = CARTESIAN_POINT('',(0.191925394687,0.803357457849));
#5751 = CARTESIAN_POINT('',(0.191927545721,0.80795324241));
#5752 = CARTESIAN_POINT('',(0.191925798568,0.814541299136));
#5753 = CARTESIAN_POINT('',(0.191924648955,0.816534821907));
#5754 = CARTESIAN_POINT('',(0.191922964645,0.818528333267));
#5755 = CARTESIAN_POINT('',(0.191920843444,0.820521835435));
#5756 = CARTESIAN_POINT('',(0.191918387723,0.82251534326));
#5757 = CARTESIAN_POINT('',(0.191915697426,0.824508871602));
#5758 = CARTESIAN_POINT('',(0.19191286306,0.826502422708));
#5759 = CARTESIAN_POINT('',(0.191903403965,0.832995154971));
#5760 = CARTESIAN_POINT('',(0.19189648595,0.837495503628));
#5761 = CARTESIAN_POINT('',(0.191890131704,0.841995497171));
#5762 = CARTESIAN_POINT('',(0.191884834097,0.846495037505));
#5763 = CARTESIAN_POINT('',(0.191880797122,0.850994722203));
#5764 = CARTESIAN_POINT('',(0.191878062827,0.855495123807));
#5765 = CARTESIAN_POINT('',(0.19187661987,0.859996077066));
#5766 = CARTESIAN_POINT('',(0.191876290582,0.871740609487));
#5767 = CARTESIAN_POINT('',(0.191879483286,0.878996669053));
#5768 = CARTESIAN_POINT('',(0.191886073318,0.886245702918));
#5769 = CARTESIAN_POINT('',(0.191895823405,0.893489995501));
#5770 = CARTESIAN_POINT('',(0.191908099096,0.900733920137));
#5771 = CARTESIAN_POINT('',(0.191919591657,0.907981787929));
#5772 = CARTESIAN_POINT('',(0.191926028162,0.915236706318));
#5773 = CARTESIAN_POINT('',(0.19192544125,0.925370936364));
#5774 = CARTESIAN_POINT('',(0.191924183032,0.928262517006));
#5775 = CARTESIAN_POINT('',(0.191921711882,0.931154071283));
#5776 = CARTESIAN_POINT('',(0.191917972779,0.934045596858));
#5777 = CARTESIAN_POINT('',(0.191913006902,0.936937172698));
#5778 = CARTESIAN_POINT('',(0.191906980682,0.939828879858));
#5779 = CARTESIAN_POINT('',(0.191900214855,0.942720722273));
#5780 = CARTESIAN_POINT('',(0.191887273027,0.948066198313));
#5781 = CARTESIAN_POINT('',(0.191881170071,0.950519967654));
#5782 = CARTESIAN_POINT('',(0.191875174167,0.952973789345));
#5783 = CARTESIAN_POINT('',(0.191869686681,0.955427664515));
#5784 = CARTESIAN_POINT('',(0.191865182875,0.957881625064));
#5785 = CARTESIAN_POINT('',(0.191862153953,0.960335697076));
#5786 = CARTESIAN_POINT('',(0.191861049116,0.962789864244));
#5787 = CARTESIAN_POINT('',(0.191864287046,0.969590436261));
#5788 = CARTESIAN_POINT('',(0.191873557472,0.973937934236));
#5789 = CARTESIAN_POINT('',(0.191891319519,0.978285134419));
#5790 = CARTESIAN_POINT('',(0.191918180792,0.982631644485));
#5791 = CARTESIAN_POINT('',(0.191949992945,0.986977581269));
#5792 = CARTESIAN_POINT('',(0.191972303401,0.99132270709));
#5793 = CARTESIAN_POINT('',(0.191953331689,0.995665191721));
#5794 = CARTESIAN_POINT('',(0.191835470426,1.));
#5795 = ( GEOMETRIC_REPRESENTATION_CONTEXT(2) 
PARAMETRIC_REPRESENTATION_CONTEXT() REPRESENTATION_CONTEXT('2D SPACE',''
  ) );
#5796 = PCURVE('',#5202,#5797);
#5797 = DEFINITIONAL_REPRESENTATION('',(#5798),#5892);
#5798 = B_SPLINE_CURVE_WITH_KNOTS('',8,(#5799,#5800,#5801,#5802,#5803,
    #5804,#5805,#5806,#5807,#5808,#5809,#5810,#5811,#5812,#5813,#5814,
    #5815,#5816,#5817,#5818,#5819,#5820,#5821,#5822,#5823,#5824,#5825,
    #5826,#5827,#5828,#5829,#5830,#5831,#5832,#5833,#5834,#5835,#5836,
    #5837,#5838,#5839,#5840,#5841,#5842,#5843,#5844,#5845,#5846,#5847,
    #5848,#5849,#5850,#5851,#5852,#5853,#5854,#5855,#5856,#5857,#5858,
    #5859,#5860,#5861,#5862,#5863,#5864,#5865,#5866,#5867,#5868,#5869,
    #5870,#5871,#5872,#5873,#5874,#5875,#5876,#5877,#5878,#5879,#5880,
    #5881,#5882,#5883,#5884,#5885,#5886,#5887,#5888,#5889,#5890,#5891),
  .UNSPECIFIED.,.F.,.F.,(9,7,7,7,7,7,7,7,7,7,7,7,7,9),(0.,
    8.247594595978E-02,0.125625401447,0.208684492465,0.229712998809,
    0.250472146865,0.326581031496,0.437000479886,0.484909984166,
    0.593035415669,0.767112582832,0.836607168824,0.89557181187,1.),
  .UNSPECIFIED.);
#5799 = CARTESIAN_POINT('',(6.28318530718,2.353434182917));
#5800 = CARTESIAN_POINT('',(6.218505203985,2.348291021223));
#5801 = CARTESIAN_POINT('',(6.153819723474,2.343148037027));
#5802 = CARTESIAN_POINT('',(6.089136580577,2.338005639064));
#5803 = CARTESIAN_POINT('',(6.02445639733,2.332863357494));
#5804 = CARTESIAN_POINT('',(5.959776257665,2.327720161026));
#5805 = CARTESIAN_POINT('',(5.895093256369,2.322574916649));
#5806 = CARTESIAN_POINT('',(5.830408042202,2.317426991996));
#5807 = CARTESIAN_POINT('',(5.731889479587,2.309582647027));
#5808 = CARTESIAN_POINT('',(5.69805027594,2.306887581169));
#5809 = CARTESIAN_POINT('',(5.66421114304,2.304191822509));
#5810 = CARTESIAN_POINT('',(5.630372165771,2.30149541905));
#5811 = CARTESIAN_POINT('',(5.596533254646,2.298798456562));
#5812 = CARTESIAN_POINT('',(5.56269428532,2.296101068113));
#5813 = CARTESIAN_POINT('',(5.528855238128,2.293403443598));
#5814 = CARTESIAN_POINT('',(5.429879285763,2.28551317666));
#5815 = CARTESIAN_POINT('',(5.364736648587,2.280320110058));
#5816 = CARTESIAN_POINT('',(5.299596376942,2.275128846151));
#5817 = CARTESIAN_POINT('',(5.234459008654,2.2699416622));
#5818 = CARTESIAN_POINT('',(5.169321376533,2.264760421993));
#5819 = CARTESIAN_POINT('',(5.104180337749,2.259585838844));
#5820 = CARTESIAN_POINT('',(5.039036524555,2.25441648562));
#5821 = CARTESIAN_POINT('',(4.957406683412,2.247938905687));
#5822 = CARTESIAN_POINT('',(4.940915046212,2.246630243748));
#5823 = CARTESIAN_POINT('',(4.924423149676,2.245321475978));
#5824 = CARTESIAN_POINT('',(4.90793091295,2.244012493978));
#5825 = CARTESIAN_POINT('',(4.891438229404,2.242703170961));
#5826 = CARTESIAN_POINT('',(4.874944966632,2.241393361753));
#5827 = CARTESIAN_POINT('',(4.858450966456,2.240082902796));
#5828 = CARTESIAN_POINT('',(4.825672410096,2.237477118076));
#5829 = CARTESIAN_POINT('',(4.80938882186,2.236182768013));
#5830 = CARTESIAN_POINT('',(4.793105298763,2.234887111416));
#5831 = CARTESIAN_POINT('',(4.776821852369,2.233589386002));
#5832 = CARTESIAN_POINT('',(4.760538487263,2.232289517745));
#5833 = CARTESIAN_POINT('',(4.744255201043,2.230988120879));
#5834 = CARTESIAN_POINT('',(4.727971984329,2.229686497899));
#5835 = CARTESIAN_POINT('',(4.651990156128,2.223620992694));
#5836 = CARTESIAN_POINT('',(4.592287589092,2.218859718048));
#5837 = CARTESIAN_POINT('',(4.532586379669,2.214102400153));
#5838 = CARTESIAN_POINT('',(4.472886985357,2.209348495385));
#5839 = CARTESIAN_POINT('',(4.4131874631,2.20459725483));
#5840 = CARTESIAN_POINT('',(4.353485864331,2.199847820348));
#5841 = CARTESIAN_POINT('',(4.293782623089,2.195099493817));
#5842 = CARTESIAN_POINT('',(4.147470100681,2.183464733738));
#5843 = CARTESIAN_POINT('',(4.060834679701,2.17657702347));
#5844 = CARTESIAN_POINT('',(3.974209420904,2.169689885711));
#5845 = CARTESIAN_POINT('',(3.887596837916,2.16280244456));
#5846 = CARTESIAN_POINT('',(3.80098432203,2.155913333697));
#5847 = CARTESIAN_POINT('',(3.714359253702,2.149021750812));
#5848 = CARTESIAN_POINT('',(3.627724114898,2.142128344051));
#5849 = CARTESIAN_POINT('',(3.503531605219,2.132245405476));
#5850 = CARTESIAN_POINT('',(3.46595124354,2.129254702254));
#5851 = CARTESIAN_POINT('',(3.428371036148,2.126263886513));
#5852 = CARTESIAN_POINT('',(3.390791030106,2.123272982956));
#5853 = CARTESIAN_POINT('',(3.353211034254,2.120281993709));
#5854 = CARTESIAN_POINT('',(3.315630852844,2.11729091677));
#5855 = CARTESIAN_POINT('',(3.278050519168,2.114299764454));
#5856 = CARTESIAN_POINT('',(3.15565744894,2.104557877256));
#5857 = CARTESIAN_POINT('',(3.0708240907,2.097805264011));
#5858 = CARTESIAN_POINT('',(2.985999893457,2.091053170797));
#5859 = CARTESIAN_POINT('',(2.901187086936,2.084301755841));
#5860 = CARTESIAN_POINT('',(2.816374292106,2.077550146854));
#5861 = CARTESIAN_POINT('',(2.731550124621,2.070797594187));
#5862 = CARTESIAN_POINT('',(2.646716801166,2.064044537178));
#5863 = CARTESIAN_POINT('',(2.425358481843,2.046424846898));
#5864 = CARTESIAN_POINT('',(2.288598823069,2.035540312299));
#5865 = CARTESIAN_POINT('',(2.151968788828,2.024668464924));
#5866 = CARTESIAN_POINT('',(2.015421182718,2.013806632636));
#5867 = CARTESIAN_POINT('',(1.87887191568,2.002948121484));
#5868 = CARTESIAN_POINT('',(1.742240791984,1.992083560208));
#5869 = CARTESIAN_POINT('',(1.605472883523,1.981205154952));
#5870 = CARTESIAN_POINT('',(1.414425848821,1.966003583948));
#5871 = CARTESIAN_POINT('',(1.359914868627,1.961665493127));
#5872 = CARTESIAN_POINT('',(1.305404778065,1.957326718706));
#5873 = CARTESIAN_POINT('',(1.250895935446,1.952987268489));
#5874 = CARTESIAN_POINT('',(1.196387173207,1.948647107545));
#5875 = CARTESIAN_POINT('',(1.14187726847,1.944306284197));
#5876 = CARTESIAN_POINT('',(1.087366413602,1.939965056014));
#5877 = CARTESIAN_POINT('',(0.986608218921,1.931940737698));
#5878 = CARTESIAN_POINT('',(0.94035781895,1.92825740192));
#5879 = CARTESIAN_POINT('',(0.894107843839,1.924574298506));
#5880 = CARTESIAN_POINT('',(0.847858366727,1.920891688614));
#5881 = CARTESIAN_POINT('',(0.801608829452,1.917209804248));
#5882 = CARTESIAN_POINT('',(0.755358695091,1.913528848006));
#5883 = CARTESIAN_POINT('',(0.709108100498,1.909848992817));
#5884 = CARTESIAN_POINT('',(0.580949066017,1.899655448721));
#5885 = CARTESIAN_POINT('',(0.499021974777,1.893142799209));
#5886 = CARTESIAN_POINT('',(0.417102261961,1.886634192876));
#5887 = CARTESIAN_POINT('',(0.335192118642,1.880128369177));
#5888 = CARTESIAN_POINT('',(0.25328234095,1.873619204937));
#5889 = CARTESIAN_POINT('',(0.171363938529,1.867093172464));
#5890 = CARTESIAN_POINT('',(8.943991062681E-02,1.860526098121));
#5891 = CARTESIAN_POINT('',(7.53718982233E-03,1.853879221358));
#5892 = ( GEOMETRIC_REPRESENTATION_CONTEXT(2) 
PARAMETRIC_REPRESENTATION_CONTEXT() REPRESENTATION_CONTEXT('2D SPACE',''
  ) );
#5893 = ORIENTED_EDGE('',*,*,#5894,.F.);
#5894 = EDGE_CURVE('',#5260,#5602,#5895,.T.);
#5895 = SURFACE_CURVE('',#5896,(#6004,#6115),.PCURVE_S1.);
#5896 = B_SPLINE_CURVE_WITH_KNOTS('',8,(#5897,#5898,#5899,#5900,#5901,
    #5902,#5903,#5904,#5905,#5906,#5907,#5908,#5909,#5910,#5911,#5912,
    #5913,#5914,#5915,#5916,#5917,#5918,#5919,#5920,#5921,#5922,#5923,
    #5924,#5925,#5926,#5927,#5928,#5929,#5930,#5931,#5932,#5933,#5934,
    #5935,#5936,#5937,#5938,#5939,#5940,#5941,#5942,#5943,#5944,#5945,
    #5946,#5947,#5948,#5949,#5950,#5951,#5952,#5953,#5954,#5955,#5956,
    #5957,#5958,#5959,#5960,#5961,#5962,#5963,#5964,#5965,#5966,#5967,
    #5968,#5969,#5970,#5971,#5972,#5973,#5974,#5975,#5976,#5977,#5978,
    #5979,#5980,#5981,#5982,#5983,#5984,#5985,#5986,#5987,#5988,#5989,
    #5990,#5991,#5992,#5993,#5994,#5995,#5996,#5997,#5998,#5999,#6000,
    #6001,#6002,#6003),.UNSPECIFIED.,.F.,.F.,(9,7,7,7,7,7,7,7,7,7,7,7,7,
    7,7,9),(0.,6.382281623688E-02,0.15167276939,0.206598044658,
    0.26881792193,0.339033674152,0.426022631967,0.457491456749,
    0.499129736229,0.572660540126,0.664748728511,0.74926236604,
    0.824219683566,0.899568847026,0.953496666901,1.),.UNSPECIFIED.);
#5897 = CARTESIAN_POINT('',(1.4,0.,-4.546563445511));
#5898 = CARTESIAN_POINT('',(1.4,-7.01742940714E-02,-4.550549408901));
#5899 = CARTESIAN_POINT('',(1.395979878051,-0.140350824563,
    -4.554535079288));
#5900 = CARTESIAN_POINT('',(1.387939753937,-0.210257877931,
    -4.55852059606));
#5901 = CARTESIAN_POINT('',(1.375901262528,-0.279626453558,
    -4.562506317109));
#5902 = CARTESIAN_POINT('',(1.359907367145,-0.34819107693,
    -4.566492668085));
#5903 = CARTESIAN_POINT('',(1.340022172929,-0.415690612812,
    -4.57047999163));
#5904 = CARTESIAN_POINT('',(1.316330740203,-0.481869078426,
    -4.574468396633));
#5905 = CARTESIAN_POINT('',(1.251234951027,-0.635406332844,
    -4.583948621577));
#5906 = CARTESIAN_POINT('',(1.206514689665,-0.721372914831,
    -4.589442175779));
#5907 = CARTESIAN_POINT('',(1.155054899987,-0.803715736351,
    -4.594935677293));
#5908 = CARTESIAN_POINT('',(1.097204627737,-0.88182043942,
    -4.600434391475));
#5909 = CARTESIAN_POINT('',(1.033372725604,-0.955118634372,
    -4.605922665074));
#5910 = CARTESIAN_POINT('',(0.964028033884,-1.02308673826,
    -4.611422949716));
#5911 = CARTESIAN_POINT('',(0.889694269879,-1.085253087061,
    -4.616917683416));
#5912 = CARTESIAN_POINT('',(0.76172921135,-1.176186945664,
    -4.625845662376));
#5913 = CARTESIAN_POINT('',(0.71077585248,-1.208742661797,-4.62927972768
    ));
#5914 = CARTESIAN_POINT('',(0.658237732987,-1.23877209537,
    -4.632713221154));
#5915 = CARTESIAN_POINT('',(0.604261404976,-1.26618562328,
    -4.636146202223));
#5916 = CARTESIAN_POINT('',(0.548998870862,-1.290904135736,
    -4.639578788521));
#5917 = CARTESIAN_POINT('',(0.492607240075,-1.312859203206,
    -4.643011088851));
#5918 = CARTESIAN_POINT('',(0.435248385774,-1.331993243378,
    -4.64644313613));
#5919 = CARTESIAN_POINT('',(0.311204641595,-1.366686472314,
    -4.653762265055));
#5920 = CARTESIAN_POINT('',(0.244289508462,-1.381434275697,
    -4.657649460058));
#5921 = CARTESIAN_POINT('',(0.176585643341,-1.392435371575,
    -4.661536238153));
#5922 = CARTESIAN_POINT('',(0.108338366121,-1.399641430613,
    -4.66542255672));
#5923 = CARTESIAN_POINT('',(3.979515344287E-02,-1.40302354117,
    -4.669308463095));
#5924 = CARTESIAN_POINT('',(-2.879508325349E-02,-1.402572229633,
    -4.673194059949));
#5925 = CARTESIAN_POINT('',(-9.718271967417E-02,-1.398297480761,
    -4.677079470661));
#5926 = CARTESIAN_POINT('',(-0.241783940903,-1.38112312392,
    -4.685349442921));
#5927 = CARTESIAN_POINT('',(-0.317879330728,-1.367185272207,
    -4.689734290337));
#5928 = CARTESIAN_POINT('',(-0.39304384083,-1.348457271171,
    -4.694119375204));
#5929 = CARTESIAN_POINT('',(-0.466925760581,-1.325013657007,
    -4.698505138048));
#5930 = CARTESIAN_POINT('',(-0.539182606446,-1.296958935285,
    -4.702892196398));
#5931 = CARTESIAN_POINT('',(-0.609482078778,-1.26442645966,
    -4.707281089932));
#5932 = CARTESIAN_POINT('',(-0.67750350696,-1.227578687813,
    -4.71167200605));
#5933 = CARTESIAN_POINT('',(-0.824007538599,-1.135852019246,
    -4.721506245449));
#5934 = CARTESIAN_POINT('',(-0.901120475062,-1.078760392573,
    -4.726951268101));
#5935 = CARTESIAN_POINT('',(-0.973688083016,-1.01570070594,
    -4.73239842795));
#5936 = CARTESIAN_POINT('',(-1.04117489733,-0.94710001373,
    -4.737846572583));
#5937 = CARTESIAN_POINT('',(-1.103097208271,-0.873437491658,
    -4.74329379025));
#5938 = CARTESIAN_POINT('',(-1.159023642645,-0.795239866124,
    -4.748737448776));
#5939 = CARTESIAN_POINT('',(-1.208579614828,-0.713080434662,
    -4.754175006191));
#5940 = CARTESIAN_POINT('',(-1.26696633316,-0.596651942516,
    -4.761570143416));
#5941 = CARTESIAN_POINT('',(-1.281603551062,-0.565283746279,
    -4.763533878175));
#5942 = CARTESIAN_POINT('',(-1.295352747188,-0.53350608129,
    -4.765496766354));
#5943 = CARTESIAN_POINT('',(-1.308200571269,-0.501348381189,
    -4.767458838689));
#5944 = CARTESIAN_POINT('',(-1.320134876959,-0.468840520719,
    -4.769420187643));
#5945 = CARTESIAN_POINT('',(-1.331144721839,-0.436012815736,
    -4.771380967411));
#5946 = CARTESIAN_POINT('',(-1.341220367414,-0.402896023199,
    -4.773341393916));
#5947 = CARTESIAN_POINT('',(-1.362437579449,-0.32536130828,
    -4.777895602031));
#5948 = CARTESIAN_POINT('',(-1.372871457482,-0.28074948108,
    -4.780488835101));
#5949 = CARTESIAN_POINT('',(-1.381635133313,-0.235758336761,
    -4.783085690076));
#5950 = CARTESIAN_POINT('',(-1.388712713641,-0.190460103025,
    -4.785675846539));
#5951 = CARTESIAN_POINT('',(-1.394092133535,-0.144930020266,
    -4.788281689302));
#5952 = CARTESIAN_POINT('',(-1.397765173592,-9.924055010445E-02,
    -4.790878569497));
#5953 = CARTESIAN_POINT('',(-1.399727514376,-5.346812672028E-02,
    -4.793489887747));
#5954 = CARTESIAN_POINT('',(-1.400422818985,7.315923903433E-02,
    -4.80072522479));
#5955 = CARTESIAN_POINT('',(-1.395531049342,0.154039991757,
    -4.805338194005));
#5956 = CARTESIAN_POINT('',(-1.385300187762,0.234537621713,
    -4.809945619491));
#5957 = CARTESIAN_POINT('',(-1.369767094486,0.314240708547,
    -4.814547832911));
#5958 = CARTESIAN_POINT('',(-1.349005692656,0.392744693763,
    -4.819145373818));
#5959 = CARTESIAN_POINT('',(-1.323125660303,0.469653203689,
    -4.823739275723));
#5960 = CARTESIAN_POINT('',(-1.292273010084,0.544579834721,
    -4.828330804784));
#5961 = CARTESIAN_POINT('',(-1.21199732087,0.708036010798,
    -4.838668862816));
#5962 = CARTESIAN_POINT('',(-1.159843791471,0.795244289005,
    -4.844415585997));
#5963 = CARTESIAN_POINT('',(-1.10053335711,0.878031093306,
    -4.850161951398));
#5964 = CARTESIAN_POINT('',(-1.034510152729,0.95571480581,
    -4.855910035845));
#5965 = CARTESIAN_POINT('',(-0.96228941612,1.027672662917,
    -4.861661464122));
#5966 = CARTESIAN_POINT('',(-0.884451262979,1.093342010963,
    -4.867416604897));
#5967 = CARTESIAN_POINT('',(-0.801639880581,1.152226487489,
    -4.873174360653));
#5968 = CARTESIAN_POINT('',(-0.634658331406,1.251336869208,
    -4.884217112801));
#5969 = CARTESIAN_POINT('',(-0.551143256872,1.292709189034,
    -4.88950313062));
#5970 = CARTESIAN_POINT('',(-0.464569277657,1.327697303675,
    -4.89478904456));
#5971 = CARTESIAN_POINT('',(-0.375508323783,1.356042085761,
    -4.900073708154));
#5972 = CARTESIAN_POINT('',(-0.284552979828,1.377546564697,
    -4.905356621024));
#5973 = CARTESIAN_POINT('',(-0.19231276489,1.392074699745,
    -4.910637875843));
#5974 = CARTESIAN_POINT('',(-9.94116068032E-02,1.39955442599,
    -4.915917820212));
#5975 = CARTESIAN_POINT('',(7.593114584026E-02,1.400366836584,
    -4.925878171254));
#5976 = CARTESIAN_POINT('',(0.158379312286,1.395203619221,
    -4.930559520315));
#5977 = CARTESIAN_POINT('',(0.240415697755,1.384492179152,
    -4.935240538612));
#5978 = CARTESIAN_POINT('',(0.321604549873,1.368272896386,
    -4.939921883781));
#5979 = CARTESIAN_POINT('',(0.40151767664,1.346626100603,-4.944604310548
    ));
#5980 = CARTESIAN_POINT('',(0.47973593541,1.319670619771,-4.94928829051)
  );
#5981 = CARTESIAN_POINT('',(0.55585118908,1.287564449681,-4.953973754287
    ));
#5982 = CARTESIAN_POINT('',(0.703471112013,1.213256920909,
    -4.963370655322));
#5983 = CARTESIAN_POINT('',(0.774958395131,1.170999252666,
    -4.968082663186));
#5984 = CARTESIAN_POINT('',(0.843528840784,1.123935481094,
    -4.972795046853));
#5985 = CARTESIAN_POINT('',(0.908806715165,1.072303466563,
    -4.977508874418));
#5986 = CARTESIAN_POINT('',(0.970442028412,1.016373033531,-4.98221794185
    ));
#5987 = CARTESIAN_POINT('',(1.028110238418,0.956446063927,
    -4.986934042701));
#5988 = CARTESIAN_POINT('',(1.081515718068,0.892853678062,
    -4.991646572116));
#5989 = CARTESIAN_POINT('',(1.16537674454,0.77808289393,-4.999730709737)
  );
#5990 = CARTESIAN_POINT('',(1.19804260708,0.728511916426,-5.003102608675
    ));
#5991 = CARTESIAN_POINT('',(1.228295239941,0.677378598435,
    -5.006474016348));
#5992 = CARTESIAN_POINT('',(1.256047748914,0.624820505721,
    -5.009844963946));
#5993 = CARTESIAN_POINT('',(1.281222990354,0.570980378628,
    -5.013215546278));
#5994 = CARTESIAN_POINT('',(1.303753703105,0.51600581077,-5.016585857392
    ));
#5995 = CARTESIAN_POINT('',(1.323582640424,0.460048927713,
    -5.019955926201));
#5996 = CARTESIAN_POINT('',(1.355391274104,0.354300756955,
    -5.026231452604));
#5997 = CARTESIAN_POINT('',(1.368076086458,0.304720262198,
    -5.029137064188));
#5998 = CARTESIAN_POINT('',(1.378687071559,0.254624642162,
    -5.032042452274));
#5999 = CARTESIAN_POINT('',(1.387200098514,0.20411520023,-5.034947601228
    ));
#6000 = CARTESIAN_POINT('',(1.393597012502,0.153294325745,
    -5.037852508301));
#6001 = CARTESIAN_POINT('',(1.397865674316,0.102265337351,-5.04075717759
    ));
#6002 = CARTESIAN_POINT('',(1.399999999922,5.113232634078E-02,
    -5.043661613976));
#6003 = CARTESIAN_POINT('',(1.4,-1.110223024625E-15,-5.046565817083));
#6004 = PCURVE('',#3446,#6005);
#6005 = DEFINITIONAL_REPRESENTATION('',(#6006),#6114);
#6006 = B_SPLINE_CURVE_WITH_KNOTS('',8,(#6007,#6008,#6009,#6010,#6011,
    #6012,#6013,#6014,#6015,#6016,#6017,#6018,#6019,#6020,#6021,#6022,
    #6023,#6024,#6025,#6026,#6027,#6028,#6029,#6030,#6031,#6032,#6033,
    #6034,#6035,#6036,#6037,#6038,#6039,#6040,#6041,#6042,#6043,#6044,
    #6045,#6046,#6047,#6048,#6049,#6050,#6051,#6052,#6053,#6054,#6055,
    #6056,#6057,#6058,#6059,#6060,#6061,#6062,#6063,#6064,#6065,#6066,
    #6067,#6068,#6069,#6070,#6071,#6072,#6073,#6074,#6075,#6076,#6077,
    #6078,#6079,#6080,#6081,#6082,#6083,#6084,#6085,#6086,#6087,#6088,
    #6089,#6090,#6091,#6092,#6093,#6094,#6095,#6096,#6097,#6098,#6099,
    #6100,#6101,#6102,#6103,#6104,#6105,#6106,#6107,#6108,#6109,#6110,
    #6111,#6112,#6113),.UNSPECIFIED.,.F.,.F.,(9,7,7,7,7,7,7,7,7,7,7,7,7,
    7,7,9),(0.,6.382281623688E-02,0.15167276939,0.206598044658,
    0.26881792193,0.339033674152,0.426022631967,0.457491456749,
    0.499129736229,0.572660540126,0.664748728511,0.74926236604,
    0.824219683566,0.899568847026,0.953496666901,1.),.UNSPECIFIED.);
#6007 = CARTESIAN_POINT('',(0.191902787786,0.333740768145));
#6008 = CARTESIAN_POINT('',(0.191903024417,0.336399599066));
#6009 = CARTESIAN_POINT('',(0.191904317662,0.339058597319));
#6010 = CARTESIAN_POINT('',(0.191906392279,0.341717673763));
#6011 = CARTESIAN_POINT('',(0.191908769015,0.344376826381));
#6012 = CARTESIAN_POINT('',(0.191910911572,0.347036091306));
#6013 = CARTESIAN_POINT('',(0.191912373587,0.349695493846));
#6014 = CARTESIAN_POINT('',(0.191912945607,0.352354999504));
#6015 = CARTESIAN_POINT('',(0.191912604482,0.358675129537));
#6016 = CARTESIAN_POINT('',(0.191910612871,0.362336272453));
#6017 = CARTESIAN_POINT('',(0.191910670147,0.365997185943));
#6018 = CARTESIAN_POINT('',(0.191899620336,0.369657902293));
#6019 = CARTESIAN_POINT('',(0.191914446469,0.37331832267));
#6020 = CARTESIAN_POINT('',(0.191900907687,0.37697901536));
#6021 = CARTESIAN_POINT('',(0.191900737397,0.380639988602));
#6022 = CARTESIAN_POINT('',(0.191900571714,0.386589330462));
#6023 = CARTESIAN_POINT('',(0.1919012214,0.38887809406));
#6024 = CARTESIAN_POINT('',(0.191902338829,0.391166866307));
#6025 = CARTESIAN_POINT('',(0.191903594366,0.393455627468));
#6026 = CARTESIAN_POINT('',(0.191904661014,0.395744375948));
#6027 = CARTESIAN_POINT('',(0.191905301025,0.39803310823));
#6028 = CARTESIAN_POINT('',(0.19190545249,0.400321798818));
#6029 = CARTESIAN_POINT('',(0.191905161277,0.405202907034));
#6030 = CARTESIAN_POINT('',(0.191904596041,0.407795427394));
#6031 = CARTESIAN_POINT('',(0.191903805444,0.410387813237));
#6032 = CARTESIAN_POINT('',(0.191903167722,0.412980046294));
#6033 = CARTESIAN_POINT('',(0.191903118763,0.415572170345));
#6034 = CARTESIAN_POINT('',(0.191904016738,0.418164243506));
#6035 = CARTESIAN_POINT('',(0.191906006719,0.420756290514));
#6036 = CARTESIAN_POINT('',(0.19191213382,0.426273312835));
#6037 = CARTESIAN_POINT('',(0.191916524844,0.429198473021));
#6038 = CARTESIAN_POINT('',(0.191921859563,0.432123595037));
#6039 = CARTESIAN_POINT('',(0.191927456327,0.43504871617));
#6040 = CARTESIAN_POINT('',(0.191932259734,0.437973949685));
#6041 = CARTESIAN_POINT('',(0.191935071383,0.440899389902));
#6042 = CARTESIAN_POINT('',(0.191934902301,0.443825024228));
#6043 = CARTESIAN_POINT('',(0.191927166399,0.450375156788));
#6044 = CARTESIAN_POINT('',(0.191917822224,0.454000219829));
#6045 = CARTESIAN_POINT('',(0.191902819965,0.457625290207));
#6046 = CARTESIAN_POINT('',(0.191882793252,0.461250247449));
#6047 = CARTESIAN_POINT('',(0.191860860541,0.464875222821));
#6048 = CARTESIAN_POINT('',(0.191842289911,0.468500386934));
#6049 = CARTESIAN_POINT('',(0.191832572041,0.472125703772));
#6050 = CARTESIAN_POINT('',(0.191834382233,0.477061999576));
#6051 = CARTESIAN_POINT('',(0.191836291728,0.478373356545));
#6052 = CARTESIAN_POINT('',(0.19183977151,0.479684719846));
#6053 = CARTESIAN_POINT('',(0.191844872375,0.480996086007));
#6054 = CARTESIAN_POINT('',(0.191851554239,0.482307450297));
#6055 = CARTESIAN_POINT('',(0.191859686139,0.483618806717));
#6056 = CARTESIAN_POINT('',(0.191869046234,0.484930148005));
#6057 = CARTESIAN_POINT('',(0.191892918019,0.487976548222));
#6058 = CARTESIAN_POINT('',(0.191908304518,0.489711653397));
#6059 = CARTESIAN_POINT('',(0.191923177044,0.491446329537));
#6060 = CARTESIAN_POINT('',(0.1919410917,0.493181847635));
#6061 = CARTESIAN_POINT('',(0.191951546805,0.49491567995));
#6062 = CARTESIAN_POINT('',(0.191963509095,0.496650781063));
#6063 = CARTESIAN_POINT('',(0.191965477001,0.49838448157));
#6064 = CARTESIAN_POINT('',(0.19194988425,0.503179135378));
#6065 = CARTESIAN_POINT('',(0.191925278422,0.506242261014));
#6066 = CARTESIAN_POINT('',(0.191894759025,0.509306108463));
#6067 = CARTESIAN_POINT('',(0.191866295206,0.512370166935));
#6068 = CARTESIAN_POINT('',(0.191845102791,0.515434317166));
#6069 = CARTESIAN_POINT('',(0.191833011436,0.518498578507));
#6070 = CARTESIAN_POINT('',(0.191829184475,0.521562911976));
#6071 = CARTESIAN_POINT('',(0.191835957359,0.528464567805));
#6072 = CARTESIAN_POINT('',(0.191850363463,0.532302541442));
#6073 = CARTESIAN_POINT('',(0.191872231171,0.536140289565));
#6074 = CARTESIAN_POINT('',(0.191895361841,0.539977752876));
#6075 = CARTESIAN_POINT('',(0.191914369183,0.543815160618));
#6076 = CARTESIAN_POINT('',(0.191926643217,0.547652705391));
#6077 = CARTESIAN_POINT('',(0.191932445806,0.551490255567));
#6078 = CARTESIAN_POINT('',(0.191933772826,0.558848361767));
#6079 = CARTESIAN_POINT('',(0.191930130819,0.562369760028));
#6080 = CARTESIAN_POINT('',(0.191923233239,0.565890827333));
#6081 = CARTESIAN_POINT('',(0.191915283569,0.569411558176));
#6082 = CARTESIAN_POINT('',(0.191908385346,0.572932200403));
#6083 = CARTESIAN_POINT('',(0.191903788554,0.576453026789));
#6084 = CARTESIAN_POINT('',(0.19190166437,0.579974092107));
#6085 = CARTESIAN_POINT('',(0.191901181076,0.586617737839));
#6086 = CARTESIAN_POINT('',(0.191902417377,0.589740793659));
#6087 = CARTESIAN_POINT('',(0.191904800913,0.592863925894));
#6088 = CARTESIAN_POINT('',(0.19190741763,0.595987133402));
#6089 = CARTESIAN_POINT('',(0.191909361752,0.599110500954));
#6090 = CARTESIAN_POINT('',(0.191910125815,0.602234081847));
#6091 = CARTESIAN_POINT('',(0.191909774659,0.605357793324));
#6092 = CARTESIAN_POINT('',(0.191908027497,0.611621184841));
#6093 = CARTESIAN_POINT('',(0.191906620347,0.614761236381));
#6094 = CARTESIAN_POINT('',(0.191905638052,0.617901140079));
#6095 = CARTESIAN_POINT('',(0.191902189006,0.621040926069));
#6096 = CARTESIAN_POINT('',(0.191910649462,0.624180529523));
#6097 = CARTESIAN_POINT('',(0.191902443792,0.62732030331));
#6098 = CARTESIAN_POINT('',(0.191902747051,0.630460207998));
#6099 = CARTESIAN_POINT('',(0.191903097198,0.635847126651));
#6100 = CARTESIAN_POINT('',(0.191903827759,0.638094349654));
#6101 = CARTESIAN_POINT('',(0.191904959979,0.640341586738));
#6102 = CARTESIAN_POINT('',(0.191906203247,0.642588816027));
#6103 = CARTESIAN_POINT('',(0.191907248495,0.644836034177));
#6104 = CARTESIAN_POINT('',(0.191907857507,0.647083237909));
#6105 = CARTESIAN_POINT('',(0.191907952238,0.64933040553));
#6106 = CARTESIAN_POINT('',(0.191907490171,0.653515186721));
#6107 = CARTESIAN_POINT('',(0.191907004657,0.655452864116));
#6108 = CARTESIAN_POINT('',(0.191906303576,0.657390480886));
#6109 = CARTESIAN_POINT('',(0.191905520036,0.659328031016));
#6110 = CARTESIAN_POINT('',(0.19190482789,0.661265521513));
#6111 = CARTESIAN_POINT('',(0.191904405356,0.663202961671));
#6112 = CARTESIAN_POINT('',(0.191904398645,0.665140352339));
#6113 = CARTESIAN_POINT('',(0.191904885579,0.667077675185));
#6114 = ( GEOMETRIC_REPRESENTATION_CONTEXT(2) 
PARAMETRIC_REPRESENTATION_CONTEXT() REPRESENTATION_CONTEXT('2D SPACE',''
  ) );
#6115 = PCURVE('',#5107,#6116);
#6116 = DEFINITIONAL_REPRESENTATION('',(#6117),#6225);
#6117 = B_SPLINE_CURVE_WITH_KNOTS('',8,(#6118,#6119,#6120,#6121,#6122,
    #6123,#6124,#6125,#6126,#6127,#6128,#6129,#6130,#6131,#6132,#6133,
    #6134,#6135,#6136,#6137,#6138,#6139,#6140,#6141,#6142,#6143,#6144,
    #6145,#6146,#6147,#6148,#6149,#6150,#6151,#6152,#6153,#6154,#6155,
    #6156,#6157,#6158,#6159,#6160,#6161,#6162,#6163,#6164,#6165,#6166,
    #6167,#6168,#6169,#6170,#6171,#6172,#6173,#6174,#6175,#6176,#6177,
    #6178,#6179,#6180,#6181,#6182,#6183,#6184,#6185,#6186,#6187,#6188,
    #6189,#6190,#6191,#6192,#6193,#6194,#6195,#6196,#6197,#6198,#6199,
    #6200,#6201,#6202,#6203,#6204,#6205,#6206,#6207,#6208,#6209,#6210,
    #6211,#6212,#6213,#6214,#6215,#6216,#6217,#6218,#6219,#6220,#6221,
    #6222,#6223,#6224),.UNSPECIFIED.,.F.,.F.,(9,7,7,7,7,7,7,7,7,7,7,7,7,
    7,7,9),(0.,6.382281623688E-02,0.15167276939,0.206598044658,
    0.26881792193,0.339033674152,0.426022631967,0.457491456749,
    0.499129736229,0.572660540126,0.664748728511,0.74926236604,
    0.824219683566,0.899568847026,0.953496666901,1.),.UNSPECIFIED.);
#6118 = CARTESIAN_POINT('',(6.28318530718,2.853436554489));
#6119 = CARTESIAN_POINT('',(6.233060811414,2.849450591099));
#6120 = CARTESIAN_POINT('',(6.182934707744,2.845464920712));
#6121 = CARTESIAN_POINT('',(6.132809189123,2.84147940394));
#6122 = CARTESIAN_POINT('',(6.082684491387,2.837493682891));
#6123 = CARTESIAN_POINT('',(6.03255985694,2.833507331915));
#6124 = CARTESIAN_POINT('',(5.982434498431,2.82952000837));
#6125 = CARTESIAN_POINT('',(5.93230856244,2.825531603367));
#6126 = CARTESIAN_POINT('',(5.81318945239,2.816051378423));
#6127 = CARTESIAN_POINT('',(5.744187291572,2.810557824221));
#6128 = CARTESIAN_POINT('',(5.675188626626,2.805064322707));
#6129 = CARTESIAN_POINT('',(5.606193955622,2.799565608525));
#6130 = CARTESIAN_POINT('',(5.537198769364,2.794077334926));
#6131 = CARTESIAN_POINT('',(5.468200475344,2.788577050284));
#6132 = CARTESIAN_POINT('',(5.399198284567,2.783082316584));
#6133 = CARTESIAN_POINT('',(5.287066750005,2.774154337624));
#6134 = CARTESIAN_POINT('',(5.243929239905,2.77072027232));
#6135 = CARTESIAN_POINT('',(5.200791955624,2.767286778846));
#6136 = CARTESIAN_POINT('',(5.157654991848,2.763853797777));
#6137 = CARTESIAN_POINT('',(5.114517986776,2.760421211479));
#6138 = CARTESIAN_POINT('',(5.071380584407,2.756988911149));
#6139 = CARTESIAN_POINT('',(5.028242896827,2.75355686387));
#6140 = CARTESIAN_POINT('',(4.936240039163,2.746237734945));
#6141 = CARTESIAN_POINT('',(4.887372579789,2.742350539942));
#6142 = CARTESIAN_POINT('',(4.838505592485,2.738463761847));
#6143 = CARTESIAN_POINT('',(4.789639316117,2.73457744328));
#6144 = CARTESIAN_POINT('',(4.740773081096,2.730691536905));
#6145 = CARTESIAN_POINT('',(4.691906166153,2.726805940051));
#6146 = CARTESIAN_POINT('',(4.643038655118,2.722920529339));
#6147 = CARTESIAN_POINT('',(4.53902611733,2.714650557079));
#6148 = CARTESIAN_POINT('',(4.483877476754,2.710265709663));
#6149 = CARTESIAN_POINT('',(4.428729916129,2.705880624796));
#6150 = CARTESIAN_POINT('',(4.373583755286,2.701494861952));
#6151 = CARTESIAN_POINT('',(4.318437695733,2.697107803602));
#6152 = CARTESIAN_POINT('',(4.263290427715,2.692718910068));
#6153 = CARTESIAN_POINT('',(4.208142238336,2.68832799395));
#6154 = CARTESIAN_POINT('',(4.084677765604,2.678493754551));
#6155 = CARTESIAN_POINT('',(4.016352107406,2.673048731899));
#6156 = CARTESIAN_POINT('',(3.948029700961,2.66760157205));
#6157 = CARTESIAN_POINT('',(3.879711249117,2.662153427417));
#6158 = CARTESIAN_POINT('',(3.81139274457,2.65670620975));
#6159 = CARTESIAN_POINT('',(3.743070146641,2.651262551224));
#6160 = CARTESIAN_POINT('',(3.674744093026,2.645824993809));
#6161 = CARTESIAN_POINT('',(3.581709639618,2.638429856584));
#6162 = CARTESIAN_POINT('',(3.5569944004,2.636466121825));
#6163 = CARTESIAN_POINT('',(3.532279006038,2.634503233646));
#6164 = CARTESIAN_POINT('',(3.507563519241,2.632541161311));
#6165 = CARTESIAN_POINT('',(3.482847988244,2.630579812357));
#6166 = CARTESIAN_POINT('',(3.45813244681,2.628619032589));
#6167 = CARTESIAN_POINT('',(3.433416914224,2.626658606084));
#6168 = CARTESIAN_POINT('',(3.375998817703,2.622104397969));
#6169 = CARTESIAN_POINT('',(3.343296129157,2.619511164899));
#6170 = CARTESIAN_POINT('',(3.310593704906,2.616914309924));
#6171 = CARTESIAN_POINT('',(3.277890988137,2.614324153461));
#6172 = CARTESIAN_POINT('',(3.245189021206,2.611718310698));
#6173 = CARTESIAN_POINT('',(3.2124864849,2.609121430503));
#6174 = CARTESIAN_POINT('',(3.179784693235,2.606510112253));
#6175 = CARTESIAN_POINT('',(3.089335211319,2.59927477521));
#6176 = CARTESIAN_POINT('',(3.031583339792,2.594661805995));
#6177 = CARTESIAN_POINT('',(2.973832465898,2.590054380509));
#6178 = CARTESIAN_POINT('',(2.916083000557,2.585452167089));
#6179 = CARTESIAN_POINT('',(2.858333308384,2.580854626182));
#6180 = CARTESIAN_POINT('',(2.800581758401,2.576260724277));
#6181 = CARTESIAN_POINT('',(2.742828751206,2.571669195216));
#6182 = CARTESIAN_POINT('',(2.61275399292,2.561331137184));
#6183 = CARTESIAN_POINT('',(2.540419819899,2.555584414003));
#6184 = CARTESIAN_POINT('',(2.468089771905,2.549838048602));
#6185 = CARTESIAN_POINT('',(2.395765003727,2.544089964155));
#6186 = CARTESIAN_POINT('',(2.323440419247,2.538338535878));
#6187 = CARTESIAN_POINT('',(2.251110852157,2.532583395103));
#6188 = CARTESIAN_POINT('',(2.178777264721,2.526825639347));
#6189 = CARTESIAN_POINT('',(2.040077571635,2.515782887199));
#6190 = CARTESIAN_POINT('',(1.973696172233,2.51049686938));
#6191 = CARTESIAN_POINT('',(1.907317437207,2.50521095544));
#6192 = CARTESIAN_POINT('',(1.840941975748,2.499926291846));
#6193 = CARTESIAN_POINT('',(1.77456637512,2.494643378976));
#6194 = CARTESIAN_POINT('',(1.70818725642,2.489362124157));
#6195 = CARTESIAN_POINT('',(1.641805346385,2.484082179788));
#6196 = CARTESIAN_POINT('',(1.516559178748,2.474121828746));
#6197 = CARTESIAN_POINT('',(1.457685392974,2.469440479685));
#6198 = CARTESIAN_POINT('',(1.398813039531,2.464759461388));
#6199 = CARTESIAN_POINT('',(1.339942521311,2.460078116219));
#6200 = CARTESIAN_POINT('',(1.281072015913,2.455395689452));
#6201 = CARTESIAN_POINT('',(1.222199701645,2.45071170949));
#6202 = CARTESIAN_POINT('',(1.163326006068,2.446026245713));
#6203 = CARTESIAN_POINT('',(1.045277999406,2.436629344678));
#6204 = CARTESIAN_POINT('',(0.986096741481,2.431917336814));
#6205 = CARTESIAN_POINT('',(0.926917145715,2.427204953147));
#6206 = CARTESIAN_POINT('',(0.867739408545,2.422491125582));
#6207 = CARTESIAN_POINT('',(0.808561414486,2.41778205815));
#6208 = CARTESIAN_POINT('',(0.749381993494,2.413065957299));
#6209 = CARTESIAN_POINT('',(0.690200757457,2.408353427884));
#6210 = CARTESIAN_POINT('',(0.588669107995,2.400269290263));
#6211 = CARTESIAN_POINT('',(0.546314298477,2.396897391325));
#6212 = CARTESIAN_POINT('',(0.503959617256,2.393525983652));
#6213 = CARTESIAN_POINT('',(0.461605242381,2.390155036054));
#6214 = CARTESIAN_POINT('',(0.419250886013,2.386784453722));
#6215 = CARTESIAN_POINT('',(0.37689621863,2.383414142608));
#6216 = CARTESIAN_POINT('',(0.334541293229,2.380044073799));
#6217 = CARTESIAN_POINT('',(0.255663757061,2.373768547396));
#6218 = CARTESIAN_POINT('',(0.219140247527,2.370862935812));
#6219 = CARTESIAN_POINT('',(0.182616834764,2.367957547726));
#6220 = CARTESIAN_POINT('',(0.146093534281,2.365052398772));
#6221 = CARTESIAN_POINT('',(0.109570188192,2.362147491699));
#6222 = CARTESIAN_POINT('',(7.304667014226E-02,2.35924282241));
#6223 = CARTESIAN_POINT('',(3.652309024342E-02,2.356338386024));
#6224 = CARTESIAN_POINT('',(0.,2.353434182917));
#6225 = ( GEOMETRIC_REPRESENTATION_CONTEXT(2) 
PARAMETRIC_REPRESENTATION_CONTEXT() REPRESENTATION_CONTEXT('2D SPACE',''
  ) );
#6226 = ORIENTED_EDGE('',*,*,#5259,.F.);
#6227 = ORIENTED_EDGE('',*,*,#3432,.F.);
#6228 = ADVANCED_FACE('',(#6229),#5237,.F.);
#6229 = FACE_BOUND('',#6230,.F.);
#6230 = EDGE_LOOP('',(#6231,#6258,#6259));
#6231 = ORIENTED_EDGE('',*,*,#6232,.T.);
#6232 = EDGE_CURVE('',#6233,#5189,#6235,.T.);
#6233 = VERTEX_POINT('',#6234);
#6234 = CARTESIAN_POINT('',(1.399960410434,-1.052849548227E-02,
    -5.254196489599));
#6235 = SURFACE_CURVE('',#6236,(#6241,#6248),.PCURVE_S1.);
#6236 = ELLIPSE('',#6237,18.976787649198,1.4);
#6237 = AXIS2_PLACEMENT_3D('',#6238,#6239,#6240);
#6238 = CARTESIAN_POINT('',(0.,0.,-5.4115242414));
#6239 = DIRECTION('',(-7.907006235224E-04,0.997274646939,
    7.377434083577E-02));
#6240 = DIRECTION('',(5.849281252945E-05,-7.377431764743E-02,
    0.997274960397));
#6241 = PCURVE('',#5237,#6242);
#6242 = DEFINITIONAL_REPRESENTATION('',(#6243),#6247);
#6243 = ELLIPSE('',#6244,18.976787649198,1.4);
#6244 = AXIS2_PLACEMENT_2D('',#6245,#6246);
#6245 = CARTESIAN_POINT('',(-1.148341516021E-02,-1.397847092588));
#6246 = DIRECTION('',(0.999999998289,5.849283081453E-05));
#6247 = ( GEOMETRIC_REPRESENTATION_CONTEXT(2) 
PARAMETRIC_REPRESENTATION_CONTEXT() REPRESENTATION_CONTEXT('2D SPACE',''
  ) );
#6248 = PCURVE('',#5202,#6249);
#6249 = DEFINITIONAL_REPRESENTATION('',(#6250),#6257);
#6250 = B_SPLINE_CURVE_WITH_KNOTS('',5,(#6251,#6252,#6253,#6254,#6255,
    #6256),.UNSPECIFIED.,.F.,.F.,(6,6),(1.555958702057,1.57000346551),
  .PIECEWISE_BEZIER_KNOTS.);
#6251 = CARTESIAN_POINT('',(6.269140543727,2.269268618562));
#6252 = CARTESIAN_POINT('',(6.271949496417,2.216114829373));
#6253 = CARTESIAN_POINT('',(6.274758449108,2.162958270789));
#6254 = CARTESIAN_POINT('',(6.277567401798,2.109799816549));
#6255 = CARTESIAN_POINT('',(6.280376354489,2.056640340483));
#6256 = CARTESIAN_POINT('',(6.28318530718,2.003480716427));
#6257 = ( GEOMETRIC_REPRESENTATION_CONTEXT(2) 
PARAMETRIC_REPRESENTATION_CONTEXT() REPRESENTATION_CONTEXT('2D SPACE',''
  ) );
#6258 = ORIENTED_EDGE('',*,*,#5213,.T.);
#6259 = ORIENTED_EDGE('',*,*,#6260,.T.);
#6260 = EDGE_CURVE('',#4569,#6233,#6261,.T.);
#6261 = SURFACE_CURVE('',#6262,(#6265,#6271),.PCURVE_S1.);
#6262 = B_SPLINE_CURVE_WITH_KNOTS('',1,(#6263,#6264),.UNSPECIFIED.,.F.,
  .F.,(2,2),(0.,0.548073520823),.PIECEWISE_BEZIER_KNOTS.);
#6263 = CARTESIAN_POINT('',(1.0752404736,1.33226762955E-15,-5.4));
#6264 = CARTESIAN_POINT('',(1.575006415024,-1.620406651891E-02,
    -5.175598537777));
#6265 = PCURVE('',#5237,#6266);
#6266 = DEFINITIONAL_REPRESENTATION('',(#6267),#6270);
#6267 = B_SPLINE_CURVE_WITH_KNOTS('',1,(#6268,#6269),.UNSPECIFIED.,.F.,
  .F.,(2,2),(0.,0.548073520823),.PIECEWISE_BEZIER_KNOTS.);
#6268 = CARTESIAN_POINT('',(9.422205825338E-06,-0.322606282864));
#6269 = CARTESIAN_POINT('',(0.224994825875,0.177159814789));
#6270 = ( GEOMETRIC_REPRESENTATION_CONTEXT(2) 
PARAMETRIC_REPRESENTATION_CONTEXT() REPRESENTATION_CONTEXT('2D SPACE',''
  ) );
#6271 = PCURVE('',#6272,#6385);
#6272 = B_SPLINE_SURFACE_WITH_KNOTS('',1,10,(
    (#6273,#6274,#6275,#6276,#6277,#6278,#6279,#6280,#6281,#6282,#6283
      ,#6284,#6285,#6286,#6287,#6288,#6289,#6290,#6291,#6292,#6293,#6294
      ,#6295,#6296,#6297,#6298,#6299,#6300,#6301,#6302,#6303,#6304,#6305
      ,#6306,#6307,#6308,#6309,#6310,#6311,#6312,#6313,#6314,#6315,#6316
      ,#6317,#6318,#6319,#6320,#6321,#6322,#6323,#6324,#6325,#6326,#6327
      ,#6328)
    ,(#6329,#6330,#6331,#6332,#6333,#6334,#6335,#6336,#6337,#6338,#6339
      ,#6340,#6341,#6342,#6343,#6344,#6345,#6346,#6347,#6348,#6349,#6350
      ,#6351,#6352,#6353,#6354,#6355,#6356,#6357,#6358,#6359,#6360,#6361
      ,#6362,#6363,#6364,#6365,#6366,#6367,#6368,#6369,#6370,#6371,#6372
      ,#6373,#6374,#6375,#6376,#6377,#6378,#6379,#6380,#6381,#6382,#6383
      ,#6384)),.UNSPECIFIED.,.F.,.F.,.F.,(2,2),(11,10,8,9,8,10,11),(0.,
    0.548073520823),(0.,0.25,0.375,0.5,0.625,0.75,1.),.UNSPECIFIED.);
#6273 = CARTESIAN_POINT('',(1.0752404736,1.33226762955E-15,-5.4));
#6274 = CARTESIAN_POINT('',(1.075642392113,-0.506921496507,-5.4375));
#6275 = CARTESIAN_POINT('',(0.808248362562,-1.012470669129,
    -5.474999999999));
#6276 = CARTESIAN_POINT('',(0.282424455392,-1.365295048825,
    -5.512500000001));
#6277 = CARTESIAN_POINT('',(-0.413943196385,-1.401166267696,-5.55));
#6278 = CARTESIAN_POINT('',(-1.052062482877,-1.051310012873,-5.5875));
#6279 = CARTESIAN_POINT('',(-1.400965028501,-0.414054875451,-5.625));
#6280 = CARTESIAN_POINT('',(-1.364542580346,0.281705252351,
    -5.662500000001));
#6281 = CARTESIAN_POINT('',(-1.013317139679,0.809007013393,-5.7));
#6282 = CARTESIAN_POINT('',(-0.506607916893,1.075309871495,-5.7375));
#6283 = CARTESIAN_POINT('',(5.795531625149E-06,1.075289498069,-5.775));
#6284 = CARTESIAN_POINT('',(0.253312651744,1.075279311355,-5.79375));
#6285 = CARTESIAN_POINT('',(0.506595630365,1.008688316759,
    -5.812499999999));
#6286 = CARTESIAN_POINT('',(0.740551077324,0.876210817943,
    -5.831250000001));
#6287 = CARTESIAN_POINT('',(0.935351164266,0.684000351072,
    -5.849999999998));
#6288 = CARTESIAN_POINT('',(1.074003598917,0.444993776879,
    -5.868750000002));
#6289 = CARTESIAN_POINT('',(1.14486853092,0.177774995765,-5.887499999999
    ));
#6290 = CARTESIAN_POINT('',(1.143209081532,-9.607265232094E-02,
    -5.906250000001));
#6291 = CARTESIAN_POINT('',(1.07165192549,-0.355176241511,-5.925));
#6292 = CARTESIAN_POINT('',(0.807216781324,-0.807216369316,-5.9625));
#6293 = CARTESIAN_POINT('',(0.355171484031,-1.071647070107,-6.));
#6294 = CARTESIAN_POINT('',(9.606691379834E-02,-1.143203852093,
    -6.018750000001));
#6295 = CARTESIAN_POINT('',(-0.177778374182,-1.144866488938,
    -6.037499999999));
#6296 = CARTESIAN_POINT('',(-0.444990836017,-1.074007853274,
    -6.056250000001));
#6297 = CARTESIAN_POINT('',(-0.683989925993,-0.935361211572,
    -6.074999999999));
#6298 = CARTESIAN_POINT('',(-0.87619857294,-0.740560719405,
    -6.093750000001));
#6299 = CARTESIAN_POINT('',(-1.008686841803,-0.506594888178,-6.1125));
#6300 = CARTESIAN_POINT('',(-1.075296827396,-0.253297444089,-6.13125));
#6301 = CARTESIAN_POINT('',(-1.075296827396,0.253297444089,-6.16875));
#6302 = CARTESIAN_POINT('',(-1.008686841803,0.506594888178,-6.1875));
#6303 = CARTESIAN_POINT('',(-0.876198572941,0.740560719405,
    -6.206250000001));
#6304 = CARTESIAN_POINT('',(-0.683989925992,0.935361211572,
    -6.224999999999));
#6305 = CARTESIAN_POINT('',(-0.444990836018,1.074007853274,
    -6.243750000001));
#6306 = CARTESIAN_POINT('',(-0.177778374181,1.144866488939,
    -6.262499999999));
#6307 = CARTESIAN_POINT('',(9.606691379819E-02,1.143203852093,-6.28125)
  );
#6308 = CARTESIAN_POINT('',(0.355171484031,1.071647070107,-6.3));
#6309 = CARTESIAN_POINT('',(0.807216781324,0.807216369316,-6.3375));
#6310 = CARTESIAN_POINT('',(1.07165192549,0.355176241511,-6.375));
#6311 = CARTESIAN_POINT('',(1.143209081532,9.607265232107E-02,
    -6.393749999999));
#6312 = CARTESIAN_POINT('',(1.14486853092,-0.177774995765,
    -6.412500000002));
#6313 = CARTESIAN_POINT('',(1.074003598917,-0.444993776879,
    -6.431249999997));
#6314 = CARTESIAN_POINT('',(0.935351164267,-0.684000351072,
    -6.450000000002));
#6315 = CARTESIAN_POINT('',(0.740551077323,-0.876210817943,
    -6.468749999999));
#6316 = CARTESIAN_POINT('',(0.506595630365,-1.00868831676,
    -6.487500000001));
#6317 = CARTESIAN_POINT('',(0.253312651744,-1.075279311355,-6.50625));
#6318 = CARTESIAN_POINT('',(5.795531630744E-06,-1.075289498069,-6.525));
#6319 = CARTESIAN_POINT('',(-0.506607916893,-1.075309871495,-6.5625));
#6320 = CARTESIAN_POINT('',(-1.013317139679,-0.809007013393,
    -6.599999999999));
#6321 = CARTESIAN_POINT('',(-1.364542580346,-0.28170525235,
    -6.637500000003));
#6322 = CARTESIAN_POINT('',(-1.400965028501,0.414054875451,
    -6.674999999995));
#6323 = CARTESIAN_POINT('',(-1.052062482878,1.051310012873,
    -6.712500000006));
#6324 = CARTESIAN_POINT('',(-0.413943196385,1.401166267696,
    -6.749999999996));
#6325 = CARTESIAN_POINT('',(0.282424455392,1.365295048826,
    -6.787500000002));
#6326 = CARTESIAN_POINT('',(0.808248362562,1.012470669129,
    -6.824999999999));
#6327 = CARTESIAN_POINT('',(1.075642392113,0.506921496507,-6.8625));
#6328 = CARTESIAN_POINT('',(1.0752404736,-1.554312234475E-15,-6.9));
#6329 = CARTESIAN_POINT('',(1.575006415024,-1.620406651891E-02,
    -5.175598537777));
#6330 = CARTESIAN_POINT('',(1.568088560713,-0.760721838259,
    -5.213953490726));
#6331 = CARTESIAN_POINT('',(1.166923900021,-1.494190779191,
    -5.249777920018));
#6332 = CARTESIAN_POINT('',(0.397352738146,-2.001587323411,
    -5.28923363601));
#6333 = CARTESIAN_POINT('',(-0.635992465871,-2.055471915616,
    -5.325864155037));
#6334 = CARTESIAN_POINT('',(-1.549978371278,-1.511560868147,
    -5.361974029253));
#6335 = CARTESIAN_POINT('',(-2.061344395859,-0.593608952401,
    -5.402774376144));
#6336 = CARTESIAN_POINT('',(-1.99614760273,0.436776197233,
    -5.436730940331));
#6337 = CARTESIAN_POINT('',(-1.469540155686,1.200497817302,
    -5.47662714838));
#6338 = CARTESIAN_POINT('',(-0.726467986898,1.58292000523,
    -5.513091931285));
#6339 = CARTESIAN_POINT('',(1.66209994392E-02,1.575134666139,
    -5.550805157991));
#6340 = CARTESIAN_POINT('',(0.388161831656,1.571264307209,
    -5.569711241822));
#6341 = CARTESIAN_POINT('',(0.757568116016,1.469603156031,
    -5.588233196414));
#6342 = CARTESIAN_POINT('',(1.098051228186,1.272202213387,
    -5.606977178346));
#6343 = CARTESIAN_POINT('',(1.380603197647,0.987800224014,
    -5.625841461979));
#6344 = CARTESIAN_POINT('',(1.580186897188,0.635343269172,
    -5.644643970425));
#6345 = CARTESIAN_POINT('',(1.679899006327,0.242531069446,
    -5.663348405941));
#6346 = CARTESIAN_POINT('',(1.673210240826,-0.158563638658,
    -5.682037394695));
#6347 = CARTESIAN_POINT('',(1.564387340471,-0.536756288803,
    -5.700781060324));
#6348 = CARTESIAN_POINT('',(1.170015274066,-1.194935451235,
    -5.738317822134));
#6349 = CARTESIAN_POINT('',(0.50368765636,-1.575365398741,
    -5.775851959893));
#6350 = CARTESIAN_POINT('',(0.123270790431,-1.676158976973,
    -5.794591446313));
#6351 = CARTESIAN_POINT('',(-0.277855677337,-1.674389310023,
    -5.813279867792));
#6352 = CARTESIAN_POINT('',(-0.668446099854,-1.566459046412,
    -5.831989545428));
#6353 = CARTESIAN_POINT('',(-1.016637505265,-1.359519023807,
    -5.850798922885));
#6354 = CARTESIAN_POINT('',(-1.29509369635,-1.071015171645,
    -5.869665127079));
#6355 = CARTESIAN_POINT('',(-1.485288380135,-0.726420402098,
    -5.888403052769));
#6356 = CARTESIAN_POINT('',(-1.57900712557,-0.354993266131,
    -5.906915253355));
#6357 = CARTESIAN_POINT('',(-1.571288768754,0.388182963425,
    -5.944718586932));
#6358 = CARTESIAN_POINT('',(-1.469579216382,0.75758058485,
    -5.963228185372));
#6359 = CARTESIAN_POINT('',(-1.272185981304,1.098049735891,
    -5.981967950133));
#6360 = CARTESIAN_POINT('',(-0.987805042634,1.380599794418,
    -6.000836150592));
#6361 = CARTESIAN_POINT('',(-0.635346098769,1.580189157995,
    -6.019644843237));
#6362 = CARTESIAN_POINT('',(-0.242519548966,1.67990355958,
    -6.038352546089));
#6363 = CARTESIAN_POINT('',(0.158573546705,1.673209563483,
    -6.057040529624));
#6364 = CARTESIAN_POINT('',(0.536748100716,1.56438177086,-6.075781418726
    ));
#6365 = CARTESIAN_POINT('',(1.194927492297,1.170022757288,
    -6.113316181563));
#6366 = CARTESIAN_POINT('',(1.575371409473,0.503695991449,
    -6.150852338162));
#6367 = CARTESIAN_POINT('',(1.676162557664,0.123261608705,
    -6.169594602238));
#6368 = CARTESIAN_POINT('',(1.674387576137,-0.277867310186,
    -6.188283962358));
#6369 = CARTESIAN_POINT('',(1.566455965339,-0.668444147576,
    -6.206990297703));
#6370 = CARTESIAN_POINT('',(1.359517781674,-1.016631664501,
    -6.225793522705));
#6371 = CARTESIAN_POINT('',(1.071011896972,-1.29510495449,
    -6.244655971329));
#6372 = CARTESIAN_POINT('',(0.726406765778,-1.485307078561,
    -6.263398247405));
#6373 = CARTESIAN_POINT('',(0.354973684812,-1.578986641348,
    -6.281922688536));
#6374 = CARTESIAN_POINT('',(-1.656747085759E-02,-1.575146568378,
    -6.30082859163));
#6375 = CARTESIAN_POINT('',(-0.759657107843,-1.56742180646,
    -6.338541454769));
#6376 = CARTESIAN_POINT('',(-1.494576956218,-1.168647102275,
    -6.374998509185));
#6377 = CARTESIAN_POINT('',(-2.004565522351,-0.395559861062,
    -6.414931626171));
#6378 = CARTESIAN_POINT('',(-2.049029752864,0.63724651905,
    -6.448800112944));
#6379 = CARTESIAN_POINT('',(-1.517227505068,1.544649311446,
    -6.489734107117));
#6380 = CARTESIAN_POINT('',(-0.592428217868,2.067107159751,
    -6.525706654167));
#6381 = CARTESIAN_POINT('',(0.438599910991,1.993736109894,
    -6.562435599491));
#6382 = CARTESIAN_POINT('',(1.199024298298,1.468920898921,
    -6.601839885782));
#6383 = CARTESIAN_POINT('',(1.583260269627,0.727541865778,
    -6.637685348916));
#6384 = CARTESIAN_POINT('',(1.575176387756,-1.696449481534E-02,
    -6.676033770669));
#6385 = DEFINITIONAL_REPRESENTATION('',(#6386),#6390);
#6386 = LINE('',#6387,#6388);
#6387 = CARTESIAN_POINT('',(0.,0.));
#6388 = VECTOR('',#6389,1.);
#6389 = DIRECTION('',(1.,0.));
#6390 = ( GEOMETRIC_REPRESENTATION_CONTEXT(2) 
PARAMETRIC_REPRESENTATION_CONTEXT() REPRESENTATION_CONTEXT('2D SPACE',''
  ) );
#6391 = ADVANCED_FACE('',(#6392),#5202,.T.);
#6392 = FACE_BOUND('',#6393,.T.);
#6393 = EDGE_LOOP('',(#6394,#6415,#6416,#6443,#6576,#6604,#6856,#6857));
#6394 = ORIENTED_EDGE('',*,*,#6395,.T.);
#6395 = EDGE_CURVE('',#4954,#5602,#6396,.T.);
#6396 = SURFACE_CURVE('',#6397,(#6401,#6408),.PCURVE_S1.);
#6397 = LINE('',#6398,#6399);
#6398 = CARTESIAN_POINT('',(1.4,-3.429011037613E-16,-7.4));
#6399 = VECTOR('',#6400,1.);
#6400 = DIRECTION('',(0.,0.,1.));
#6401 = PCURVE('',#5202,#6402);
#6402 = DEFINITIONAL_REPRESENTATION('',(#6403),#6407);
#6403 = LINE('',#6404,#6405);
#6404 = CARTESIAN_POINT('',(6.28318530718,-0.));
#6405 = VECTOR('',#6406,1.);
#6406 = DIRECTION('',(0.,1.));
#6407 = ( GEOMETRIC_REPRESENTATION_CONTEXT(2) 
PARAMETRIC_REPRESENTATION_CONTEXT() REPRESENTATION_CONTEXT('2D SPACE',''
  ) );
#6408 = PCURVE('',#5107,#6409);
#6409 = DEFINITIONAL_REPRESENTATION('',(#6410),#6414);
#6410 = LINE('',#6411,#6412);
#6411 = CARTESIAN_POINT('',(0.,-0.));
#6412 = VECTOR('',#6413,1.);
#6413 = DIRECTION('',(0.,1.));
#6414 = ( GEOMETRIC_REPRESENTATION_CONTEXT(2) 
PARAMETRIC_REPRESENTATION_CONTEXT() REPRESENTATION_CONTEXT('2D SPACE',''
  ) );
#6415 = ORIENTED_EDGE('',*,*,#5601,.T.);
#6416 = ORIENTED_EDGE('',*,*,#6417,.F.);
#6417 = EDGE_CURVE('',#6418,#5576,#6420,.T.);
#6418 = VERTEX_POINT('',#6419);
#6419 = CARTESIAN_POINT('',(1.399958475229,1.052942362686E-02,
    -5.54581603623));
#6420 = SURFACE_CURVE('',#6421,(#6426,#6436),.PCURVE_S1.);
#6421 = ELLIPSE('',#6422,18.976787649047,1.4);
#6422 = AXIS2_PLACEMENT_3D('',#6423,#6424,#6425);
#6423 = CARTESIAN_POINT('',(0.,0.,-5.388475758601));
#6424 = DIRECTION('',(7.907006234426E-04,0.997274646939,
    7.377434083636E-02));
#6425 = DIRECTION('',(-5.849281252401E-05,-7.377431764801E-02,
    0.997274960397));
#6426 = PCURVE('',#5202,#6427);
#6427 = DEFINITIONAL_REPRESENTATION('',(#6428),#6435);
#6428 = B_SPLINE_CURVE_WITH_KNOTS('',5,(#6429,#6430,#6431,#6432,#6433,
    #6434),.UNSPECIFIED.,.F.,.F.,(6,6),(1.57158918808,1.585655400455),
  .PIECEWISE_BEZIER_KNOTS.);
#6429 = CARTESIAN_POINT('',(0.,1.996519283574));
#6430 = CARTESIAN_POINT('',(2.813242475003E-03,1.94327847505));
#6431 = CARTESIAN_POINT('',(5.626484950004E-03,1.890037814969));
#6432 = CARTESIAN_POINT('',(8.439727425009E-03,1.836798181176));
#6433 = CARTESIAN_POINT('',(1.125296990001E-02,1.783560451511));
#6434 = CARTESIAN_POINT('',(1.406621237501E-02,1.730325503721));
#6435 = ( GEOMETRIC_REPRESENTATION_CONTEXT(2) 
PARAMETRIC_REPRESENTATION_CONTEXT() REPRESENTATION_CONTEXT('2D SPACE',''
  ) );
#6436 = PCURVE('',#5590,#6437);
#6437 = DEFINITIONAL_REPRESENTATION('',(#6438),#6442);
#6438 = ELLIPSE('',#6439,18.976787649047,1.4);
#6439 = AXIS2_PLACEMENT_2D('',#6440,#6441);
#6440 = CARTESIAN_POINT('',(1.174618818051E-02,-1.397846993244));
#6441 = DIRECTION('',(0.999999998289,-5.849283080909E-05));
#6442 = ( GEOMETRIC_REPRESENTATION_CONTEXT(2) 
PARAMETRIC_REPRESENTATION_CONTEXT() REPRESENTATION_CONTEXT('2D SPACE',''
  ) );
#6443 = ORIENTED_EDGE('',*,*,#6444,.T.);
#6444 = EDGE_CURVE('',#6418,#6445,#6447,.T.);
#6445 = VERTEX_POINT('',#6446);
#6446 = CARTESIAN_POINT('',(1.4,-3.429011037613E-16,-5.546420533185));
#6447 = SURFACE_CURVE('',#6448,(#6451,#6457),.PCURVE_S1.);
#6448 = B_SPLINE_CURVE_WITH_KNOTS('',1,(#6449,#6450),.UNSPECIFIED.,.F.,
  .F.,(2,2),(0.,1.),.PIECEWISE_BEZIER_KNOTS.);
#6449 = CARTESIAN_POINT('',(1.399956453167,1.104215722669E-02,
    -5.545786600061));
#6450 = CARTESIAN_POINT('',(1.4,-2.181414771041E-16,-5.546420533185));
#6451 = PCURVE('',#5202,#6452);
#6452 = DEFINITIONAL_REPRESENTATION('',(#6453),#6456);
#6453 = B_SPLINE_CURVE_WITH_KNOTS('',1,(#6454,#6455),.UNSPECIFIED.,.F.,
  .F.,(2,2),(0.,1.),.PIECEWISE_BEZIER_KNOTS.);
#6454 = CARTESIAN_POINT('',(7.887336940317E-03,1.854213399939));
#6455 = CARTESIAN_POINT('',(0.,1.853579466815));
#6456 = ( GEOMETRIC_REPRESENTATION_CONTEXT(2) 
PARAMETRIC_REPRESENTATION_CONTEXT() REPRESENTATION_CONTEXT('2D SPACE',''
  ) );
#6457 = PCURVE('',#6458,#6571);
#6458 = B_SPLINE_SURFACE_WITH_KNOTS('',1,10,(
    (#6459,#6460,#6461,#6462,#6463,#6464,#6465,#6466,#6467,#6468,#6469
      ,#6470,#6471,#6472,#6473,#6474,#6475,#6476,#6477,#6478,#6479,#6480
      ,#6481,#6482,#6483,#6484,#6485,#6486,#6487,#6488,#6489,#6490,#6491
      ,#6492,#6493,#6494,#6495,#6496,#6497,#6498,#6499,#6500,#6501,#6502
      ,#6503,#6504,#6505,#6506,#6507,#6508,#6509,#6510,#6511,#6512,#6513
      ,#6514)
    ,(#6515,#6516,#6517,#6518,#6519,#6520,#6521,#6522,#6523,#6524,#6525
      ,#6526,#6527,#6528,#6529,#6530,#6531,#6532,#6533,#6534,#6535,#6536
      ,#6537,#6538,#6539,#6540,#6541,#6542,#6543,#6544,#6545,#6546,#6547
      ,#6548,#6549,#6550,#6551,#6552,#6553,#6554,#6555,#6556,#6557,#6558
      ,#6559,#6560,#6561,#6562,#6563,#6564,#6565,#6566,#6567,#6568,#6569
      ,#6570)),.UNSPECIFIED.,.F.,.F.,.F.,(2,2),(11,10,8,9,8,10,11),(0.,
    0.548073520823),(0.,0.25,0.375,0.5,0.625,0.75,1.),.UNSPECIFIED.);
#6459 = CARTESIAN_POINT('',(1.574993272096,1.699438685719E-02,
    -5.624372269763));
#6460 = CARTESIAN_POINT('',(1.583090670427,-0.727424851196,
    -5.662720373332));
#6461 = CARTESIAN_POINT('',(1.198915970008,-1.468726029751,-5.698566466)
  );
#6462 = CARTESIAN_POINT('',(0.438587557086,-1.993497145012,
    -5.737969998096));
#6463 = CARTESIAN_POINT('',(-0.592315346335,-2.066875661363,
    -5.774699333282));
#6464 = CARTESIAN_POINT('',(-1.517021295759,-1.544504454188,
    -5.810672290863));
#6465 = CARTESIAN_POINT('',(-2.048778733469,-0.637212196291,
    -5.851605171467));
#6466 = CARTESIAN_POINT('',(-2.004340023899,0.39547324244,
    -5.885474893842));
#6467 = CARTESIAN_POINT('',(-1.494427761712,1.168480563551,
    -5.92540715891));
#6468 = CARTESIAN_POINT('',(-0.759600462187,1.567224500834,
    -5.961864587307));
#6469 = CARTESIAN_POINT('',(-1.659752801857E-02,1.574963309528,
    -5.999577372004));
#6470 = CARTESIAN_POINT('',(0.354900277583,1.578810365487,-6.01848321774
    ));
#6471 = CARTESIAN_POINT('',(0.726292245661,1.485149424582,
    -6.037007744278));
#6472 = CARTESIAN_POINT('',(1.070861295144,1.294976302819,-6.05575002133
    ));
#6473 = CARTESIAN_POINT('',(1.359339305045,1.016541095788,
    -6.074612426727));
#6474 = CARTESIAN_POINT('',(1.566260458996,0.668398258208,
    -6.093415632993));
#6475 = CARTESIAN_POINT('',(1.674187428279,0.27786908359,-6.112121986418
    ));
#6476 = CARTESIAN_POINT('',(1.675970365426,-0.12321320507,
    -6.130811369175));
#6477 = CARTESIAN_POINT('',(1.575198680347,-0.503605542741,
    -6.149553634562));
#6478 = CARTESIAN_POINT('',(1.194812461785,-1.169862611369,
    -6.187089777245));
#6479 = CARTESIAN_POINT('',(0.536717520271,-1.564189152107,
    -6.224624528016));
#6480 = CARTESIAN_POINT('',(0.158589064384,-1.673012026569,
    -6.243365421986));
#6481 = CARTESIAN_POINT('',(-0.242457339744,-1.679713392682,
    -6.262053427781));
#6482 = CARTESIAN_POINT('',(-0.63524026791,-1.580018515983,
    -6.280761143994));
#6483 = CARTESIAN_POINT('',(-0.987662258149,-1.380459499938,
    -6.299569814371));
#6484 = CARTESIAN_POINT('',(-1.272015852524,-1.097948096804,
    -6.318437973668));
#6485 = CARTESIAN_POINT('',(-1.469393127671,-0.757522486778,
    -6.337177744184));
#6486 = CARTESIAN_POINT('',(-1.571098510781,-0.38816964292,
    -6.355687427932));
#6487 = CARTESIAN_POINT('',(-1.578830844291,0.354919844459,
    -6.393490650292));
#6488 = CARTESIAN_POINT('',(-1.485130738176,0.72630587798,
    -6.412002940902));
#6489 = CARTESIAN_POINT('',(-1.294965049733,1.07086457734,
    -6.430740869017));
#6490 = CARTESIAN_POINT('',(-1.016546931702,1.359340555465,
    -6.449607028428));
#6491 = CARTESIAN_POINT('',(-0.668400207737,1.56626354139,
    -6.468416384864));
#6492 = CARTESIAN_POINT('',(-0.277857456122,1.674189157712,
    -6.48712607943));
#6493 = CARTESIAN_POINT('',(0.123222380535,1.675966780969,
    -6.505814523967));
#6494 = CARTESIAN_POINT('',(0.503597208803,1.575192669559,
    -6.524554012713));
#6495 = CARTESIAN_POINT('',(1.16985513156,1.194820418171,-6.562088137275
    ));
#6496 = CARTESIAN_POINT('',(1.564194720975,0.53672570694,-6.599624886265
    ));
#6497 = CARTESIAN_POINT('',(1.67301270242,0.158579161284,-6.618368555743
    ));
#6498 = CARTESIAN_POINT('',(1.679708838778,-0.242468854641,
    -6.637057566461));
#6499 = CARTESIAN_POINT('',(1.580016255337,-0.635237439472,
    -6.655762016617));
#6500 = CARTESIAN_POINT('',(1.380462903294,-0.987657446233,
    -6.674564505028));
#6501 = CARTESIAN_POINT('',(1.097949590207,-1.27203208856,
    -6.693428748759));
#6502 = CARTESIAN_POINT('',(0.757510024059,-1.469417064791,
    -6.712172734753));
#6503 = CARTESIAN_POINT('',(0.388148522787,-1.571074047451,
    -6.730694770252));
#6504 = CARTESIAN_POINT('',(1.665104122385E-02,-1.574951385736,
    -6.749600797051));
#6505 = CARTESIAN_POINT('',(-0.726351241117,-1.582750764332,
    -6.787313945974));
#6506 = CARTESIAN_POINT('',(-1.469345623587,-1.200388955065,
    -6.823779116852));
#6507 = CARTESIAN_POINT('',(-1.995906860789,-0.436764214723,
    -6.863674406156));
#6508 = CARTESIAN_POINT('',(-2.061115676286,0.593495609075,
    -6.897632365423));
#6509 = CARTESIAN_POINT('',(-1.549831468487,1.511356093075,
    -6.938431356751));
#6510 = CARTESIAN_POINT('',(-0.635958482135,2.055219347687,
    -6.974541890158));
#6511 = CARTESIAN_POINT('',(0.397265692291,2.001362575804,
    -7.011172620826));
#6512 = CARTESIAN_POINT('',(1.166757443107,1.494041669682,
    -7.050627675747));
#6513 = CARTESIAN_POINT('',(1.567891488005,0.760664907234,
    -7.086452696485));
#6514 = CARTESIAN_POINT('',(1.574822991572,1.623423737062E-02,
    -7.124807343078));
#6515 = CARTESIAN_POINT('',(1.0752404736,7.771561172376E-16,-5.4));
#6516 = CARTESIAN_POINT('',(1.075642392113,-0.506921496507,-5.4375));
#6517 = CARTESIAN_POINT('',(0.808248362562,-1.012470669129,
    -5.474999999999));
#6518 = CARTESIAN_POINT('',(0.282424455392,-1.365295048825,
    -5.512500000001));
#6519 = CARTESIAN_POINT('',(-0.413943196385,-1.401166267696,
    -5.549999999999));
#6520 = CARTESIAN_POINT('',(-1.052062482878,-1.051310012873,-5.5875));
#6521 = CARTESIAN_POINT('',(-1.400965028501,-0.414054875451,-5.625));
#6522 = CARTESIAN_POINT('',(-1.364542580346,0.281705252351,
    -5.662500000001));
#6523 = CARTESIAN_POINT('',(-1.013317139679,0.809007013393,-5.7));
#6524 = CARTESIAN_POINT('',(-0.506607916893,1.075309871495,-5.7375));
#6525 = CARTESIAN_POINT('',(5.79553162526E-06,1.075289498069,-5.775));
#6526 = CARTESIAN_POINT('',(0.253312651744,1.075279311355,-5.79375));
#6527 = CARTESIAN_POINT('',(0.506595630365,1.008688316759,
    -5.812499999999));
#6528 = CARTESIAN_POINT('',(0.740551077324,0.876210817943,
    -5.831250000001));
#6529 = CARTESIAN_POINT('',(0.935351164266,0.684000351072,
    -5.849999999998));
#6530 = CARTESIAN_POINT('',(1.074003598917,0.444993776879,
    -5.868750000002));
#6531 = CARTESIAN_POINT('',(1.14486853092,0.177774995765,-5.887499999999
    ));
#6532 = CARTESIAN_POINT('',(1.143209081532,-9.607265232097E-02,
    -5.906250000001));
#6533 = CARTESIAN_POINT('',(1.07165192549,-0.355176241511,-5.925));
#6534 = CARTESIAN_POINT('',(0.807216781324,-0.807216369316,-5.9625));
#6535 = CARTESIAN_POINT('',(0.355171484031,-1.071647070107,-6.));
#6536 = CARTESIAN_POINT('',(9.606691379834E-02,-1.143203852093,
    -6.018750000001));
#6537 = CARTESIAN_POINT('',(-0.177778374181,-1.144866488938,
    -6.037499999999));
#6538 = CARTESIAN_POINT('',(-0.444990836018,-1.074007853274,
    -6.056250000002));
#6539 = CARTESIAN_POINT('',(-0.683989925993,-0.935361211572,
    -6.074999999999));
#6540 = CARTESIAN_POINT('',(-0.87619857294,-0.740560719405,
    -6.093750000001));
#6541 = CARTESIAN_POINT('',(-1.008686841803,-0.506594888178,-6.1125));
#6542 = CARTESIAN_POINT('',(-1.075296827396,-0.253297444089,-6.13125));
#6543 = CARTESIAN_POINT('',(-1.075296827396,0.253297444089,-6.16875));
#6544 = CARTESIAN_POINT('',(-1.008686841803,0.506594888178,
    -6.187499999999));
#6545 = CARTESIAN_POINT('',(-0.876198572941,0.740560719405,
    -6.206250000002));
#6546 = CARTESIAN_POINT('',(-0.683989925993,0.935361211572,
    -6.224999999998));
#6547 = CARTESIAN_POINT('',(-0.444990836018,1.074007853274,
    -6.243750000002));
#6548 = CARTESIAN_POINT('',(-0.177778374181,1.144866488939,
    -6.262499999999));
#6549 = CARTESIAN_POINT('',(9.606691379823E-02,1.143203852093,
    -6.281250000001));
#6550 = CARTESIAN_POINT('',(0.355171484031,1.071647070107,-6.3));
#6551 = CARTESIAN_POINT('',(0.807216781324,0.807216369316,-6.3375));
#6552 = CARTESIAN_POINT('',(1.07165192549,0.355176241511,-6.375));
#6553 = CARTESIAN_POINT('',(1.143209081532,9.607265232103E-02,
    -6.393749999999));
#6554 = CARTESIAN_POINT('',(1.14486853092,-0.177774995765,
    -6.412500000002));
#6555 = CARTESIAN_POINT('',(1.074003598917,-0.444993776879,
    -6.431249999997));
#6556 = CARTESIAN_POINT('',(0.935351164267,-0.684000351072,
    -6.450000000002));
#6557 = CARTESIAN_POINT('',(0.740551077323,-0.876210817943,
    -6.468749999999));
#6558 = CARTESIAN_POINT('',(0.506595630365,-1.00868831676,
    -6.487500000001));
#6559 = CARTESIAN_POINT('',(0.253312651744,-1.075279311355,-6.50625));
#6560 = CARTESIAN_POINT('',(5.795531631299E-06,-1.075289498069,-6.525));
#6561 = CARTESIAN_POINT('',(-0.506607916893,-1.075309871495,-6.5625));
#6562 = CARTESIAN_POINT('',(-1.013317139679,-0.809007013394,
    -6.599999999999));
#6563 = CARTESIAN_POINT('',(-1.364542580346,-0.28170525235,
    -6.637500000002));
#6564 = CARTESIAN_POINT('',(-1.400965028501,0.414054875451,
    -6.674999999996));
#6565 = CARTESIAN_POINT('',(-1.052062482878,1.051310012873,
    -6.712500000005));
#6566 = CARTESIAN_POINT('',(-0.413943196385,1.401166267696,
    -6.749999999996));
#6567 = CARTESIAN_POINT('',(0.282424455392,1.365295048826,
    -6.787500000002));
#6568 = CARTESIAN_POINT('',(0.808248362562,1.012470669129,-6.825));
#6569 = CARTESIAN_POINT('',(1.075642392113,0.506921496507,-6.8625));
#6570 = CARTESIAN_POINT('',(1.0752404736,-1.221245327088E-15,-6.9));
#6571 = DEFINITIONAL_REPRESENTATION('',(#6572),#6575);
#6572 = B_SPLINE_CURVE_WITH_KNOTS('',1,(#6573,#6574),.UNSPECIFIED.,.F.,
  .F.,(2,2),(0.,1.),.PIECEWISE_BEZIER_KNOTS.);
#6573 = CARTESIAN_POINT('',(0.191960997343,0.));
#6574 = CARTESIAN_POINT('',(0.19196419551,4.174945109169E-04));
#6575 = ( GEOMETRIC_REPRESENTATION_CONTEXT(2) 
PARAMETRIC_REPRESENTATION_CONTEXT() REPRESENTATION_CONTEXT('2D SPACE',''
  ) );
#6576 = ORIENTED_EDGE('',*,*,#6577,.F.);
#6577 = EDGE_CURVE('',#6578,#6445,#6580,.T.);
#6578 = VERTEX_POINT('',#6579);
#6579 = CARTESIAN_POINT('',(1.4,-3.429011037613E-16,-5.753752665139));
#6580 = SURFACE_CURVE('',#6581,(#6585,#6592),.PCURVE_S1.);
#6581 = LINE('',#6582,#6583);
#6582 = CARTESIAN_POINT('',(1.4,-3.429011037613E-16,-7.4));
#6583 = VECTOR('',#6584,1.);
#6584 = DIRECTION('',(0.,0.,1.));
#6585 = PCURVE('',#5202,#6586);
#6586 = DEFINITIONAL_REPRESENTATION('',(#6587),#6591);
#6587 = LINE('',#6588,#6589);
#6588 = CARTESIAN_POINT('',(0.,-0.));
#6589 = VECTOR('',#6590,1.);
#6590 = DIRECTION('',(0.,1.));
#6591 = ( GEOMETRIC_REPRESENTATION_CONTEXT(2) 
PARAMETRIC_REPRESENTATION_CONTEXT() REPRESENTATION_CONTEXT('2D SPACE',''
  ) );
#6592 = PCURVE('',#6593,#6598);
#6593 = CYLINDRICAL_SURFACE('',#6594,1.4);
#6594 = AXIS2_PLACEMENT_3D('',#6595,#6596,#6597);
#6595 = CARTESIAN_POINT('',(0.,0.,-7.4));
#6596 = DIRECTION('',(0.,0.,1.));
#6597 = DIRECTION('',(1.,0.,-0.));
#6598 = DEFINITIONAL_REPRESENTATION('',(#6599),#6603);
#6599 = LINE('',#6600,#6601);
#6600 = CARTESIAN_POINT('',(6.28318530718,-0.));
#6601 = VECTOR('',#6602,1.);
#6602 = DIRECTION('',(0.,1.));
#6603 = ( GEOMETRIC_REPRESENTATION_CONTEXT(2) 
PARAMETRIC_REPRESENTATION_CONTEXT() REPRESENTATION_CONTEXT('2D SPACE',''
  ) );
#6604 = ORIENTED_EDGE('',*,*,#6605,.F.);
#6605 = EDGE_CURVE('',#6233,#6578,#6606,.T.);
#6606 = SURFACE_CURVE('',#6607,(#6688,#6772),.PCURVE_S1.);
#6607 = B_SPLINE_CURVE_WITH_KNOTS('',7,(#6608,#6609,#6610,#6611,#6612,
    #6613,#6614,#6615,#6616,#6617,#6618,#6619,#6620,#6621,#6622,#6623,
    #6624,#6625,#6626,#6627,#6628,#6629,#6630,#6631,#6632,#6633,#6634,
    #6635,#6636,#6637,#6638,#6639,#6640,#6641,#6642,#6643,#6644,#6645,
    #6646,#6647,#6648,#6649,#6650,#6651,#6652,#6653,#6654,#6655,#6656,
    #6657,#6658,#6659,#6660,#6661,#6662,#6663,#6664,#6665,#6666,#6667,
    #6668,#6669,#6670,#6671,#6672,#6673,#6674,#6675,#6676,#6677,#6678,
    #6679,#6680,#6681,#6682,#6683,#6684,#6685,#6686,#6687),
  .UNSPECIFIED.,.F.,.F.,(8,6,6,6,6,6,6,6,6,6,6,6,6,8),(0.,0.111647243404
    ,0.163486967922,0.242372564089,0.287358188813,0.407497064874,
    0.536139585052,0.655852713652,0.703573917545,0.727602633689,
    0.75163856369,0.833759821251,0.92084618261,1.),.UNSPECIFIED.);
#6608 = CARTESIAN_POINT('',(1.399960410434,-1.052849548227E-02,
    -5.254196489599));
#6609 = CARTESIAN_POINT('',(1.398906798344,-0.150625930768,
    -5.262317768467));
#6610 = CARTESIAN_POINT('',(1.381495950947,-0.290655045015,
    -5.270318015909));
#6611 = CARTESIAN_POINT('',(1.347724759968,-0.428233598935,
    -5.278272485517));
#6612 = CARTESIAN_POINT('',(1.298045233006,-0.561092296156,
    -5.286218342131));
#6613 = CARTESIAN_POINT('',(1.233263531441,-0.68707601305,
    -5.294170000479));
#6614 = CARTESIAN_POINT('',(1.154526061908,-0.804177288217,
    -5.302129487649));
#6615 = CARTESIAN_POINT('',(1.021077806335,-0.960016918647,
    -5.313788880842));
#6616 = CARTESIAN_POINT('',(0.976083076727,-1.007138708328,
    -5.317487165074));
#6617 = CARTESIAN_POINT('',(0.92855899423,-1.05179162125,-5.321186445058
    ));
#6618 = CARTESIAN_POINT('',(0.878668976201,-1.093813598502,
    -5.324886484627));
#6619 = CARTESIAN_POINT('',(0.826588677352,-1.133056758482,
    -5.32858703958));
#6620 = CARTESIAN_POINT('',(0.772505371444,-1.169387813692,
    -5.332287848788));
#6621 = CARTESIAN_POINT('',(0.631571332569,-1.253362821445,
    -5.341620174533));
#6622 = CARTESIAN_POINT('',(0.542337779813,-1.297025102654,
    -5.347252200052));
#6623 = CARTESIAN_POINT('',(0.449622509167,-1.333252103121,
    -5.352883131423));
#6624 = CARTESIAN_POINT('',(0.354170851588,-1.361721203689,
    -5.358512592945));
#6625 = CARTESIAN_POINT('',(0.256758614742,-1.382200965025,
    -5.364140861556));
#6626 = CARTESIAN_POINT('',(0.158186281015,-1.394552914101,
    -5.369768199552));
#6627 = CARTESIAN_POINT('',(2.871680800694E-03,-1.401134883636,
    -5.378602289653));
#6628 = CARTESIAN_POINT('',(-5.364604172067E-02,-1.400871587645,
    -5.381810218724));
#6629 = CARTESIAN_POINT('',(-0.110126085454,-1.397948300503,
    -5.385017849722));
#6630 = CARTESIAN_POINT('',(-0.16641830171,-1.392369259934,
    -5.388225251131));
#6631 = CARTESIAN_POINT('',(-0.222373412296,-1.384149260317,
    -5.391432516714));
#6632 = CARTESIAN_POINT('',(-0.2778433699,-1.373313613847,
    -5.394639722705));
#6633 = CARTESIAN_POINT('',(-0.479133337298,-1.324070592114,
    -5.406411951647));
#6634 = CARTESIAN_POINT('',(-0.62114650526,-1.269827031686,
    -5.414980585462));
#6635 = CARTESIAN_POINT('',(-0.755825585348,-1.197846847052,
    -5.423547268989));
#6636 = CARTESIAN_POINT('',(-0.880560230668,-1.109379530161,
    -5.432114915103));
#6637 = CARTESIAN_POINT('',(-0.993022990406,-1.006075924664,
    -5.440685580693));
#6638 = CARTESIAN_POINT('',(-1.091171717561,-0.889986403611,
    -5.449260626481));
#6639 = CARTESIAN_POINT('',(-1.261464878846,-0.628307023737,
    -5.467011666196));
#6640 = CARTESIAN_POINT('',(-1.331367169255,-0.481071902002,
    -5.476196646112));
#6641 = CARTESIAN_POINT('',(-1.381076184526,-0.324969054509,
    -5.485377558988));
#6642 = CARTESIAN_POINT('',(-1.409360185386,-0.163339970373,
    -5.494556516375));
#6643 = CARTESIAN_POINT('',(-1.415616113734,3.66928006327E-04,
    -5.503736438521));
#6644 = CARTESIAN_POINT('',(-1.399866969906,0.162591132461,
    -5.512920342364));
#6645 = CARTESIAN_POINT('',(-1.328678698456,0.466029668535,
    -5.530639065722));
#6646 = CARTESIAN_POINT('',(-1.27603782733,0.608060068469,
    -5.539182836251));
#6647 = CARTESIAN_POINT('',(-1.205715498569,0.742986328265,
    -5.547722566756));
#6648 = CARTESIAN_POINT('',(-1.11892092766,0.868213494409,
    -5.556259644242));
#6649 = CARTESIAN_POINT('',(-1.017262255216,0.981421125052,
    -5.564794825388));
#6650 = CARTESIAN_POINT('',(-0.902744908868,1.080565846408,
    -5.573330634142));
#6651 = CARTESIAN_POINT('',(-0.728035719119,1.197309749919,
    -5.585264229911));
#6652 = CARTESIAN_POINT('',(-0.676579912146,1.22809866708,
    -5.588665541161));
#6653 = CARTESIAN_POINT('',(-0.623612752535,1.256302750912,
    -5.592067005314));
#6654 = CARTESIAN_POINT('',(-0.569290411713,1.2818337939,-5.595468837378
    ));
#6655 = CARTESIAN_POINT('',(-0.513774973266,1.304615633092,
    -5.598871313267));
#6656 = CARTESIAN_POINT('',(-0.457233984687,1.324584350949,
    -5.602274704559));
#6657 = CARTESIAN_POINT('',(-0.370940831497,1.350300793902,
    -5.607393461155));
#6658 = CARTESIAN_POINT('',(-0.341824878643,1.358186989393,
    -5.609108021642));
#6659 = CARTESIAN_POINT('',(-0.312513943647,1.365340561934,
    -5.610822937022));
#6660 = CARTESIAN_POINT('',(-0.283029922661,1.371755821986,
    -5.612538253764));
#6661 = CARTESIAN_POINT('',(-0.253394814883,1.377427891182,-5.6142540225
    ));
#6662 = CARTESIAN_POINT('',(-0.223630722568,1.382352702333,
    -5.615970298028));
#6663 = CARTESIAN_POINT('',(-0.163880011697,1.390702549715,
    -5.619404496024));
#6664 = CARTESIAN_POINT('',(-0.13389526755,1.394126866114,
    -5.621123279448));
#6665 = CARTESIAN_POINT('',(-0.103828214447,1.396796776199,
    -5.622841855509));
#6666 = CARTESIAN_POINT('',(-7.370158633337E-02,1.398709970843,
    -5.624559694098));
#6667 = CARTESIAN_POINT('',(-4.353825524042E-02,1.399865004216,
    -5.62627736907));
#6668 = CARTESIAN_POINT('',(-1.336123128022E-02,1.400261293783,
    -5.627996558245));
#6669 = CARTESIAN_POINT('',(0.119876976749,1.398661716899,
    -5.635608509917));
#6670 = CARTESIAN_POINT('',(0.222854008123,1.388570537803,
    -5.641460178551));
#6671 = CARTESIAN_POINT('',(0.324805223901,1.369633005379,-5.64729672703
    ));
#6672 = CARTESIAN_POINT('',(0.424822106104,1.341983231938,
    -5.653133889128));
#6673 = CARTESIAN_POINT('',(0.522023173129,1.305865100343,
    -5.658979059898));
#6674 = CARTESIAN_POINT('',(0.615561028958,1.261629941103,
    -5.664832452352));
#6675 = CARTESIAN_POINT('',(0.799090555965,1.154730904183,
    -5.676905419139));
#6676 = CARTESIAN_POINT('',(0.888547148924,1.091102123637,
    -5.683127051882));
#6677 = CARTESIAN_POINT('',(0.972039905674,1.019418879289,
    -5.689353519229));
#6678 = CARTESIAN_POINT('',(1.048711996079,0.940361429492,
    -5.695580150888));
#6679 = CARTESIAN_POINT('',(1.117804535655,0.854712213895,
    -5.701804086321));
#6680 = CARTESIAN_POINT('',(1.178663621311,0.763348682603,
    -5.708024644899));
#6681 = CARTESIAN_POINT('',(1.278116002807,0.579905954977,
    -5.719890680695));
#6682 = CARTESIAN_POINT('',(1.318241680335,0.488633086367,
    -5.725538020834));
#6683 = CARTESIAN_POINT('',(1.350740917821,0.394162355914,
    -5.731182157235));
#6684 = CARTESIAN_POINT('',(1.375318676023,0.297260142062,
    -5.736824435987));
#6685 = CARTESIAN_POINT('',(1.391773686642,0.198719814578,
    -5.742466566393));
#6686 = CARTESIAN_POINT('',(1.4,9.935569220754E-02,-5.748109479943));
#6687 = CARTESIAN_POINT('',(1.4,2.22044604925E-16,-5.753752665139));
#6688 = PCURVE('',#5202,#6689);
#6689 = DEFINITIONAL_REPRESENTATION('',(#6690),#6771);
#6690 = B_SPLINE_CURVE_WITH_KNOTS('',7,(#6691,#6692,#6693,#6694,#6695,
    #6696,#6697,#6698,#6699,#6700,#6701,#6702,#6703,#6704,#6705,#6706,
    #6707,#6708,#6709,#6710,#6711,#6712,#6713,#6714,#6715,#6716,#6717,
    #6718,#6719,#6720,#6721,#6722,#6723,#6724,#6725,#6726,#6727,#6728,
    #6729,#6730,#6731,#6732,#6733,#6734,#6735,#6736,#6737,#6738,#6739,
    #6740,#6741,#6742,#6743,#6744,#6745,#6746,#6747,#6748,#6749,#6750,
    #6751,#6752,#6753,#6754,#6755,#6756,#6757,#6758,#6759,#6760,#6761,
    #6762,#6763,#6764,#6765,#6766,#6767,#6768,#6769,#6770),
  .UNSPECIFIED.,.F.,.F.,(8,6,6,6,6,6,6,6,6,6,6,6,6,8),(0.,0.111647243404
    ,0.163486967922,0.242372564089,0.287358188813,0.407497064874,
    0.536139585052,0.655852713652,0.703573917545,0.727602633689,
    0.75163856369,0.833759821251,0.92084618261,1.),.UNSPECIFIED.);
#6691 = CARTESIAN_POINT('',(6.275664882375,2.145803510401));
#6692 = CARTESIAN_POINT('',(6.175592455869,2.137682231533));
#6693 = CARTESIAN_POINT('',(6.075481881457,2.129681984091));
#6694 = CARTESIAN_POINT('',(5.975392723869,2.121727514483));
#6695 = CARTESIAN_POINT('',(5.875317939565,2.113781657869));
#6696 = CARTESIAN_POINT('',(5.775228175155,2.105829999521));
#6697 = CARTESIAN_POINT('',(5.675115250661,2.097870512351));
#6698 = CARTESIAN_POINT('',(5.528565775614,2.086211119158));
#6699 = CARTESIAN_POINT('',(5.482095744564,2.082512834926));
#6700 = CARTESIAN_POINT('',(5.435626178909,2.078813554942));
#6701 = CARTESIAN_POINT('',(5.389157027852,2.075113515373));
#6702 = CARTESIAN_POINT('',(5.342687672628,2.07141296042));
#6703 = CARTESIAN_POINT('',(5.296217853777,2.067712151212));
#6704 = CARTESIAN_POINT('',(5.179035357782,2.058379825467));
#6705 = CARTESIAN_POINT('',(5.10831640261,2.052747799948));
#6706 = CARTESIAN_POINT('',(5.037601596558,2.047116868577));
#6707 = CARTESIAN_POINT('',(4.966889371302,2.041487407055));
#6708 = CARTESIAN_POINT('',(4.896174404813,2.035859138444));
#6709 = CARTESIAN_POINT('',(4.825455254262,2.030231800448));
#6710 = CARTESIAN_POINT('',(4.71441667997,2.021397710347));
#6711 = CARTESIAN_POINT('',(4.674091041424,2.018189781276));
#6712 = CARTESIAN_POINT('',(4.633765635417,2.014982150278));
#6713 = CARTESIAN_POINT('',(4.593440380725,2.011774748869));
#6714 = CARTESIAN_POINT('',(4.553114963339,2.008567483286));
#6715 = CARTESIAN_POINT('',(4.512789292409,2.005360277295));
#6716 = CARTESIAN_POINT('',(4.364770874215,1.993588048353));
#6717 = CARTESIAN_POINT('',(4.257031430057,1.985019414538));
#6718 = CARTESIAN_POINT('',(4.149330030118,1.976452731011));
#6719 = CARTESIAN_POINT('',(4.041642137617,1.967885084897));
#6720 = CARTESIAN_POINT('',(3.933940941918,1.959314419307));
#6721 = CARTESIAN_POINT('',(3.826201850079,1.950739373519));
#6722 = CARTESIAN_POINT('',(3.603193821223,1.932988333804));
#6723 = CARTESIAN_POINT('',(3.487813397909,1.923803353888));
#6724 = CARTESIAN_POINT('',(3.372486902546,1.914622441012));
#6725 = CARTESIAN_POINT('',(3.257177666927,1.905443483625));
#6726 = CARTESIAN_POINT('',(3.141851186698,1.896263561479));
#6727 = CARTESIAN_POINT('',(3.026470295539,1.887079657636));
#6728 = CARTESIAN_POINT('',(2.803843680376,1.869360934278));
#6729 = CARTESIAN_POINT('',(2.696486942032,1.860817163749));
#6730 = CARTESIAN_POINT('',(2.589167433357,1.852277433244));
#6731 = CARTESIAN_POINT('',(2.481861039565,1.843740355758));
#6732 = CARTESIAN_POINT('',(2.374541255601,1.835205174612));
#6733 = CARTESIAN_POINT('',(2.2671840496,1.826669365858));
#6734 = CARTESIAN_POINT('',(2.11709489244,1.814735770089));
#6735 = CARTESIAN_POINT('',(2.074316845149,1.811334458839));
#6736 = CARTESIAN_POINT('',(2.031539153229,1.807932994686));
#6737 = CARTESIAN_POINT('',(1.988761713674,1.804531162622));
#6738 = CARTESIAN_POINT('',(1.945984106189,1.801128686733));
#6739 = CARTESIAN_POINT('',(1.903206203254,1.797725295441));
#6740 = CARTESIAN_POINT('',(1.838889370605,1.792606538845));
#6741 = CARTESIAN_POINT('',(1.8173497128,1.790891978358));
#6742 = CARTESIAN_POINT('',(1.795809697254,1.789177062978));
#6743 = CARTESIAN_POINT('',(1.774269158344,1.787461746236));
#6744 = CARTESIAN_POINT('',(1.752727874339,1.7857459775));
#6745 = CARTESIAN_POINT('',(1.731185567402,1.784029701972));
#6746 = CARTESIAN_POINT('',(1.688091771972,1.780595503976));
#6747 = CARTESIAN_POINT('',(1.66654171038,1.778876720552));
#6748 = CARTESIAN_POINT('',(1.644991632197,1.777158144491));
#6749 = CARTESIAN_POINT('',(1.623441510539,1.775440305902));
#6750 = CARTESIAN_POINT('',(1.601891378248,1.77372263093));
#6751 = CARTESIAN_POINT('',(1.580341327892,1.772003441755));
#6752 = CARTESIAN_POINT('',(1.485164321137,1.764391490083));
#6753 = CARTESIAN_POINT('',(1.411528180689,1.758539821449));
#6754 = CARTESIAN_POINT('',(1.337896446158,1.75270327297));
#6755 = CARTESIAN_POINT('',(1.264267985539,1.746866110872));
#6756 = CARTESIAN_POINT('',(1.190636615338,1.741020940102));
#6757 = CARTESIAN_POINT('',(1.117000567707,1.735167547648));
#6758 = CARTESIAN_POINT('',(0.965291778161,1.723094580861));
#6759 = CARTESIAN_POINT('',(0.887202679285,1.716872948118));
#6760 = CARTESIAN_POINT('',(0.809120706579,1.710646480771));
#6761 = CARTESIAN_POINT('',(0.731043119595,1.704419849112));
#6762 = CARTESIAN_POINT('',(0.652961025154,1.698195913679));
#6763 = CARTESIAN_POINT('',(0.574871861337,1.691975355101));
#6764 = CARTESIAN_POINT('',(0.425823843968,1.680109319305));
#6765 = CARTESIAN_POINT('',(0.354849887376,1.674461979166));
#6766 = CARTESIAN_POINT('',(0.28387999142,1.668817842765));
#6767 = CARTESIAN_POINT('',(0.212912691461,1.663175564013));
#6768 = CARTESIAN_POINT('',(0.141942640601,1.657533433607));
#6769 = CARTESIAN_POINT('',(7.096835157682E-02,1.651890520057));
#6770 = CARTESIAN_POINT('',(0.,1.646247334861));
#6771 = ( GEOMETRIC_REPRESENTATION_CONTEXT(2) 
PARAMETRIC_REPRESENTATION_CONTEXT() REPRESENTATION_CONTEXT('2D SPACE',''
  ) );
#6772 = PCURVE('',#6272,#6773);
#6773 = DEFINITIONAL_REPRESENTATION('',(#6774),#6855);
#6774 = B_SPLINE_CURVE_WITH_KNOTS('',7,(#6775,#6776,#6777,#6778,#6779,
    #6780,#6781,#6782,#6783,#6784,#6785,#6786,#6787,#6788,#6789,#6790,
    #6791,#6792,#6793,#6794,#6795,#6796,#6797,#6798,#6799,#6800,#6801,
    #6802,#6803,#6804,#6805,#6806,#6807,#6808,#6809,#6810,#6811,#6812,
    #6813,#6814,#6815,#6816,#6817,#6818,#6819,#6820,#6821,#6822,#6823,
    #6824,#6825,#6826,#6827,#6828,#6829,#6830,#6831,#6832,#6833,#6834,
    #6835,#6836,#6837,#6838,#6839,#6840,#6841,#6842,#6843,#6844,#6845,
    #6846,#6847,#6848,#6849,#6850,#6851,#6852,#6853,#6854),
  .UNSPECIFIED.,.F.,.F.,(8,6,6,6,6,6,6,6,6,6,6,6,6,8),(0.,0.111647243404
    ,0.163486967922,0.242372564089,0.287358188813,0.407497064874,
    0.536139585052,0.655852713652,0.703573917545,0.727602633689,
    0.75163856369,0.833759821251,0.92084618261,1.),.UNSPECIFIED.);
#6775 = CARTESIAN_POINT('',(0.356107498152,0.));
#6776 = CARTESIAN_POINT('',(0.355963652248,5.296463679219E-03));
#6777 = CARTESIAN_POINT('',(0.355970445239,1.060492114259E-02));
#6778 = CARTESIAN_POINT('',(0.35601506108,1.591518828574E-02));
#6779 = CARTESIAN_POINT('',(0.356052816768,2.122560244416E-02));
#6780 = CARTESIAN_POINT('',(0.356074264632,2.653714908505E-02));
#6781 = CARTESIAN_POINT('',(0.356082564933,3.184967487273E-02));
#6782 = CARTESIAN_POINT('',(0.356080461911,3.96259487599E-02));
#6783 = CARTESIAN_POINT('',(0.356077728578,4.209169593291E-02));
#6784 = CARTESIAN_POINT('',(0.356073383806,4.455733868104E-02));
#6785 = CARTESIAN_POINT('',(0.356067947885,4.702287500445E-02));
#6786 = CARTESIAN_POINT('',(0.356061937733,4.948833923014E-02));
#6787 = CARTESIAN_POINT('',(0.356055798279,5.195375039265E-02));
#6788 = CARTESIAN_POINT('',(0.356040757659,5.817057489098E-02));
#6789 = CARTESIAN_POINT('',(0.356032096437,6.192222810018E-02));
#6790 = CARTESIAN_POINT('',(0.356025012435,6.567352202454E-02));
#6791 = CARTESIAN_POINT('',(0.356020095011,6.942457692558E-02));
#6792 = CARTESIAN_POINT('',(0.356017445029,7.317571597797E-02));
#6793 = CARTESIAN_POINT('',(0.356016828558,7.692705458758E-02));
#6794 = CARTESIAN_POINT('',(0.356018510824,8.281717810498E-02));
#6795 = CARTESIAN_POINT('',(0.356019670245,8.495628513048E-02));
#6796 = CARTESIAN_POINT('',(0.356021311575,8.709538967582E-02));
#6797 = CARTESIAN_POINT('',(0.356023354782,8.923450165324E-02));
#6798 = CARTESIAN_POINT('',(0.356025713179,9.137364254246E-02));
#6799 = CARTESIAN_POINT('',(0.35602830023,9.35128210516E-02));
#6800 = CARTESIAN_POINT('',(0.356038343454,0.101364936201));
#6801 = CARTESIAN_POINT('',(0.356046714766,0.107080515473));
#6802 = CARTESIAN_POINT('',(0.356054623933,0.112794323015));
#6803 = CARTESIAN_POINT('',(0.356060782662,0.118507660898));
#6804 = CARTESIAN_POINT('',(0.356064879783,0.124221887989));
#6805 = CARTESIAN_POINT('',(0.356066828506,0.129938196608));
#6806 = CARTESIAN_POINT('',(0.356066399235,0.141770255567));
#6807 = CARTESIAN_POINT('',(0.356063711584,0.147891915933));
#6808 = CARTESIAN_POINT('',(0.35605850443,0.154010549392));
#6809 = CARTESIAN_POINT('',(0.356051068797,0.16012797789));
#6810 = CARTESIAN_POINT('',(0.356041088748,0.166245999913));
#6811 = CARTESIAN_POINT('',(0.356030982406,0.172366699634));
#6812 = CARTESIAN_POINT('',(0.356017049468,0.184176403777));
#6813 = CARTESIAN_POINT('',(0.356012809327,0.189871308091));
#6814 = CARTESIAN_POINT('',(0.356013581522,0.195564278337));
#6815 = CARTESIAN_POINT('',(0.35602169878,0.201256746328));
#6816 = CARTESIAN_POINT('',(0.356039844005,0.206950168623));
#6817 = CARTESIAN_POINT('',(0.356060111735,0.212645881063));
#6818 = CARTESIAN_POINT('',(0.356078601102,0.220609077655));
#6819 = CARTESIAN_POINT('',(0.356082746572,0.222878773312));
#6820 = CARTESIAN_POINT('',(0.356085222195,0.225148490681));
#6821 = CARTESIAN_POINT('',(0.356085396211,0.227418232143));
#6822 = CARTESIAN_POINT('',(0.356082756572,0.229688009617));
#6823 = CARTESIAN_POINT('',(0.356077116843,0.23195780385));
#6824 = CARTESIAN_POINT('',(0.356064645502,0.235370379499));
#6825 = CARTESIAN_POINT('',(0.356059802331,0.23651323549));
#6826 = CARTESIAN_POINT('',(0.356054328525,0.237656091737));
#6827 = CARTESIAN_POINT('',(0.356048312209,0.238798948235));
#6828 = CARTESIAN_POINT('',(0.356041893687,0.239941804924));
#6829 = CARTESIAN_POINT('',(0.356035265442,0.241084661685));
#6830 = CARTESIAN_POINT('',(0.356022076859,0.243370718105));
#6831 = CARTESIAN_POINT('',(0.356015121706,0.244513874313));
#6832 = CARTESIAN_POINT('',(0.356008747323,0.245656917496));
#6833 = CARTESIAN_POINT('',(0.356003513433,0.246799805456));
#6834 = CARTESIAN_POINT('',(0.355999598837,0.247942523269));
#6835 = CARTESIAN_POINT('',(0.355996801414,0.249085083288));
#6836 = CARTESIAN_POINT('',(0.355986805354,0.254130796662));
#6837 = CARTESIAN_POINT('',(0.356019849404,0.25803728368));
#6838 = CARTESIAN_POINT('',(0.356064006431,0.261944132882));
#6839 = CARTESIAN_POINT('',(0.356097751122,0.265850827922));
#6840 = CARTESIAN_POINT('',(0.356113512089,0.269757673179));
#6841 = CARTESIAN_POINT('',(0.356115067033,0.273664768953));
#6842 = CARTESIAN_POINT('',(0.356097451429,0.281714389345));
#6843 = CARTESIAN_POINT('',(0.356077155214,0.285857779092));
#6844 = CARTESIAN_POINT('',(0.356051421383,0.290000815564));
#6845 = CARTESIAN_POINT('',(0.356029266488,0.294143577906));
#6846 = CARTESIAN_POINT('',(0.35601558425,0.298286408898));
#6847 = CARTESIAN_POINT('',(0.356009642423,0.302429324233));
#6848 = CARTESIAN_POINT('',(0.356009224688,0.310336330869));
#6849 = CARTESIAN_POINT('',(0.356013717684,0.314101270687));
#6850 = CARTESIAN_POINT('',(0.356021350256,0.317865756516));
#6851 = CARTESIAN_POINT('',(0.35602900113,0.321629931046));
#6852 = CARTESIAN_POINT('',(0.356034456572,0.325394201413));
#6853 = CARTESIAN_POINT('',(0.356037304941,0.329158784046));
#6854 = CARTESIAN_POINT('',(0.356038249272,0.33292321389));
#6855 = ( GEOMETRIC_REPRESENTATION_CONTEXT(2) 
PARAMETRIC_REPRESENTATION_CONTEXT() REPRESENTATION_CONTEXT('2D SPACE',''
  ) );
#6856 = ORIENTED_EDGE('',*,*,#6232,.T.);
#6857 = ORIENTED_EDGE('',*,*,#5188,.F.);
#6858 = ADVANCED_FACE('',(#6859),#5107,.T.);
#6859 = FACE_BOUND('',#6860,.T.);
#6860 = EDGE_LOOP('',(#6861,#6862,#6863,#6864));
#6861 = ORIENTED_EDGE('',*,*,#5549,.T.);
#6862 = ORIENTED_EDGE('',*,*,#5894,.T.);
#6863 = ORIENTED_EDGE('',*,*,#6395,.F.);
#6864 = ORIENTED_EDGE('',*,*,#4953,.F.);
#6865 = ADVANCED_FACE('',(#6866),#5590,.T.);
#6866 = FACE_BOUND('',#6867,.T.);
#6867 = EDGE_LOOP('',(#6868,#6869,#6870));
#6868 = ORIENTED_EDGE('',*,*,#6417,.T.);
#6869 = ORIENTED_EDGE('',*,*,#5575,.T.);
#6870 = ORIENTED_EDGE('',*,*,#6871,.T.);
#6871 = EDGE_CURVE('',#4569,#6418,#6872,.T.);
#6872 = SURFACE_CURVE('',#6873,(#6888,#6906),.PCURVE_S1.);
#6873 = B_SPLINE_CURVE_WITH_KNOTS('',4,(#6874,#6875,#6876,#6877,#6878,
    #6879,#6880,#6881,#6882,#6883,#6884,#6885,#6886,#6887),
  .UNSPECIFIED.,.F.,.F.,(5,3,3,3,5),(0.,0.25000002114,0.500000026326,
    0.750000018523,1.),.UNSPECIFIED.);
#6874 = CARTESIAN_POINT('',(1.0752404736,2.128695440404E-15,-5.4));
#6875 = CARTESIAN_POINT('',(1.095543391175,6.583921938803E-04,
    -5.409117687324));
#6876 = CARTESIAN_POINT('',(1.115846359373,1.316775948785E-03,
    -5.418235261113));
#6877 = CARTESIAN_POINT('',(1.136149372496,1.975152214082E-03,
    -5.42735273414));
#6878 = CARTESIAN_POINT('',(1.176755478811,3.29189113858E-03,
    -5.445587497127));
#6879 = CARTESIAN_POINT('',(1.197058571988,3.950253800197E-03,
    -5.454704787118));
#6880 = CARTESIAN_POINT('',(1.217361701572,4.60861039205E-03,
    -5.46382199545));
#6881 = CARTESIAN_POINT('',(1.257968026024,5.925312481784E-03,
    -5.482056262845));
#6882 = CARTESIAN_POINT('',(1.278271220882,6.583657981269E-03,
    -5.491173321931));
#6883 = CARTESIAN_POINT('',(1.298574445653,7.241998493782E-03,
    -5.500290313923));
#6884 = CARTESIAN_POINT('',(1.33918094912,8.558670354662E-03,
    -5.518524174606));
#6885 = CARTESIAN_POINT('',(1.35948422781,9.21700170412E-03,
    -5.527641043312));
#6886 = CARTESIAN_POINT('',(1.379787531373,9.875328906634E-03,
    -5.536757856225));
#6887 = CARTESIAN_POINT('',(1.400090857829,1.053365229233E-02,
    -5.545874617789));
#6888 = PCURVE('',#5590,#6889);
#6889 = DEFINITIONAL_REPRESENTATION('',(#6890),#6905);
#6890 = B_SPLINE_CURVE_WITH_KNOTS('',4,(#6891,#6892,#6893,#6894,#6895,
    #6896,#6897,#6898,#6899,#6900,#6901,#6902,#6903,#6904),
  .UNSPECIFIED.,.F.,.F.,(5,3,3,3,5),(0.,0.25000002114,0.500000026326,
    0.750000018523,1.),.UNSPECIFIED.);
#6891 = CARTESIAN_POINT('',(2.533508156777E-04,-0.32260618352));
#6892 = CARTESIAN_POINT('',(-8.888062899035E-03,-0.302303259598));
#6893 = CARTESIAN_POINT('',(-1.802936276585E-02,-0.282000285054));
#6894 = CARTESIAN_POINT('',(-2.717056159242E-02,-0.261697265583));
#6895 = CARTESIAN_POINT('',(-4.545277567284E-02,-0.221091146575));
#6896 = CARTESIAN_POINT('',(-5.45937909593E-02,-0.200788047052));
#6897 = CARTESIAN_POINT('',(-6.373472436019E-02,-0.18048491112));
#6898 = CARTESIAN_POINT('',(-8.201644148272E-02,-0.139878573974));
#6899 = CARTESIAN_POINT('',(-9.115722522599E-02,-0.119575372769));
#6900 = CARTESIAN_POINT('',(-0.100297941691,-9.927214165225E-02));
#6901 = CARTESIAN_POINT('',(-0.11857925098,-5.866562549129E-02));
#6902 = CARTESIAN_POINT('',(-0.127719843818,-3.836234045408E-02));
#6903 = CARTESIAN_POINT('',(-0.13686038071,-1.805903054391E-02));
#6904 = CARTESIAN_POINT('',(-0.146000866111,2.244302258901E-03));
#6905 = ( GEOMETRIC_REPRESENTATION_CONTEXT(2) 
PARAMETRIC_REPRESENTATION_CONTEXT() REPRESENTATION_CONTEXT('2D SPACE',''
  ) );
#6906 = PCURVE('',#6458,#6907);
#6907 = DEFINITIONAL_REPRESENTATION('',(#6908),#6923);
#6908 = B_SPLINE_CURVE_WITH_KNOTS('',4,(#6909,#6910,#6911,#6912,#6913,
    #6914,#6915,#6916,#6917,#6918,#6919,#6920,#6921,#6922),
  .UNSPECIFIED.,.F.,.F.,(5,3,3,3,5),(0.,0.25000002114,0.500000026326,
    0.750000018523,1.),.UNSPECIFIED.);
#6909 = CARTESIAN_POINT('',(0.548073520823,0.));
#6910 = CARTESIAN_POINT('',(0.525807557255,1.579118084039E-06));
#6911 = CARTESIAN_POINT('',(0.5035415931,3.078517794817E-06));
#6912 = CARTESIAN_POINT('',(0.481275628424,4.507169365482E-06));
#6913 = CARTESIAN_POINT('',(0.43674369955,7.236346243084E-06));
#6914 = CARTESIAN_POINT('',(0.414477735353,8.53689440553E-06));
#6915 = CARTESIAN_POINT('',(0.392211770733,9.780109095081E-06));
#6916 = CARTESIAN_POINT('',(0.347679841884,1.216207249809E-05));
#6917 = CARTESIAN_POINT('',(0.325413877654,1.330083636427E-05));
#6918 = CARTESIAN_POINT('',(0.303147913077,1.439249640482E-05));
#6919 = CARTESIAN_POINT('',(0.258615984245,1.648952558601E-05));
#6920 = CARTESIAN_POINT('',(0.236350019989,1.749490504253E-05));
#6921 = CARTESIAN_POINT('',(0.214084055446,1.846111639466E-05));
#6922 = CARTESIAN_POINT('',(0.191818090638,1.939127818107E-05));
#6923 = ( GEOMETRIC_REPRESENTATION_CONTEXT(2) 
PARAMETRIC_REPRESENTATION_CONTEXT() REPRESENTATION_CONTEXT('2D SPACE',''
  ) );
#6924 = ADVANCED_FACE('',(#6925),#6272,.T.);
#6925 = FACE_BOUND('',#6926,.T.);
#6926 = EDGE_LOOP('',(#6927,#7002,#7003,#7004,#7360,#7619,#7764,#7798));
#6927 = ORIENTED_EDGE('',*,*,#6928,.F.);
#6928 = EDGE_CURVE('',#4569,#6929,#6931,.T.);
#6929 = VERTEX_POINT('',#6930);
#6930 = CARTESIAN_POINT('',(1.0752404736,-1.554312234475E-15,-6.9));
#6931 = SURFACE_CURVE('',#6932,(#6989,#6995),.PCURVE_S1.);
#6932 = B_SPLINE_CURVE_WITH_KNOTS('',10,(#6933,#6934,#6935,#6936,#6937,
    #6938,#6939,#6940,#6941,#6942,#6943,#6944,#6945,#6946,#6947,#6948,
    #6949,#6950,#6951,#6952,#6953,#6954,#6955,#6956,#6957,#6958,#6959,
    #6960,#6961,#6962,#6963,#6964,#6965,#6966,#6967,#6968,#6969,#6970,
    #6971,#6972,#6973,#6974,#6975,#6976,#6977,#6978,#6979,#6980,#6981,
    #6982,#6983,#6984,#6985,#6986,#6987,#6988),.UNSPECIFIED.,.F.,.F.,(11
    ,10,8,9,8,10,11),(0.,0.25,0.375,0.5,0.625,0.75,1.),.UNSPECIFIED.);
#6933 = CARTESIAN_POINT('',(1.0752404736,7.771561172376E-16,-5.4));
#6934 = CARTESIAN_POINT('',(1.075642392113,-0.506921496507,-5.4375));
#6935 = CARTESIAN_POINT('',(0.808248362562,-1.012470669129,
    -5.474999999999));
#6936 = CARTESIAN_POINT('',(0.282424455392,-1.365295048825,
    -5.512500000001));
#6937 = CARTESIAN_POINT('',(-0.413943196385,-1.401166267696,
    -5.549999999999));
#6938 = CARTESIAN_POINT('',(-1.052062482878,-1.051310012873,-5.5875));
#6939 = CARTESIAN_POINT('',(-1.400965028501,-0.414054875451,-5.625));
#6940 = CARTESIAN_POINT('',(-1.364542580346,0.281705252351,
    -5.662500000001));
#6941 = CARTESIAN_POINT('',(-1.013317139679,0.809007013393,-5.7));
#6942 = CARTESIAN_POINT('',(-0.506607916893,1.075309871495,-5.7375));
#6943 = CARTESIAN_POINT('',(5.79553162526E-06,1.075289498069,-5.775));
#6944 = CARTESIAN_POINT('',(0.253312651744,1.075279311355,-5.79375));
#6945 = CARTESIAN_POINT('',(0.506595630365,1.008688316759,
    -5.812499999999));
#6946 = CARTESIAN_POINT('',(0.740551077324,0.876210817943,
    -5.831250000001));
#6947 = CARTESIAN_POINT('',(0.935351164266,0.684000351072,
    -5.849999999998));
#6948 = CARTESIAN_POINT('',(1.074003598917,0.444993776879,
    -5.868750000002));
#6949 = CARTESIAN_POINT('',(1.14486853092,0.177774995765,-5.887499999999
    ));
#6950 = CARTESIAN_POINT('',(1.143209081532,-9.607265232097E-02,
    -5.906250000001));
#6951 = CARTESIAN_POINT('',(1.07165192549,-0.355176241511,-5.925));
#6952 = CARTESIAN_POINT('',(0.807216781324,-0.807216369316,-5.9625));
#6953 = CARTESIAN_POINT('',(0.355171484031,-1.071647070107,-6.));
#6954 = CARTESIAN_POINT('',(9.606691379834E-02,-1.143203852093,
    -6.018750000001));
#6955 = CARTESIAN_POINT('',(-0.177778374181,-1.144866488938,
    -6.037499999999));
#6956 = CARTESIAN_POINT('',(-0.444990836018,-1.074007853274,
    -6.056250000002));
#6957 = CARTESIAN_POINT('',(-0.683989925993,-0.935361211572,
    -6.074999999999));
#6958 = CARTESIAN_POINT('',(-0.87619857294,-0.740560719405,
    -6.093750000001));
#6959 = CARTESIAN_POINT('',(-1.008686841803,-0.506594888178,-6.1125));
#6960 = CARTESIAN_POINT('',(-1.075296827396,-0.253297444089,-6.13125));
#6961 = CARTESIAN_POINT('',(-1.075296827396,0.253297444089,-6.16875));
#6962 = CARTESIAN_POINT('',(-1.008686841803,0.506594888178,
    -6.187499999999));
#6963 = CARTESIAN_POINT('',(-0.876198572941,0.740560719405,
    -6.206250000002));
#6964 = CARTESIAN_POINT('',(-0.683989925993,0.935361211572,
    -6.224999999998));
#6965 = CARTESIAN_POINT('',(-0.444990836018,1.074007853274,
    -6.243750000002));
#6966 = CARTESIAN_POINT('',(-0.177778374181,1.144866488939,
    -6.262499999999));
#6967 = CARTESIAN_POINT('',(9.606691379823E-02,1.143203852093,
    -6.281250000001));
#6968 = CARTESIAN_POINT('',(0.355171484031,1.071647070107,-6.3));
#6969 = CARTESIAN_POINT('',(0.807216781324,0.807216369316,-6.3375));
#6970 = CARTESIAN_POINT('',(1.07165192549,0.355176241511,-6.375));
#6971 = CARTESIAN_POINT('',(1.143209081532,9.607265232103E-02,
    -6.393749999999));
#6972 = CARTESIAN_POINT('',(1.14486853092,-0.177774995765,
    -6.412500000002));
#6973 = CARTESIAN_POINT('',(1.074003598917,-0.444993776879,
    -6.431249999997));
#6974 = CARTESIAN_POINT('',(0.935351164267,-0.684000351072,
    -6.450000000002));
#6975 = CARTESIAN_POINT('',(0.740551077323,-0.876210817943,
    -6.468749999999));
#6976 = CARTESIAN_POINT('',(0.506595630365,-1.00868831676,
    -6.487500000001));
#6977 = CARTESIAN_POINT('',(0.253312651744,-1.075279311355,-6.50625));
#6978 = CARTESIAN_POINT('',(5.795531631299E-06,-1.075289498069,-6.525));
#6979 = CARTESIAN_POINT('',(-0.506607916893,-1.075309871495,-6.5625));
#6980 = CARTESIAN_POINT('',(-1.013317139679,-0.809007013394,
    -6.599999999999));
#6981 = CARTESIAN_POINT('',(-1.364542580346,-0.28170525235,
    -6.637500000002));
#6982 = CARTESIAN_POINT('',(-1.400965028501,0.414054875451,
    -6.674999999996));
#6983 = CARTESIAN_POINT('',(-1.052062482878,1.051310012873,
    -6.712500000005));
#6984 = CARTESIAN_POINT('',(-0.413943196385,1.401166267696,
    -6.749999999996));
#6985 = CARTESIAN_POINT('',(0.282424455392,1.365295048826,
    -6.787500000002));
#6986 = CARTESIAN_POINT('',(0.808248362562,1.012470669129,-6.825));
#6987 = CARTESIAN_POINT('',(1.075642392113,0.506921496507,-6.8625));
#6988 = CARTESIAN_POINT('',(1.0752404736,-1.221245327088E-15,-6.9));
#6989 = PCURVE('',#6272,#6990);
#6990 = DEFINITIONAL_REPRESENTATION('',(#6991),#6994);
#6991 = B_SPLINE_CURVE_WITH_KNOTS('',1,(#6992,#6993),.UNSPECIFIED.,.F.,
  .F.,(2,2),(0.,1.),.PIECEWISE_BEZIER_KNOTS.);
#6992 = CARTESIAN_POINT('',(0.,0.));
#6993 = CARTESIAN_POINT('',(0.,1.));
#6994 = ( GEOMETRIC_REPRESENTATION_CONTEXT(2) 
PARAMETRIC_REPRESENTATION_CONTEXT() REPRESENTATION_CONTEXT('2D SPACE',''
  ) );
#6995 = PCURVE('',#6458,#6996);
#6996 = DEFINITIONAL_REPRESENTATION('',(#6997),#7001);
#6997 = LINE('',#6998,#6999);
#6998 = CARTESIAN_POINT('',(0.548073520823,0.));
#6999 = VECTOR('',#7000,1.);
#7000 = DIRECTION('',(0.,1.));
#7001 = ( GEOMETRIC_REPRESENTATION_CONTEXT(2) 
PARAMETRIC_REPRESENTATION_CONTEXT() REPRESENTATION_CONTEXT('2D SPACE',''
  ) );
#7002 = ORIENTED_EDGE('',*,*,#6260,.T.);
#7003 = ORIENTED_EDGE('',*,*,#6605,.T.);
#7004 = ORIENTED_EDGE('',*,*,#7005,.T.);
#7005 = EDGE_CURVE('',#6578,#7006,#7008,.T.);
#7006 = VERTEX_POINT('',#7007);
#7007 = CARTESIAN_POINT('',(1.4,-3.429011037613E-16,-6.253755040479));
#7008 = SURFACE_CURVE('',#7009,(#7124,#7242),.PCURVE_S1.);
#7009 = B_SPLINE_CURVE_WITH_KNOTS('',8,(#7010,#7011,#7012,#7013,#7014,
    #7015,#7016,#7017,#7018,#7019,#7020,#7021,#7022,#7023,#7024,#7025,
    #7026,#7027,#7028,#7029,#7030,#7031,#7032,#7033,#7034,#7035,#7036,
    #7037,#7038,#7039,#7040,#7041,#7042,#7043,#7044,#7045,#7046,#7047,
    #7048,#7049,#7050,#7051,#7052,#7053,#7054,#7055,#7056,#7057,#7058,
    #7059,#7060,#7061,#7062,#7063,#7064,#7065,#7066,#7067,#7068,#7069,
    #7070,#7071,#7072,#7073,#7074,#7075,#7076,#7077,#7078,#7079,#7080,
    #7081,#7082,#7083,#7084,#7085,#7086,#7087,#7088,#7089,#7090,#7091,
    #7092,#7093,#7094,#7095,#7096,#7097,#7098,#7099,#7100,#7101,#7102,
    #7103,#7104,#7105,#7106,#7107,#7108,#7109,#7110,#7111,#7112,#7113,
    #7114,#7115,#7116,#7117,#7118,#7119,#7120,#7121,#7122,#7123),
  .UNSPECIFIED.,.F.,.F.,(9,7,7,7,7,7,7,7,7,7,7,7,7,7,7,7,9),(0.,
    6.182461374952E-02,0.11919637853,0.193305484198,0.258462577232,
    0.338732085268,0.413369112408,0.4981347789,0.534964411752,
    0.577050500326,0.624816666246,0.675814465848,0.732440682881,
    0.799753685257,0.871018715766,0.941231391981,1.),.UNSPECIFIED.);
#7010 = CARTESIAN_POINT('',(1.4,2.22044604925E-16,-5.753752665139));
#7011 = CARTESIAN_POINT('',(1.4,-6.797893411851E-02,-5.757613719359));
#7012 = CARTESIAN_POINT('',(1.396227509506,-0.135959453878,
    -5.76147520773));
#7013 = CARTESIAN_POINT('',(1.388682667284,-0.203695001532,
    -5.765337097442));
#7014 = CARTESIAN_POINT('',(1.377384499505,-0.270941221462,
    -5.769199391387));
#7015 = CARTESIAN_POINT('',(1.3623708048,-0.337456660409,-5.773062104085
    ));
#7016 = CARTESIAN_POINT('',(1.343698039316,-0.403003467716,
    -5.776925237611));
#7017 = CARTESIAN_POINT('',(1.321441201771,-0.467348095568,
    -5.780788757525));
#7018 = CARTESIAN_POINT('',(1.271800669057,-0.588644599022,
    -5.788238093361));
#7019 = CARTESIAN_POINT('',(1.244900530066,-0.645798055099,
    -5.791824063848));
#7020 = CARTESIAN_POINT('',(1.215068006751,-0.701540000803,
    -5.795410351673));
#7021 = CARTESIAN_POINT('',(1.182390204142,-0.755694918411,
    -5.798997050995));
#7022 = CARTESIAN_POINT('',(1.146966341543,-0.80809454087,
    -5.802584328443));
#7023 = CARTESIAN_POINT('',(1.108907467003,-0.858578253536,
    -5.806172272851));
#7024 = CARTESIAN_POINT('',(1.068336171773,-0.90699349592,
    -5.809760744991));
#7025 = CARTESIAN_POINT('',(0.969906466501,-1.012877757357,
    -5.817984594811));
#7026 = CARTESIAN_POINT('',(0.910453679641,-1.068872118067,
    -5.82262017807));
#7027 = CARTESIAN_POINT('',(0.847317954412,-1.120865768783,
    -5.82725427062));
#7028 = CARTESIAN_POINT('',(0.780815753352,-1.168577814805,
    -5.831889401359));
#7029 = CARTESIAN_POINT('',(0.711286107714,-1.211758999394,
    -5.836524572934));
#7030 = CARTESIAN_POINT('',(0.639089021015,-1.250191505035,
    -5.841158025288));
#7031 = CARTESIAN_POINT('',(0.5646050534,-1.28369040813,-5.845790899497)
  );
#7032 = CARTESIAN_POINT('',(0.421090033771,-1.337092314892,
    -5.854494019265));
#7033 = CARTESIAN_POINT('',(0.352481600216,-1.358150679588,
    -5.858565060111));
#7034 = CARTESIAN_POINT('',(0.282680721559,-1.375182099735,
    -5.862635103114));
#7035 = CARTESIAN_POINT('',(0.211963810939,-1.388108788014,
    -5.866704358985));
#7036 = CARTESIAN_POINT('',(0.140611733541,-1.396875996264,
    -5.870773267844));
#7037 = CARTESIAN_POINT('',(6.890888728688E-02,-1.401452152372,
    -5.874842321424));
#7038 = CARTESIAN_POINT('',(-2.857716486788E-03,-1.401828997178,
    -5.878911885274));
#7039 = CARTESIAN_POINT('',(-0.162534266824,-1.39333139307,
    -5.887996176364));
#7040 = CARTESIAN_POINT('',(-0.250337743597,-1.382290702804,
    -5.893011757288));
#7041 = CARTESIAN_POINT('',(-0.337266048556,-1.364927023391,
    -5.898028695259));
#7042 = CARTESIAN_POINT('',(-0.422788131369,-1.341324750334,
    -5.903047094821));
#7043 = CARTESIAN_POINT('',(-0.50638658526,-1.311619888069,
    -5.908066836159));
#7044 = CARTESIAN_POINT('',(-0.587559554322,-1.275997743047,
    -5.913087370298));
#7045 = CARTESIAN_POINT('',(-0.665823608352,-1.234693723666,
    -5.918107706916));
#7046 = CARTESIAN_POINT('',(-0.81035628016,-1.14457744443,
    -5.927793309106));
#7047 = CARTESIAN_POINT('',(-0.877090206623,-1.096489832835,
    -5.932459355948));
#7048 = CARTESIAN_POINT('',(-0.94054832805,-1.043964495939,
    -5.937123781621));
#7049 = CARTESIAN_POINT('',(-1.000387837385,-0.987264242969,
    -5.941786077373));
#7050 = CARTESIAN_POINT('',(-1.056293113147,-0.926681171726,
    -5.946446286331));
#7051 = CARTESIAN_POINT('',(-1.107976185915,-0.862534705565,
    -5.951104944722));
#7052 = CARTESIAN_POINT('',(-1.155178715196,-0.79517110431,
    -5.955762857352));
#7053 = CARTESIAN_POINT('',(-1.245939273536,-0.645230379481,
    -5.965710652189));
#7054 = CARTESIAN_POINT('',(-1.288140962551,-0.561816827921,
    -5.971001370847));
#7055 = CARTESIAN_POINT('',(-1.323945956801,-0.47527236349,
    -5.976293508583));
#7056 = CARTESIAN_POINT('',(-1.353087992006,-0.386172079947,
    -5.981589228053));
#7057 = CARTESIAN_POINT('',(-1.375363611172,-0.29511246905,
    -5.986890543312));
#7058 = CARTESIAN_POINT('',(-1.390630947351,-0.202707572693,
    -5.992198586651));
#7059 = CARTESIAN_POINT('',(-1.398812804535,-0.109586413899,
    -5.997513808268));
#7060 = CARTESIAN_POINT('',(-1.40037816356,2.410024005214E-02,
    -6.005150016912));
#7061 = CARTESIAN_POINT('',(-1.399513750421,6.460729028214E-02,
    -6.007468382955));
#7062 = CARTESIAN_POINT('',(-1.397310238105,0.105079796491,
    -6.009765529336));
#7063 = CARTESIAN_POINT('',(-1.393769257059,0.145463941259,
    -6.012073528826));
#7064 = CARTESIAN_POINT('',(-1.388895076523,0.185710031169,
    -6.014368463737));
#7065 = CARTESIAN_POINT('',(-1.382694095123,0.225765690945,
    -6.016666084228));
#7066 = CARTESIAN_POINT('',(-1.375175280665,0.265580232731,
    -6.018961141624));
#7067 = CARTESIAN_POINT('',(-1.356265149851,0.350265997737,
    -6.023877900658));
#7068 = CARTESIAN_POINT('',(-1.344474091622,0.395048697804,
    -6.026499301962));
#7069 = CARTESIAN_POINT('',(-1.330993795425,0.439375027991,
    -6.029120840364));
#7070 = CARTESIAN_POINT('',(-1.315845056608,0.483170614721,
    -6.031743178751));
#7071 = CARTESIAN_POINT('',(-1.29905249849,0.526362503525,
    -6.034366778681));
#7072 = CARTESIAN_POINT('',(-1.280644572356,0.568879159044,
    -6.03699190038));
#7073 = CARTESIAN_POINT('',(-1.260653557462,0.610650465029,
    -6.039618602748));
#7074 = CARTESIAN_POINT('',(-1.214670725548,0.698092710472,
    -6.045229586479));
#7075 = CARTESIAN_POINT('',(-1.188232506327,0.743530326212,
    -6.048214400747));
#7076 = CARTESIAN_POINT('',(-1.159853757473,0.787820038831,
    -6.051201039635));
#7077 = CARTESIAN_POINT('',(-1.129593003552,0.830865138935,
    -6.054189230679));
#7078 = CARTESIAN_POINT('',(-1.09751430795,0.872572867295,
    -6.057178618477));
#7079 = CARTESIAN_POINT('',(-1.06368714123,0.912854541678,
    -6.060168807691));
#7080 = CARTESIAN_POINT('',(-1.028186249492,0.951625683689,
    -6.063159406047));
#7081 = CARTESIAN_POINT('',(-0.951487141574,1.028502062338,
    -6.069343062678));
#7082 = CARTESIAN_POINT('',(-0.910065197611,1.066385540617,
    -6.072536192126));
#7083 = CARTESIAN_POINT('',(-0.866923195669,1.10235891605,
    -6.075728981688));
#7084 = CARTESIAN_POINT('',(-0.82216421546,1.13633132904,-6.078921109822
    ));
#7085 = CARTESIAN_POINT('',(-0.775896702925,1.168218879498,
    -6.082112380623));
#7086 = CARTESIAN_POINT('',(-0.728234261576,1.197944781563,-6.085302697)
  );
#7087 = CARTESIAN_POINT('',(-0.679295443844,1.225439518322,
    -6.088492033863));
#7088 = CARTESIAN_POINT('',(-0.573583203825,1.278623858258,
    -6.09522067684));
#7089 = CARTESIAN_POINT('',(-0.516539406172,1.303780209935,
    -6.098759866034));
#7090 = CARTESIAN_POINT('',(-0.458241299493,1.326025012234,
    -6.102297972113));
#7091 = CARTESIAN_POINT('',(-0.398862687899,1.345285804205,
    -6.105835174491));
#7092 = CARTESIAN_POINT('',(-0.338581597098,1.361502825413,
    -6.109371752438));
#7093 = CARTESIAN_POINT('',(-0.277579841912,1.374629138069,
    -6.112907998759));
#7094 = CARTESIAN_POINT('',(-0.216042593792,1.38463074916,
    -6.116444133466));
#7095 = CARTESIAN_POINT('',(-8.059412040064E-02,1.399636611792,
    -6.124183649069));
#7096 = CARTESIAN_POINT('',(-6.535504132662E-03,1.403341813787,
    -6.128387228331));
#7097 = CARTESIAN_POINT('',(6.770095426079E-02,1.402567505324,
    -6.132591053917));
#7098 = CARTESIAN_POINT('',(0.141798782609,1.397305590901,
    -6.136795254064));
#7099 = CARTESIAN_POINT('',(0.215443081987,1.387574615646,
    -6.140999942279));
#7100 = CARTESIAN_POINT('',(0.288321625926,1.373419668214,
    -6.145205173057));
#7101 = CARTESIAN_POINT('',(0.360125959625,1.354912283679,-6.14941089758
    ));
#7102 = CARTESIAN_POINT('',(0.505113866378,1.308052028176,
    -6.158069881946));
#7103 = CARTESIAN_POINT('',(0.578137647373,1.279183013645,
    -6.162523576118));
#7104 = CARTESIAN_POINT('',(0.64926213263,1.245659281462,-6.166977737186
    ));
#7105 = CARTESIAN_POINT('',(0.718141603074,1.207628890269,
    -6.171432409569));
#7106 = CARTESIAN_POINT('',(0.784446274431,1.165269162458,
    -6.175887955037));
#7107 = CARTESIAN_POINT('',(0.847863049278,1.118785232663,
    -6.180344785894));
#7108 = CARTESIAN_POINT('',(0.908097076762,1.068409961026,
    -6.184802823179));
#7109 = CARTESIAN_POINT('',(1.020812749738,0.9611979371,-6.193652708452)
  );
#7110 = CARTESIAN_POINT('',(1.073400586025,0.90446297966,-6.19804472267)
  );
#7111 = CARTESIAN_POINT('',(1.122374362782,0.844449729668,
    -6.202435839082));
#7112 = CARTESIAN_POINT('',(1.16749702238,0.781428589675,-6.206827586079
    ));
#7113 = CARTESIAN_POINT('',(1.20855700022,0.715688170402,-6.211219199626
    ));
#7114 = CARTESIAN_POINT('',(1.245368130577,0.647534074657,
    -6.215609466297));
#7115 = CARTESIAN_POINT('',(1.277770761321,0.577288530545,
    -6.219999044251));
#7116 = CARTESIAN_POINT('',(1.328956989891,0.445026866072,
    -6.228060110506));
#7117 = CARTESIAN_POINT('',(1.349100918378,0.383531758272,
    -6.231732319327));
#7118 = CARTESIAN_POINT('',(1.365990032536,0.321002400096,
    -6.235403673354));
#7119 = CARTESIAN_POINT('',(1.379563005537,0.25764027351,-6.239074288019
    ));
#7120 = CARTESIAN_POINT('',(1.389773688511,0.193650218627,
    -6.242744437094));
#7121 = CARTESIAN_POINT('',(1.396591197313,0.129239897634,
    -6.246414449685));
#7122 = CARTESIAN_POINT('',(1.399999999281,6.461925871861E-02,
    -6.250084607227));
#7123 = CARTESIAN_POINT('',(1.4,-4.440892098501E-16,-6.253755040479));
#7124 = PCURVE('',#6272,#7125);
#7125 = DEFINITIONAL_REPRESENTATION('',(#7126),#7241);
#7126 = B_SPLINE_CURVE_WITH_KNOTS('',8,(#7127,#7128,#7129,#7130,#7131,
    #7132,#7133,#7134,#7135,#7136,#7137,#7138,#7139,#7140,#7141,#7142,
    #7143,#7144,#7145,#7146,#7147,#7148,#7149,#7150,#7151,#7152,#7153,
    #7154,#7155,#7156,#7157,#7158,#7159,#7160,#7161,#7162,#7163,#7164,
    #7165,#7166,#7167,#7168,#7169,#7170,#7171,#7172,#7173,#7174,#7175,
    #7176,#7177,#7178,#7179,#7180,#7181,#7182,#7183,#7184,#7185,#7186,
    #7187,#7188,#7189,#7190,#7191,#7192,#7193,#7194,#7195,#7196,#7197,
    #7198,#7199,#7200,#7201,#7202,#7203,#7204,#7205,#7206,#7207,#7208,
    #7209,#7210,#7211,#7212,#7213,#7214,#7215,#7216,#7217,#7218,#7219,
    #7220,#7221,#7222,#7223,#7224,#7225,#7226,#7227,#7228,#7229,#7230,
    #7231,#7232,#7233,#7234,#7235,#7236,#7237,#7238,#7239,#7240),
  .UNSPECIFIED.,.F.,.F.,(9,7,7,7,7,7,7,7,7,7,7,7,7,7,7,7,9),(0.,
    6.182461374952E-02,0.11919637853,0.193305484198,0.258462577232,
    0.338732085268,0.413369112408,0.4981347789,0.534964411752,
    0.577050500326,0.624816666246,0.675814465848,0.732440682881,
    0.799753685257,0.871018715766,0.941231391981,1.),.UNSPECIFIED.);
#7127 = CARTESIAN_POINT('',(0.356038249272,0.33292321389));
#7128 = CARTESIAN_POINT('',(0.356038895381,0.335498828057));
#7129 = CARTESIAN_POINT('',(0.35603866005,0.338074576578));
#7130 = CARTESIAN_POINT('',(0.356037748706,0.340650396825));
#7131 = CARTESIAN_POINT('',(0.356036551508,0.343226296179));
#7132 = CARTESIAN_POINT('',(0.356035510824,0.345802310017));
#7133 = CARTESIAN_POINT('',(0.356034988696,0.348378459702));
#7134 = CARTESIAN_POINT('',(0.356035134315,0.350954710571));
#7135 = CARTESIAN_POINT('',(0.356036324203,0.355921599941));
#7136 = CARTESIAN_POINT('',(0.356037266618,0.358312363654));
#7137 = CARTESIAN_POINT('',(0.356038609504,0.360703124995));
#7138 = CARTESIAN_POINT('',(0.356039957738,0.363093850884));
#7139 = CARTESIAN_POINT('',(0.356040780253,0.365484545474));
#7140 = CARTESIAN_POINT('',(0.356040699987,0.367875224393));
#7141 = CARTESIAN_POINT('',(0.356039783843,0.370265888985));
#7142 = CARTESIAN_POINT('',(0.356037603937,0.375744536739));
#7143 = CARTESIAN_POINT('',(0.356036685869,0.378832715163));
#7144 = CARTESIAN_POINT('',(0.356038885888,0.381920842326));
#7145 = CARTESIAN_POINT('',(0.356037423481,0.38500897211));
#7146 = CARTESIAN_POINT('',(0.356034441499,0.388097179789));
#7147 = CARTESIAN_POINT('',(0.356034077246,0.3911854967));
#7148 = CARTESIAN_POINT('',(0.356033299193,0.394273867186));
#7149 = CARTESIAN_POINT('',(0.356034080911,0.400077081845));
#7150 = CARTESIAN_POINT('',(0.356035131968,0.402792205851));
#7151 = CARTESIAN_POINT('',(0.356036896918,0.405507200913));
#7152 = CARTESIAN_POINT('',(0.356039029886,0.408222033498));
#7153 = CARTESIAN_POINT('',(0.356040986467,0.410936740866));
#7154 = CARTESIAN_POINT('',(0.356042199634,0.413651374845));
#7155 = CARTESIAN_POINT('',(0.35604225565,0.416365945604));
#7156 = CARTESIAN_POINT('',(0.356039609308,0.422424362735));
#7157 = CARTESIAN_POINT('',(0.356036270791,0.425768504906));
#7158 = CARTESIAN_POINT('',(0.356030820445,0.429112489412));
#7159 = CARTESIAN_POINT('',(0.356023789648,0.432456370393));
#7160 = CARTESIAN_POINT('',(0.356016519569,0.435800361126));
#7161 = CARTESIAN_POINT('',(0.356010871868,0.439144648374));
#7162 = CARTESIAN_POINT('',(0.35600860568,0.442489218598));
#7163 = CARTESIAN_POINT('',(0.356012108693,0.448943492808));
#7164 = CARTESIAN_POINT('',(0.356017342518,0.452053603068));
#7165 = CARTESIAN_POINT('',(0.356026716018,0.455163767615));
#7166 = CARTESIAN_POINT('',(0.356040248074,0.4582739326));
#7167 = CARTESIAN_POINT('',(0.356056830656,0.461384154547));
#7168 = CARTESIAN_POINT('',(0.356074209027,0.464494498555));
#7169 = CARTESIAN_POINT('',(0.356089494286,0.467604929706));
#7170 = CARTESIAN_POINT('',(0.356112376135,0.474247545445));
#7171 = CARTESIAN_POINT('',(0.356118540773,0.477780223575));
#7172 = CARTESIAN_POINT('',(0.356115575859,0.481312762995));
#7173 = CARTESIAN_POINT('',(0.356099755107,0.48484512792));
#7174 = CARTESIAN_POINT('',(0.356071017363,0.488377492385));
#7175 = CARTESIAN_POINT('',(0.356034930714,0.491909887152));
#7176 = CARTESIAN_POINT('',(0.356002355568,0.495441716985));
#7177 = CARTESIAN_POINT('',(0.355980050913,0.500504642523));
#7178 = CARTESIAN_POINT('',(0.355974901632,0.502037291203));
#7179 = CARTESIAN_POINT('',(0.355984476827,0.503572065561));
#7180 = CARTESIAN_POINT('',(0.355989383902,0.505105506525));
#7181 = CARTESIAN_POINT('',(0.356003633547,0.506640206907));
#7182 = CARTESIAN_POINT('',(0.356015963864,0.508174572635));
#7183 = CARTESIAN_POINT('',(0.356029747603,0.509709164888));
#7184 = CARTESIAN_POINT('',(0.356058084472,0.512997439651));
#7185 = CARTESIAN_POINT('',(0.356072605375,0.514751169077));
#7186 = CARTESIAN_POINT('',(0.35608547306,0.516504943735));
#7187 = CARTESIAN_POINT('',(0.356095930644,0.518258738496));
#7188 = CARTESIAN_POINT('',(0.35610352631,0.520012536434));
#7189 = CARTESIAN_POINT('',(0.35610811331,0.521766328828));
#7190 = CARTESIAN_POINT('',(0.356109849959,0.523520115161));
#7191 = CARTESIAN_POINT('',(0.356108461555,0.527264388088));
#7192 = CARTESIAN_POINT('',(0.356104543519,0.529254908682));
#7193 = CARTESIAN_POINT('',(0.356097927945,0.531245430945));
#7194 = CARTESIAN_POINT('',(0.356089297726,0.533235946744));
#7195 = CARTESIAN_POINT('',(0.356079433915,0.535226461078));
#7196 = CARTESIAN_POINT('',(0.356069113397,0.53721697938));
#7197 = CARTESIAN_POINT('',(0.356059006563,0.539207494816));
#7198 = CARTESIAN_POINT('',(0.356039505303,0.543323122922));
#7199 = CARTESIAN_POINT('',(0.356030206229,0.545448272629));
#7200 = CARTESIAN_POINT('',(0.356022312421,0.547573376465));
#7201 = CARTESIAN_POINT('',(0.356016197721,0.549698419133));
#7202 = CARTESIAN_POINT('',(0.356012008002,0.551823403208));
#7203 = CARTESIAN_POINT('',(0.356009694016,0.553948334039));
#7204 = CARTESIAN_POINT('',(0.356009044237,0.556073204668));
#7205 = CARTESIAN_POINT('',(0.356010465522,0.560557259599));
#7206 = CARTESIAN_POINT('',(0.356012864962,0.562916498553));
#7207 = CARTESIAN_POINT('',(0.356016455473,0.565275635244));
#7208 = CARTESIAN_POINT('',(0.3560206885,0.567634675313));
#7209 = CARTESIAN_POINT('',(0.35602501161,0.569993661132));
#7210 = CARTESIAN_POINT('',(0.356028952593,0.572352640543));
#7211 = CARTESIAN_POINT('',(0.35603220358,0.574711635599));
#7212 = CARTESIAN_POINT('',(0.356037678822,0.579874784793));
#7213 = CARTESIAN_POINT('',(0.356039593088,0.582679078252));
#7214 = CARTESIAN_POINT('',(0.356040222147,0.585483399151));
#7215 = CARTESIAN_POINT('',(0.356039815187,0.588287774011));
#7216 = CARTESIAN_POINT('',(0.356038888811,0.591092280288));
#7217 = CARTESIAN_POINT('',(0.356038019456,0.593896978272));
#7218 = CARTESIAN_POINT('',(0.35603763582,0.59670184298));
#7219 = CARTESIAN_POINT('',(0.356037997047,0.602476225457));
#7220 = CARTESIAN_POINT('',(0.356038813035,0.60544600764));
#7221 = CARTESIAN_POINT('',(0.356040310328,0.608415798788));
#7222 = CARTESIAN_POINT('',(0.356042234378,0.611385522758));
#7223 = CARTESIAN_POINT('',(0.356043681246,0.614355204051));
#7224 = CARTESIAN_POINT('',(0.356043469404,0.617324893549));
#7225 = CARTESIAN_POINT('',(0.356041227102,0.620294587024));
#7226 = CARTESIAN_POINT('',(0.356037193484,0.626189835171));
#7227 = CARTESIAN_POINT('',(0.356035915474,0.629115642695));
#7228 = CARTESIAN_POINT('',(0.356036440008,0.632041420693));
#7229 = CARTESIAN_POINT('',(0.356034529516,0.634967204141));
#7230 = CARTESIAN_POINT('',(0.356031760197,0.637893050781));
#7231 = CARTESIAN_POINT('',(0.356030896882,0.640818985751));
#7232 = CARTESIAN_POINT('',(0.356030078165,0.643744959708));
#7233 = CARTESIAN_POINT('',(0.356030627547,0.649119640834));
#7234 = CARTESIAN_POINT('',(0.356031508688,0.651568560813));
#7235 = CARTESIAN_POINT('',(0.356033075109,0.654017395399));
#7236 = CARTESIAN_POINT('',(0.356035108606,0.656466116338));
#7237 = CARTESIAN_POINT('',(0.356037231158,0.658914738201));
#7238 = CARTESIAN_POINT('',(0.356039017771,0.661363286127));
#7239 = CARTESIAN_POINT('',(0.356040109324,0.663811763553));
#7240 = CARTESIAN_POINT('',(0.356040325408,0.666260119957));
#7241 = ( GEOMETRIC_REPRESENTATION_CONTEXT(2) 
PARAMETRIC_REPRESENTATION_CONTEXT() REPRESENTATION_CONTEXT('2D SPACE',''
  ) );
#7242 = PCURVE('',#6593,#7243);
#7243 = DEFINITIONAL_REPRESENTATION('',(#7244),#7359);
#7244 = B_SPLINE_CURVE_WITH_KNOTS('',8,(#7245,#7246,#7247,#7248,#7249,
    #7250,#7251,#7252,#7253,#7254,#7255,#7256,#7257,#7258,#7259,#7260,
    #7261,#7262,#7263,#7264,#7265,#7266,#7267,#7268,#7269,#7270,#7271,
    #7272,#7273,#7274,#7275,#7276,#7277,#7278,#7279,#7280,#7281,#7282,
    #7283,#7284,#7285,#7286,#7287,#7288,#7289,#7290,#7291,#7292,#7293,
    #7294,#7295,#7296,#7297,#7298,#7299,#7300,#7301,#7302,#7303,#7304,
    #7305,#7306,#7307,#7308,#7309,#7310,#7311,#7312,#7313,#7314,#7315,
    #7316,#7317,#7318,#7319,#7320,#7321,#7322,#7323,#7324,#7325,#7326,
    #7327,#7328,#7329,#7330,#7331,#7332,#7333,#7334,#7335,#7336,#7337,
    #7338,#7339,#7340,#7341,#7342,#7343,#7344,#7345,#7346,#7347,#7348,
    #7349,#7350,#7351,#7352,#7353,#7354,#7355,#7356,#7357,#7358),
  .UNSPECIFIED.,.F.,.F.,(9,7,7,7,7,7,7,7,7,7,7,7,7,7,7,7,9),(0.,
    6.182461374952E-02,0.11919637853,0.193305484198,0.258462577232,
    0.338732085268,0.413369112408,0.4981347789,0.534964411752,
    0.577050500326,0.624816666246,0.675814465848,0.732440682881,
    0.799753685257,0.871018715766,0.941231391981,1.),.UNSPECIFIED.);
#7245 = CARTESIAN_POINT('',(6.28318530718,1.646247334861));
#7246 = CARTESIAN_POINT('',(6.234628925666,1.642386280641));
#7247 = CARTESIAN_POINT('',(6.186071401419,1.63852479227));
#7248 = CARTESIAN_POINT('',(6.137514416675,1.634662902558));
#7249 = CARTESIAN_POINT('',(6.08895805675,1.630800608613));
#7250 = CARTESIAN_POINT('',(6.040401632666,1.626937895915));
#7251 = CARTESIAN_POINT('',(5.991844503779,1.623074762389));
#7252 = CARTESIAN_POINT('',(5.94328690041,1.619211242475));
#7253 = CARTESIAN_POINT('',(5.84967179545,1.611761906639));
#7254 = CARTESIAN_POINT('',(5.80461184419,1.608175936152));
#7255 = CARTESIAN_POINT('',(5.759552261387,1.604589648327));
#7256 = CARTESIAN_POINT('',(5.714493237624,1.601002949005));
#7257 = CARTESIAN_POINT('',(5.669434346873,1.597415671557));
#7258 = CARTESIAN_POINT('',(5.624375108011,1.593827727149));
#7259 = CARTESIAN_POINT('',(5.579315546327,1.590239255009));
#7260 = CARTESIAN_POINT('',(5.476052745815,1.582015405189));
#7261 = CARTESIAN_POINT('',(5.417845593125,1.57737982193));
#7262 = CARTESIAN_POINT('',(5.359639872177,1.57274572938));
#7263 = CARTESIAN_POINT('',(5.301435839696,1.568110598641));
#7264 = CARTESIAN_POINT('',(5.243231790231,1.563475427066));
#7265 = CARTESIAN_POINT('',(5.185025994667,1.558841974712));
#7266 = CARTESIAN_POINT('',(5.126818687318,1.554209100503));
#7267 = CARTESIAN_POINT('',(5.017441217655,1.545505980735));
#7268 = CARTESIAN_POINT('',(4.966266161493,1.541434939889));
#7269 = CARTESIAN_POINT('',(4.915091745792,1.537364896886));
#7270 = CARTESIAN_POINT('',(4.863918180537,1.533295641015));
#7271 = CARTESIAN_POINT('',(4.812744604982,1.529226732156));
#7272 = CARTESIAN_POINT('',(4.761570153281,1.525157678576));
#7273 = CARTESIAN_POINT('',(4.710395020118,1.521088114726));
#7274 = CARTESIAN_POINT('',(4.596178947579,1.512003823636));
#7275 = CARTESIAN_POINT('',(4.533131778642,1.506988242712));
#7276 = CARTESIAN_POINT('',(4.470086786399,1.501971304741));
#7277 = CARTESIAN_POINT('',(4.407044477623,1.496952905179));
#7278 = CARTESIAN_POINT('',(4.344002222468,1.491933163841));
#7279 = CARTESIAN_POINT('',(4.280957386194,1.486912629702));
#7280 = CARTESIAN_POINT('',(4.217910469151,1.481892293084));
#7281 = CARTESIAN_POINT('',(4.09624968907,1.472206690894));
#7282 = CARTESIAN_POINT('',(4.037627761567,1.467540644052));
#7283 = CARTESIAN_POINT('',(3.979007196261,1.462876218379));
#7284 = CARTESIAN_POINT('',(3.920388350545,1.458213922627));
#7285 = CARTESIAN_POINT('',(3.86176940819,1.453553713669));
#7286 = CARTESIAN_POINT('',(3.803148566259,1.448895055278));
#7287 = CARTESIAN_POINT('',(3.744526216176,1.444237142648));
#7288 = CARTESIAN_POINT('',(3.619333100223,1.434289347811));
#7289 = CARTESIAN_POINT('',(3.552753055103,1.428998629153));
#7290 = CARTESIAN_POINT('',(3.486175858151,1.423706491417));
#7291 = CARTESIAN_POINT('',(3.419602249673,1.418410771947));
#7292 = CARTESIAN_POINT('',(3.35302887588,1.413109456688));
#7293 = CARTESIAN_POINT('',(3.286452372839,1.407801413349));
#7294 = CARTESIAN_POINT('',(3.219873494249,1.402486191732));
#7295 = CARTESIAN_POINT('',(3.124376481278,1.394849983088));
#7296 = CARTESIAN_POINT('',(3.095452086337,1.392531617045));
#7297 = CARTESIAN_POINT('',(3.066526688092,1.390234470664));
#7298 = CARTESIAN_POINT('',(3.037601833917,1.387926471174));
#7299 = CARTESIAN_POINT('',(3.008676201102,1.385631536263));
#7300 = CARTESIAN_POINT('',(2.979750556601,1.383333915772));
#7301 = CARTESIAN_POINT('',(2.950824734564,1.381038858376));
#7302 = CARTESIAN_POINT('',(2.888845179664,1.376122099342));
#7303 = CARTESIAN_POINT('',(2.855791123966,1.373500698038));
#7304 = CARTESIAN_POINT('',(2.822737033912,1.370879159636));
#7305 = CARTESIAN_POINT('',(2.789682963242,1.368256821249));
#7306 = CARTESIAN_POINT('',(2.756628957303,1.365633221319));
#7307 = CARTESIAN_POINT('',(2.723575053054,1.36300809962));
#7308 = CARTESIAN_POINT('',(2.690521279058,1.360381397252));
#7309 = CARTESIAN_POINT('',(2.619953005853,1.354770413521));
#7310 = CARTESIAN_POINT('',(2.582437799236,1.351785599253));
#7311 = CARTESIAN_POINT('',(2.544922710775,1.348798960365));
#7312 = CARTESIAN_POINT('',(2.507407885126,1.345810769321));
#7313 = CARTESIAN_POINT('',(2.469893172949,1.342821381523));
#7314 = CARTESIAN_POINT('',(2.432378367401,1.339831192309));
#7315 = CARTESIAN_POINT('',(2.39486344062,1.336840593953));
#7316 = CARTESIAN_POINT('',(2.317296054677,1.330656937322));
#7317 = CARTESIAN_POINT('',(2.277242854555,1.327463807874));
#7318 = CARTESIAN_POINT('',(2.237189849855,1.324271018312));
#7319 = CARTESIAN_POINT('',(2.197137076561,1.321078890178));
#7320 = CARTESIAN_POINT('',(2.15708425624,1.317887619377));
#7321 = CARTESIAN_POINT('',(2.117031115646,1.314697303));
#7322 = CARTESIAN_POINT('',(2.076977706333,1.311507966137));
#7323 = CARTESIAN_POINT('',(1.992451259245,1.30477932316));
#7324 = CARTESIAN_POINT('',(1.947976878081,1.301240133966));
#7325 = CARTESIAN_POINT('',(1.903502779378,1.297702027887));
#7326 = CARTESIAN_POINT('',(1.859029082824,1.294164825509));
#7327 = CARTESIAN_POINT('',(1.814555363771,1.290628247562));
#7328 = CARTESIAN_POINT('',(1.770081187827,1.287092001241));
#7329 = CARTESIAN_POINT('',(1.725606645455,1.283555866534));
#7330 = CARTESIAN_POINT('',(1.628265815521,1.275816350931));
#7331 = CARTESIAN_POINT('',(1.575397037427,1.271612771669));
#7332 = CARTESIAN_POINT('',(1.522529178518,1.267408946083));
#7333 = CARTESIAN_POINT('',(1.469662394848,1.263204745936));
#7334 = CARTESIAN_POINT('',(1.416795615584,1.259000057721));
#7335 = CARTESIAN_POINT('',(1.363927786322,1.254794826943));
#7336 = CARTESIAN_POINT('',(1.311059112396,1.25058910242));
#7337 = CARTESIAN_POINT('',(1.202221617332,1.241930118054));
#7338 = CARTESIAN_POINT('',(1.146248034492,1.237476423882));
#7339 = CARTESIAN_POINT('',(1.090275548736,1.233022262814));
#7340 = CARTESIAN_POINT('',(1.034304594456,1.228567590431));
#7341 = CARTESIAN_POINT('',(0.978333798459,1.224112044963));
#7342 = CARTESIAN_POINT('',(0.922361712462,1.219655214106));
#7343 = CARTESIAN_POINT('',(0.866388524964,1.215197176821));
#7344 = CARTESIAN_POINT('',(0.755273487571,1.206347291548));
#7345 = CARTESIAN_POINT('',(0.700126820481,1.20195527733));
#7346 = CARTESIAN_POINT('',(0.644981252683,1.197564160918));
#7347 = CARTESIAN_POINT('',(0.589836971203,1.193172413921));
#7348 = CARTESIAN_POINT('',(0.534692663256,1.188780800374));
#7349 = CARTESIAN_POINT('',(0.479547008648,1.184390533703));
#7350 = CARTESIAN_POINT('',(0.424400199146,1.180000955749));
#7351 = CARTESIAN_POINT('',(0.323099530584,1.171939889494));
#7352 = CARTESIAN_POINT('',(0.27694203843,1.168267680673));
#7353 = CARTESIAN_POINT('',(0.230784848999,1.164596326646));
#7354 = CARTESIAN_POINT('',(0.184628143144,1.160925711981));
#7355 = CARTESIAN_POINT('',(0.138471435711,1.157255562906));
#7356 = CARTESIAN_POINT('',(9.231422018942E-02,1.153585550315));
#7357 = CARTESIAN_POINT('',(4.615661337044E-02,1.149915392773));
#7358 = CARTESIAN_POINT('',(0.,1.146244959521));
#7359 = ( GEOMETRIC_REPRESENTATION_CONTEXT(2) 
PARAMETRIC_REPRESENTATION_CONTEXT() REPRESENTATION_CONTEXT('2D SPACE',''
  ) );
#7360 = ORIENTED_EDGE('',*,*,#7361,.T.);
#7361 = EDGE_CURVE('',#7006,#7362,#7364,.T.);
#7362 = VERTEX_POINT('',#7363);
#7363 = CARTESIAN_POINT('',(-0.369152989788,-1.350454030568,
    -6.400000000001));
#7364 = SURFACE_CURVE('',#7365,(#7446,#7530),.PCURVE_S1.);
#7365 = B_SPLINE_CURVE_WITH_KNOTS('',7,(#7366,#7367,#7368,#7369,#7370,
    #7371,#7372,#7373,#7374,#7375,#7376,#7377,#7378,#7379,#7380,#7381,
    #7382,#7383,#7384,#7385,#7386,#7387,#7388,#7389,#7390,#7391,#7392,
    #7393,#7394,#7395,#7396,#7397,#7398,#7399,#7400,#7401,#7402,#7403,
    #7404,#7405,#7406,#7407,#7408,#7409,#7410,#7411,#7412,#7413,#7414,
    #7415,#7416,#7417,#7418,#7419,#7420,#7421,#7422,#7423,#7424,#7425,
    #7426,#7427,#7428,#7429,#7430,#7431,#7432,#7433,#7434,#7435,#7436,
    #7437,#7438,#7439,#7440,#7441,#7442,#7443,#7444,#7445),
  .UNSPECIFIED.,.F.,.F.,(8,6,6,6,6,6,6,6,6,6,6,6,6,8),(0.,
    7.068099177741E-02,0.163133900011,0.248875005937,0.267716225355,
    0.331316242914,0.377268875083,0.445885997541,0.544889867559,
    0.600400457734,0.714388661622,0.774550266923,0.900938216426,1.),
  .UNSPECIFIED.);
#7366 = CARTESIAN_POINT('',(1.4,-2.22044604925E-16,-6.253755040479));
#7367 = CARTESIAN_POINT('',(1.4,-8.881464606911E-02,-6.258799793467));
#7368 = CARTESIAN_POINT('',(1.39342662598,-0.177634163605,
    -6.263845497785));
#7369 = CARTESIAN_POINT('',(1.380278625155,-0.265866225205,
    -6.268892336208));
#7370 = CARTESIAN_POINT('',(1.360623129568,-0.352928592097,
    -6.273940788044));
#7371 = CARTESIAN_POINT('',(1.334588867754,-0.43825121896,-6.27899091741
    ));
#7372 = CARTESIAN_POINT('',(1.302365367194,-0.521279640801,
    -6.284042070078));
#7373 = CARTESIAN_POINT('',(1.214297332326,-0.706383706627,
    -6.29569972272));
#7374 = CARTESIAN_POINT('',(1.15422312331,-0.806471786753,
    -6.302307472218));
#7375 = CARTESIAN_POINT('',(1.084555404597,-0.900532770577,
    -6.308912804651));
#7376 = CARTESIAN_POINT('',(1.006033364105,-0.987480055875,
    -6.315513582103));
#7377 = CARTESIAN_POINT('',(0.919534272982,-1.066341899438,
    -6.322110188493));
#7378 = CARTESIAN_POINT('',(0.826064296236,-1.136271939004,
    -6.328704848983));
#7379 = CARTESIAN_POINT('',(0.634686742523,-1.252509660844,
    -6.341414496753));
#7380 = CARTESIAN_POINT('',(0.537570345564,-1.30017805566,-6.3475311393)
  );
#7381 = CARTESIAN_POINT('',(0.436329840706,-1.339029460291,
    -6.353649954677));
#7382 = CARTESIAN_POINT('',(0.331928488569,-1.368651503994,
    -6.359775163925));
#7383 = CARTESIAN_POINT('',(0.225370651229,-1.38875930401,
    -6.365909610596));
#7384 = CARTESIAN_POINT('',(0.117692739722,-1.399198142515,
    -6.372054152266));
#7385 = CARTESIAN_POINT('',(-1.371430421448E-02,-1.400132993185,
    -6.379563996478));
#7386 = CARTESIAN_POINT('',(-3.739175501121E-02,-1.399834350884,
    -6.380914745645));
#7387 = CARTESIAN_POINT('',(-6.106155744227E-02,-1.39906856868,
    -6.382263562118));
#7388 = CARTESIAN_POINT('',(-8.471258156191E-02,-1.397835890754,
    -6.38361074613));
#7389 = CARTESIAN_POINT('',(-0.108333791158,-1.396136883349,
    -6.384956630343));
#7390 = CARTESIAN_POINT('',(-0.131914243753,-1.393972434765,
    -6.386301579845));
#7391 = CARTESIAN_POINT('',(-0.234866563126,-1.382470441353,
    -6.392184161607));
#7392 = CARTESIAN_POINT('',(-0.313702216143,-1.368307092073,
    -6.396714316801));
#7393 = CARTESIAN_POINT('',(-0.391522357008,-1.34890165002,
    -6.401243146678));
#7394 = CARTESIAN_POINT('',(-0.467909445718,-1.324343642353,
    -6.405774218854));
#7395 = CARTESIAN_POINT('',(-0.542458082295,-1.294763472136,
    -6.410308830481));
#7396 = CARTESIAN_POINT('',(-0.614776994163,-1.260331709578,
    -6.414846859094));
#7397 = CARTESIAN_POINT('',(-0.734861184914,-1.193026910067,
    -6.422668424135));
#7398 = CARTESIAN_POINT('',(-0.783873707269,-1.162371198869,
    -6.425950789715));
#7399 = CARTESIAN_POINT('',(-0.831387492262,-1.129370296017,
    -6.429234417999));
#7400 = CARTESIAN_POINT('',(-0.87726822158,-1.094112807689,
    -6.432518981109));
#7401 = CARTESIAN_POINT('',(-0.921388629132,-1.056696597425,
    -6.435804141003));
#7402 = CARTESIAN_POINT('',(-0.963628773252,-1.017228483652,
    -6.439089574985));
#7403 = CARTESIAN_POINT('',(-1.063974500273,-0.913998080897,
    -6.447280846244));
#7404 = CARTESIAN_POINT('',(-1.119632784961,-0.847851099995,
    -6.452186940849));
#7405 = CARTESIAN_POINT('',(-1.17047459286,-0.77777097162,
    -6.457092001295));
#7406 = CARTESIAN_POINT('',(-1.21616970751,-0.704180198932,
    -6.461995616627));
#7407 = CARTESIAN_POINT('',(-1.256435991096,-0.627533084658,
    -6.466897868516));
#7408 = CARTESIAN_POINT('',(-1.291041109442,-0.548313004626,
    -6.471798951114));
#7409 = CARTESIAN_POINT('',(-1.361305019788,-0.349750447032,
    -6.483768500132));
#7410 = CARTESIAN_POINT('',(-1.39065567109,-0.228144803485,
    -6.490837466964));
#7411 = CARTESIAN_POINT('',(-1.407297336731,-0.103765834753,
    -6.497904096053));
#7412 = CARTESIAN_POINT('',(-1.410949353274,2.179544556888E-02,
    -6.504970122662));
#7413 = CARTESIAN_POINT('',(-1.401564978583,0.146931316285,
    -6.512037831001));
#7414 = CARTESIAN_POINT('',(-1.379331948311,0.270037217341,
    -6.519107904228));
#7415 = CARTESIAN_POINT('',(-1.32531007688,0.45652895568,-6.53014199332)
  );
#7416 = CARTESIAN_POINT('',(-1.302007340805,0.522400746314,
    -6.53410657501));
#7417 = CARTESIAN_POINT('',(-1.274889130697,0.586871795564,
    -6.538071516204));
#7418 = CARTESIAN_POINT('',(-1.24405776399,0.649677671623,
    -6.542036799595));
#7419 = CARTESIAN_POINT('',(-1.209637955858,0.710564319226,
    -6.546002434854));
#7420 = CARTESIAN_POINT('',(-1.171776360115,0.769289026251,
    -6.549968367956));
#7421 = CARTESIAN_POINT('',(-1.046171943956,0.941297065513,
    -6.562078418233));
#7422 = CARTESIAN_POINT('',(-0.947865314211,1.046931269653,
    -6.57022599195));
#7423 = CARTESIAN_POINT('',(-0.837205013942,1.140458685629,
    -6.578371592229));
#7424 = CARTESIAN_POINT('',(-0.716005020765,1.220202889938,
    -6.586515398097));
#7425 = CARTESIAN_POINT('',(-0.586318347821,1.28481306188,
    -6.594659812535));
#7426 = CARTESIAN_POINT('',(-0.450402480907,1.333286746632,
    -6.602805665172));
#7427 = CARTESIAN_POINT('',(-0.237029961199,1.381858068731,
    -6.615245567346));
#7428 = CARTESIAN_POINT('',(-0.162259590968,1.393994072016,
    -6.619542978465));
#7429 = CARTESIAN_POINT('',(-8.678460730535E-02,1.401406258415,
    -6.623840143895));
#7430 = CARTESIAN_POINT('',(-1.096303208299E-02,1.404048052523,
    -6.628137104868));
#7431 = CARTESIAN_POINT('',(6.484500817037E-02,1.401906859194,
    -6.632433965901));
#7432 = CARTESIAN_POINT('',(0.140278883279,1.395004195578,
    -6.636730735244));
#7433 = CARTESIAN_POINT('',(0.371909750185,1.359008867778,
    -6.650053137676));
#7434 = CARTESIAN_POINT('',(0.525696157017,1.313839712232,
    -6.659083017679));
#7435 = CARTESIAN_POINT('',(0.672882334748,1.248386607203,
    -6.668107773695));
#7436 = CARTESIAN_POINT('',(0.810313804747,1.163886265431,
    -6.677129739349));
#7437 = CARTESIAN_POINT('',(0.935151147929,1.062084683473,
    -6.686150671996));
#7438 = CARTESIAN_POINT('',(1.04486695632,0.945238109504,-6.695175066531
    ));
#7439 = CARTESIAN_POINT('',(1.210027406068,0.715072237489,
    -6.711272622243));
#7440 = CARTESIAN_POINT('',(1.272122825269,0.606388856567,
    -6.718350242312));
#7441 = CARTESIAN_POINT('',(1.322770486561,0.491495505865,
    -6.725432114885));
#7442 = CARTESIAN_POINT('',(1.361256676755,0.371845372863,
    -6.732522579454));
#7443 = CARTESIAN_POINT('',(1.387088602707,0.248972566103,
    -6.739627792958));
#7444 = CARTESIAN_POINT('',(1.4,0.124473134658,-6.74675272896));
#7445 = CARTESIAN_POINT('',(1.4,-1.110223024625E-15,-6.753897858842));
#7446 = PCURVE('',#6272,#7447);
#7447 = DEFINITIONAL_REPRESENTATION('',(#7448),#7529);
#7448 = B_SPLINE_CURVE_WITH_KNOTS('',7,(#7449,#7450,#7451,#7452,#7453,
    #7454,#7455,#7456,#7457,#7458,#7459,#7460,#7461,#7462,#7463,#7464,
    #7465,#7466,#7467,#7468,#7469,#7470,#7471,#7472,#7473,#7474,#7475,
    #7476,#7477,#7478,#7479,#7480,#7481,#7482,#7483,#7484,#7485,#7486,
    #7487,#7488,#7489,#7490,#7491,#7492,#7493,#7494,#7495,#7496,#7497,
    #7498,#7499,#7500,#7501,#7502,#7503,#7504,#7505,#7506,#7507,#7508,
    #7509,#7510,#7511,#7512,#7513,#7514,#7515,#7516,#7517,#7518,#7519,
    #7520,#7521,#7522,#7523,#7524,#7525,#7526,#7527,#7528),
  .UNSPECIFIED.,.F.,.F.,(8,6,6,6,6,6,6,6,6,6,6,6,6,8),(0.,
    7.068099177741E-02,0.163133900011,0.248875005937,0.267716225355,
    0.331316242914,0.377268875083,0.445885997541,0.544889867559,
    0.600400457734,0.714388661622,0.774550266923,0.900938216426,1.),
  .UNSPECIFIED.);
#7449 = CARTESIAN_POINT('',(0.35604033989,0.666260121124));
#7450 = CARTESIAN_POINT('',(0.356040637965,0.669625215518));
#7451 = CARTESIAN_POINT('',(0.356039222161,0.672990356719));
#7452 = CARTESIAN_POINT('',(0.356035513753,0.67635528223));
#7453 = CARTESIAN_POINT('',(0.356029597865,0.679720121369));
#7454 = CARTESIAN_POINT('',(0.356022687981,0.683085122519));
#7455 = CARTESIAN_POINT('',(0.35601675722,0.686450391548));
#7456 = CARTESIAN_POINT('',(0.356008861738,0.694217491657));
#7457 = CARTESIAN_POINT('',(0.35600873166,0.698620268581));
#7458 = CARTESIAN_POINT('',(0.356016178302,0.703022893085));
#7459 = CARTESIAN_POINT('',(0.356034349788,0.707425464763));
#7460 = CARTESIAN_POINT('',(0.356060159824,0.711828476818));
#7461 = CARTESIAN_POINT('',(0.356084753061,0.716232011538));
#7462 = CARTESIAN_POINT('',(0.356115269861,0.724718183563));
#7463 = CARTESIAN_POINT('',(0.356122291249,0.72880193233));
#7464 = CARTESIAN_POINT('',(0.356116579392,0.732885374364));
#7465 = CARTESIAN_POINT('',(0.356091572658,0.736968637068));
#7466 = CARTESIAN_POINT('',(0.356050941352,0.74105213483));
#7467 = CARTESIAN_POINT('',(0.356010517417,0.745135406333));
#7468 = CARTESIAN_POINT('',(0.355986017343,0.750111981941));
#7469 = CARTESIAN_POINT('',(0.355983913679,0.751008460377));
#7470 = CARTESIAN_POINT('',(0.35598382585,0.751904996256));
#7471 = CARTESIAN_POINT('',(0.355985436332,0.752801671587));
#7472 = CARTESIAN_POINT('',(0.355988404435,0.753698507328));
#7473 = CARTESIAN_POINT('',(0.355992366296,0.754595463388));
#7474 = CARTESIAN_POINT('',(0.356012356537,0.758520249067));
#7475 = CARTESIAN_POINT('',(0.356035844474,0.761548875415));
#7476 = CARTESIAN_POINT('',(0.356058040636,0.764577692502));
#7477 = CARTESIAN_POINT('',(0.356074527921,0.767606513078));
#7478 = CARTESIAN_POINT('',(0.356084287223,0.770635364511));
#7479 = CARTESIAN_POINT('',(0.356088154475,0.77366426549));
#7480 = CARTESIAN_POINT('',(0.356086644178,0.778881342496));
#7481 = CARTESIAN_POINT('',(0.356083543918,0.781069694821));
#7482 = CARTESIAN_POINT('',(0.356078485256,0.783258006043));
#7483 = CARTESIAN_POINT('',(0.356072089641,0.785446271932));
#7484 = CARTESIAN_POINT('',(0.356064995852,0.787634509221));
#7485 = CARTESIAN_POINT('',(0.356057764216,0.789822727138));
#7486 = CARTESIAN_POINT('',(0.35604035318,0.795278308129));
#7487 = CARTESIAN_POINT('',(0.356030476597,0.798545790578));
#7488 = CARTESIAN_POINT('',(0.356022585807,0.80181309439));
#7489 = CARTESIAN_POINT('',(0.356017325302,0.805080262404));
#7490 = CARTESIAN_POINT('',(0.356014748725,0.808347438605));
#7491 = CARTESIAN_POINT('',(0.356014518238,0.81161467453));
#7492 = CARTESIAN_POINT('',(0.356018391744,0.81959559842));
#7493 = CARTESIAN_POINT('',(0.356024487032,0.824310339225));
#7494 = CARTESIAN_POINT('',(0.356032856606,0.829024385186));
#7495 = CARTESIAN_POINT('',(0.356041443559,0.833738065159));
#7496 = CARTESIAN_POINT('',(0.356048921089,0.838452318165));
#7497 = CARTESIAN_POINT('',(0.356054929932,0.843167421057));
#7498 = CARTESIAN_POINT('',(0.356061749294,0.850525009657));
#7499 = CARTESIAN_POINT('',(0.356063686244,0.85316838126));
#7500 = CARTESIAN_POINT('',(0.356065091228,0.85581176));
#7501 = CARTESIAN_POINT('',(0.356065975753,0.858455154464));
#7502 = CARTESIAN_POINT('',(0.356066369297,0.861098604128));
#7503 = CARTESIAN_POINT('',(0.356066306772,0.863742111377));
#7504 = CARTESIAN_POINT('',(0.356064808155,0.871813790063));
#7505 = CARTESIAN_POINT('',(0.356061988265,0.877243927583));
#7506 = CARTESIAN_POINT('',(0.356057669831,0.882672631771));
#7507 = CARTESIAN_POINT('',(0.356051993561,0.888100306374));
#7508 = CARTESIAN_POINT('',(0.356045269164,0.893528646443));
#7509 = CARTESIAN_POINT('',(0.356038179875,0.898958145011));
#7510 = CARTESIAN_POINT('',(0.356028508714,0.907250104605));
#7511 = CARTESIAN_POINT('',(0.356025377501,0.910114652546));
#7512 = CARTESIAN_POINT('',(0.356022609542,0.912979095281));
#7513 = CARTESIAN_POINT('',(0.356020392217,0.915843465382));
#7514 = CARTESIAN_POINT('',(0.356018919004,0.918707845854));
#7515 = CARTESIAN_POINT('',(0.356018361654,0.921572266257));
#7516 = CARTESIAN_POINT('',(0.356019852302,0.930454010078));
#7517 = CARTESIAN_POINT('',(0.356025424635,0.936474631858));
#7518 = CARTESIAN_POINT('',(0.356036759778,0.942492797619));
#7519 = CARTESIAN_POINT('',(0.356053394057,0.948510483501));
#7520 = CARTESIAN_POINT('',(0.356073271368,0.954529550849));
#7521 = CARTESIAN_POINT('',(0.356085611073,0.960551942916));
#7522 = CARTESIAN_POINT('',(0.356082750262,0.971289521092));
#7523 = CARTESIAN_POINT('',(0.356072829419,0.976008751442));
#7524 = CARTESIAN_POINT('',(0.356051718003,0.980727339089));
#7525 = CARTESIAN_POINT('',(0.356017112017,0.985445049397));
#7526 = CARTESIAN_POINT('',(0.355974353808,0.990162076529));
#7527 = CARTESIAN_POINT('',(0.355945365278,0.994876933902));
#7528 = CARTESIAN_POINT('',(0.355979090744,0.999583392363));
#7529 = ( GEOMETRIC_REPRESENTATION_CONTEXT(2) 
PARAMETRIC_REPRESENTATION_CONTEXT() REPRESENTATION_CONTEXT('2D SPACE',''
  ) );
#7530 = PCURVE('',#7531,#7536);
#7531 = CYLINDRICAL_SURFACE('',#7532,1.4);
#7532 = AXIS2_PLACEMENT_3D('',#7533,#7534,#7535);
#7533 = CARTESIAN_POINT('',(0.,0.,-7.4));
#7534 = DIRECTION('',(0.,0.,1.));
#7535 = DIRECTION('',(1.,0.,-0.));
#7536 = DEFINITIONAL_REPRESENTATION('',(#7537),#7618);
#7537 = B_SPLINE_CURVE_WITH_KNOTS('',7,(#7538,#7539,#7540,#7541,#7542,
    #7543,#7544,#7545,#7546,#7547,#7548,#7549,#7550,#7551,#7552,#7553,
    #7554,#7555,#7556,#7557,#7558,#7559,#7560,#7561,#7562,#7563,#7564,
    #7565,#7566,#7567,#7568,#7569,#7570,#7571,#7572,#7573,#7574,#7575,
    #7576,#7577,#7578,#7579,#7580,#7581,#7582,#7583,#7584,#7585,#7586,
    #7587,#7588,#7589,#7590,#7591,#7592,#7593,#7594,#7595,#7596,#7597,
    #7598,#7599,#7600,#7601,#7602,#7603,#7604,#7605,#7606,#7607,#7608,
    #7609,#7610,#7611,#7612,#7613,#7614,#7615,#7616,#7617),
  .UNSPECIFIED.,.F.,.F.,(8,6,6,6,6,6,6,6,6,6,6,6,6,8),(0.,
    7.068099177741E-02,0.163133900011,0.248875005937,0.267716225355,
    0.331316242914,0.377268875083,0.445885997541,0.544889867559,
    0.600400457734,0.714388661622,0.774550266923,0.900938216426,1.),
  .UNSPECIFIED.);
#7538 = CARTESIAN_POINT('',(6.28318530718,1.146244959521));
#7539 = CARTESIAN_POINT('',(6.219746274273,1.141200206533));
#7540 = CARTESIAN_POINT('',(6.156303798591,1.136154502215));
#7541 = CARTESIAN_POINT('',(6.092863755831,1.131107663792));
#7542 = CARTESIAN_POINT('',(6.029425319504,1.126059211956));
#7543 = CARTESIAN_POINT('',(5.965985400277,1.12100908259));
#7544 = CARTESIAN_POINT('',(5.902543099732,1.115957929922));
#7545 = CARTESIAN_POINT('',(5.756124121038,1.10430027728));
#7546 = CARTESIAN_POINT('',(5.673131713892,1.097692527782));
#7547 = CARTESIAN_POINT('',(5.590148441954,1.091087195349));
#7548 = CARTESIAN_POINT('',(5.507170719086,1.084486417897));
#7549 = CARTESIAN_POINT('',(5.424186774314,1.077889811507));
#7550 = CARTESIAN_POINT('',(5.341193433449,1.071295151017));
#7551 = CARTESIAN_POINT('',(5.181256302875,1.058585503247));
#7552 = CARTESIAN_POINT('',(5.104291374741,1.0524688607));
#7553 = CARTESIAN_POINT('',(5.027332957499,1.046350045323));
#7554 = CARTESIAN_POINT('',(4.950378824716,1.040224836075));
#7555 = CARTESIAN_POINT('',(4.87342097575,1.034090389404));
#7556 = CARTESIAN_POINT('',(4.796457230351,1.027945847734));
#7557 = CARTESIAN_POINT('',(4.702592680899,1.020436003522));
#7558 = CARTESIAN_POINT('',(4.685682166064,1.019085254355));
#7559 = CARTESIAN_POINT('',(4.668771583257,1.017736437882));
#7560 = CARTESIAN_POINT('',(4.651860985174,1.01638925387));
#7561 = CARTESIAN_POINT('',(4.634950369317,1.015043369657));
#7562 = CARTESIAN_POINT('',(4.618039677991,1.013698420155));
#7563 = CARTESIAN_POINT('',(4.544044794285,1.007815838393));
#7564 = CARTESIAN_POINT('',(4.486958510889,1.003285683199));
#7565 = CARTESIAN_POINT('',(4.429873557575,0.998756853322));
#7566 = CARTESIAN_POINT('',(4.372789591451,0.994225781146));
#7567 = CARTESIAN_POINT('',(4.315704905149,0.989691169519));
#7568 = CARTESIAN_POINT('',(4.258619014697,0.985153140906));
#7569 = CARTESIAN_POINT('',(4.160290771963,0.977331575865));
#7570 = CARTESIAN_POINT('',(4.119045612318,0.974049210285));
#7571 = CARTESIAN_POINT('',(4.077800690929,0.970765582001));
#7572 = CARTESIAN_POINT('',(4.036556046582,0.967481018891));
#7573 = CARTESIAN_POINT('',(3.995311350911,0.964195858997));
#7574 = CARTESIAN_POINT('',(3.954066424932,0.960910425015));
#7575 = CARTESIAN_POINT('',(3.851234629979,0.952719153756));
#7576 = CARTESIAN_POINT('',(3.789644769779,0.947813059151));
#7577 = CARTESIAN_POINT('',(3.728056881,0.942907998705));
#7578 = CARTESIAN_POINT('',(3.666470197132,0.938004383373));
#7579 = CARTESIAN_POINT('',(3.604882144822,0.933102131484));
#7580 = CARTESIAN_POINT('',(3.543292009589,0.928201048886));
#7581 = CARTESIAN_POINT('',(3.392843519565,0.916231499868));
#7582 = CARTESIAN_POINT('',(3.303964695547,0.909162533036));
#7583 = CARTESIAN_POINT('',(3.215098840608,0.902095903947));
#7584 = CARTESIAN_POINT('',(3.126241267272,0.895029877338));
#7585 = CARTESIAN_POINT('',(3.037375466805,0.887962168999));
#7586 = CARTESIAN_POINT('',(2.948496707424,0.880892095772));
#7587 = CARTESIAN_POINT('',(2.809812049962,0.86985800668));
#7588 = CARTESIAN_POINT('',(2.759987504857,0.86589342499));
#7589 = CARTESIAN_POINT('',(2.710163687539,0.861928483796));
#7590 = CARTESIAN_POINT('',(2.66034033462,0.857963200405));
#7591 = CARTESIAN_POINT('',(2.610516548946,0.853997565146));
#7592 = CARTESIAN_POINT('',(2.560692098717,0.850031632044));
#7593 = CARTESIAN_POINT('',(2.408558908331,0.837921581767));
#7594 = CARTESIAN_POINT('',(2.306213815277,0.82977400805));
#7595 = CARTESIAN_POINT('',(2.203894924195,0.821628407771));
#7596 = CARTESIAN_POINT('',(2.101592640185,0.813484601903));
#7597 = CARTESIAN_POINT('',(1.99927368507,0.805340187465));
#7598 = CARTESIAN_POINT('',(1.896928489249,0.797194334828));
#7599 = CARTESIAN_POINT('',(1.740620633843,0.784754432654));
#7600 = CARTESIAN_POINT('',(1.686621336857,0.780457021535));
#7601 = CARTESIAN_POINT('',(1.632623074602,0.776159856105));
#7602 = CARTESIAN_POINT('',(1.578625404407,0.771862895132));
#7603 = CARTESIAN_POINT('',(1.524626997283,0.767566034099));
#7604 = CARTESIAN_POINT('',(1.470627582809,0.763269264756));
#7605 = CARTESIAN_POINT('',(1.303191146306,0.749946862324));
#7606 = CARTESIAN_POINT('',(1.189692194247,0.740916982321));
#7607 = CARTESIAN_POINT('',(1.076242750229,0.731892226305));
#7608 = CARTESIAN_POINT('',(0.962809536468,0.722870260651));
#7609 = CARTESIAN_POINT('',(0.849360010291,0.713849328004));
#7610 = CARTESIAN_POINT('',(0.735860687909,0.704824933469));
#7611 = CARTESIAN_POINT('',(0.533509327998,0.688727377757));
#7612 = CARTESIAN_POINT('',(0.444578467733,0.681649757688));
#7613 = CARTESIAN_POINT('',(0.355661053628,0.674567885115));
#7614 = CARTESIAN_POINT('',(0.266752780182,0.667477420546));
#7615 = CARTESIAN_POINT('',(0.177837161926,0.660372207042));
#7616 = CARTESIAN_POINT('',(8.89093818984E-02,0.65324727104));
#7617 = CARTESIAN_POINT('',(0.,0.646102141158));
#7618 = ( GEOMETRIC_REPRESENTATION_CONTEXT(2) 
PARAMETRIC_REPRESENTATION_CONTEXT() REPRESENTATION_CONTEXT('2D SPACE',''
  ) );
#7619 = ORIENTED_EDGE('',*,*,#7620,.T.);
#7620 = EDGE_CURVE('',#7362,#7621,#7623,.T.);
#7621 = VERTEX_POINT('',#7622);
#7622 = CARTESIAN_POINT('',(1.317934797846,0.,-6.790786676922));
#7623 = SURFACE_CURVE('',#7624,(#7667,#7713),.PCURVE_S1.);
#7624 = B_SPLINE_CURVE_WITH_KNOTS('',6,(#7625,#7626,#7627,#7628,#7629,
    #7630,#7631,#7632,#7633,#7634,#7635,#7636,#7637,#7638,#7639,#7640,
    #7641,#7642,#7643,#7644,#7645,#7646,#7647,#7648,#7649,#7650,#7651,
    #7652,#7653,#7654,#7655,#7656,#7657,#7658,#7659,#7660,#7661,#7662,
    #7663,#7664,#7665,#7666),.UNSPECIFIED.,.F.,.F.,(7,5,5,5,5,5,5,5,7),(
    0.,0.1161532806,0.240006541892,0.360234012102,0.487304049234,
    0.613468311447,0.739276253669,0.865185409869,1.),.UNSPECIFIED.);
#7625 = CARTESIAN_POINT('',(-0.369152968008,-1.350454029655,-6.4));
#7626 = CARTESIAN_POINT('',(-0.482736120153,-1.317794695739,
    -6.407399239827));
#7627 = CARTESIAN_POINT('',(-0.592971069944,-1.273639049396,
    -6.414807829824));
#7628 = CARTESIAN_POINT('',(-0.698369332791,-1.218408636892,
    -6.422234178939));
#7629 = CARTESIAN_POINT('',(-0.797562311352,-1.152779718059,
    -6.42967474283));
#7630 = CARTESIAN_POINT('',(-0.889296422315,-1.077628346541,
    -6.437126357209));
#7631 = CARTESIAN_POINT('',(-1.061176198634,-0.904952909468,
    -6.452536694867));
#7632 = CARTESIAN_POINT('',(-1.140173376532,-0.806252976602,
    -6.460498333294));
#7633 = CARTESIAN_POINT('',(-1.208133435414,-0.699296752001,
    -6.46846318972));
#7634 = CARTESIAN_POINT('',(-1.264017611479,-0.585631332154,
    -6.47643115555));
#7635 = CARTESIAN_POINT('',(-1.307044090348,-0.466953446735,
    -6.484404971706));
#7636 = CARTESIAN_POINT('',(-1.365623799842,-0.226840515954,
    -6.500128594734));
#7637 = CARTESIAN_POINT('',(-1.381952056094,-0.105556687979,
    -6.507880146972));
#7638 = CARTESIAN_POINT('',(-1.385336346112,1.704898765545E-02,
    -6.515637388131));
#7639 = CARTESIAN_POINT('',(-1.375686094737,0.139262241454,
    -6.523402945265));
#7640 = CARTESIAN_POINT('',(-1.35318034299,0.259371887295,
    -6.531178447785));
#7641 = CARTESIAN_POINT('',(-1.281492673343,0.498654556129,-6.5471880363
    ));
#7642 = CARTESIAN_POINT('',(-1.230854495154,0.61742165154,
    -6.555425427504));
#7643 = CARTESIAN_POINT('',(-1.167002288886,0.730016099556,
    -6.563671052788));
#7644 = CARTESIAN_POINT('',(-1.090898375428,0.834637014045,
    -6.571925618206));
#7645 = CARTESIAN_POINT('',(-1.003789323871,0.929661087972,
    -6.58018997235));
#7646 = CARTESIAN_POINT('',(-0.811409451161,1.097190349023,
    -6.596672973543));
#7647 = CARTESIAN_POINT('',(-0.706241986657,1.169877822615,
    -6.604894094975));
#7648 = CARTESIAN_POINT('',(-0.593289655523,1.230441197121,
    -6.613121163003));
#7649 = CARTESIAN_POINT('',(-0.47430191984,1.277884930631,
    -6.621355645597));
#7650 = CARTESIAN_POINT('',(-0.351171885307,1.31151081475,
    -6.629599444253));
#7651 = CARTESIAN_POINT('',(-0.101048344553,1.350458362253,
    -6.646077014443));
#7652 = CARTESIAN_POINT('',(2.597290081007E-02,1.355865873882,
    -6.654313315397));
#7653 = CARTESIAN_POINT('',(0.153115258896,1.346914702827,
    -6.662556071076));
#7654 = CARTESIAN_POINT('',(0.278370434651,1.323695700496,
    -6.670806707395));
#7655 = CARTESIAN_POINT('',(0.399767494898,1.286628310053,
    -6.679066033681));
#7656 = CARTESIAN_POINT('',(0.631177249629,1.18640756331,-6.695602566202
    ));
#7657 = CARTESIAN_POINT('',(0.741217915019,1.123217136616,
    -6.703882381913));
#7658 = CARTESIAN_POINT('',(0.843655037456,1.047780139715,
    -6.712167341681));
#7659 = CARTESIAN_POINT('',(0.93682447739,0.961258800693,-6.720458903833
    ));
#7660 = CARTESIAN_POINT('',(1.019271970556,0.865076709295,
    -6.728761046961));
#7661 = CARTESIAN_POINT('',(1.165403402972,0.64947235331,-6.745976379826
    ));
#7662 = CARTESIAN_POINT('',(1.22737733332,0.52884380011,-6.754894725635)
  );
#7663 = CARTESIAN_POINT('',(1.274320597082,0.401182573261,
    -6.763829740025));
#7664 = CARTESIAN_POINT('',(1.305305940639,0.268825334372,
    -6.772790725202));
#7665 = CARTESIAN_POINT('',(1.319825857379,0.134240288646,
    -6.781781617613));
#7666 = CARTESIAN_POINT('',(1.317934797846,-2.22044604925E-16,
    -6.790786676922));
#7667 = PCURVE('',#6272,#7668);
#7668 = DEFINITIONAL_REPRESENTATION('',(#7669),#7712);
#7669 = B_SPLINE_CURVE_WITH_KNOTS('',6,(#7670,#7671,#7672,#7673,#7674,
    #7675,#7676,#7677,#7678,#7679,#7680,#7681,#7682,#7683,#7684,#7685,
    #7686,#7687,#7688,#7689,#7690,#7691,#7692,#7693,#7694,#7695,#7696,
    #7697,#7698,#7699,#7700,#7701,#7702,#7703,#7704,#7705,#7706,#7707,
    #7708,#7709,#7710,#7711),.UNSPECIFIED.,.F.,.F.,(7,5,5,5,5,5,5,5,7),(
    0.,0.1161532806,0.240006541892,0.360234012102,0.487304049234,
    0.613468311447,0.739276253669,0.865185409869,1.),.UNSPECIFIED.);
#7670 = CARTESIAN_POINT('',(0.356048968165,0.76374586186));
#7671 = CARTESIAN_POINT('',(0.354372675252,0.768225927931));
#7672 = CARTESIAN_POINT('',(0.352686324887,0.772710742752));
#7673 = CARTESIAN_POINT('',(0.35097646286,0.777198627889));
#7674 = CARTESIAN_POINT('',(0.349252846136,0.781690401276));
#7675 = CARTESIAN_POINT('',(0.347522407687,0.786186530485));
#7676 = CARTESIAN_POINT('',(0.34394462199,0.795483834117));
#7677 = CARTESIAN_POINT('',(0.342096568587,0.800286680423));
#7678 = CARTESIAN_POINT('',(0.340253641174,0.805093160215));
#7679 = CARTESIAN_POINT('',(0.33841721665,0.809904037221));
#7680 = CARTESIAN_POINT('',(0.336584280537,0.81472017895));
#7681 = CARTESIAN_POINT('',(0.332975492337,0.824219163784));
#7682 = CARTESIAN_POINT('',(0.331199060178,0.828902995867));
#7683 = CARTESIAN_POINT('',(0.32942201549,0.833590508086));
#7684 = CARTESIAN_POINT('',(0.327641715105,0.838282459095));
#7685 = CARTESIAN_POINT('',(0.325857298443,0.842979611561));
#7686 = CARTESIAN_POINT('',(0.322179395029,0.852649340447));
#7687 = CARTESIAN_POINT('',(0.320284938216,0.857623824483));
#7688 = CARTESIAN_POINT('',(0.318386501257,0.862602444324));
#7689 = CARTESIAN_POINT('',(0.316484714892,0.867586052456));
#7690 = CARTESIAN_POINT('',(0.314579799131,0.872575512169));
#7691 = CARTESIAN_POINT('',(0.310779100475,0.882527006273));
#7692 = CARTESIAN_POINT('',(0.308882754995,0.887490533337));
#7693 = CARTESIAN_POINT('',(0.306984539558,0.892457887647));
#7694 = CARTESIAN_POINT('',(0.30508400325,0.897429905705));
#7695 = CARTESIAN_POINT('',(0.303180874221,0.902407547693));
#7696 = CARTESIAN_POINT('',(0.299377664431,0.912356798526));
#7697 = CARTESIAN_POINT('',(0.297476995916,0.917329932824));
#7698 = CARTESIAN_POINT('',(0.295575968473,0.922306982032));
#7699 = CARTESIAN_POINT('',(0.293675578824,0.927288952973));
#7700 = CARTESIAN_POINT('',(0.291777382179,0.932276909879));
#7701 = CARTESIAN_POINT('',(0.287984443392,0.942265609251));
#7702 = CARTESIAN_POINT('',(0.286089138079,0.947267934459));
#7703 = CARTESIAN_POINT('',(0.284195914246,0.952274587311));
#7704 = CARTESIAN_POINT('',(0.282302644965,0.957286503263));
#7705 = CARTESIAN_POINT('',(0.280400628199,0.96230468026));
#7706 = CARTESIAN_POINT('',(0.276434082104,0.972705041768));
#7707 = CARTESIAN_POINT('',(0.274366580751,0.978089926799));
#7708 = CARTESIAN_POINT('',(0.272278611162,0.983479225891));
#7709 = CARTESIAN_POINT('',(0.270163784467,0.988873546258));
#7710 = CARTESIAN_POINT('',(0.268051464948,0.994273377997));
#7711 = CARTESIAN_POINT('',(0.266031219045,0.999669151462));
#7712 = ( GEOMETRIC_REPRESENTATION_CONTEXT(2) 
PARAMETRIC_REPRESENTATION_CONTEXT() REPRESENTATION_CONTEXT('2D SPACE',''
  ) );
#7713 = PCURVE('',#7714,#7719);
#7714 = CONICAL_SURFACE('',#7715,1.4,0.20699219422);
#7715 = AXIS2_PLACEMENT_3D('',#7716,#7717,#7718);
#7716 = CARTESIAN_POINT('',(0.,0.,-6.4));
#7717 = DIRECTION('',(0.,0.,1.));
#7718 = DIRECTION('',(1.,0.,0.));
#7719 = DEFINITIONAL_REPRESENTATION('',(#7720),#7763);
#7720 = B_SPLINE_CURVE_WITH_KNOTS('',6,(#7721,#7722,#7723,#7724,#7725,
    #7726,#7727,#7728,#7729,#7730,#7731,#7732,#7733,#7734,#7735,#7736,
    #7737,#7738,#7739,#7740,#7741,#7742,#7743,#7744,#7745,#7746,#7747,
    #7748,#7749,#7750,#7751,#7752,#7753,#7754,#7755,#7756,#7757,#7758,
    #7759,#7760,#7761,#7762),.UNSPECIFIED.,.F.,.F.,(7,5,5,5,5,5,5,5,7),(
    0.,0.1161532806,0.240006541892,0.360234012102,0.487304049234,
    0.613468311447,0.739276253669,0.865185409869,1.),.UNSPECIFIED.);
#7721 = CARTESIAN_POINT('',(4.44555302612,0.));
#7722 = CARTESIAN_POINT('',(4.361142252874,-7.399239087634E-03));
#7723 = CARTESIAN_POINT('',(4.276648459382,-1.480783091438E-02));
#7724 = CARTESIAN_POINT('',(4.192092069454,-2.223417802727E-02));
#7725 = CARTESIAN_POINT('',(4.107461702122,-2.967474274699E-02));
#7726 = CARTESIAN_POINT('',(4.022746194933,-3.712635713682E-02));
#7727 = CARTESIAN_POINT('',(3.847562855992,-5.253669479424E-02));
#7728 = CARTESIAN_POINT('',(3.757063045967,-6.049833403825E-02));
#7729 = CARTESIAN_POINT('',(3.666492007622,-6.846318934183E-02));
#7730 = CARTESIAN_POINT('',(3.575835243899,-7.643115559641E-02));
#7731 = CARTESIAN_POINT('',(3.485077489016,-8.440497189749E-02));
#7732 = CARTESIAN_POINT('',(3.306073098849,-0.100128594925));
#7733 = CARTESIAN_POINT('',(3.217807851372,-0.107880147058));
#7734 = CARTESIAN_POINT('',(3.129474080707,-0.115637387865));
#7735 = CARTESIAN_POINT('',(3.041059028433,-0.123402945374));
#7736 = CARTESIAN_POINT('',(2.952549096158,-0.131178447785));
#7737 = CARTESIAN_POINT('',(2.770345539287,-0.1471880363));
#7738 = CARTESIAN_POINT('',(2.676616322733,-0.155425427504));
#7739 = CARTESIAN_POINT('',(2.582812446189,-0.163671052788));
#7740 = CARTESIAN_POINT('',(2.488916626693,-0.171925618206));
#7741 = CARTESIAN_POINT('',(2.394910648733,-0.18018997235));
#7742 = CARTESIAN_POINT('',(2.207412648053,-0.196672973543));
#7743 = CARTESIAN_POINT('',(2.113892517998,-0.204894094975));
#7744 = CARTESIAN_POINT('',(2.020297449878,-0.213121163003));
#7745 = CARTESIAN_POINT('',(1.926610574941,-0.221355645597));
#7746 = CARTESIAN_POINT('',(1.832814011251,-0.229599444253));
#7747 = CARTESIAN_POINT('',(1.645329276325,-0.246077014443));
#7748 = CARTESIAN_POINT('',(1.551612376336,-0.254313315397));
#7749 = CARTESIAN_POINT('',(1.457820101258,-0.262556071076));
#7750 = CARTESIAN_POINT('',(1.363935419978,-0.270806707395));
#7751 = CARTESIAN_POINT('',(1.269940301854,-0.279066033681));
#7752 = CARTESIAN_POINT('',(1.081716545715,-0.295602566202));
#7753 = CARTESIAN_POINT('',(0.987458070793,-0.303882381913));
#7754 = CARTESIAN_POINT('',(0.893123242124,-0.312167341681));
#7755 = CARTESIAN_POINT('',(0.798694761397,-0.320458903833));
#7756 = CARTESIAN_POINT('',(0.704154486465,-0.328761046961));
#7757 = CARTESIAN_POINT('',(0.508222699331,-0.345976379826));
#7758 = CARTESIAN_POINT('',(0.406780647637,-0.354894725224));
#7759 = CARTESIAN_POINT('',(0.305255716481,-0.363829741135));
#7760 = CARTESIAN_POINT('',(0.203623458782,-0.372790723969));
#7761 = CARTESIAN_POINT('',(0.101856547733,-0.381781618201));
#7762 = CARTESIAN_POINT('',(0.,-0.390786676922));
#7763 = ( GEOMETRIC_REPRESENTATION_CONTEXT(2) 
PARAMETRIC_REPRESENTATION_CONTEXT() REPRESENTATION_CONTEXT('2D SPACE',''
  ) );
#7764 = ORIENTED_EDGE('',*,*,#7765,.T.);
#7765 = EDGE_CURVE('',#7621,#7766,#7768,.T.);
#7766 = VERTEX_POINT('',#7767);
#7767 = CARTESIAN_POINT('',(1.317797115614,-8.034207957239E-03,
    -6.791325683587));
#7768 = SURFACE_CURVE('',#7769,(#7775,#7784),.PCURVE_S1.);
#7769 = B_SPLINE_CURVE_WITH_KNOTS('',3,(#7770,#7771,#7772,#7773,#7774),
  .UNSPECIFIED.,.F.,.F.,(4,1,4),(0.,6.21523675435E-02,1.),
  .UNSPECIFIED.);
#7770 = CARTESIAN_POINT('',(1.317934797846,1.016547956922E-15,
    -6.790786676922));
#7771 = CARTESIAN_POINT('',(1.317932395586,-1.705285956376E-04,
    -6.790798116259));
#7772 = CARTESIAN_POINT('',(1.317893211724,-2.914241922582E-03,
    -6.790982170246));
#7773 = CARTESIAN_POINT('',(1.317845458871,-5.657752142297E-03,
    -6.791166230317));
#7774 = CARTESIAN_POINT('',(1.31779313591,-8.2306216971E-03,
    -6.791338862335));
#7775 = PCURVE('',#6272,#7776);
#7776 = DEFINITIONAL_REPRESENTATION('',(#7777),#7783);
#7777 = B_SPLINE_CURVE_WITH_KNOTS('',3,(#7778,#7779,#7780,#7781,#7782),
  .UNSPECIFIED.,.F.,.F.,(4,1,4),(0.,6.21523675435E-02,1.),
  .UNSPECIFIED.);
#7778 = CARTESIAN_POINT('',(0.266031194403,0.999669153792));
#7779 = CARTESIAN_POINT('',(0.266028628042,0.99967600817));
#7780 = CARTESIAN_POINT('',(0.265987339484,0.999786291741));
#7781 = CARTESIAN_POINT('',(0.265946099344,0.999896572366));
#7782 = CARTESIAN_POINT('',(0.265907465043,1.));
#7783 = ( GEOMETRIC_REPRESENTATION_CONTEXT(2) 
PARAMETRIC_REPRESENTATION_CONTEXT() REPRESENTATION_CONTEXT('2D SPACE',''
  ) );
#7784 = PCURVE('',#7785,#7790);
#7785 = CONICAL_SURFACE('',#7786,1.4,0.20699219422);
#7786 = AXIS2_PLACEMENT_3D('',#7787,#7788,#7789);
#7787 = CARTESIAN_POINT('',(0.,0.,-6.4));
#7788 = DIRECTION('',(0.,0.,1.));
#7789 = DIRECTION('',(1.,0.,0.));
#7790 = DEFINITIONAL_REPRESENTATION('',(#7791),#7797);
#7791 = B_SPLINE_CURVE_WITH_KNOTS('',3,(#7792,#7793,#7794,#7795,#7796),
  .UNSPECIFIED.,.F.,.F.,(4,1,4),(0.,6.21523675435E-02,1.),
  .UNSPECIFIED.);
#7792 = CARTESIAN_POINT('',(6.28318530718,-0.390786676922));
#7793 = CARTESIAN_POINT('',(6.283055916412,-0.390798116259));
#7794 = CARTESIAN_POINT('',(6.280974077208,-0.390982170246));
#7795 = CARTESIAN_POINT('',(6.27889220643,-0.391166230317));
#7796 = CARTESIAN_POINT('',(6.276939626844,-0.391338862335));
#7797 = ( GEOMETRIC_REPRESENTATION_CONTEXT(2) 
PARAMETRIC_REPRESENTATION_CONTEXT() REPRESENTATION_CONTEXT('2D SPACE',''
  ) );
#7798 = ORIENTED_EDGE('',*,*,#7799,.T.);
#7799 = EDGE_CURVE('',#7766,#6929,#7800,.T.);
#7800 = SURFACE_CURVE('',#7801,(#7816,#7834),.PCURVE_S1.);
#7801 = B_SPLINE_CURVE_WITH_KNOTS('',4,(#7802,#7803,#7804,#7805,#7806,
    #7807,#7808,#7809,#7810,#7811,#7812,#7813,#7814,#7815),
  .UNSPECIFIED.,.F.,.F.,(5,3,3,3,5),(0.,0.249999995118,0.499999993061,
    0.749999994428,1.),.UNSPECIFIED.);
#7802 = CARTESIAN_POINT('',(1.400087012372,-1.075981880119E-02,
    -6.754457842663));
#7803 = CARTESIAN_POINT('',(1.379784011806,-1.008734539465E-02,
    -6.76355402113));
#7804 = CARTESIAN_POINT('',(1.359481023046,-9.414870036463E-03,
    -6.772650225976));
#7805 = CARTESIAN_POINT('',(1.339178047114,-8.742392557795E-03,
    -6.781746459482));
#7806 = CARTESIAN_POINT('',(1.298572123274,-7.39743292241E-03,
    -6.79993898972));
#7807 = CARTESIAN_POINT('',(1.27826917537,-6.724950765136E-03,
    -6.80903528646));
#7808 = CARTESIAN_POINT('',(1.257966242893,-6.052466057798E-03,
    -6.818131617667));
#7809 = CARTESIAN_POINT('',(1.217360411865,-4.707490980129E-03,
    -6.83632435662));
#7810 = CARTESIAN_POINT('',(1.197057513319,-4.035000608977E-03,
    -6.845420764377));
#7811 = CARTESIAN_POINT('',(1.17675463355,-3.362507134013E-03,
    -6.854517214085));
#7812 = CARTESIAN_POINT('',(1.136148915617,-2.017513239066E-03,
    -6.872710207368));
#7813 = CARTESIAN_POINT('',(1.115846077462,-1.345012817848E-03,
    -6.88180675096));
#7814 = CARTESIAN_POINT('',(1.095543262477,-6.72508566674E-04,
    -6.890903346316));
#7815 = CARTESIAN_POINT('',(1.0752404736,2.486245835132E-15,-6.9));
#7816 = PCURVE('',#6272,#7817);
#7817 = DEFINITIONAL_REPRESENTATION('',(#7818),#7833);
#7818 = B_SPLINE_CURVE_WITH_KNOTS('',4,(#7819,#7820,#7821,#7822,#7823,
    #7824,#7825,#7826,#7827,#7828,#7829,#7830,#7831,#7832),
  .UNSPECIFIED.,.F.,.F.,(5,3,3,3,5),(0.,0.249999995118,0.499999993061,
    0.749999994428,1.),.UNSPECIFIED.);
#7819 = CARTESIAN_POINT('',(0.356122891249,0.999990048463));
#7820 = CARTESIAN_POINT('',(0.333865210435,0.999990525816));
#7821 = CARTESIAN_POINT('',(0.31160752969,0.99999102167));
#7822 = CARTESIAN_POINT('',(0.289349849022,0.999991537626));
#7823 = CARTESIAN_POINT('',(0.2448344876,0.999992613811));
#7824 = CARTESIAN_POINT('',(0.222576806847,0.999993174046));
#7825 = CARTESIAN_POINT('',(0.200319126185,0.999993758454));
#7826 = CARTESIAN_POINT('',(0.155803764759,0.999994980869));
#7827 = CARTESIAN_POINT('',(0.133546083995,0.999995618883));
#7828 = CARTESIAN_POINT('',(0.111288403341,0.99999628632));
#7829 = CARTESIAN_POINT('',(6.677304190876E-02,0.999997686927));
#7830 = CARTESIAN_POINT('',(4.451536112948E-02,0.999998420108));
#7831 = CARTESIAN_POINT('',(2.225768048739E-02,0.999999189598));
#7832 = CARTESIAN_POINT('',(0.,1.));
#7833 = ( GEOMETRIC_REPRESENTATION_CONTEXT(2) 
PARAMETRIC_REPRESENTATION_CONTEXT() REPRESENTATION_CONTEXT('2D SPACE',''
  ) );
#7834 = PCURVE('',#7835,#7840);
#7835 = PLANE('',#7836);
#7836 = AXIS2_PLACEMENT_3D('',#7837,#7838,#7839);
#7837 = CARTESIAN_POINT('',(1.397846756525,7.021832288581E-06,
    -6.899999740624));
#7838 = DIRECTION('',(-2.176595018811E-05,0.997274812679,
    7.377633442748E-02));
#7839 = DIRECTION('',(2.117582368136E-22,-7.377633444496E-02,
    0.997274812916));
#7840 = DEFINITIONAL_REPRESENTATION('',(#7841),#7856);
#7841 = B_SPLINE_CURVE_WITH_KNOTS('',4,(#7842,#7843,#7844,#7845,#7846,
    #7847,#7848,#7849,#7850,#7851,#7852,#7853,#7854,#7855),
  .UNSPECIFIED.,.F.,.F.,(5,3,3,3,5),(0.,0.249999995118,0.499999993061,
    0.749999994428,1.),.UNSPECIFIED.);
#7842 = CARTESIAN_POINT('',(0.145939607096,2.240255847931E-03));
#7843 = CARTESIAN_POINT('',(0.136818604794,-1.806274472344E-02));
#7844 = CARTESIAN_POINT('',(0.127697576041,-3.836573348824E-02));
#7845 = CARTESIAN_POINT('',(0.11857651855,-5.866870942513E-02));
#7846 = CARTESIAN_POINT('',(0.100334340168,-9.927463327405E-02));
#7847 = CARTESIAN_POINT('',(9.121321926975E-02,-0.119577581183));
#7848 = CARTESIAN_POINT('',(8.209206381086E-02,-0.139880513664));
#7849 = CARTESIAN_POINT('',(6.384967614409E-02,-0.180486344702));
#7850 = CARTESIAN_POINT('',(5.472844392511E-02,-0.200789243254));
#7851 = CARTESIAN_POINT('',(4.560716964108E-02,-0.221092123028));
#7852 = CARTESIAN_POINT('',(2.736452694914E-02,-0.26169784097));
#7853 = CARTESIAN_POINT('',(1.824315852448E-02,-0.28200067913));
#7854 = CARTESIAN_POINT('',(9.121738193575E-03,-0.30230349412));
#7855 = CARTESIAN_POINT('',(2.593759464986E-07,-0.322606283001));
#7856 = ( GEOMETRIC_REPRESENTATION_CONTEXT(2) 
PARAMETRIC_REPRESENTATION_CONTEXT() REPRESENTATION_CONTEXT('2D SPACE',''
  ) );
#7857 = ADVANCED_FACE('',(#7858),#6593,.T.);
#7858 = FACE_BOUND('',#7859,.T.);
#7859 = EDGE_LOOP('',(#7860,#7861,#8151,#8172));
#7860 = ORIENTED_EDGE('',*,*,#6577,.T.);
#7861 = ORIENTED_EDGE('',*,*,#7862,.T.);
#7862 = EDGE_CURVE('',#6445,#7863,#7865,.T.);
#7863 = VERTEX_POINT('',#7864);
#7864 = CARTESIAN_POINT('',(1.4,-3.429011037613E-16,-6.046563445504));
#7865 = SURFACE_CURVE('',#7866,(#7959,#8055),.PCURVE_S1.);
#7866 = B_SPLINE_CURVE_WITH_KNOTS('',7,(#7867,#7868,#7869,#7870,#7871,
    #7872,#7873,#7874,#7875,#7876,#7877,#7878,#7879,#7880,#7881,#7882,
    #7883,#7884,#7885,#7886,#7887,#7888,#7889,#7890,#7891,#7892,#7893,
    #7894,#7895,#7896,#7897,#7898,#7899,#7900,#7901,#7902,#7903,#7904,
    #7905,#7906,#7907,#7908,#7909,#7910,#7911,#7912,#7913,#7914,#7915,
    #7916,#7917,#7918,#7919,#7920,#7921,#7922,#7923,#7924,#7925,#7926,
    #7927,#7928,#7929,#7930,#7931,#7932,#7933,#7934,#7935,#7936,#7937,
    #7938,#7939,#7940,#7941,#7942,#7943,#7944,#7945,#7946,#7947,#7948,
    #7949,#7950,#7951,#7952,#7953,#7954,#7955,#7956,#7957,#7958),
  .UNSPECIFIED.,.F.,.F.,(8,6,6,6,6,6,6,6,6,6,6,6,6,6,6,8),(0.,
    0.102235607029,0.230935058606,0.296649962938,0.371656307852,
    0.428340802235,0.512350741756,0.574288634875,0.622296234029,
    0.675207388468,0.716235446433,0.737237464228,0.748967965878,
    0.819115251103,0.922804870255,1.),.UNSPECIFIED.);
#7867 = CARTESIAN_POINT('',(1.4,-2.22044604925E-16,-5.546420533185));
#7868 = CARTESIAN_POINT('',(1.4,-0.128449087087,-5.553793898926));
#7869 = CARTESIAN_POINT('',(1.386250564221,-0.25692928634,
    -5.561145974732));
#7870 = CARTESIAN_POINT('',(1.358740612336,-0.383620355822,
    -5.568477022699));
#7871 = CARTESIAN_POINT('',(1.317773279587,-0.506769024677,
    -5.575792601418));
#7872 = CARTESIAN_POINT('',(1.263907297812,-0.624694435424,
    -5.583099564528));
#7873 = CARTESIAN_POINT('',(1.197949628578,-0.735810601711,
    -5.590402590856));
#7874 = CARTESIAN_POINT('',(1.024130369578,-0.968145409142,
    -5.606889169552));
#7875 = CARTESIAN_POINT('',(0.90975806021,-1.084645032077,
    -5.616078039699));
#7876 = CARTESIAN_POINT('',(0.78005999826,-1.185182930189,
    -5.625263500646));
#7877 = CARTESIAN_POINT('',(0.637763784177,-1.267442075849,
    -5.634450035275));
#7878 = CARTESIAN_POINT('',(0.485914992083,-1.329661988665,
    -5.643639407424));
#7879 = CARTESIAN_POINT('',(0.327882534757,-1.370635448984,
    -5.652834261935));
#7880 = CARTESIAN_POINT('',(8.536100979788E-02,-1.399832465973,
    -5.666717484286));
#7881 = CARTESIAN_POINT('',(2.70300094432E-03,-1.404061111052,
    -5.671410623588));
#7882 = CARTESIAN_POINT('',(-8.016608425216E-02,-1.402592976363,
    -5.676103826797));
#7883 = CARTESIAN_POINT('',(-0.162775510078,-1.395420288258,
    -5.680797131592));
#7884 = CARTESIAN_POINT('',(-0.244657465067,-1.382583673526,
    -5.685490709731));
#7885 = CARTESIAN_POINT('',(-0.325349622648,-1.364171928684,
    -5.690184620881));
#7886 = CARTESIAN_POINT('',(-0.494622401191,-1.313099474914,
    -5.700236189715));
#7887 = CARTESIAN_POINT('',(-0.582715221178,-1.278789535744,
    -5.705594441112));
#7888 = CARTESIAN_POINT('',(-0.667997088417,-1.237595083175,
    -5.710952712088));
#7889 = CARTESIAN_POINT('',(-0.749827128619,-1.189798708729,
    -5.71631109413));
#7890 = CARTESIAN_POINT('',(-0.827602383554,-1.135752604016,
    -5.721669871496));
#7891 = CARTESIAN_POINT('',(-0.900761899582,-1.075876169558,
    -5.72702903742));
#7892 = CARTESIAN_POINT('',(-1.020209938583,-0.961376181446,
    -5.736437633304));
#7893 = CARTESIAN_POINT('',(-1.068700594764,-0.909038583073,
    -5.740487511494));
#7894 = CARTESIAN_POINT('',(-1.114048016176,-0.853858558059,
    -5.74453725841));
#7895 = CARTESIAN_POINT('',(-1.156053729065,-0.796063560216,
    -5.748586820455));
#7896 = CARTESIAN_POINT('',(-1.194540620251,-0.735897284266,
    -5.752636196944));
#7897 = CARTESIAN_POINT('',(-1.229353631391,-0.673618693648,
    -5.756685336681));
#7898 = CARTESIAN_POINT('',(-1.306314488075,-0.514474717632,
    -5.766734456122));
#7899 = CARTESIAN_POINT('',(-1.343914644562,-0.415396087082,
    -5.77273471231));
#7900 = CARTESIAN_POINT('',(-1.372722532988,-0.31316399726,
    -5.778733542574));
#7901 = CARTESIAN_POINT('',(-1.392435482463,-0.20871586124,
    -5.78473100081));
#7902 = CARTESIAN_POINT('',(-1.402871426501,-0.103016194171,
    -5.790727793746));
#7903 = CARTESIAN_POINT('',(-1.403970489935,2.95171832018E-03,
    -5.796724487211));
#7904 = CARTESIAN_POINT('',(-1.389799220079,0.185780643607,
    -5.807141311631));
#7905 = CARTESIAN_POINT('',(-1.378752945533,0.262982533723,
    -5.811562188127));
#7906 = CARTESIAN_POINT('',(-1.362705341818,0.339401113532,
    -5.815983200084));
#7907 = CARTESIAN_POINT('',(-1.341724900014,0.414648337169,
    -5.820404670275));
#7908 = CARTESIAN_POINT('',(-1.315917215409,0.488345509267,
    -5.824827004423));
#7909 = CARTESIAN_POINT('',(-1.285424488902,0.560125111588,
    -5.829250441689));
#7910 = CARTESIAN_POINT('',(-1.223297207544,0.683507388649,
    -5.837104096276));
#7911 = CARTESIAN_POINT('',(-1.193461002637,0.736019065811,
    -5.840534061637));
#7912 = CARTESIAN_POINT('',(-1.160999234806,0.787003315309,
    -5.843964664735));
#7913 = CARTESIAN_POINT('',(-1.126006415656,0.83630316288,
    -5.847395874754));
#7914 = CARTESIAN_POINT('',(-1.088588450546,0.883769418406,
    -5.850827608315));
#7915 = CARTESIAN_POINT('',(-1.048862341853,0.929261088506,
    -5.854259671222));
#7916 = CARTESIAN_POINT('',(-0.960769066242,1.020461856487,
    -5.861474280886));
#7917 = CARTESIAN_POINT('',(-0.911932484643,1.065719825472,
    -5.865256915925));
#7918 = CARTESIAN_POINT('',(-0.860617528907,1.108242425437,
    -5.869039151561));
#7919 = CARTESIAN_POINT('',(-0.807008695967,1.147867944286,
    -5.872820467507));
#7920 = CARTESIAN_POINT('',(-0.751302953696,1.184450745707,
    -5.876600344366));
#7921 = CARTESIAN_POINT('',(-0.6937090964,1.217861786406,-5.880378331022
    ));
#7922 = CARTESIAN_POINT('',(-0.588494509834,1.271350304513,
    -5.887081906081));
#7923 = CARTESIAN_POINT('',(-0.541537725372,1.292737716132,
    -5.890008492891));
#7924 = CARTESIAN_POINT('',(-0.493679345979,1.312099244231,
    -5.892933659763));
#7925 = CARTESIAN_POINT('',(-0.445024405947,1.329389723315,
    -5.895857472346));
#7926 = CARTESIAN_POINT('',(-0.395680374792,1.344570946364,
    -5.898780274651));
#7927 = CARTESIAN_POINT('',(-0.34575715726,1.357611664824,
    -5.901702689046));
#7928 = CARTESIAN_POINT('',(-0.269572720594,1.374054909031,
    -5.906121845242));
#7929 = CARTESIAN_POINT('',(-0.243655112299,1.379055170094,
    -5.907618273682));
#7930 = CARTESIAN_POINT('',(-0.217629046434,1.383485135703,
    -5.909115047447));
#7931 = CARTESIAN_POINT('',(-0.191509305444,1.387342033445,
    -5.91061235553));
#7932 = CARTESIAN_POINT('',(-0.165310676219,1.390623554586,
    -5.912110430056));
#7933 = CARTESIAN_POINT('',(-0.139047950104,1.393327854072,
    -5.913609546278));
#7934 = CARTESIAN_POINT('',(-9.803955981691E-02,1.396640840537,
    -5.915948101085));
#7935 = CARTESIAN_POINT('',(-8.332868393627E-02,1.397647558472,
    -5.916787515497));
#7936 = CARTESIAN_POINT('',(-6.860585512826E-02,1.398473487282,
    -5.917626851203));
#7937 = CARTESIAN_POINT('',(-5.387371731269E-02,1.39911846069,
    -5.918465593082));
#7938 = CARTESIAN_POINT('',(-3.91349984452E-02,1.399582363199,
    -5.919304125501));
#7939 = CARTESIAN_POINT('',(-2.439251051728E-02,1.399865130093,
    -5.920143732318));
#7940 = CARTESIAN_POINT('',(7.851474805998E-02,1.40057440946,
    -5.926026846868));
#7941 = CARTESIAN_POINT('',(0.166728889442,1.394704554223,-5.93105825078
    ));
#7942 = CARTESIAN_POINT('',(0.254413673646,1.382351760257,
    -5.936082613526));
#7943 = CARTESIAN_POINT('',(0.340998912852,1.363577128368,
    -5.941100465441));
#7944 = CARTESIAN_POINT('',(0.425925769643,1.338501758737,
    -5.946112937301));
#7945 = CARTESIAN_POINT('',(0.508650005495,1.307305979801,
    -5.951121904607));
#7946 = CARTESIAN_POINT('',(0.706895026139,1.215436123257,
    -5.963528854568));
#7947 = CARTESIAN_POINT('',(0.819221354942,1.147781547818,
    -5.970926266094));
#7948 = CARTESIAN_POINT('',(0.923893569606,1.068060319924,
    -5.978322611468));
#7949 = CARTESIAN_POINT('',(1.019386258406,0.977334964334,
    -5.985723502576));
#7950 = CARTESIAN_POINT('',(1.104358445436,0.876879737764,-5.99313156106
    ));
#7951 = CARTESIAN_POINT('',(1.177671735656,0.768163173459,
    -6.000544207879));
#7952 = CARTESIAN_POINT('',(1.283696125518,0.56704363138,-6.013473722366
    ));
#7953 = CARTESIAN_POINT('',(1.322006991469,0.477548105715,-6.01899240986
    ));
#7954 = CARTESIAN_POINT('',(1.353018550915,0.385071514871,
    -6.024510153165));
#7955 = CARTESIAN_POINT('',(1.376462177685,0.290329531007,
    -6.030025933046));
#7956 = CARTESIAN_POINT('',(1.392154742874,0.1940619274,-6.035539749022)
  );
#7957 = CARTESIAN_POINT('',(1.400000000919,9.702726634821E-02,
    -6.041052208536));
#7958 = CARTESIAN_POINT('',(1.4,0.,-6.046563445504));
#7959 = PCURVE('',#6593,#7960);
#7960 = DEFINITIONAL_REPRESENTATION('',(#7961),#8054);
#7961 = B_SPLINE_CURVE_WITH_KNOTS('',7,(#7962,#7963,#7964,#7965,#7966,
    #7967,#7968,#7969,#7970,#7971,#7972,#7973,#7974,#7975,#7976,#7977,
    #7978,#7979,#7980,#7981,#7982,#7983,#7984,#7985,#7986,#7987,#7988,
    #7989,#7990,#7991,#7992,#7993,#7994,#7995,#7996,#7997,#7998,#7999,
    #8000,#8001,#8002,#8003,#8004,#8005,#8006,#8007,#8008,#8009,#8010,
    #8011,#8012,#8013,#8014,#8015,#8016,#8017,#8018,#8019,#8020,#8021,
    #8022,#8023,#8024,#8025,#8026,#8027,#8028,#8029,#8030,#8031,#8032,
    #8033,#8034,#8035,#8036,#8037,#8038,#8039,#8040,#8041,#8042,#8043,
    #8044,#8045,#8046,#8047,#8048,#8049,#8050,#8051,#8052,#8053),
  .UNSPECIFIED.,.F.,.F.,(8,6,6,6,6,6,6,6,6,6,6,6,6,6,6,8),(0.,
    0.102235607029,0.230935058606,0.296649962938,0.371656307852,
    0.428340802235,0.512350741756,0.574288634875,0.622296234029,
    0.675207388468,0.716235446433,0.737237464228,0.748967965878,
    0.819115251103,0.922804870255,1.),.UNSPECIFIED.);
#7962 = CARTESIAN_POINT('',(6.28318530718,1.853579466815));
#7963 = CARTESIAN_POINT('',(6.19143595926,1.846206101074));
#7964 = CARTESIAN_POINT('',(6.099664870687,1.838854025268));
#7965 = CARTESIAN_POINT('',(6.007908034362,1.831522977301));
#7966 = CARTESIAN_POINT('',(5.916160066185,1.824207398582));
#7967 = CARTESIAN_POINT('',(5.82440183196,1.816900435472));
#7968 = CARTESIAN_POINT('',(5.732628046403,1.809597409144));
#7969 = CARTESIAN_POINT('',(5.525371184249,1.793110830448));
#7970 = CARTESIAN_POINT('',(5.409801689481,1.783921960301));
#7971 = CARTESIAN_POINT('',(5.294286762306,1.774736499354));
#7972 = CARTESIAN_POINT('',(5.178789312094,1.765549964725));
#7973 = CARTESIAN_POINT('',(5.063274547052,1.756360592576));
#7974 = CARTESIAN_POINT('',(4.947705280312,1.747165738065));
#7975 = CARTESIAN_POINT('',(4.773224774604,1.733282515714));
#7976 = CARTESIAN_POINT('',(4.714245562264,1.728589376412));
#7977 = CARTESIAN_POINT('',(4.655267986801,1.723896173203));
#7978 = CARTESIAN_POINT('',(4.59629146532,1.719202868408));
#7979 = CARTESIAN_POINT('',(4.537313922123,1.714509290269));
#7980 = CARTESIAN_POINT('',(4.478334757488,1.709815379119));
#7981 = CARTESIAN_POINT('',(4.352042116499,1.699763810285));
#7982 = CARTESIAN_POINT('',(4.284721977265,1.694405558888));
#7983 = CARTESIAN_POINT('',(4.217405137729,1.689047287912));
#7984 = CARTESIAN_POINT('',(4.150090401366,1.68368890587));
#7985 = CARTESIAN_POINT('',(4.082773591487,1.678330128504));
#7986 = CARTESIAN_POINT('',(4.015453506962,1.67297096258));
#7987 = CARTESIAN_POINT('',(3.89726548377,1.663562366696));
#7988 = CARTESIAN_POINT('',(3.846391990281,1.659512488506));
#7989 = CARTESIAN_POINT('',(3.795519285857,1.65546274159));
#7990 = CARTESIAN_POINT('',(3.744647092087,1.651413179545));
#7991 = CARTESIAN_POINT('',(3.693774399457,1.647363803056));
#7992 = CARTESIAN_POINT('',(3.642900902646,1.643314663319));
#7993 = CARTESIAN_POINT('',(3.516632281946,1.633265543878));
#7994 = CARTESIAN_POINT('',(3.441228265131,1.62726528769));
#7995 = CARTESIAN_POINT('',(3.365829959564,1.621266457426));
#7996 = CARTESIAN_POINT('',(3.290435260529,1.61526899919));
#7997 = CARTESIAN_POINT('',(3.215036844959,1.609272206254));
#7998 = CARTESIAN_POINT('',(3.139632630256,1.603275512789));
#7999 = CARTESIAN_POINT('',(3.00864883158,1.592858688369));
#8000 = CARTESIAN_POINT('',(2.953059771921,1.588437811873));
#8001 = CARTESIAN_POINT('',(2.897471942397,1.584016799916));
#8002 = CARTESIAN_POINT('',(2.841884912068,1.579595329725));
#8003 = CARTESIAN_POINT('',(2.786297150005,1.575172995577));
#8004 = CARTESIAN_POINT('',(2.730708246232,1.570749558311));
#8005 = CARTESIAN_POINT('',(2.632035975398,1.562895903724));
#8006 = CARTESIAN_POINT('',(2.588950379572,1.559465938363));
#8007 = CARTESIAN_POINT('',(2.545865168334,1.556035335265));
#8008 = CARTESIAN_POINT('',(2.502780212655,1.552604125246));
#8009 = CARTESIAN_POINT('',(2.459695063267,1.549172391685));
#8010 = CARTESIAN_POINT('',(2.416609582581,1.545740328778));
#8011 = CARTESIAN_POINT('',(2.326038815098,1.538525719114));
#8012 = CARTESIAN_POINT('',(2.278552343456,1.534743084075));
#8013 = CARTESIAN_POINT('',(2.231066404665,1.530960848439));
#8014 = CARTESIAN_POINT('',(2.18358073887,1.527179532493));
#8015 = CARTESIAN_POINT('',(2.136094613183,1.523399655634));
#8016 = CARTESIAN_POINT('',(2.088607851483,1.519621668978));
#8017 = CARTESIAN_POINT('',(2.004300557649,1.512918093919));
#8018 = CARTESIAN_POINT('',(1.96747897826,1.509991507109));
#8019 = CARTESIAN_POINT('',(1.930657243354,1.507066340237));
#8020 = CARTESIAN_POINT('',(1.893835443539,1.504142527654));
#8021 = CARTESIAN_POINT('',(1.857013642721,1.501219725349));
#8022 = CARTESIAN_POINT('',(1.820191878108,1.498297310954));
#8023 = CARTESIAN_POINT('',(1.764521342766,1.493878154758));
#8024 = CARTESIAN_POINT('',(1.745671941632,1.492381726318));
#8025 = CARTESIAN_POINT('',(1.72682181038,1.490884952553));
#8026 = CARTESIAN_POINT('',(1.707970751494,1.48938764447));
#8027 = CARTESIAN_POINT('',(1.689118516362,1.487889569944));
#8028 = CARTESIAN_POINT('',(1.670264805278,1.486390453722));
#8029 = CARTESIAN_POINT('',(1.640877664251,1.484051898915));
#8030 = CARTESIAN_POINT('',(1.630346115335,1.483212484503));
#8031 = CARTESIAN_POINT('',(1.619814546341,1.482373148797));
#8032 = CARTESIAN_POINT('',(1.609282941445,1.481534406918));
#8033 = CARTESIAN_POINT('',(1.598751343352,1.480695874499));
#8034 = CARTESIAN_POINT('',(1.588219853297,1.479856267682));
#8035 = CARTESIAN_POINT('',(1.514712922675,1.473973153132));
#8036 = CARTESIAN_POINT('',(1.451733252455,1.46894174922));
#8037 = CARTESIAN_POINT('',(1.388755497089,1.463917386474));
#8038 = CARTESIAN_POINT('',(1.325778938015,1.458899534559));
#8039 = CARTESIAN_POINT('',(1.26280065671,1.453887062699));
#8040 = CARTESIAN_POINT('',(1.199819851177,1.448878095393));
#8041 = CARTESIAN_POINT('',(1.043750206285,1.436471145432));
#8042 = CARTESIAN_POINT('',(0.950635759611,1.429073733906));
#8043 = CARTESIAN_POINT('',(0.857537637443,1.421677388532));
#8044 = CARTESIAN_POINT('',(0.764450211313,1.414276497424));
#8045 = CARTESIAN_POINT('',(0.67135265839,1.40686843894));
#8046 = CARTESIAN_POINT('',(0.578238792824,1.399455792121));
#8047 = CARTESIAN_POINT('',(0.41584244998,1.386526277634));
#8048 = CARTESIAN_POINT('',(0.34653242061,1.38100759014));
#8049 = CARTESIAN_POINT('',(0.277226131946,1.375489846835));
#8050 = CARTESIAN_POINT('',(0.207922132267,1.369974066954));
#8051 = CARTESIAN_POINT('',(0.138615591256,1.364460250978));
#8052 = CARTESIAN_POINT('',(6.930519024872E-02,1.358947791464));
#8053 = CARTESIAN_POINT('',(0.,1.353436554496));
#8054 = ( GEOMETRIC_REPRESENTATION_CONTEXT(2) 
PARAMETRIC_REPRESENTATION_CONTEXT() REPRESENTATION_CONTEXT('2D SPACE',''
  ) );
#8055 = PCURVE('',#6458,#8056);
#8056 = DEFINITIONAL_REPRESENTATION('',(#8057),#8150);
#8057 = B_SPLINE_CURVE_WITH_KNOTS('',7,(#8058,#8059,#8060,#8061,#8062,
    #8063,#8064,#8065,#8066,#8067,#8068,#8069,#8070,#8071,#8072,#8073,
    #8074,#8075,#8076,#8077,#8078,#8079,#8080,#8081,#8082,#8083,#8084,
    #8085,#8086,#8087,#8088,#8089,#8090,#8091,#8092,#8093,#8094,#8095,
    #8096,#8097,#8098,#8099,#8100,#8101,#8102,#8103,#8104,#8105,#8106,
    #8107,#8108,#8109,#8110,#8111,#8112,#8113,#8114,#8115,#8116,#8117,
    #8118,#8119,#8120,#8121,#8122,#8123,#8124,#8125,#8126,#8127,#8128,
    #8129,#8130,#8131,#8132,#8133,#8134,#8135,#8136,#8137,#8138,#8139,
    #8140,#8141,#8142,#8143,#8144,#8145,#8146,#8147,#8148,#8149),
  .UNSPECIFIED.,.F.,.F.,(8,6,6,6,6,6,6,6,6,6,6,6,6,6,6,8),(0.,
    0.102235607029,0.230935058606,0.296649962938,0.371656307852,
    0.428340802235,0.512350741756,0.574288634875,0.622296234029,
    0.675207388468,0.716235446433,0.737237464228,0.748967965878,
    0.819115251103,0.922804870255,1.),.UNSPECIFIED.);
#8058 = CARTESIAN_POINT('',(0.19196419551,4.174945109169E-04));
#8059 = CARTESIAN_POINT('',(0.191998904979,5.274289577556E-03));
#8060 = CARTESIAN_POINT('',(0.191966850153,1.014014015019E-02));
#8061 = CARTESIAN_POINT('',(0.191921892962,1.500808026699E-02));
#8062 = CARTESIAN_POINT('',(0.191887025931,1.9876572073E-02));
#8063 = CARTESIAN_POINT('',(0.191866996056,2.474595776259E-02));
#8064 = CARTESIAN_POINT('',(0.191858650168,2.961603999265E-02));
#8065 = CARTESIAN_POINT('',(0.191859444404,4.061382518644E-02));
#8066 = CARTESIAN_POINT('',(0.191873498011,4.674595935737E-02));
#8067 = CARTESIAN_POINT('',(0.191893937982,5.287449682716E-02));
#8068 = CARTESIAN_POINT('',(0.191910011234,5.900159375656E-02));
#8069 = CARTESIAN_POINT('',(0.191920258611,6.512924894928E-02));
#8070 = CARTESIAN_POINT('',(0.1919245725,7.125965739599E-02));
#8071 = CARTESIAN_POINT('',(0.19192434678,8.051505738228E-02));
#8072 = CARTESIAN_POINT('',(0.191923100386,8.364364193048E-02));
#8073 = CARTESIAN_POINT('',(0.191920871024,8.677216590391E-02));
#8074 = CARTESIAN_POINT('',(0.191917896519,8.990067846003E-02));
#8075 = CARTESIAN_POINT('',(0.191914429351,9.302930367752E-02));
#8076 = CARTESIAN_POINT('',(0.191910700625,9.615808216796E-02));
#8077 = CARTESIAN_POINT('',(0.191902527804,0.102857914904));
#8078 = CARTESIAN_POINT('',(0.191898059087,0.106429343881));
#8079 = CARTESIAN_POINT('',(0.191893750963,0.110000693473));
#8080 = CARTESIAN_POINT('',(0.191889802279,0.113572022127));
#8081 = CARTESIAN_POINT('',(0.191886339417,0.117143536771));
#8082 = CARTESIAN_POINT('',(0.191883440944,0.120715278915));
#8083 = CARTESIAN_POINT('',(0.191879480346,0.126985925955));
#8084 = CARTESIAN_POINT('',(0.191878143062,0.129685113426));
#8085 = CARTESIAN_POINT('',(0.191877202892,0.132384264243));
#8086 = CARTESIAN_POINT('',(0.191876693116,0.135083381102));
#8087 = CARTESIAN_POINT('',(0.191876647855,0.137782505613));
#8088 = CARTESIAN_POINT('',(0.19187709926,0.140481643395));
#8089 = CARTESIAN_POINT('',(0.191879520333,0.147180842576));
#8090 = CARTESIAN_POINT('',(0.19188211809,0.151181331063));
#8091 = CARTESIAN_POINT('',(0.191885930785,0.155181408637));
#8092 = CARTESIAN_POINT('',(0.191891010612,0.159181172915));
#8093 = CARTESIAN_POINT('',(0.191897174641,0.163181019652));
#8094 = CARTESIAN_POINT('',(0.191903896519,0.167181086861));
#8095 = CARTESIAN_POINT('',(0.191915046051,0.174129469392));
#8096 = CARTESIAN_POINT('',(0.191919609153,0.177078310565));
#8097 = CARTESIAN_POINT('',(0.191923686925,0.180027073395));
#8098 = CARTESIAN_POINT('',(0.191926833187,0.182975797734));
#8099 = CARTESIAN_POINT('',(0.191928582913,0.185924581666));
#8100 = CARTESIAN_POINT('',(0.191928562816,0.18887346124));
#8101 = CARTESIAN_POINT('',(0.191925082068,0.194107905526));
#8102 = CARTESIAN_POINT('',(0.191922401254,0.196393570784));
#8103 = CARTESIAN_POINT('',(0.191918480396,0.198679246922));
#8104 = CARTESIAN_POINT('',(0.191913341494,0.200964943605));
#8105 = CARTESIAN_POINT('',(0.191907132285,0.203250686034));
#8106 = CARTESIAN_POINT('',(0.191900150877,0.205536481782));
#8107 = CARTESIAN_POINT('',(0.191884846251,0.210341568493));
#8108 = CARTESIAN_POINT('',(0.191876470366,0.21286093033));
#8109 = CARTESIAN_POINT('',(0.191868303708,0.215380305219));
#8110 = CARTESIAN_POINT('',(0.191861246884,0.217899707036));
#8111 = CARTESIAN_POINT('',(0.191856322783,0.220419173932));
#8112 = CARTESIAN_POINT('',(0.191854459226,0.222938710829));
#8113 = CARTESIAN_POINT('',(0.191857676974,0.227411904191));
#8114 = CARTESIAN_POINT('',(0.191861201472,0.229365602207));
#8115 = CARTESIAN_POINT('',(0.191867293297,0.231319321739));
#8116 = CARTESIAN_POINT('',(0.19187600975,0.233273046817));
#8117 = CARTESIAN_POINT('',(0.191887017248,0.235226749711));
#8118 = CARTESIAN_POINT('',(0.191899591325,0.237180390927));
#8119 = CARTESIAN_POINT('',(0.191919284205,0.240133918664));
#8120 = CARTESIAN_POINT('',(0.191926044529,0.241133918644));
#8121 = CARTESIAN_POINT('',(0.19193272733,0.242133919361));
#8122 = CARTESIAN_POINT('',(0.19193910761,0.243133920805));
#8123 = CARTESIAN_POINT('',(0.191944905652,0.244133922741));
#8124 = CARTESIAN_POINT('',(0.191949787009,0.245133924713));
#8125 = CARTESIAN_POINT('',(0.191955359585,0.246692468428));
#8126 = CARTESIAN_POINT('',(0.191956554759,0.247250984498));
#8127 = CARTESIAN_POINT('',(0.191957482194,0.247809463859));
#8128 = CARTESIAN_POINT('',(0.191958301279,0.248367899176));
#8129 = CARTESIAN_POINT('',(0.191958796645,0.248926286174));
#8130 = CARTESIAN_POINT('',(0.191958378154,0.249484623636));
#8131 = CARTESIAN_POINT('',(0.191942343592,0.253381433158));
#8132 = CARTESIAN_POINT('',(0.191913402253,0.256722207679));
#8133 = CARTESIAN_POINT('',(0.191880020691,0.260063615381));
#8134 = CARTESIAN_POINT('',(0.191852280889,0.263405157651));
#8135 = CARTESIAN_POINT('',(0.191835125047,0.266746821804));
#8136 = CARTESIAN_POINT('',(0.191828156084,0.270088606122));
#8137 = CARTESIAN_POINT('',(0.19183197382,0.278369661418));
#8138 = CARTESIAN_POINT('',(0.191852736738,0.283310254948));
#8139 = CARTESIAN_POINT('',(0.191885921423,0.288249947977));
#8140 = CARTESIAN_POINT('',(0.191914724274,0.293189051899));
#8141 = CARTESIAN_POINT('',(0.191929972843,0.298128508517));
#8142 = CARTESIAN_POINT('',(0.191934214374,0.303068411951));
#8143 = CARTESIAN_POINT('',(0.191929517674,0.311683297528));
#8144 = CARTESIAN_POINT('',(0.191923690259,0.315359892331));
#8145 = CARTESIAN_POINT('',(0.191915855303,0.319036101071));
#8146 = CARTESIAN_POINT('',(0.191908714675,0.32271205701));
#8147 = CARTESIAN_POINT('',(0.191904142488,0.326388127011));
#8148 = CARTESIAN_POINT('',(0.191902474437,0.330064507032));
#8149 = CARTESIAN_POINT('',(0.19190280061,0.333740769138));
#8150 = ( GEOMETRIC_REPRESENTATION_CONTEXT(2) 
PARAMETRIC_REPRESENTATION_CONTEXT() REPRESENTATION_CONTEXT('2D SPACE',''
  ) );
#8151 = ORIENTED_EDGE('',*,*,#8152,.F.);
#8152 = EDGE_CURVE('',#7006,#7863,#8153,.T.);
#8153 = SURFACE_CURVE('',#8154,(#8158,#8165),.PCURVE_S1.);
#8154 = LINE('',#8155,#8156);
#8155 = CARTESIAN_POINT('',(1.4,-3.429011037613E-16,-7.4));
#8156 = VECTOR('',#8157,1.);
#8157 = DIRECTION('',(0.,0.,1.));
#8158 = PCURVE('',#6593,#8159);
#8159 = DEFINITIONAL_REPRESENTATION('',(#8160),#8164);
#8160 = LINE('',#8161,#8162);
#8161 = CARTESIAN_POINT('',(0.,-0.));
#8162 = VECTOR('',#8163,1.);
#8163 = DIRECTION('',(0.,1.));
#8164 = ( GEOMETRIC_REPRESENTATION_CONTEXT(2) 
PARAMETRIC_REPRESENTATION_CONTEXT() REPRESENTATION_CONTEXT('2D SPACE',''
  ) );
#8165 = PCURVE('',#7531,#8166);
#8166 = DEFINITIONAL_REPRESENTATION('',(#8167),#8171);
#8167 = LINE('',#8168,#8169);
#8168 = CARTESIAN_POINT('',(6.28318530718,-0.));
#8169 = VECTOR('',#8170,1.);
#8170 = DIRECTION('',(0.,1.));
#8171 = ( GEOMETRIC_REPRESENTATION_CONTEXT(2) 
PARAMETRIC_REPRESENTATION_CONTEXT() REPRESENTATION_CONTEXT('2D SPACE',''
  ) );
#8172 = ORIENTED_EDGE('',*,*,#7005,.F.);
#8173 = ADVANCED_FACE('',(#8174),#6458,.T.);
#8174 = FACE_BOUND('',#8175,.T.);
#8175 = EDGE_LOOP('',(#8176,#8177,#8178,#8179,#8205,#8456,#8530,#8884));
#8176 = ORIENTED_EDGE('',*,*,#6444,.F.);
#8177 = ORIENTED_EDGE('',*,*,#6871,.F.);
#8178 = ORIENTED_EDGE('',*,*,#6928,.T.);
#8179 = ORIENTED_EDGE('',*,*,#8180,.F.);
#8180 = EDGE_CURVE('',#8181,#6929,#8183,.T.);
#8181 = VERTEX_POINT('',#8182);
#8182 = CARTESIAN_POINT('',(1.276010918524,6.524157556855E-03,
    -6.990344775224));
#8183 = SURFACE_CURVE('',#8184,(#8187,#8194),.PCURVE_S1.);
#8184 = B_SPLINE_CURVE_WITH_KNOTS('',1,(#8185,#8186),.UNSPECIFIED.,.F.,
  .F.,(2,2),(0.,0.548073520823),.PIECEWISE_BEZIER_KNOTS.);
#8185 = CARTESIAN_POINT('',(1.574822991572,1.623423737062E-02,
    -7.124807343078));
#8186 = CARTESIAN_POINT('',(1.0752404736,-1.221245327088E-15,-6.9));
#8187 = PCURVE('',#6458,#8188);
#8188 = DEFINITIONAL_REPRESENTATION('',(#8189),#8193);
#8189 = LINE('',#8190,#8191);
#8190 = CARTESIAN_POINT('',(0.,1.));
#8191 = VECTOR('',#8192,1.);
#8192 = DIRECTION('',(1.,0.));
#8193 = ( GEOMETRIC_REPRESENTATION_CONTEXT(2) 
PARAMETRIC_REPRESENTATION_CONTEXT() REPRESENTATION_CONTEXT('2D SPACE',''
  ) );
#8194 = PCURVE('',#8195,#8200);
#8195 = PLANE('',#8196);
#8196 = AXIS2_PLACEMENT_3D('',#8197,#8198,#8199);
#8197 = CARTESIAN_POINT('',(1.397846556272,-2.356989986483E-04,
    -6.900271479147));
#8198 = DIRECTION('',(7.90700623634E-04,0.997274646939,
    7.377434083582E-02));
#8199 = DIRECTION('',(1.355252715607E-20,-7.377436389797E-02,
    0.997274958691));
#8200 = DEFINITIONAL_REPRESENTATION('',(#8201),#8204);
#8201 = B_SPLINE_CURVE_WITH_KNOTS('',1,(#8202,#8203),.UNSPECIFIED.,.F.,
  .F.,(2,2),(0.,0.548073520823),.PIECEWISE_BEZIER_KNOTS.);
#8202 = CARTESIAN_POINT('',(-0.225139053506,0.176976490623));
#8203 = CARTESIAN_POINT('',(2.533508111018E-04,-0.32260618352));
#8204 = ( GEOMETRIC_REPRESENTATION_CONTEXT(2) 
PARAMETRIC_REPRESENTATION_CONTEXT() REPRESENTATION_CONTEXT('2D SPACE',''
  ) );
#8205 = ORIENTED_EDGE('',*,*,#8206,.T.);
#8206 = EDGE_CURVE('',#8181,#8207,#8209,.T.);
#8207 = VERTEX_POINT('',#8208);
#8208 = CARTESIAN_POINT('',(1.37188317764,0.,-6.533889630283));
#8209 = SURFACE_CURVE('',#8210,(#8290,#8373),.PCURVE_S1.);
#8210 = B_SPLINE_CURVE_WITH_KNOTS('',8,(#8211,#8212,#8213,#8214,#8215,
    #8216,#8217,#8218,#8219,#8220,#8221,#8222,#8223,#8224,#8225,#8226,
    #8227,#8228,#8229,#8230,#8231,#8232,#8233,#8234,#8235,#8236,#8237,
    #8238,#8239,#8240,#8241,#8242,#8243,#8244,#8245,#8246,#8247,#8248,
    #8249,#8250,#8251,#8252,#8253,#8254,#8255,#8256,#8257,#8258,#8259,
    #8260,#8261,#8262,#8263,#8264,#8265,#8266,#8267,#8268,#8269,#8270,
    #8271,#8272,#8273,#8274,#8275,#8276,#8277,#8278,#8279,#8280,#8281,
    #8282,#8283,#8284,#8285,#8286,#8287,#8288,#8289),.UNSPECIFIED.,.F.,
  .F.,(9,7,7,7,7,7,7,7,7,7,7,9),(0.,5.588407408132E-02,0.162122453975,
    0.268907584728,0.373232372554,0.478057456357,0.583399842755,
    0.680151786674,0.713484517583,0.749884234225,0.865510595752,1.),
  .UNSPECIFIED.);
#8211 = CARTESIAN_POINT('',(1.276010918524,6.524157556853E-03,
    -6.990344775224));
#8212 = CARTESIAN_POINT('',(1.276412359948,6.376188133013E-02,
    -6.98703960873));
#8213 = CARTESIAN_POINT('',(1.273875869896,0.121035751077,-6.98375192433
    ));
#8214 = CARTESIAN_POINT('',(1.268400724841,0.178168101642,
    -6.980477360051));
#8215 = CARTESIAN_POINT('',(1.259998709881,0.234982811124,
    -6.977212348145));
#8216 = CARTESIAN_POINT('',(1.24869399595,0.291305727789,-6.973954060916
    ));
#8217 = CARTESIAN_POINT('',(1.234523017023,0.346965096972,-6.97070035655
    ));
#8218 = CARTESIAN_POINT('',(1.21753434733,0.401791987994,-6.967449724938
    ));
#8219 = CARTESIAN_POINT('',(1.160250898682,0.55795179637,-6.958025691154
    ));
#8220 = CARTESIAN_POINT('',(1.112739478061,0.656702186482,
    -6.951856277004));
#8221 = CARTESIAN_POINT('',(1.055673803202,0.750704240823,
    -6.945687823046));
#8222 = CARTESIAN_POINT('',(0.989628845118,0.838890797404,
    -6.939519375286));
#8223 = CARTESIAN_POINT('',(0.915309182682,0.920288717226,
    -6.933351694705));
#8224 = CARTESIAN_POINT('',(0.8335353027,0.994022493608,-6.92718596378)
  );
#8225 = CARTESIAN_POINT('',(0.74524207671,1.059327936446,-6.921023698572
    ));
#8226 = CARTESIAN_POINT('',(0.557254258614,1.172113404025,
    -6.908680353499));
#8227 = CARTESIAN_POINT('',(0.457459447063,1.219526277709,
    -6.902496512112));
#8228 = CARTESIAN_POINT('',(0.353172818488,1.257162303144,
    -6.896319348782));
#8229 = CARTESIAN_POINT('',(0.245521525441,1.284547734972,
    -6.890149238373));
#8230 = CARTESIAN_POINT('',(0.135675211835,1.301365269137,
    -6.883985100282));
#8231 = CARTESIAN_POINT('',(2.483264610757E-02,1.30744783293,
    -6.8778255787));
#8232 = CARTESIAN_POINT('',(-8.578818989749E-02,1.302788227717,
    -6.871670226899));
#8233 = CARTESIAN_POINT('',(-0.301609669784,1.272691774748,
    -6.859512850196));
#8234 = CARTESIAN_POINT('',(-0.406923334955,1.247729588297,
    -6.853507981471));
#8235 = CARTESIAN_POINT('',(-0.509750803761,1.212829673451,
    -6.847507445763));
#8236 = CARTESIAN_POINT('',(-0.609003635209,1.168301434869,
    -6.841511093743));
#8237 = CARTESIAN_POINT('',(-0.70365124919,1.114588207595,
    -6.835518146863));
#8238 = CARTESIAN_POINT('',(-0.792726630401,1.052255936791,
    -6.829528004593));
#8239 = CARTESIAN_POINT('',(-0.8753381824,0.981994403029,-6.823540982398
    ));
#8240 = CARTESIAN_POINT('',(-1.026398624623,0.826896582233,
    -6.811548291438));
#8241 = CARTESIAN_POINT('',(-1.094809669849,0.74195917768,
    -6.805540196593));
#8242 = CARTESIAN_POINT('',(-1.155101675222,0.650647992165,
    -6.799536614266));
#8243 = CARTESIAN_POINT('',(-1.206599536708,0.553881752758,
    -6.793537771822));
#8244 = CARTESIAN_POINT('',(-1.24875699082,0.452649991222,-6.78754299553
    ));
#8245 = CARTESIAN_POINT('',(-1.281154088123,0.348000551645,
    -6.781551545394));
#8246 = CARTESIAN_POINT('',(-1.303507387925,0.241033315393,
    -6.775563494939));
#8247 = CARTESIAN_POINT('',(-1.327938494668,2.423334367006E-02,
    -6.763568292165));
#8248 = CARTESIAN_POINT('',(-1.329920895557,-8.565709108778E-02,
    -6.757558698094));
#8249 = CARTESIAN_POINT('',(-1.321500321658,-0.195604426576,
    -6.751553680155));
#8250 = CARTESIAN_POINT('',(-1.30270718884,-0.304459897681,
    -6.745553422621));
#8251 = CARTESIAN_POINT('',(-1.273718194281,-0.411098069931,
    -6.73955745765));
#8252 = CARTESIAN_POINT('',(-1.234846543306,-0.514425136939,
    -6.733565494123));
#8253 = CARTESIAN_POINT('',(-1.186546292785,-0.61339015384,
    -6.72757810527));
#8254 = CARTESIAN_POINT('',(-1.076972972692,-0.792974644942,
    -6.716104168612));
#8255 = CARTESIAN_POINT('',(-1.017060902093,-0.874461770038,
    -6.710614743785));
#8256 = CARTESIAN_POINT('',(-0.95015889442,-0.95068985172,
    -6.705130281479));
#8257 = CARTESIAN_POINT('',(-0.876817897193,-1.02096862345,
    -6.69965087729));
#8258 = CARTESIAN_POINT('',(-0.797661872755,-1.084682669788,
    -6.694175719241));
#8259 = CARTESIAN_POINT('',(-0.713379893283,-1.141292173769,
    -6.688703564872));
#8260 = CARTESIAN_POINT('',(-0.624723968382,-1.190340024327,
    -6.683233417728));
#8261 = CARTESIAN_POINT('',(-0.500744183579,-1.245633652379,
    -6.675881576949));
#8262 = CARTESIAN_POINT('',(-0.468545179495,-1.258865486098,
    -6.673997503598));
#8263 = CARTESIAN_POINT('',(-0.435947995507,-1.271145492931,
    -6.672113139738));
#8264 = CARTESIAN_POINT('',(-0.402985487207,-1.282459772493,
    -6.670228443913));
#8265 = CARTESIAN_POINT('',(-0.369690963287,-1.292795815988,
    -6.668343376658));
#8266 = CARTESIAN_POINT('',(-0.336098185541,-1.302142506221,
    -6.6664579005));
#8267 = CARTESIAN_POINT('',(-0.302241368861,-1.310490117586,
    -6.664571979957));
#8268 = CARTESIAN_POINT('',(-0.23093268141,-1.325845895292,
    -6.660625613273));
#8269 = CARTESIAN_POINT('',(-0.19344591488,-1.332657692798,
    -6.658567689144));
#8270 = CARTESIAN_POINT('',(-0.155740684725,-1.338258970929,
    -6.65649731258));
#8271 = CARTESIAN_POINT('',(-0.117861409656,-1.342632298373,
    -6.654460017784));
#8272 = CARTESIAN_POINT('',(-7.985766382853E-02,-1.34579003905,
    -6.652370509927));
#8273 = CARTESIAN_POINT('',(-4.1771343946E-02,-1.347706832011,
    -6.650332175046));
#8274 = CARTESIAN_POINT('',(-3.652207274486E-03,-1.348398289356,
    -6.648263641099));
#8275 = CARTESIAN_POINT('',(0.155502339887,-1.346138413204,
    -6.639654669193));
#8276 = CARTESIAN_POINT('',(0.276460914057,-1.331987782123,
    -6.633150201711));
#8277 = CARTESIAN_POINT('',(0.395786608002,-1.305419654777,
    -6.626661694019));
#8278 = CARTESIAN_POINT('',(0.511994869989,-1.266688692563,
    -6.620169127142));
#8279 = CARTESIAN_POINT('',(0.623670193052,-1.216244248111,
    -6.613667221158));
#8280 = CARTESIAN_POINT('',(0.729470507214,-1.154715506518,
    -6.60715945936));
#8281 = CARTESIAN_POINT('',(0.82814044013,-1.082919605598,
    -6.600650216321));
#8282 = CARTESIAN_POINT('',(1.023704720534,-0.907630459865,
    -6.586581857944));
#8283 = CARTESIAN_POINT('',(1.117773681406,-0.80079585627,
    -6.579018147518));
#8284 = CARTESIAN_POINT('',(1.198919394036,-0.682983467872,
    -6.571467832152));
#8285 = CARTESIAN_POINT('',(1.265695521207,-0.556059727555,
    -6.563934976243));
#8286 = CARTESIAN_POINT('',(1.316991291899,-0.422060485674,
    -6.556415025612));
#8287 = CARTESIAN_POINT('',(1.352011381434,-0.28316051211,
    -6.548901039518));
#8288 = CARTESIAN_POINT('',(1.370307920677,-0.141667388902,
    -6.54139085519));
#8289 = CARTESIAN_POINT('',(1.37188317764,6.661338147751E-16,
    -6.533889630283));
#8290 = PCURVE('',#6458,#8291);
#8291 = DEFINITIONAL_REPRESENTATION('',(#8292),#8372);
#8292 = B_SPLINE_CURVE_WITH_KNOTS('',8,(#8293,#8294,#8295,#8296,#8297,
    #8298,#8299,#8300,#8301,#8302,#8303,#8304,#8305,#8306,#8307,#8308,
    #8309,#8310,#8311,#8312,#8313,#8314,#8315,#8316,#8317,#8318,#8319,
    #8320,#8321,#8322,#8323,#8324,#8325,#8326,#8327,#8328,#8329,#8330,
    #8331,#8332,#8333,#8334,#8335,#8336,#8337,#8338,#8339,#8340,#8341,
    #8342,#8343,#8344,#8345,#8346,#8347,#8348,#8349,#8350,#8351,#8352,
    #8353,#8354,#8355,#8356,#8357,#8358,#8359,#8360,#8361,#8362,#8363,
    #8364,#8365,#8366,#8367,#8368,#8369,#8370,#8371),.UNSPECIFIED.,.F.,
  .F.,(9,7,7,7,7,7,7,7,7,7,7,9),(0.,5.588407408132E-02,0.162122453975,
    0.268907584728,0.373232372554,0.478057456357,0.583399842755,
    0.680151786674,0.713484517583,0.749884234225,0.865510595752,1.),
  .UNSPECIFIED.);
#8293 = CARTESIAN_POINT('',(0.327815684193,1.));
#8294 = CARTESIAN_POINT('',(0.327110052195,0.997625348915));
#8295 = CARTESIAN_POINT('',(0.326381478727,0.995249957202));
#8296 = CARTESIAN_POINT('',(0.325637390433,0.992874411259));
#8297 = CARTESIAN_POINT('',(0.324883577214,0.990499083228));
#8298 = CARTESIAN_POINT('',(0.324124393668,0.988124193389));
#8299 = CARTESIAN_POINT('',(0.323362960517,0.985749872564));
#8300 = CARTESIAN_POINT('',(0.322601366043,0.983376224521));
#8301 = CARTESIAN_POINT('',(0.320395122332,0.976492509857));
#8302 = CARTESIAN_POINT('',(0.318953053946,0.971983413723));
#8303 = CARTESIAN_POINT('',(0.317523974594,0.967478022382));
#8304 = CARTESIAN_POINT('',(0.316106779236,0.962976535073));
#8305 = CARTESIAN_POINT('',(0.314696648017,0.958478367603));
#8306 = CARTESIAN_POINT('',(0.313289218605,0.95398296596));
#8307 = CARTESIAN_POINT('',(0.31188222838,0.949490493795));
#8308 = CARTESIAN_POINT('',(0.309059780469,0.940491195943));
#8309 = CARTESIAN_POINT('',(0.307643726808,0.935982373921));
#8310 = CARTESIAN_POINT('',(0.306225460013,0.93147740622));
#8311 = CARTESIAN_POINT('',(0.304805080235,0.92697636053));
#8312 = CARTESIAN_POINT('',(0.303383264578,0.922478600533));
#8313 = CARTESIAN_POINT('',(0.30196090527,0.917983487662));
#8314 = CARTESIAN_POINT('',(0.300538914713,0.91349107781));
#8315 = CARTESIAN_POINT('',(0.29773021359,0.904617958329));
#8316 = CARTESIAN_POINT('',(0.296342855063,0.900235181516));
#8317 = CARTESIAN_POINT('',(0.29495701857,0.895855727636));
#8318 = CARTESIAN_POINT('',(0.293572838657,0.891479645562));
#8319 = CARTESIAN_POINT('',(0.292190027076,0.887106415492));
#8320 = CARTESIAN_POINT('',(0.290808217162,0.882735557125));
#8321 = CARTESIAN_POINT('',(0.289427313155,0.878367218466));
#8322 = CARTESIAN_POINT('',(0.286661760495,0.869617341942));
#8323 = CARTESIAN_POINT('',(0.285276553378,0.865234034691));
#8324 = CARTESIAN_POINT('',(0.283892697988,0.860854169323));
#8325 = CARTESIAN_POINT('',(0.282510518449,0.856477882315));
#8326 = CARTESIAN_POINT('',(0.28113030008,0.852104702727));
#8327 = CARTESIAN_POINT('',(0.279752326275,0.847734150906));
#8328 = CARTESIAN_POINT('',(0.278376840365,0.843366333948));
#8329 = CARTESIAN_POINT('',(0.275624249322,0.834617206942));
#8330 = CARTESIAN_POINT('',(0.274246600023,0.830234119221));
#8331 = CARTESIAN_POINT('',(0.272871122509,0.825854561707));
#8332 = CARTESIAN_POINT('',(0.271497098455,0.821478572712));
#8333 = CARTESIAN_POINT('',(0.270123057486,0.817105582185));
#8334 = CARTESIAN_POINT('',(0.268747232046,0.812735037331));
#8335 = CARTESIAN_POINT('',(0.267368362895,0.80836701356));
#8336 = CARTESIAN_POINT('',(0.26471800651,0.799994499238));
#8337 = CARTESIAN_POINT('',(0.263446473492,0.79598805836));
#8338 = CARTESIAN_POINT('',(0.262172582698,0.791984312043));
#8339 = CARTESIAN_POINT('',(0.260896920648,0.787983321084));
#8340 = CARTESIAN_POINT('',(0.259621461312,0.783984748617));
#8341 = CARTESIAN_POINT('',(0.258349563353,0.779988249579));
#8342 = CARTESIAN_POINT('',(0.257084837198,0.775993884224));
#8343 = CARTESIAN_POINT('',(0.255396183408,0.77062747343));
#8344 = CARTESIAN_POINT('',(0.25496439175,0.769252386052));
#8345 = CARTESIAN_POINT('',(0.254533590418,0.767877295958));
#8346 = CARTESIAN_POINT('',(0.254103796759,0.766502206465));
#8347 = CARTESIAN_POINT('',(0.253674961975,0.765127121794));
#8348 = CARTESIAN_POINT('',(0.253246971122,0.763752047071));
#8349 = CARTESIAN_POINT('',(0.25281964311,0.762376988325));
#8350 = CARTESIAN_POINT('',(0.251926537556,0.759500397908));
#8351 = CARTESIAN_POINT('',(0.251460548944,0.757999243066));
#8352 = CARTESIAN_POINT('',(0.250997066025,0.756498587479));
#8353 = CARTESIAN_POINT('',(0.250527319309,0.754998100627));
#8354 = CARTESIAN_POINT('',(0.250065806425,0.753498828116));
#8355 = CARTESIAN_POINT('',(0.249593877463,0.751998974733));
#8356 = CARTESIAN_POINT('',(0.249123584975,0.750501013407));
#8357 = CARTESIAN_POINT('',(0.247140104676,0.744243507406));
#8358 = CARTESIAN_POINT('',(0.245590583883,0.739483276958));
#8359 = CARTESIAN_POINT('',(0.244041021732,0.734727189636));
#8360 = CARTESIAN_POINT('',(0.242518830332,0.729975572069));
#8361 = CARTESIAN_POINT('',(0.24102445508,0.725227495411));
#8362 = CARTESIAN_POINT('',(0.239544863411,0.72048216943));
#8363 = CARTESIAN_POINT('',(0.238071045044,0.715739610885));
#8364 = CARTESIAN_POINT('',(0.234881558568,0.705491485939));
#8365 = CARTESIAN_POINT('',(0.233164333641,0.699982930305));
#8366 = CARTESIAN_POINT('',(0.231435712772,0.694480914256));
#8367 = CARTESIAN_POINT('',(0.22969248797,0.688985513577));
#8368 = CARTESIAN_POINT('',(0.227944455162,0.683495437134));
#8369 = CARTESIAN_POINT('',(0.226202362214,0.67800907102));
#8370 = CARTESIAN_POINT('',(0.224466713679,0.672525777583));
#8371 = CARTESIAN_POINT('',(0.222737367432,0.667049807426));
#8372 = ( GEOMETRIC_REPRESENTATION_CONTEXT(2) 
PARAMETRIC_REPRESENTATION_CONTEXT() REPRESENTATION_CONTEXT('2D SPACE',''
  ) );
#8373 = PCURVE('',#7785,#8374);
#8374 = DEFINITIONAL_REPRESENTATION('',(#8375),#8455);
#8375 = B_SPLINE_CURVE_WITH_KNOTS('',8,(#8376,#8377,#8378,#8379,#8380,
    #8381,#8382,#8383,#8384,#8385,#8386,#8387,#8388,#8389,#8390,#8391,
    #8392,#8393,#8394,#8395,#8396,#8397,#8398,#8399,#8400,#8401,#8402,
    #8403,#8404,#8405,#8406,#8407,#8408,#8409,#8410,#8411,#8412,#8413,
    #8414,#8415,#8416,#8417,#8418,#8419,#8420,#8421,#8422,#8423,#8424,
    #8425,#8426,#8427,#8428,#8429,#8430,#8431,#8432,#8433,#8434,#8435,
    #8436,#8437,#8438,#8439,#8440,#8441,#8442,#8443,#8444,#8445,#8446,
    #8447,#8448,#8449,#8450,#8451,#8452,#8453,#8454),.UNSPECIFIED.,.F.,
  .F.,(9,7,7,7,7,7,7,7,7,7,7,9),(0.,5.588407408132E-02,0.162122453975,
    0.268907584728,0.373232372554,0.478057456357,0.583399842755,
    0.680151786674,0.713484517583,0.749884234225,0.865510595752,1.),
  .UNSPECIFIED.);
#8376 = CARTESIAN_POINT('',(5.11288783768E-03,-0.590344775224));
#8377 = CARTESIAN_POINT('',(4.996687315967E-02,-0.58703960873));
#8378 = CARTESIAN_POINT('',(9.480519310162E-02,-0.58375192433));
#8379 = CARTESIAN_POINT('',(0.139626678355,-0.580477360051));
#8380 = CARTESIAN_POINT('',(0.184431168852,-0.577212348145));
#8381 = CARTESIAN_POINT('',(0.2292190141,-0.573954060916));
#8382 = CARTESIAN_POINT('',(0.273990573513,-0.57070035655));
#8383 = CARTESIAN_POINT('',(0.318745716745,-0.567449724938));
#8384 = CARTESIAN_POINT('',(0.448531721009,-0.558025691154));
#8385 = CARTESIAN_POINT('',(0.533538371293,-0.551856277004));
#8386 = CARTESIAN_POINT('',(0.618475509301,-0.545687823046));
#8387 = CARTESIAN_POINT('',(0.703341187488,-0.539519375286));
#8388 = CARTESIAN_POINT('',(0.788146290424,-0.533351694705));
#8389 = CARTESIAN_POINT('',(0.87290163724,-0.52718596378));
#8390 = CARTESIAN_POINT('',(0.95760517246,-0.521023698572));
#8391 = CARTESIAN_POINT('',(1.127288831766,-0.508680353499));
#8392 = CARTESIAN_POINT('',(1.212306723037,-0.502496512112));
#8393 = CARTESIAN_POINT('',(1.297255066029,-0.496319348782));
#8394 = CARTESIAN_POINT('',(1.382132193602,-0.490149238373));
#8395 = CARTESIAN_POINT('',(1.466949244112,-0.483985100282));
#8396 = CARTESIAN_POINT('',(1.551717045566,-0.4778255787));
#8397 = CARTESIAN_POINT('',(1.636433264286,-0.471670226899));
#8398 = CARTESIAN_POINT('',(1.80375633494,-0.459512850196));
#8399 = CARTESIAN_POINT('',(1.886402230337,-0.453507981471));
#8400 = CARTESIAN_POINT('',(1.968983154806,-0.447507445763));
#8401 = CARTESIAN_POINT('',(2.051497583583,-0.441511093743));
#8402 = CARTESIAN_POINT('',(2.133955200603,-0.435518146863));
#8403 = CARTESIAN_POINT('',(2.216365473333,-0.429528004593));
#8404 = CARTESIAN_POINT('',(2.298726418416,-0.423540982398));
#8405 = CARTESIAN_POINT('',(2.463695310934,-0.411548291438));
#8406 = CARTESIAN_POINT('',(2.546336615021,-0.405540196593));
#8407 = CARTESIAN_POINT('',(2.628912994206,-0.399536614266));
#8408 = CARTESIAN_POINT('',(2.711422945691,-0.393537771822));
#8409 = CARTESIAN_POINT('',(2.793876232037,-0.38754299553));
#8410 = CARTESIAN_POINT('',(2.87628237865,-0.381551545394));
#8411 = CARTESIAN_POINT('',(2.958639376777,-0.375563494939));
#8412 = CARTESIAN_POINT('',(3.12361186771,-0.363568292165));
#8413 = CARTESIAN_POINT('',(3.206260894621,-0.357558697744));
#8414 = CARTESIAN_POINT('',(3.288845072777,-0.35155367999));
#8415 = CARTESIAN_POINT('',(3.371362869441,-0.345553422868));
#8416 = CARTESIAN_POINT('',(3.453824089088,-0.339557458072));
#8417 = CARTESIAN_POINT('',(3.536238326067,-0.333565494386));
#8418 = CARTESIAN_POINT('',(3.618603599994,-0.327578105339));
#8419 = CARTESIAN_POINT('',(3.776476048829,-0.316104168681));
#8420 = CARTESIAN_POINT('',(3.85202028332,-0.31061474444));
#8421 = CARTESIAN_POINT('',(3.927511991036,-0.305130281758));
#8422 = CARTESIAN_POINT('',(4.002950206881,-0.299650877006));
#8423 = CARTESIAN_POINT('',(4.078341281576,-0.294175718943));
#8424 = CARTESIAN_POINT('',(4.153691402258,-0.288703564861));
#8425 = CARTESIAN_POINT('',(4.228999239008,-0.283233417551));
#8426 = CARTESIAN_POINT('',(4.330173474117,-0.275881576771));
#8427 = CARTESIAN_POINT('',(4.356098219492,-0.273997503398));
#8428 = CARTESIAN_POINT('',(4.382022920317,-0.272113139522));
#8429 = CARTESIAN_POINT('',(4.407947581798,-0.270228443702));
#8430 = CARTESIAN_POINT('',(4.433872247504,-0.268343376476));
#8431 = CARTESIAN_POINT('',(4.459796999366,-0.266457900363));
#8432 = CARTESIAN_POINT('',(4.485721957681,-0.264571979859));
#8433 = CARTESIAN_POINT('',(4.539958025562,-0.260625613174));
#8434 = CARTESIAN_POINT('',(4.568262101835,-0.258567687374));
#8435 = CARTESIAN_POINT('',(4.596559231593,-0.256497317304));
#8436 = CARTESIAN_POINT('',(4.62485059035,-0.254460013341));
#8437 = CARTESIAN_POINT('',(4.653133510933,-0.25237051256));
#8438 = CARTESIAN_POINT('',(4.681411502228,-0.250332174653));
#8439 = CARTESIAN_POINT('',(4.709681981859,-0.248263641099));
#8440 = CARTESIAN_POINT('',(4.827727386065,-0.239654669193));
#8441 = CARTESIAN_POINT('',(4.917469074008,-0.233150201711));
#8442 = CARTESIAN_POINT('',(5.007131589941,-0.226661694019));
#8443 = CARTESIAN_POINT('',(5.096715349811,-0.220169127142));
#8444 = CARTESIAN_POINT('',(5.186232248785,-0.213667221158));
#8445 = CARTESIAN_POINT('',(5.275694492695,-0.20715945936));
#8446 = CARTESIAN_POINT('',(5.3651031902,-0.200650216321));
#8447 = CARTESIAN_POINT('',(5.558306780415,-0.186581857944));
#8448 = CARTESIAN_POINT('',(5.662158409823,-0.179018147488));
#8449 = CARTESIAN_POINT('',(5.765891038369,-0.171467832223));
#8450 = CARTESIAN_POINT('',(5.869510541266,-0.163934976208));
#8451 = CARTESIAN_POINT('',(5.973042566111,-0.156415025544));
#8452 = CARTESIAN_POINT('',(6.076511467147,-0.148901039626));
#8453 = CARTESIAN_POINT('',(6.179920400072,-0.141390855136));
#8454 = CARTESIAN_POINT('',(6.28318530718,-0.133889630283));
#8455 = ( GEOMETRIC_REPRESENTATION_CONTEXT(2) 
PARAMETRIC_REPRESENTATION_CONTEXT() REPRESENTATION_CONTEXT('2D SPACE',''
  ) );
#8456 = ORIENTED_EDGE('',*,*,#8457,.T.);
#8457 = EDGE_CURVE('',#8207,#8458,#8460,.T.);
#8458 = VERTEX_POINT('',#8459);
#8459 = CARTESIAN_POINT('',(-0.374843372124,1.348885631362,-6.4));
#8460 = SURFACE_CURVE('',#8461,(#8482,#8506),.PCURVE_S1.);
#8461 = B_SPLINE_CURVE_WITH_KNOTS('',7,(#8462,#8463,#8464,#8465,#8466,
    #8467,#8468,#8469,#8470,#8471,#8472,#8473,#8474,#8475,#8476,#8477,
    #8478,#8479,#8480,#8481),.UNSPECIFIED.,.F.,.F.,(8,6,6,8),(0.,
    0.265373361548,0.520944516178,1.),.UNSPECIFIED.);
#8462 = CARTESIAN_POINT('',(1.37188317764,6.430403085012E-16,
    -6.533889630283));
#8463 = CARTESIAN_POINT('',(1.372955307017,9.641966049612E-02,
    -6.528784252301));
#8464 = CARTESIAN_POINT('',(1.36612093931,0.192965454052,-6.523680819481
    ));
#8465 = CARTESIAN_POINT('',(1.351368824606,0.288845770872,
    -6.518579676353));
#8466 = CARTESIAN_POINT('',(1.328789656981,0.383285205715,
    -6.513480931884));
#8467 = CARTESIAN_POINT('',(1.298563945846,0.475527785742,
    -6.508384424501));
#8468 = CARTESIAN_POINT('',(1.26096031554,0.564842585235,-6.503289986362
    ));
#8469 = CARTESIAN_POINT('',(1.173376153646,0.733055733473,
    -6.493294111931));
#8470 = CARTESIAN_POINT('',(1.123898055609,0.812228766708,-6.48839145189
    ));
#8471 = CARTESIAN_POINT('',(1.068232141627,0.887426601303,
    -6.483492889749));
#8472 = CARTESIAN_POINT('',(1.00677288199,0.958078432093,-6.478590352962
    ));
#8473 = CARTESIAN_POINT('',(0.939970793252,1.023661871462,
    -6.473697216095));
#8474 = CARTESIAN_POINT('',(0.868337651532,1.083710410684,
    -6.468804243818));
#8475 = CARTESIAN_POINT('',(0.650182664629,1.239242760027,
    -6.454750353067));
#8476 = CARTESIAN_POINT('',(0.492821283975,1.3198871434,-6.445589509727)
  );
#8477 = CARTESIAN_POINT('',(0.324213995956,1.37691737454,-6.436449104082
    ));
#8478 = CARTESIAN_POINT('',(0.148654372879,1.40866369575,-6.427333106979
    ));
#8479 = CARTESIAN_POINT('',(-2.943024113442E-02,1.414328934911,
    -6.418220067817));
#8480 = CARTESIAN_POINT('',(-0.205452627763,1.393973556212,
    -6.40910383837));
#8481 = CARTESIAN_POINT('',(-0.374843363158,1.348885633809,-6.4));
#8482 = PCURVE('',#6458,#8483);
#8483 = DEFINITIONAL_REPRESENTATION('',(#8484),#8505);
#8484 = B_SPLINE_CURVE_WITH_KNOTS('',7,(#8485,#8486,#8487,#8488,#8489,
    #8490,#8491,#8492,#8493,#8494,#8495,#8496,#8497,#8498,#8499,#8500,
    #8501,#8502,#8503,#8504),.UNSPECIFIED.,.F.,.F.,(8,6,6,8),(0.,
    0.265373361548,0.520944516178,1.),.UNSPECIFIED.);
#8485 = CARTESIAN_POINT('',(0.222737364863,0.667049807629));
#8486 = CARTESIAN_POINT('',(0.221560361791,0.663322830047));
#8487 = CARTESIAN_POINT('',(0.220385758337,0.659597626603));
#8488 = CARTESIAN_POINT('',(0.219213222689,0.655874614184));
#8489 = CARTESIAN_POINT('',(0.218040875336,0.652153675775));
#8490 = CARTESIAN_POINT('',(0.216867403079,0.648434592833));
#8491 = CARTESIAN_POINT('',(0.215692986344,0.644717402287));
#8492 = CARTESIAN_POINT('',(0.21338845582,0.637425166335));
#8493 = CARTESIAN_POINT('',(0.212259027289,0.633849441236));
#8494 = CARTESIAN_POINT('',(0.211125661369,0.630275965845));
#8495 = CARTESIAN_POINT('',(0.210008904552,0.626704752242));
#8496 = CARTESIAN_POINT('',(0.2088761282,0.623135501312));
#8497 = CARTESIAN_POINT('',(0.207750296576,0.619567959143));
#8498 = CARTESIAN_POINT('',(0.204516232441,0.609319551261));
#8499 = CARTESIAN_POINT('',(0.202410401797,0.602638175111));
#8500 = CARTESIAN_POINT('',(0.20030765269,0.595968158581));
#8501 = CARTESIAN_POINT('',(0.198190030813,0.58930751508));
#8502 = CARTESIAN_POINT('',(0.196090342377,0.5826535288));
#8503 = CARTESIAN_POINT('',(0.19400087822,0.57600244449));
#8504 = CARTESIAN_POINT('',(0.19191613691,0.569363397271));
#8505 = ( GEOMETRIC_REPRESENTATION_CONTEXT(2) 
PARAMETRIC_REPRESENTATION_CONTEXT() REPRESENTATION_CONTEXT('2D SPACE',''
  ) );
#8506 = PCURVE('',#7714,#8507);
#8507 = DEFINITIONAL_REPRESENTATION('',(#8508),#8529);
#8508 = B_SPLINE_CURVE_WITH_KNOTS('',7,(#8509,#8510,#8511,#8512,#8513,
    #8514,#8515,#8516,#8517,#8518,#8519,#8520,#8521,#8522,#8523,#8524,
    #8525,#8526,#8527,#8528),.UNSPECIFIED.,.F.,.F.,(8,6,6,8),(0.,
    0.265373361548,0.520944516178,1.),.UNSPECIFIED.);
#8509 = CARTESIAN_POINT('',(0.,-0.133889630283));
#8510 = CARTESIAN_POINT('',(7.02827048743E-02,-0.128784252301));
#8511 = CARTESIAN_POINT('',(0.140529114382,-0.123680819481));
#8512 = CARTESIAN_POINT('',(0.210729880854,-0.118579676353));
#8513 = CARTESIAN_POINT('',(0.280886588481,-0.113480931884));
#8514 = CARTESIAN_POINT('',(0.351004381665,-0.108384424501));
#8515 = CARTESIAN_POINT('',(0.421084712773,-0.103289986362));
#8516 = CARTESIAN_POINT('',(0.558564849231,-9.329411193075E-02));
#8517 = CARTESIAN_POINT('',(0.625977558747,-8.83914518905E-02));
#8518 = CARTESIAN_POINT('',(0.69334858123,-8.34928897487E-02));
#8519 = CARTESIAN_POINT('',(0.760679445584,-7.859035296206E-02));
#8520 = CARTESIAN_POINT('',(0.827974042352,-7.369721609478E-02));
#8521 = CARTESIAN_POINT('',(0.895234027756,-6.880424381772E-02));
#8522 = CARTESIAN_POINT('',(1.088447273298,-5.475035306748E-02));
#8523 = CARTESIAN_POINT('',(1.214407253854,-4.558951103414E-02));
#8524 = CARTESIAN_POINT('',(1.340148877254,-3.644909968714E-02));
#8525 = CARTESIAN_POINT('',(1.465736873613,-2.7333113574E-02));
#8526 = CARTESIAN_POINT('',(1.591217905181,-1.822006258068E-02));
#8527 = CARTESIAN_POINT('',(1.716649618599,-9.103840334945E-03));
#8528 = CARTESIAN_POINT('',(1.84184841347,0.));
#8529 = ( GEOMETRIC_REPRESENTATION_CONTEXT(2) 
PARAMETRIC_REPRESENTATION_CONTEXT() REPRESENTATION_CONTEXT('2D SPACE',''
  ) );
#8530 = ORIENTED_EDGE('',*,*,#8531,.F.);
#8531 = EDGE_CURVE('',#7863,#8458,#8532,.T.);
#8532 = SURFACE_CURVE('',#8533,(#8648,#8766),.PCURVE_S1.);
#8533 = B_SPLINE_CURVE_WITH_KNOTS('',8,(#8534,#8535,#8536,#8537,#8538,
    #8539,#8540,#8541,#8542,#8543,#8544,#8545,#8546,#8547,#8548,#8549,
    #8550,#8551,#8552,#8553,#8554,#8555,#8556,#8557,#8558,#8559,#8560,
    #8561,#8562,#8563,#8564,#8565,#8566,#8567,#8568,#8569,#8570,#8571,
    #8572,#8573,#8574,#8575,#8576,#8577,#8578,#8579,#8580,#8581,#8582,
    #8583,#8584,#8585,#8586,#8587,#8588,#8589,#8590,#8591,#8592,#8593,
    #8594,#8595,#8596,#8597,#8598,#8599,#8600,#8601,#8602,#8603,#8604,
    #8605,#8606,#8607,#8608,#8609,#8610,#8611,#8612,#8613,#8614,#8615,
    #8616,#8617,#8618,#8619,#8620,#8621,#8622,#8623,#8624,#8625,#8626,
    #8627,#8628,#8629,#8630,#8631,#8632,#8633,#8634,#8635,#8636,#8637,
    #8638,#8639,#8640,#8641,#8642,#8643,#8644,#8645,#8646,#8647),
  .UNSPECIFIED.,.F.,.F.,(9,7,7,7,7,7,7,7,7,7,7,7,7,7,7,7,9),(0.,
    7.097156541224E-02,0.112973621023,0.156848236174,0.242619991902,
    0.32925960169,0.373145135933,0.457973328474,0.478974014906,
    0.499676053905,0.571542743879,0.673268583664,0.754271259424,
    0.823980240444,0.89939095321,0.952046741141,1.),.UNSPECIFIED.);
#8534 = CARTESIAN_POINT('',(1.4,0.,-6.046563445504));
#8535 = CARTESIAN_POINT('',(1.4,-7.802555942094E-02,-6.050995367868));
#8536 = CARTESIAN_POINT('',(1.395030208684,-0.156054995812,
    -6.055426999118));
#8537 = CARTESIAN_POINT('',(1.385089792744,-0.233713485452,
    -6.05985842701));
#8538 = CARTESIAN_POINT('',(1.370212705716,-0.310631368946,
    -6.064290190065));
#8539 = CARTESIAN_POINT('',(1.350465078377,-0.386444959493,
    -6.068722909409));
#8540 = CARTESIAN_POINT('',(1.325944131575,-0.460797682525,
    -6.073157001184));
#8541 = CARTESIAN_POINT('',(1.296778611479,-0.533341546714,
    -6.077592469505));
#8542 = CARTESIAN_POINT('',(1.243217427662,-0.645401201882,
    -6.084654256211));
#8543 = CARTESIAN_POINT('',(1.221733475301,-0.686313100547,
    -6.087280128165));
#8544 = CARTESIAN_POINT('',(1.198712179098,-0.726405095378,
    -6.089906303271));
#8545 = CARTESIAN_POINT('',(1.174190213289,-0.765609845872,
    -6.092532700791));
#8546 = CARTESIAN_POINT('',(1.148207637416,-0.803862217986,
    -6.095159251807));
#8547 = CARTESIAN_POINT('',(1.120807896331,-0.841099284136,
    -6.097785899224));
#8548 = CARTESIAN_POINT('',(1.092037820194,-0.877260323198,
    -6.100412597766));
#8549 = CARTESIAN_POINT('',(1.030515930535,-0.948874889043,
    -6.105783135953));
#8550 = CARTESIAN_POINT('',(0.997643374148,-0.984225491673,
    -6.108527019513));
#8551 = CARTESIAN_POINT('',(0.963387103677,-1.018272153831,
    -6.111271150974));
#8552 = CARTESIAN_POINT('',(0.92780762376,-1.05095183231,-6.114015413466
    ));
#8553 = CARTESIAN_POINT('',(0.890968720726,-1.0822049942,-6.116759540474
    ));
#8554 = CARTESIAN_POINT('',(0.85293738802,-1.111975695851,
    -6.119503269374));
#8555 = CARTESIAN_POINT('',(0.813783751615,-1.140211661813,
    -6.122246494967));
#8556 = CARTESIAN_POINT('',(0.694987463151,-1.218968502742,
    -6.130351652494));
#8557 = CARTESIAN_POINT('',(0.612375199752,-1.265028015574,
    -6.135713039784));
#8558 = CARTESIAN_POINT('',(0.526297859326,-1.304672948579,
    -6.141073008949));
#8559 = CARTESIAN_POINT('',(0.437339642491,-1.337604017849,
    -6.146431928067));
#8560 = CARTESIAN_POINT('',(0.34610964212,-1.363586838807,
    -6.151790299746));
#8561 = CARTESIAN_POINT('',(0.253237713086,-1.382450717691,
    -6.157148296471));
#8562 = CARTESIAN_POINT('',(0.159371866049,-1.394092004981,
    -6.162505640791));
#8563 = CARTESIAN_POINT('',(-2.997057425115E-02,-1.402916435481,
    -6.1732722148));
#8564 = CARTESIAN_POINT('',(-0.125472983164,-1.399952987241,
    -6.178682478026));
#8565 = CARTESIAN_POINT('',(-0.220644363348,-1.389557183513,
    -6.184091964836));
#8566 = CARTESIAN_POINT('',(-0.314809618834,-1.371774075504,
    -6.189501061807));
#8567 = CARTESIAN_POINT('',(-0.407306169841,-1.346719980776,
    -6.194910904541));
#8568 = CARTESIAN_POINT('',(-0.497487034509,-1.314579162919,-6.20032285)
  );
#8569 = CARTESIAN_POINT('',(-0.584725058356,-1.27560545832,
    -6.205737713895));
#8570 = CARTESIAN_POINT('',(-0.710811398418,-1.20709359796,
    -6.21389867449));
#8571 = CARTESIAN_POINT('',(-0.752297831344,-1.182388333492,
    -6.216643320122));
#8572 = CARTESIAN_POINT('',(-0.792800249163,-1.156055047469,
    -6.219388692025));
#8573 = CARTESIAN_POINT('',(-0.832244069471,-1.128139755913,
    -6.222134745204));
#8574 = CARTESIAN_POINT('',(-0.870557550252,-1.09869240857,
    -6.22488139561));
#8575 = CARTESIAN_POINT('',(-0.907671871609,-1.067766797454,
    -6.227628508039));
#8576 = CARTESIAN_POINT('',(-0.943521217494,-1.035420465388,
    -6.230375884035));
#8577 = CARTESIAN_POINT('',(-1.044771185373,-0.936563159662,
    -6.23843374848));
#8578 = CARTESIAN_POINT('',(-1.106545896852,-0.866325379664,
    -6.243744747638));
#8579 = CARTESIAN_POINT('',(-1.162904773343,-0.791449415508,
    -6.249053836833));
#8580 = CARTESIAN_POINT('',(-1.213445421317,-0.712426133909,
    -6.254358483243));
#8581 = CARTESIAN_POINT('',(-1.257820992067,-0.629782824526,
    -6.259656536351));
#8582 = CARTESIAN_POINT('',(-1.295739864008,-0.544079246366,
    -6.264947063691));
#8583 = CARTESIAN_POINT('',(-1.326969287467,-0.455906023381,
    -6.270231517674));
#8584 = CARTESIAN_POINT('',(-1.357377124124,-0.343599224116,
    -6.276823308713));
#8585 = CARTESIAN_POINT('',(-1.362991287161,-0.321199020051,
    -6.278131384303));
#8586 = CARTESIAN_POINT('',(-1.368182989247,-0.298693949413,
    -6.279439553304));
#8587 = CARTESIAN_POINT('',(-1.372949975341,-0.276093197472,
    -6.280747927968));
#8588 = CARTESIAN_POINT('',(-1.377290227176,-0.253405962432,
    -6.282056639737));
#8589 = CARTESIAN_POINT('',(-1.381201963267,-0.230641455434,
    -6.283365839241));
#8590 = CARTESIAN_POINT('',(-1.384683638905,-0.207808900555,
    -6.284675696301));
#8591 = CARTESIAN_POINT('',(-1.390740875476,-0.162351703546,
    -6.287278464243));
#8592 = CARTESIAN_POINT('',(-1.393328433625,-0.139730098526,
    -6.288571043438));
#8593 = CARTESIAN_POINT('',(-1.395495411591,-0.11706178172,
    -6.28986463088));
#8594 = CARTESIAN_POINT('',(-1.397240839401,-9.435586144133E-02,
    -6.29115956541));
#8595 = CARTESIAN_POINT('',(-1.39856398612,-7.162149234806E-02,
    -6.292456031341));
#8596 = CARTESIAN_POINT('',(-1.399464359855,-4.886787544145E-02,
    -6.293754058457));
#8597 = CARTESIAN_POINT('',(-1.399941707756,-2.610425806618E-02,
    -6.295053522015));
#8598 = CARTESIAN_POINT('',(-1.40018454596,7.568593531483E-02,
    -6.300869220052));
#8599 = CARTESIAN_POINT('',(-1.395275033556,0.154728373168,
    -6.305378116875));
#8600 = CARTESIAN_POINT('',(-1.385265595976,0.233397863767,
    -6.309881714843));
#8601 = CARTESIAN_POINT('',(-1.37019097652,0.311310324945,
    -6.314380338826));
#8602 = CARTESIAN_POINT('',(-1.350119761831,0.388087886738,
    -6.318874496187));
#8603 = CARTESIAN_POINT('',(-1.325153245896,0.463360075152,
    -6.323365133566));
#8604 = CARTESIAN_POINT('',(-1.295425940825,0.536765401207,
    -6.327853411215));
#8605 = CARTESIAN_POINT('',(-1.212531010377,0.708718458172,
    -6.338690662885));
#8606 = CARTESIAN_POINT('',(-1.154743082331,0.805067556397,
    -6.345039613626));
#8607 = CARTESIAN_POINT('',(-1.088225137584,0.895987468601,
    -6.351388086245));
#8608 = CARTESIAN_POINT('',(-1.013582988676,0.980561672412,
    -6.357738898752));
#8609 = CARTESIAN_POINT('',(-0.931526679125,1.057962761055,
    -6.364094175824));
#8610 = CARTESIAN_POINT('',(-0.84285967386,1.127453992304,
    -6.370454108238));
#8611 = CARTESIAN_POINT('',(-0.748477634383,1.188399929752,
    -6.376816743938));
#8612 = CARTESIAN_POINT('',(-0.570464336073,1.281602373193,
    -6.388244823802));
#8613 = CARTESIAN_POINT('',(-0.488541487846,1.317183768915,
    -6.39331161741));
#8614 = CARTESIAN_POINT('',(-0.404103394342,1.346769225224,
    -6.398377820163));
#8615 = CARTESIAN_POINT('',(-0.317664003292,1.37015527537,
    -6.403442545329));
#8616 = CARTESIAN_POINT('',(-0.229752351553,1.387191718727,
    -6.408505528404));
#8617 = CARTESIAN_POINT('',(-0.140909622792,1.397780560008,
    -6.413567030969));
#8618 = CARTESIAN_POINT('',(-5.168696104695E-02,1.401878293155,
    -6.418627510843));
#8619 = CARTESIAN_POINT('',(0.113984185044,1.397456143878,-6.42804118523
    ));
#8620 = CARTESIAN_POINT('',(0.190487677968,1.390615284417,
    -6.432395078359));
#8621 = CARTESIAN_POINT('',(0.266511773121,1.378988665806,
    -6.436748940065));
#8622 = CARTESIAN_POINT('',(0.341706768099,1.362616471452,
    -6.441103231989));
#8623 = CARTESIAN_POINT('',(0.415729199092,1.341569018815,
    -6.445458466086));
#8624 = CARTESIAN_POINT('',(0.488243116405,1.31594642431,-6.449814995439
    ));
#8625 = CARTESIAN_POINT('',(0.558921359979,1.285878268224,
    -6.454172805085));
#8626 = CARTESIAN_POINT('',(0.701577238641,1.214358239443,
    -6.463246296746));
#8627 = CARTESIAN_POINT('',(0.773196046703,1.172172918251,
    -6.467962623431));
#8628 = CARTESIAN_POINT('',(0.841900084469,1.125168137092,
    -6.472679250863));
#8629 = CARTESIAN_POINT('',(0.907312203232,1.073581854376,
    -6.477397554515));
#8630 = CARTESIAN_POINT('',(0.969081087393,1.017684107198,-6.48211079337
    ));
#8631 = CARTESIAN_POINT('',(1.026880863011,0.957777187513,
    -6.486831252094));
#8632 = CARTESIAN_POINT('',(1.080414670689,0.894192747689,
    -6.491548118548));
#8633 = CARTESIAN_POINT('',(1.163633115179,0.780583550725,
    -6.499557387043));
#8634 = CARTESIAN_POINT('',(1.195641953041,0.732253670395,-6.50285010153
    ));
#8635 = CARTESIAN_POINT('',(1.225353522373,0.6824283103,-6.506142347564)
  );
#8636 = CARTESIAN_POINT('',(1.252686549405,0.631235355623,
    -6.509434150888));
#8637 = CARTESIAN_POINT('',(1.277568627163,0.578807413411,
    -6.512725598441));
#8638 = CARTESIAN_POINT('',(1.299936322859,0.525281522993,
    -6.516016779563));
#8639 = CARTESIAN_POINT('',(1.319735285281,0.470798866405,-6.51930772719
    ));
#8640 = CARTESIAN_POINT('',(1.352570672773,0.365148265631,
    -6.525595114538));
#8641 = CARTESIAN_POINT('',(1.366053450965,0.314117844895,
    -6.528591674514));
#8642 = CARTESIAN_POINT('',(1.377334672005,0.262522754842,
    -6.531587997412));
#8643 = CARTESIAN_POINT('',(1.386387052432,0.210473952441,-6.53458406463
    ));
#8644 = CARTESIAN_POINT('',(1.393190074116,0.158083627417,-6.53757987354
    ));
#8645 = CARTESIAN_POINT('',(1.397730018288,0.10546501629,-6.540575430506
    ));
#8646 = CARTESIAN_POINT('',(1.399999999568,5.273221641195E-02,
    -6.543570743891));
#8647 = CARTESIAN_POINT('',(1.4,-1.110223024625E-15,-6.546565817076));
#8648 = PCURVE('',#6458,#8649);
#8649 = DEFINITIONAL_REPRESENTATION('',(#8650),#8765);
#8650 = B_SPLINE_CURVE_WITH_KNOTS('',8,(#8651,#8652,#8653,#8654,#8655,
    #8656,#8657,#8658,#8659,#8660,#8661,#8662,#8663,#8664,#8665,#8666,
    #8667,#8668,#8669,#8670,#8671,#8672,#8673,#8674,#8675,#8676,#8677,
    #8678,#8679,#8680,#8681,#8682,#8683,#8684,#8685,#8686,#8687,#8688,
    #8689,#8690,#8691,#8692,#8693,#8694,#8695,#8696,#8697,#8698,#8699,
    #8700,#8701,#8702,#8703,#8704,#8705,#8706,#8707,#8708,#8709,#8710,
    #8711,#8712,#8713,#8714,#8715,#8716,#8717,#8718,#8719,#8720,#8721,
    #8722,#8723,#8724,#8725,#8726,#8727,#8728,#8729,#8730,#8731,#8732,
    #8733,#8734,#8735,#8736,#8737,#8738,#8739,#8740,#8741,#8742,#8743,
    #8744,#8745,#8746,#8747,#8748,#8749,#8750,#8751,#8752,#8753,#8754,
    #8755,#8756,#8757,#8758,#8759,#8760,#8761,#8762,#8763,#8764),
  .UNSPECIFIED.,.F.,.F.,(9,7,7,7,7,7,7,7,7,7,7,7,7,7,7,7,9),(0.,
    7.097156541224E-02,0.112973621023,0.156848236174,0.242619991902,
    0.32925960169,0.373145135933,0.457973328474,0.478974014906,
    0.499676053905,0.571542743879,0.673268583664,0.754271259424,
    0.823980240444,0.89939095321,0.952046741141,1.),.UNSPECIFIED.);
#8651 = CARTESIAN_POINT('',(0.191902787789,0.333740768145));
#8652 = CARTESIAN_POINT('',(0.191903050895,0.336697075333));
#8653 = CARTESIAN_POINT('',(0.191904601849,0.339653630759));
#8654 = CARTESIAN_POINT('',(0.191907129305,0.342610264648));
#8655 = CARTESIAN_POINT('',(0.191909875214,0.345566974032));
#8656 = CARTESIAN_POINT('',(0.191912062108,0.348523822987));
#8657 = CARTESIAN_POINT('',(0.191913186565,0.351480852837));
#8658 = CARTESIAN_POINT('',(0.191913178843,0.354438002318));
#8659 = CARTESIAN_POINT('',(0.191911984732,0.359145056385));
#8660 = CARTESIAN_POINT('',(0.191911225276,0.360895086186));
#8661 = CARTESIAN_POINT('',(0.191910316139,0.362645115288));
#8662 = CARTESIAN_POINT('',(0.19190938249,0.364395134744));
#8663 = CARTESIAN_POINT('',(0.191908508847,0.366145138476));
#8664 = CARTESIAN_POINT('',(0.191907739083,0.367895123284));
#8665 = CARTESIAN_POINT('',(0.191907076419,0.36964508884));
#8666 = CARTESIAN_POINT('',(0.191905863999,0.373223003753));
#8667 = CARTESIAN_POINT('',(0.191905269981,0.375050964403));
#8668 = CARTESIAN_POINT('',(0.191904091378,0.376878914588));
#8669 = CARTESIAN_POINT('',(0.191902505133,0.378706864751));
#8670 = CARTESIAN_POINT('',(0.191901074818,0.380534830812));
#8671 = CARTESIAN_POINT('',(0.19190035032,0.382362824162));
#8672 = CARTESIAN_POINT('',(0.191900467531,0.384190841648));
#8673 = CARTESIAN_POINT('',(0.191901296412,0.389592492928));
#8674 = CARTESIAN_POINT('',(0.191903280456,0.393166534998));
#8675 = CARTESIAN_POINT('',(0.191905559446,0.396740449855));
#8676 = CARTESIAN_POINT('',(0.191906599577,0.400314101603));
#8677 = CARTESIAN_POINT('',(0.191905889041,0.403887586024));
#8678 = CARTESIAN_POINT('',(0.191904303086,0.407461040993));
#8679 = CARTESIAN_POINT('',(0.191903419077,0.411034431689));
#8680 = CARTESIAN_POINT('',(0.191904147648,0.418216340509));
#8681 = CARTESIAN_POINT('',(0.191905823391,0.421825561901));
#8682 = CARTESIAN_POINT('',(0.191909620513,0.425434490374));
#8683 = CARTESIAN_POINT('',(0.191915795295,0.429043183145));
#8684 = CARTESIAN_POINT('',(0.191923388396,0.432651951751));
#8685 = CARTESIAN_POINT('',(0.191930300029,0.436261086429));
#8686 = CARTESIAN_POINT('',(0.19193410047,0.439870592124));
#8687 = CARTESIAN_POINT('',(0.191933310162,0.445308176053));
#8688 = CARTESIAN_POINT('',(0.191931933952,0.447136494945));
#8689 = CARTESIAN_POINT('',(0.191929267307,0.448964866578));
#8690 = CARTESIAN_POINT('',(0.191925212101,0.450793280268));
#8691 = CARTESIAN_POINT('',(0.19191976622,0.452621733679));
#8692 = CARTESIAN_POINT('',(0.191913037734,0.454450225598));
#8693 = CARTESIAN_POINT('',(0.191905259086,0.456278748706));
#8694 = CARTESIAN_POINT('',(0.191880452799,0.461641731861));
#8695 = CARTESIAN_POINT('',(0.191861591713,0.4651765846));
#8696 = CARTESIAN_POINT('',(0.191842609232,0.468711319826));
#8697 = CARTESIAN_POINT('',(0.191827913099,0.472245835759));
#8698 = CARTESIAN_POINT('',(0.191822673948,0.475780316514));
#8699 = CARTESIAN_POINT('',(0.191830854666,0.479315005807));
#8700 = CARTESIAN_POINT('',(0.191852522718,0.482849887432));
#8701 = CARTESIAN_POINT('',(0.191887358219,0.487259270676));
#8702 = CARTESIAN_POINT('',(0.191894657706,0.488134269221));
#8703 = CARTESIAN_POINT('',(0.191902240004,0.489009268342));
#8704 = CARTESIAN_POINT('',(0.191909975198,0.489884268147));
#8705 = CARTESIAN_POINT('',(0.191917707384,0.490759268652));
#8706 = CARTESIAN_POINT('',(0.191925254663,0.491634269786));
#8707 = CARTESIAN_POINT('',(0.19193240914,0.492509271387));
#8708 = CARTESIAN_POINT('',(0.191945371888,0.494246831758));
#8709 = CARTESIAN_POINT('',(0.191951298447,0.495109362355));
#8710 = CARTESIAN_POINT('',(0.191956348421,0.495971820945));
#8711 = CARTESIAN_POINT('',(0.191960206809,0.496834178595));
#8712 = CARTESIAN_POINT('',(0.191962611795,0.497696421497));
#8713 = CARTESIAN_POINT('',(0.191963354748,0.498558550966));
#8714 = CARTESIAN_POINT('',(0.191962280222,0.499420583435));
#8715 = CARTESIAN_POINT('',(0.191948891428,0.503274850742));
#8716 = CARTESIAN_POINT('',(0.191924831637,0.506268946975));
#8717 = CARTESIAN_POINT('',(0.191895242583,0.509263734723));
#8718 = CARTESIAN_POINT('',(0.191867516743,0.512258739076));
#8719 = CARTESIAN_POINT('',(0.191846542369,0.515253839911));
#8720 = CARTESIAN_POINT('',(0.191834135166,0.51824904606));
#8721 = CARTESIAN_POINT('',(0.191829662326,0.521244318382));
#8722 = CARTESIAN_POINT('',(0.191834968221,0.528478978066));
#8723 = CARTESIAN_POINT('',(0.191851361547,0.532719311315));
#8724 = CARTESIAN_POINT('',(0.191876976555,0.536959283455));
#8725 = CARTESIAN_POINT('',(0.191903045127,0.541198793189));
#8726 = CARTESIAN_POINT('',(0.19192240371,0.54543821869));
#8727 = CARTESIAN_POINT('',(0.191932494174,0.549677892791));
#8728 = CARTESIAN_POINT('',(0.191935055196,0.553917630649));
#8729 = CARTESIAN_POINT('',(0.191930472873,0.56153150305));
#8730 = CARTESIAN_POINT('',(0.191925233254,0.564906791966));
#8731 = CARTESIAN_POINT('',(0.191918057258,0.568281806782));
#8732 = CARTESIAN_POINT('',(0.191910878639,0.57165656158));
#8733 = CARTESIAN_POINT('',(0.191905299363,0.575031272303));
#8734 = CARTESIAN_POINT('',(0.191902064886,0.578406167754));
#8735 = CARTESIAN_POINT('',(0.191901008337,0.58178129366));
#8736 = CARTESIAN_POINT('',(0.191901855359,0.588060768632));
#8737 = CARTESIAN_POINT('',(0.191903399106,0.590965460712));
#8738 = CARTESIAN_POINT('',(0.191905606437,0.593870242429));
#8739 = CARTESIAN_POINT('',(0.19190783326,0.596775101112));
#8740 = CARTESIAN_POINT('',(0.191909464119,0.599680082484));
#8741 = CARTESIAN_POINT('',(0.191910096538,0.602585218114));
#8742 = CARTESIAN_POINT('',(0.191909725364,0.605490452866));
#8743 = CARTESIAN_POINT('',(0.191908063545,0.611538311305));
#8744 = CARTESIAN_POINT('',(0.191906621147,0.614681243543));
#8745 = CARTESIAN_POINT('',(0.191905798492,0.61782402808));
#8746 = CARTESIAN_POINT('',(0.191901951144,0.620966694742));
#8747 = CARTESIAN_POINT('',(0.191910777266,0.62410917891));
#8748 = CARTESIAN_POINT('',(0.191902482807,0.627251830536));
#8749 = CARTESIAN_POINT('',(0.19190276206,0.630394614161));
#8750 = CARTESIAN_POINT('',(0.191903076562,0.635731624199));
#8751 = CARTESIAN_POINT('',(0.191903763016,0.637926057617));
#8752 = CARTESIAN_POINT('',(0.191904845623,0.640120505904));
#8753 = CARTESIAN_POINT('',(0.191906056144,0.64231494787));
#8754 = CARTESIAN_POINT('',(0.191907102867,0.644509379685));
#8755 = CARTESIAN_POINT('',(0.191907754368,0.646703798478));
#8756 = CARTESIAN_POINT('',(0.191907923288,0.648898185942));
#8757 = CARTESIAN_POINT('',(0.191907592363,0.653090831101));
#8758 = CARTESIAN_POINT('',(0.191907139176,0.65508914218));
#8759 = CARTESIAN_POINT('',(0.191906429302,0.657087389073));
#8760 = CARTESIAN_POINT('',(0.191905604713,0.659085563402));
#8761 = CARTESIAN_POINT('',(0.191904862079,0.661083672666));
#8762 = CARTESIAN_POINT('',(0.191904404252,0.663081728398));
#8763 = CARTESIAN_POINT('',(0.191904391767,0.665079734313));
#8764 = CARTESIAN_POINT('',(0.191904894322,0.667077674471));
#8765 = ( GEOMETRIC_REPRESENTATION_CONTEXT(2) 
PARAMETRIC_REPRESENTATION_CONTEXT() REPRESENTATION_CONTEXT('2D SPACE',''
  ) );
#8766 = PCURVE('',#7531,#8767);
#8767 = DEFINITIONAL_REPRESENTATION('',(#8768),#8883);
#8768 = B_SPLINE_CURVE_WITH_KNOTS('',8,(#8769,#8770,#8771,#8772,#8773,
    #8774,#8775,#8776,#8777,#8778,#8779,#8780,#8781,#8782,#8783,#8784,
    #8785,#8786,#8787,#8788,#8789,#8790,#8791,#8792,#8793,#8794,#8795,
    #8796,#8797,#8798,#8799,#8800,#8801,#8802,#8803,#8804,#8805,#8806,
    #8807,#8808,#8809,#8810,#8811,#8812,#8813,#8814,#8815,#8816,#8817,
    #8818,#8819,#8820,#8821,#8822,#8823,#8824,#8825,#8826,#8827,#8828,
    #8829,#8830,#8831,#8832,#8833,#8834,#8835,#8836,#8837,#8838,#8839,
    #8840,#8841,#8842,#8843,#8844,#8845,#8846,#8847,#8848,#8849,#8850,
    #8851,#8852,#8853,#8854,#8855,#8856,#8857,#8858,#8859,#8860,#8861,
    #8862,#8863,#8864,#8865,#8866,#8867,#8868,#8869,#8870,#8871,#8872,
    #8873,#8874,#8875,#8876,#8877,#8878,#8879,#8880,#8881,#8882),
  .UNSPECIFIED.,.F.,.F.,(9,7,7,7,7,7,7,7,7,7,7,7,7,7,7,7,9),(0.,
    7.097156541224E-02,0.112973621023,0.156848236174,0.242619991902,
    0.32925960169,0.373145135933,0.457973328474,0.478974014906,
    0.499676053905,0.571542743879,0.673268583664,0.754271259424,
    0.823980240444,0.89939095321,0.952046741141,1.),.UNSPECIFIED.);
#8769 = CARTESIAN_POINT('',(6.28318530718,1.353436554496));
#8770 = CARTESIAN_POINT('',(6.227452764736,1.349004632132));
#8771 = CARTESIAN_POINT('',(6.171717482672,1.344573000882));
#8772 = CARTESIAN_POINT('',(6.115983266335,1.34014157299));
#8773 = CARTESIAN_POINT('',(6.060250492136,1.335709809935));
#8774 = CARTESIAN_POINT('',(6.004517803033,1.331277090591));
#8775 = CARTESIAN_POINT('',(5.948783804285,1.326842998816));
#8776 = CARTESIAN_POINT('',(5.893048759511,1.322407530495));
#8777 = CARTESIAN_POINT('',(5.804332959178,1.315345743789));
#8778 = CARTESIAN_POINT('',(5.771349589828,1.312719871835));
#8779 = CARTESIAN_POINT('',(5.738366194828,1.310093696729));
#8780 = CARTESIAN_POINT('',(5.70538279069,1.307467299209));
#8781 = CARTESIAN_POINT('',(5.672399394576,1.304840748193));
#8782 = CARTESIAN_POINT('',(5.639416024303,1.302214100776));
#8783 = CARTESIAN_POINT('',(5.606432698336,1.299587402234));
#8784 = CARTESIAN_POINT('',(5.538995694669,1.294216864047));
#8785 = CARTESIAN_POINT('',(5.504541770575,1.291472980487));
#8786 = CARTESIAN_POINT('',(5.47008796121,1.288728849026));
#8787 = CARTESIAN_POINT('',(5.435634263706,1.285984586534));
#8788 = CARTESIAN_POINT('',(5.401180535288,1.283240459526));
#8789 = CARTESIAN_POINT('',(5.366726653935,1.280496730626));
#8790 = CARTESIAN_POINT('',(5.332272679042,1.277753505033));
#8791 = CARTESIAN_POINT('',(5.230464540795,1.269648347506));
#8792 = CARTESIAN_POINT('',(5.163103391307,1.264286960216));
#8793 = CARTESIAN_POINT('',(5.095745062466,1.258926991051));
#8794 = CARTESIAN_POINT('',(5.028390335379,1.253568071933));
#8795 = CARTESIAN_POINT('',(4.961035606678,1.248209700254));
#8796 = CARTESIAN_POINT('',(4.893677233845,1.242851703529));
#8797 = CARTESIAN_POINT('',(4.826315892585,1.237494359209));
#8798 = CARTESIAN_POINT('',(4.690924490452,1.2267277852));
#8799 = CARTESIAN_POINT('',(4.622881112477,1.221317521974));
#8800 = CARTESIAN_POINT('',(4.554840749815,1.215908035164));
#8801 = CARTESIAN_POINT('',(4.486804202394,1.210498938193));
#8802 = CARTESIAN_POINT('',(4.418767707682,1.205089095459));
#8803 = CARTESIAN_POINT('',(4.350727504268,1.19967715));
#8804 = CARTESIAN_POINT('',(4.282684383934,1.194262286105));
#8805 = CARTESIAN_POINT('',(4.180185901714,1.18610132551));
#8806 = CARTESIAN_POINT('',(4.14572309134,1.183356679878));
#8807 = CARTESIAN_POINT('',(4.111260291328,1.180611307975));
#8808 = CARTESIAN_POINT('',(4.076797633929,1.177865254796));
#8809 = CARTESIAN_POINT('',(4.042335046957,1.17511860439));
#8810 = CARTESIAN_POINT('',(4.007872407336,1.172371491961));
#8811 = CARTESIAN_POINT('',(3.97340969465,1.169624115965));
#8812 = CARTESIAN_POINT('',(3.872333034283,1.16156625152));
#8813 = CARTESIAN_POINT('',(3.805712633526,1.156255252362));
#8814 = CARTESIAN_POINT('',(3.739094882845,1.150946163167));
#8815 = CARTESIAN_POINT('',(3.672480407263,1.145641516757));
#8816 = CARTESIAN_POINT('',(3.605865666833,1.140343463649));
#8817 = CARTESIAN_POINT('',(3.53924713023,1.135052936309));
#8818 = CARTESIAN_POINT('',(3.47262547154,1.129768482326));
#8819 = CARTESIAN_POINT('',(3.389517925985,1.123176691287));
#8820 = CARTESIAN_POINT('',(3.373025839395,1.121868615697));
#8821 = CARTESIAN_POINT('',(3.356533474918,1.120560446696));
#8822 = CARTESIAN_POINT('',(3.340040750923,1.119252072032));
#8823 = CARTESIAN_POINT('',(3.323547559681,1.117943360263));
#8824 = CARTESIAN_POINT('',(3.307053767369,1.116634160759));
#8825 = CARTESIAN_POINT('',(3.290559214064,1.115324303699));
#8826 = CARTESIAN_POINT('',(3.257802793329,1.112721535757));
#8827 = CARTESIAN_POINT('',(3.241541955252,1.111428956562));
#8828 = CARTESIAN_POINT('',(3.22528116627,1.11013536912));
#8829 = CARTESIAN_POINT('',(3.209020414974,1.10884043459));
#8830 = CARTESIAN_POINT('',(3.192759711799,1.107543968659));
#8831 = CARTESIAN_POINT('',(3.176499089018,1.106245941543));
#8832 = CARTESIAN_POINT('',(3.160238600743,1.104946477985));
#8833 = CARTESIAN_POINT('',(3.087531112853,1.099130779948));
#8834 = CARTESIAN_POINT('',(3.031080787859,1.094621883125));
#8835 = CARTESIAN_POINT('',(2.974631358417,1.090118285157));
#8836 = CARTESIAN_POINT('',(2.918183169278,1.085619661174));
#8837 = CARTESIAN_POINT('',(2.861734750785,1.081125503813));
#8838 = CARTESIAN_POINT('',(2.805284648743,1.076634866434));
#8839 = CARTESIAN_POINT('',(2.748833232864,1.072146588785));
#8840 = CARTESIAN_POINT('',(2.612482426131,1.061309337115));
#8841 = CARTESIAN_POINT('',(2.532564950348,1.054960386374));
#8842 = CARTESIAN_POINT('',(2.452654227588,1.048611913755));
#8843 = CARTESIAN_POINT('',(2.37275212055,1.042261101248));
#8844 = CARTESIAN_POINT('',(2.292850254019,1.035905824176));
#8845 = CARTESIAN_POINT('',(2.212940138388,1.029545891762));
#8846 = CARTESIAN_POINT('',(2.133023346168,1.023183256062));
#8847 = CARTESIAN_POINT('',(1.989497358621,1.011755176198));
#8848 = CARTESIAN_POINT('',(1.925868091898,1.00668838259));
#8849 = CARTESIAN_POINT('',(1.8622409897,1.001622179837));
#8850 = CARTESIAN_POINT('',(1.798616553648,0.996557454671));
#8851 = CARTESIAN_POINT('',(1.734992027568,0.991494471596));
#8852 = CARTESIAN_POINT('',(1.67136467868,0.986432969031));
#8853 = CARTESIAN_POINT('',(1.607735071019,0.981372489157));
#8854 = CARTESIAN_POINT('',(1.489356389361,0.97195881477));
#8855 = CARTESIAN_POINT('',(1.434600091475,0.967604921641));
#8856 = CARTESIAN_POINT('',(1.379844760128,0.963251059935));
#8857 = CARTESIAN_POINT('',(1.325090716681,0.958896768011));
#8858 = CARTESIAN_POINT('',(1.270336768252,0.954541533914));
#8859 = CARTESIAN_POINT('',(1.215581694808,0.950185004561));
#8860 = CARTESIAN_POINT('',(1.160825736257,0.945827194915));
#8861 = CARTESIAN_POINT('',(1.046839937299,0.936753703254));
#8862 = CARTESIAN_POINT('',(0.987604402489,0.932037376569));
#8863 = CARTESIAN_POINT('',(0.928370533778,0.927320749137));
#8864 = CARTESIAN_POINT('',(0.869138542118,0.922602445485));
#8865 = CARTESIAN_POINT('',(0.809906276918,0.91788920663));
#8866 = CARTESIAN_POINT('',(0.750672585869,0.913168747906));
#8867 = CARTESIAN_POINT('',(0.691437073089,0.908451881452));
#8868 = CARTESIAN_POINT('',(0.590846066629,0.900442612957));
#8869 = CARTESIAN_POINT('',(0.549486195636,0.89714989847));
#8870 = CARTESIAN_POINT('',(0.508126424778,0.893857652436));
#8871 = CARTESIAN_POINT('',(0.466766941599,0.890565849112));
#8872 = CARTESIAN_POINT('',(0.425407497852,0.887274401559));
#8873 = CARTESIAN_POINT('',(0.384047786178,0.883983220437));
#8874 = CARTESIAN_POINT('',(0.342687816785,0.88069227281));
#8875 = CARTESIAN_POINT('',(0.263662465274,0.874404885462));
#8876 = CARTESIAN_POINT('',(0.225996257781,0.871408325486));
#8877 = CARTESIAN_POINT('',(0.188330174547,0.868412002588));
#8878 = CARTESIAN_POINT('',(0.150664253966,0.86541593537));
#8879 = CARTESIAN_POINT('',(0.112998307278,0.86242012646));
#8880 = CARTESIAN_POINT('',(7.533215591741E-02,0.859424569494));
#8881 = CARTESIAN_POINT('',(3.766586886568E-02,0.856429256109));
#8882 = CARTESIAN_POINT('',(0.,0.853434182924));
#8883 = ( GEOMETRIC_REPRESENTATION_CONTEXT(2) 
PARAMETRIC_REPRESENTATION_CONTEXT() REPRESENTATION_CONTEXT('2D SPACE',''
  ) );
#8884 = ORIENTED_EDGE('',*,*,#7862,.F.);
#8885 = ADVANCED_FACE('',(#8886),#7835,.F.);
#8886 = FACE_BOUND('',#8887,.F.);
#8887 = EDGE_LOOP('',(#8888,#8915,#8916));
#8888 = ORIENTED_EDGE('',*,*,#8889,.F.);
#8889 = EDGE_CURVE('',#7766,#8890,#8892,.T.);
#8890 = VERTEX_POINT('',#8891);
#8891 = CARTESIAN_POINT('',(1.31785060758,-8.053090970463E-03,
    -6.791070415852));
#8892 = SURFACE_CURVE('',#8893,(#8898,#8905),.PCURVE_S1.);
#8893 = HYPERBOLA('',#8894,2.48679991497,0.487419244484);
#8894 = AXIS2_PLACEMENT_3D('',#8895,#8896,#8897);
#8895 = CARTESIAN_POINT('',(-1.136678824618E-05,0.520804813068,
    -13.94031896276));
#8896 = DIRECTION('',(-2.176595018811E-05,0.997274812679,
    7.377633442748E-02));
#8897 = DIRECTION('',(1.610200116769E-06,-7.377633440991E-02,
    0.997274812917));
#8898 = PCURVE('',#7835,#8899);
#8899 = DEFINITIONAL_REPRESENTATION('',(#8900),#8904);
#8900 = ( BOUNDED_CURVE() B_SPLINE_CURVE(2,(#8901,#8902,#8903),
.UNSPECIFIED.,.F.,.F.) B_SPLINE_CURVE_WITH_KNOTS((3,3),(1.703968971397,
1.727987903188),.PIECEWISE_BEZIER_KNOTS.) CURVE() 
GEOMETRIC_REPRESENTATION_ITEM() RATIONAL_B_SPLINE_CURVE((1.,
1.000072114502,1.)) REPRESENTATION_ITEM('') );
#8901 = CARTESIAN_POINT('',(6.492150895898E-05,-0.102833140395));
#8902 = CARTESIAN_POINT('',(7.940911950698E-02,-8.62162610421E-02));
#8903 = CARTESIAN_POINT('',(0.160812683304,-6.922101444683E-02));
#8904 = ( GEOMETRIC_REPRESENTATION_CONTEXT(2) 
PARAMETRIC_REPRESENTATION_CONTEXT() REPRESENTATION_CONTEXT('2D SPACE',''
  ) );
#8905 = PCURVE('',#7785,#8906);
#8906 = DEFINITIONAL_REPRESENTATION('',(#8907),#8914);
#8907 = B_SPLINE_CURVE_WITH_KNOTS('',5,(#8908,#8909,#8910,#8911,#8912,
    #8913),.UNSPECIFIED.,.F.,.F.,(6,6),(1.703968971397,1.727987903188),
  .PIECEWISE_BEZIER_KNOTS.);
#8908 = CARTESIAN_POINT('',(6.28318530718,-0.499935161169));
#8909 = CARTESIAN_POINT('',(6.281377250578,-0.468282440769));
#8910 = CARTESIAN_POINT('',(6.279580794513,-0.436426637301));
#8911 = CARTESIAN_POINT('',(6.277795839742,-0.404366229035));
#8912 = CARTESIAN_POINT('',(6.276022288144,-0.372099674717));
#8913 = CARTESIAN_POINT('',(6.274260042702,-0.339625413124));
#8914 = ( GEOMETRIC_REPRESENTATION_CONTEXT(2) 
PARAMETRIC_REPRESENTATION_CONTEXT() REPRESENTATION_CONTEXT('2D SPACE',''
  ) );
#8915 = ORIENTED_EDGE('',*,*,#7799,.T.);
#8916 = ORIENTED_EDGE('',*,*,#8917,.T.);
#8917 = EDGE_CURVE('',#6929,#8890,#8918,.T.);
#8918 = SURFACE_CURVE('',#8919,(#8922,#8928),.PCURVE_S1.);
#8919 = B_SPLINE_CURVE_WITH_KNOTS('',1,(#8920,#8921),.UNSPECIFIED.,.F.,
  .F.,(2,2),(0.,0.548073520823),.PIECEWISE_BEZIER_KNOTS.);
#8920 = CARTESIAN_POINT('',(1.0752404736,1.90081259531E-15,-6.9));
#8921 = CARTESIAN_POINT('',(1.575000180782,-1.658879750522E-02,
    -6.675612765286));
#8922 = PCURVE('',#7835,#8923);
#8923 = DEFINITIONAL_REPRESENTATION('',(#8924),#8927);
#8924 = B_SPLINE_CURVE_WITH_KNOTS('',1,(#8925,#8926),.UNSPECIFIED.,.F.,
  .F.,(2,2),(0.,0.548073520823),.PIECEWISE_BEZIER_KNOTS.);
#8925 = CARTESIAN_POINT('',(2.593759491631E-07,-0.322606283001));
#8926 = CARTESIAN_POINT('',(0.224999857568,0.177153424299));
#8927 = ( GEOMETRIC_REPRESENTATION_CONTEXT(2) 
PARAMETRIC_REPRESENTATION_CONTEXT() REPRESENTATION_CONTEXT('2D SPACE',''
  ) );
#8928 = PCURVE('',#8929,#8954);
#8929 = B_SPLINE_SURFACE_WITH_KNOTS('',1,11,(
    (#8930,#8931,#8932,#8933,#8934,#8935,#8936,#8937,#8938,#8939,#8940
      ,#8941)
    ,(#8942,#8943,#8944,#8945,#8946,#8947,#8948,#8949,#8950,#8951,#8952
      ,#8953
    )),.UNSPECIFIED.,.F.,.F.,.F.,(2,2),(12,12),(0.,0.548073520823),(0.,
    1.),.PIECEWISE_BEZIER_KNOTS.);
#8930 = CARTESIAN_POINT('',(1.0752404736,1.90081259531E-15,-6.9));
#8931 = CARTESIAN_POINT('',(1.075253883881,-0.614433797179,
    -6.945454545455));
#8932 = CARTESIAN_POINT('',(0.689201630077,-1.226684376768,
    -6.990909090906));
#8933 = CARTESIAN_POINT('',(-8.232872429966E-02,-1.578597295854,
    -7.036363636371));
#8934 = CARTESIAN_POINT('',(-1.027575856811,-1.367502425919,
    -7.081818181807));
#8935 = CARTESIAN_POINT('',(-1.729797003817,-0.58411263063,
    -7.127272727283));
#8936 = CARTESIAN_POINT('',(-1.729797003817,0.58411263063,
    -7.172727272721));
#8937 = CARTESIAN_POINT('',(-1.027575856811,1.367502425919,
    -7.218181818183));
#8938 = CARTESIAN_POINT('',(-8.232872429952E-02,1.578597295854,
    -7.263636363637));
#8939 = CARTESIAN_POINT('',(0.689201630077,1.226684376768,-7.30909090909
    ));
#8940 = CARTESIAN_POINT('',(1.075253883881,0.614433797179,
    -7.354545454546));
#8941 = CARTESIAN_POINT('',(1.0752404736,3.677169434711E-15,-7.4));
#8942 = CARTESIAN_POINT('',(1.575000180782,-1.658879750522E-02,
    -6.675612765286));
#8943 = CARTESIAN_POINT('',(1.565924081664,-0.916478973076,
    -6.721926573088));
#8944 = CARTESIAN_POINT('',(0.990309935888,-1.80987459733,
    -6.765839293826));
#8945 = CARTESIAN_POINT('',(-0.1450767963,-2.302031706432,
    -6.812093385828));
#8946 = CARTESIAN_POINT('',(-1.525489753971,-2.007694084389,
    -6.860230220765));
#8947 = CARTESIAN_POINT('',(-2.543985139361,-0.799893020731,
    -6.898149478069));
#8948 = CARTESIAN_POINT('',(-2.524637822249,0.854315563367,
    -6.953509095708));
#8949 = CARTESIAN_POINT('',(-1.483590809077,2.03729799422,
    -6.991380267646));
#8950 = CARTESIAN_POINT('',(-9.709120773602E-02,2.306086660948,
    -7.039583269373));
#8951 = CARTESIAN_POINT('',(1.02914533059,1.788123465202,-7.085785718855
    ));
#8952 = CARTESIAN_POINT('',(1.58428620431,0.883310613778,-7.129724103341
    ));
#8953 = CARTESIAN_POINT('',(1.575187750181,-1.657972669653E-02,
    -7.176030320067));
#8954 = DEFINITIONAL_REPRESENTATION('',(#8955),#8959);
#8955 = LINE('',#8956,#8957);
#8956 = CARTESIAN_POINT('',(0.,0.));
#8957 = VECTOR('',#8958,1.);
#8958 = DIRECTION('',(1.,0.));
#8959 = ( GEOMETRIC_REPRESENTATION_CONTEXT(2) 
PARAMETRIC_REPRESENTATION_CONTEXT() REPRESENTATION_CONTEXT('2D SPACE',''
  ) );
#8960 = ADVANCED_FACE('',(#8961),#7785,.T.);
#8961 = FACE_BOUND('',#8962,.F.);
#8962 = EDGE_LOOP('',(#8963,#8964,#8985,#8986,#8987,#9223,#9251,#9296));
#8963 = ORIENTED_EDGE('',*,*,#8206,.T.);
#8964 = ORIENTED_EDGE('',*,*,#8965,.T.);
#8965 = EDGE_CURVE('',#8207,#7621,#8966,.T.);
#8966 = SURFACE_CURVE('',#8967,(#8971,#8978),.PCURVE_S1.);
#8967 = LINE('',#8968,#8969);
#8968 = CARTESIAN_POINT('',(1.4,0.,-6.4));
#8969 = VECTOR('',#8970,1.);
#8970 = DIRECTION('',(-0.205517234286,0.,-0.978653496602));
#8971 = PCURVE('',#7785,#8972);
#8972 = DEFINITIONAL_REPRESENTATION('',(#8973),#8977);
#8973 = LINE('',#8974,#8975);
#8974 = CARTESIAN_POINT('',(6.28318530718,-0.));
#8975 = VECTOR('',#8976,1.);
#8976 = DIRECTION('',(0.,-1.));
#8977 = ( GEOMETRIC_REPRESENTATION_CONTEXT(2) 
PARAMETRIC_REPRESENTATION_CONTEXT() REPRESENTATION_CONTEXT('2D SPACE',''
  ) );
#8978 = PCURVE('',#7714,#8979);
#8979 = DEFINITIONAL_REPRESENTATION('',(#8980),#8984);
#8980 = LINE('',#8981,#8982);
#8981 = CARTESIAN_POINT('',(0.,-0.));
#8982 = VECTOR('',#8983,1.);
#8983 = DIRECTION('',(0.,-1.));
#8984 = ( GEOMETRIC_REPRESENTATION_CONTEXT(2) 
PARAMETRIC_REPRESENTATION_CONTEXT() REPRESENTATION_CONTEXT('2D SPACE',''
  ) );
#8985 = ORIENTED_EDGE('',*,*,#7765,.T.);
#8986 = ORIENTED_EDGE('',*,*,#8889,.T.);
#8987 = ORIENTED_EDGE('',*,*,#8988,.T.);
#8988 = EDGE_CURVE('',#8890,#8989,#8991,.T.);
#8989 = VERTEX_POINT('',#8990);
#8990 = CARTESIAN_POINT('',(1.201981483945,0.,-7.342945314546));
#8991 = SURFACE_CURVE('',#8992,(#9067,#9145),.PCURVE_S1.);
#8992 = B_SPLINE_CURVE_WITH_KNOTS('',7,(#8993,#8994,#8995,#8996,#8997,
    #8998,#8999,#9000,#9001,#9002,#9003,#9004,#9005,#9006,#9007,#9008,
    #9009,#9010,#9011,#9012,#9013,#9014,#9015,#9016,#9017,#9018,#9019,
    #9020,#9021,#9022,#9023,#9024,#9025,#9026,#9027,#9028,#9029,#9030,
    #9031,#9032,#9033,#9034,#9035,#9036,#9037,#9038,#9039,#9040,#9041,
    #9042,#9043,#9044,#9045,#9046,#9047,#9048,#9049,#9050,#9051,#9052,
    #9053,#9054,#9055,#9056,#9057,#9058,#9059,#9060,#9061,#9062,#9063,
    #9064,#9065,#9066),.UNSPECIFIED.,.F.,.F.,(8,6,6,6,6,6,6,6,6,6,6,6,8)
  ,(0.,8.51795639055E-02,0.204576286755,0.328253540493,0.455106685571,
    0.521209775352,0.588065964532,0.654672422661,0.723008830686,
    0.795020183606,0.866736917581,0.935232265346,1.),.UNSPECIFIED.);
#8993 = CARTESIAN_POINT('',(1.31785060758,-8.053090970463E-03,
    -6.791070415852));
#8994 = CARTESIAN_POINT('',(1.315866113259,-0.105956015369,
    -6.797671394501));
#8995 = CARTESIAN_POINT('',(1.305399838973,-0.203653649097,
    -6.804252559586));
#8996 = CARTESIAN_POINT('',(1.286467153415,-0.300246864497,-6.8108169839
    ));
#8997 = CARTESIAN_POINT('',(1.259205475361,-0.394857168621,
    -6.817371789681));
#8998 = CARTESIAN_POINT('',(1.223860356107,-0.486631171809,
    -6.82392363985));
#8999 = CARTESIAN_POINT('',(1.180784108236,-0.574748876633,
    -6.830476569951));
#9000 = CARTESIAN_POINT('',(1.059889116914,-0.775740248583,
    -6.846221173048));
#9001 = CARTESIAN_POINT('',(0.975028922081,-0.884398993085,
    -6.855419918359));
#9002 = CARTESIAN_POINT('',(0.877163282984,-0.982221921351,
    -6.864629847976));
#9003 = CARTESIAN_POINT('',(0.767966233005,-1.067381292025,
    -6.873852498428));
#9004 = CARTESIAN_POINT('',(0.649389750046,-1.13836007795,
    -6.883089297423));
#9005 = CARTESIAN_POINT('',(0.523627389632,-1.193983008521,
    -6.892339568548));
#9006 = CARTESIAN_POINT('',(0.257975997733,-1.274495410674,
    -6.911185782684));
#9007 = CARTESIAN_POINT('',(0.117631650269,-1.298245296937,
    -6.920789942577));
#9008 = CARTESIAN_POINT('',(-2.516366166721E-02,-1.303930716767,
    -6.930400675039));
#9009 = CARTESIAN_POINT('',(-0.167626799546,-1.291317543003,
    -6.940019774195));
#9010 = CARTESIAN_POINT('',(-0.307009321684,-1.260653905818,
    -6.94965024818));
#9011 = CARTESIAN_POINT('',(-0.440603633778,-1.212672206856,
    -6.959294565985));
#9012 = CARTESIAN_POINT('',(-0.694330624122,-1.083109037062,
    -6.978844136901));
#9013 = CARTESIAN_POINT('',(-0.814148447375,-1.000635655431,
    -6.988758893342));
#9014 = CARTESIAN_POINT('',(-0.922522401886,-0.902687812661,
    -6.998681119435));
#9015 = CARTESIAN_POINT('',(-1.017104475154,-0.791205533189,
    -7.008613339767));
#9016 = CARTESIAN_POINT('',(-1.095954849526,-0.668484535475,
    -7.018558457687));
#9017 = CARTESIAN_POINT('',(-1.157546205242,-0.537175335777,
    -7.028519571676));
#9018 = CARTESIAN_POINT('',(-1.223590306598,-0.328956096603,
    -7.043682738351));
#9019 = CARTESIAN_POINT('',(-1.241287267861,-0.256089261032,
    -7.048880838928));
#9020 = CARTESIAN_POINT('',(-1.253926464973,-0.182099583088,
    -7.054082139977));
#9021 = CARTESIAN_POINT('',(-1.261422154627,-0.107407915663,
    -7.059286705231));
#9022 = CARTESIAN_POINT('',(-1.263732572548,-3.244124268227E-02,
    -7.06449470425));
#9023 = CARTESIAN_POINT('',(-1.260860367563,4.236995066926E-02,
    -7.069706163268));
#9024 = CARTESIAN_POINT('',(-1.244754477828,0.19166428813,
    -7.080194677188));
#9025 = CARTESIAN_POINT('',(-1.231402521143,0.266139425779,
    -7.085472189162));
#9026 = CARTESIAN_POINT('',(-1.212846828023,0.339573330937,
    -7.090752861533));
#9027 = CARTESIAN_POINT('',(-1.189182841204,0.411529728849,
    -7.096036678894));
#9028 = CARTESIAN_POINT('',(-1.160551054096,0.481585240366,
    -7.10132375455));
#9029 = CARTESIAN_POINT('',(-1.127136281145,0.549332162583,
    -7.106614084203));
#9030 = CARTESIAN_POINT('',(-1.051339403919,0.679187355479,
    -7.117180743076));
#9031 = CARTESIAN_POINT('',(-1.008988477855,0.741320519589,
    -7.122457444361));
#9032 = CARTESIAN_POINT('',(-0.962340469657,0.800396064521,
    -7.127737026706));
#9033 = CARTESIAN_POINT('',(-0.911659124101,0.856057043926,
    -7.133019550631));
#9034 = CARTESIAN_POINT('',(-0.857243814242,0.907976486181,
    -7.138305248169));
#9035 = CARTESIAN_POINT('',(-0.799427744568,0.95585963817,
    -7.143594257068));
#9036 = CARTESIAN_POINT('',(-0.676144083364,1.044164841131,
    -7.154315903002));
#9037 = CARTESIAN_POINT('',(-0.610511817793,1.084364315383,
    -7.159749133367));
#9038 = CARTESIAN_POINT('',(-0.542074417803,1.119763786634,
    -7.165185768647));
#9039 = CARTESIAN_POINT('',(-0.471252359006,1.150127892619,
    -7.170626008587));
#9040 = CARTESIAN_POINT('',(-0.398488538704,1.175268264816,
    -7.176070191745));
#9041 = CARTESIAN_POINT('',(-0.324245282325,1.195045039255,
    -7.181518457117));
#9042 = CARTESIAN_POINT('',(-0.169711004721,1.224461964754,
    -7.192715545296));
#9043 = CARTESIAN_POINT('',(-8.930196714671E-02,1.233501155192,
    -7.198465317538));
#9044 = CARTESIAN_POINT('',(-8.335370322549E-03,1.236381379107,
    -7.204219217093));
#9045 = CARTESIAN_POINT('',(7.262312889958E-02,1.233062825076,
    -7.209977194499));
#9046 = CARTESIAN_POINT('',(0.153007821724,1.223570487553,
    -7.215739305845));
#9047 = CARTESIAN_POINT('',(0.232257419117,1.207994224645,
    -7.221505362381));
#9048 = CARTESIAN_POINT('',(0.387064299262,1.165071391869,
    -7.233020194379));
#9049 = CARTESIAN_POINT('',(0.462643178938,1.137771075178,
    -7.238769541397));
#9050 = CARTESIAN_POINT('',(0.536010685243,1.104741526676,-7.24452183935
    ));
#9051 = CARTESIAN_POINT('',(0.606645697398,1.066196004626,
    -7.250276968319));
#9052 = CARTESIAN_POINT('',(0.674055475795,1.022405460768,
    -7.256035148879));
#9053 = CARTESIAN_POINT('',(0.737779686652,0.973696636403,
    -7.261796620678));
#9054 = CARTESIAN_POINT('',(0.854331380197,0.869595416203,
    -7.273067081412));
#9055 = CARTESIAN_POINT('',(0.9075249723,0.814596930195,-7.278576286908)
  );
#9056 = CARTESIAN_POINT('',(0.956606621338,0.755786527084,
    -7.284088875628));
#9057 = CARTESIAN_POINT('',(1.001248023997,0.693532102941,
    -7.289605469384));
#9058 = CARTESIAN_POINT('',(1.041163451138,0.628234830856,
    -7.295126955994));
#9059 = CARTESIAN_POINT('',(1.076112043649,0.560326368518,
    -7.300654071601));
#9060 = CARTESIAN_POINT('',(1.134067064593,0.424018543236,
    -7.311418785568));
#9061 = CARTESIAN_POINT('',(1.157622057241,0.355842079886,
    -7.316656102186));
#9062 = CARTESIAN_POINT('',(1.176401907549,0.286124844001,
    -7.321899363345));
#9063 = CARTESIAN_POINT('',(1.190285247374,0.215267651352,
    -7.327148852045));
#9064 = CARTESIAN_POINT('',(1.199193081177,0.14368138412,-7.332405180623
    ));
#9065 = CARTESIAN_POINT('',(1.203089348085,7.178440978144E-02,
    -7.337669767606));
#9066 = CARTESIAN_POINT('',(1.201981483945,-2.22044604925E-16,
    -7.342945314546));
#9067 = PCURVE('',#7785,#9068);
#9068 = DEFINITIONAL_REPRESENTATION('',(#9069),#9144);
#9069 = B_SPLINE_CURVE_WITH_KNOTS('',7,(#9070,#9071,#9072,#9073,#9074,
    #9075,#9076,#9077,#9078,#9079,#9080,#9081,#9082,#9083,#9084,#9085,
    #9086,#9087,#9088,#9089,#9090,#9091,#9092,#9093,#9094,#9095,#9096,
    #9097,#9098,#9099,#9100,#9101,#9102,#9103,#9104,#9105,#9106,#9107,
    #9108,#9109,#9110,#9111,#9112,#9113,#9114,#9115,#9116,#9117,#9118,
    #9119,#9120,#9121,#9122,#9123,#9124,#9125,#9126,#9127,#9128,#9129,
    #9130,#9131,#9132,#9133,#9134,#9135,#9136,#9137,#9138,#9139,#9140,
    #9141,#9142,#9143),.UNSPECIFIED.,.F.,.F.,(8,6,6,6,6,6,6,6,6,6,6,6,8)
  ,(0.,8.51795639055E-02,0.204576286755,0.328253540493,0.455106685571,
    0.521209775352,0.588065964532,0.654672422661,0.723008830686,
    0.795020183606,0.866736917581,0.935232265346,1.),.UNSPECIFIED.);
#9070 = CARTESIAN_POINT('',(6.277074606401,-0.391070415852));
#9071 = CARTESIAN_POINT('',(6.202778328454,-0.397671394501));
#9072 = CARTESIAN_POINT('',(6.128416250923,-0.404252559586));
#9073 = CARTESIAN_POINT('',(6.054000963278,-0.4108169839));
#9074 = CARTESIAN_POINT('',(5.979531321122,-0.417371789681));
#9075 = CARTESIAN_POINT('',(5.90500112834,-0.42392363985));
#9076 = CARTESIAN_POINT('',(5.830408455327,-0.430476569951));
#9077 = CARTESIAN_POINT('',(5.651138230798,-0.446221173048));
#9078 = CARTESIAN_POINT('',(5.546360159729,-0.455419918359));
#9079 = CARTESIAN_POINT('',(5.441498074163,-0.464629847976));
#9080 = CARTESIAN_POINT('',(5.336542042039,-0.473852498428));
#9081 = CARTESIAN_POINT('',(5.231455711023,-0.483089297423));
#9082 = CARTESIAN_POINT('',(5.126227534017,-0.492339568548));
#9083 = CARTESIAN_POINT('',(4.91184318788,-0.511185782684));
#9084 = CARTESIAN_POINT('',(4.802593470448,-0.520789942539));
#9085 = CARTESIAN_POINT('',(4.69325913468,-0.530400675109));
#9086 = CARTESIAN_POINT('',(4.583816524589,-0.540019774239));
#9087 = CARTESIAN_POINT('',(4.474237512573,-0.54965024806));
#9088 = CARTESIAN_POINT('',(4.364495870732,-0.559294565965));
#9089 = CARTESIAN_POINT('',(4.142036981078,-0.578844136881));
#9090 = CARTESIAN_POINT('',(4.029211385996,-0.58875889341));
#9091 = CARTESIAN_POINT('',(3.916299343689,-0.598681119499));
#9092 = CARTESIAN_POINT('',(3.803272531562,-0.60861333978));
#9093 = CARTESIAN_POINT('',(3.690099163403,-0.618558457803));
#9094 = CARTESIAN_POINT('',(3.576747969548,-0.62851957166));
#9095 = CARTESIAN_POINT('',(3.404209731694,-0.643682738336));
#9096 = CARTESIAN_POINT('',(3.345063329756,-0.64888083889));
#9097 = CARTESIAN_POINT('',(3.285882410082,-0.654082139899));
#9098 = CARTESIAN_POINT('',(3.226666361174,-0.659286705135));
#9099 = CARTESIAN_POINT('',(3.167413155314,-0.664494704185));
#9100 = CARTESIAN_POINT('',(3.108122150807,-0.669706163268));
#9101 = CARTESIAN_POINT('',(2.988795756718,-0.680194677188));
#9102 = CARTESIAN_POINT('',(2.928755195476,-0.685472189162));
#9103 = CARTESIAN_POINT('',(2.868679068764,-0.690752861533));
#9104 = CARTESIAN_POINT('',(2.808566716994,-0.696036678894));
#9105 = CARTESIAN_POINT('',(2.748415965311,-0.70132375455));
#9106 = CARTESIAN_POINT('',(2.688226126191,-0.706614084203));
#9107 = CARTESIAN_POINT('',(2.568000839619,-0.717180743076));
#9108 = CARTESIAN_POINT('',(2.507961196501,-0.722457444361));
#9109 = CARTESIAN_POINT('',(2.447885913656,-0.727737026706));
#9110 = CARTESIAN_POINT('',(2.387774341835,-0.733019550631));
#9111 = CARTESIAN_POINT('',(2.327624326996,-0.738305248169));
#9112 = CARTESIAN_POINT('',(2.267435195719,-0.743594257068));
#9113 = CARTESIAN_POINT('',(2.145422093524,-0.754315903002));
#9114 = CARTESIAN_POINT('',(2.083591341094,-0.759749133367));
#9115 = CARTESIAN_POINT('',(2.021722923911,-0.765185768647));
#9116 = CARTESIAN_POINT('',(1.959816107316,-0.770626008587));
#9117 = CARTESIAN_POINT('',(1.89786841766,-0.776070191745));
#9118 = CARTESIAN_POINT('',(1.835879078561,-0.781518457117));
#9119 = CARTESIAN_POINT('',(1.708490193343,-0.792715545296));
#9120 = CARTESIAN_POINT('',(1.643080301594,-0.798465317538));
#9121 = CARTESIAN_POINT('',(1.577628586637,-0.804219217093));
#9122 = CARTESIAN_POINT('',(1.512134065422,-0.809977194499));
#9123 = CARTESIAN_POINT('',(1.446593471096,-0.815739305845));
#9124 = CARTESIAN_POINT('',(1.381005766995,-0.821505362381));
#9125 = CARTESIAN_POINT('',(1.250016061629,-0.833020194379));
#9126 = CARTESIAN_POINT('',(1.184607718755,-0.838769541397));
#9127 = CARTESIAN_POINT('',(1.119157378642,-0.84452183935));
#9128 = CARTESIAN_POINT('',(1.053664070308,-0.850276968319));
#9129 = CARTESIAN_POINT('',(0.988124578868,-0.856035148879));
#9130 = CARTESIAN_POINT('',(0.922537919247,-0.861796620678));
#9131 = CARTESIAN_POINT('',(0.794229596731,-0.873067081412));
#9132 = CARTESIAN_POINT('',(0.731505816232,-0.878576286908));
#9133 = CARTESIAN_POINT('',(0.66874319032,-0.884088875628));
#9134 = CARTESIAN_POINT('',(0.605940986361,-0.889605469384));
#9135 = CARTESIAN_POINT('',(0.543096637193,-0.895126955994));
#9136 = CARTESIAN_POINT('',(0.480209361159,-0.900654071601));
#9137 = CARTESIAN_POINT('',(0.35778270157,-0.911418785568));
#9138 = CARTESIAN_POINT('',(0.298242891412,-0.916656102258));
#9139 = CARTESIAN_POINT('',(0.238667941174,-0.921899363345));
#9140 = CARTESIAN_POINT('',(0.179057215543,-0.927148851943));
#9141 = CARTESIAN_POINT('',(0.119408680056,-0.932405180575));
#9142 = CARTESIAN_POINT('',(5.972172678219E-02,-0.937669767751));
#9143 = CARTESIAN_POINT('',(0.,-0.942945314546));
#9144 = ( GEOMETRIC_REPRESENTATION_CONTEXT(2) 
PARAMETRIC_REPRESENTATION_CONTEXT() REPRESENTATION_CONTEXT('2D SPACE',''
  ) );
#9145 = PCURVE('',#8929,#9146);
#9146 = DEFINITIONAL_REPRESENTATION('',(#9147),#9222);
#9147 = B_SPLINE_CURVE_WITH_KNOTS('',7,(#9148,#9149,#9150,#9151,#9152,
    #9153,#9154,#9155,#9156,#9157,#9158,#9159,#9160,#9161,#9162,#9163,
    #9164,#9165,#9166,#9167,#9168,#9169,#9170,#9171,#9172,#9173,#9174,
    #9175,#9176,#9177,#9178,#9179,#9180,#9181,#9182,#9183,#9184,#9185,
    #9186,#9187,#9188,#9189,#9190,#9191,#9192,#9193,#9194,#9195,#9196,
    #9197,#9198,#9199,#9200,#9201,#9202,#9203,#9204,#9205,#9206,#9207,
    #9208,#9209,#9210,#9211,#9212,#9213,#9214,#9215,#9216,#9217,#9218,
    #9219,#9220,#9221),.UNSPECIFIED.,.F.,.F.,(8,6,6,6,6,6,6,6,6,6,6,6,8)
  ,(0.,8.51795639055E-02,0.204576286755,0.328253540493,0.455106685571,
    0.521209775352,0.588065964532,0.654672422661,0.723008830686,
    0.795020183606,0.866736917581,0.935232265346,1.),.UNSPECIFIED.);
#9148 = CARTESIAN_POINT('',(0.266064247291,0.));
#9149 = CARTESIAN_POINT('',(0.26451545169,1.18252507308E-02));
#9150 = CARTESIAN_POINT('',(0.262979377336,2.366448099547E-02));
#9151 = CARTESIAN_POINT('',(0.26145949802,3.551349272675E-02));
#9152 = CARTESIAN_POINT('',(0.259950108074,4.737134702769E-02));
#9153 = CARTESIAN_POINT('',(0.258444944994,5.923861598879E-02));
#9154 = CARTESIAN_POINT('',(0.256940686593,7.111556619333E-02));
#9155 = CARTESIAN_POINT('',(0.253325244746,9.965914240555E-02));
#9156 = CARTESIAN_POINT('',(0.251212081372,0.116341543078));
#9157 = CARTESIAN_POINT('',(0.249091043072,0.13303704353));
#9158 = CARTESIAN_POINT('',(0.246963808013,0.149747685863));
#9159 = CARTESIAN_POINT('',(0.244833127146,0.16647938094));
#9160 = CARTESIAN_POINT('',(0.242700625671,0.183233725186));
#9161 = CARTESIAN_POINT('',(0.238358511374,0.217367856443));
#9162 = CARTESIAN_POINT('',(0.236147124928,0.234762528759));
#9163 = CARTESIAN_POINT('',(0.233935792038,0.252170568897));
#9164 = CARTESIAN_POINT('',(0.231722800094,0.269595649586));
#9165 = CARTESIAN_POINT('',(0.229506147512,0.287042387632));
#9166 = CARTESIAN_POINT('',(0.227285505474,0.304515072634));
#9167 = CARTESIAN_POINT('',(0.222783387563,0.339934419029));
#9168 = CARTESIAN_POINT('',(0.220499711988,0.357898336732));
#9169 = CARTESIAN_POINT('',(0.218214409892,0.375876182014));
#9170 = CARTESIAN_POINT('',(0.215927906911,0.393872452457));
#9171 = CARTESIAN_POINT('',(0.213639792698,0.411892058584));
#9172 = CARTESIAN_POINT('',(0.211348516484,0.429939914932));
#9173 = CARTESIAN_POINT('',(0.207860407858,0.457411485815));
#9174 = CARTESIAN_POINT('',(0.206664602888,0.466828771598));
#9175 = CARTESIAN_POINT('',(0.205467913548,0.476251537924));
#9176 = CARTESIAN_POINT('',(0.204270233719,0.485679889146));
#9177 = CARTESIAN_POINT('',(0.203071463444,0.49511415914));
#9178 = CARTESIAN_POINT('',(0.201871582967,0.504554462335));
#9179 = CARTESIAN_POINT('',(0.19945618947,0.523553641066));
#9180 = CARTESIAN_POINT('',(0.19824056405,0.533113340247));
#9181 = CARTESIAN_POINT('',(0.197023979711,0.542678739535));
#9182 = CARTESIAN_POINT('',(0.195806540024,0.552249951121));
#9183 = CARTESIAN_POINT('',(0.194588346836,0.561827322985));
#9184 = CARTESIAN_POINT('',(0.193369524181,0.571410959743));
#9185 = CARTESIAN_POINT('',(0.190935514622,0.590553707947));
#9186 = CARTESIAN_POINT('',(0.18972023702,0.600113487443));
#9187 = CARTESIAN_POINT('',(0.188504589434,0.609678959465));
#9188 = CARTESIAN_POINT('',(0.187288588709,0.619250210482));
#9189 = CARTESIAN_POINT('',(0.186072151642,0.628827565338));
#9190 = CARTESIAN_POINT('',(0.184855158152,0.638411116626));
#9191 = CARTESIAN_POINT('',(0.182388245245,0.657838447363));
#9192 = CARTESIAN_POINT('',(0.181138196199,0.667683305082));
#9193 = CARTESIAN_POINT('',(0.179887285849,0.677534111177));
#9194 = CARTESIAN_POINT('',(0.178635288004,0.687390986483));
#9195 = CARTESIAN_POINT('',(0.177381966122,0.697254338831));
#9196 = CARTESIAN_POINT('',(0.176127207678,0.707124313143));
#9197 = CARTESIAN_POINT('',(0.17354756253,0.727407270323));
#9198 = CARTESIAN_POINT('',(0.172222414947,0.73782190104));
#9199 = CARTESIAN_POINT('',(0.170895853684,0.748243238064));
#9200 = CARTESIAN_POINT('',(0.169568127104,0.758671464663));
#9201 = CARTESIAN_POINT('',(0.168239578964,0.769107116546));
#9202 = CARTESIAN_POINT('',(0.166910633333,0.779550355426));
#9203 = CARTESIAN_POINT('',(0.164258362408,0.800407376252));
#9204 = CARTESIAN_POINT('',(0.162934875737,0.810822167581));
#9205 = CARTESIAN_POINT('',(0.161611833731,0.821243679169));
#9206 = CARTESIAN_POINT('',(0.160289359887,0.83167201713));
#9207 = CARTESIAN_POINT('',(0.158967238759,0.842107644106));
#9208 = CARTESIAN_POINT('',(0.157644967754,0.852550692289));
#9209 = CARTESIAN_POINT('',(0.155058083998,0.872980484154));
#9210 = CARTESIAN_POINT('',(0.153793459262,0.882967577353));
#9211 = CARTESIAN_POINT('',(0.152527338798,0.892960802408));
#9212 = CARTESIAN_POINT('',(0.15125887703,0.902960363997));
#9213 = CARTESIAN_POINT('',(0.149987341478,0.912966793294));
#9214 = CARTESIAN_POINT('',(0.148712475504,0.922980316159));
#9215 = CARTESIAN_POINT('',(0.146226776195,0.942474829142));
#9216 = CARTESIAN_POINT('',(0.145016294311,0.951955852183));
#9217 = CARTESIAN_POINT('',(0.1438031829,0.961442704395));
#9218 = CARTESIAN_POINT('',(0.142588809998,0.970935388053));
#9219 = CARTESIAN_POINT('',(0.141374150021,0.980433845991));
#9220 = CARTESIAN_POINT('',(0.140157789599,0.989937313845));
#9221 = CARTESIAN_POINT('',(0.138933933403,0.999443672296));
#9222 = ( GEOMETRIC_REPRESENTATION_CONTEXT(2) 
PARAMETRIC_REPRESENTATION_CONTEXT() REPRESENTATION_CONTEXT('2D SPACE',''
  ) );
#9223 = ORIENTED_EDGE('',*,*,#9224,.F.);
#9224 = EDGE_CURVE('',#9225,#8989,#9227,.T.);
#9225 = VERTEX_POINT('',#9226);
#9226 = CARTESIAN_POINT('',(1.275985717483,0.,-6.990544202463));
#9227 = SURFACE_CURVE('',#9228,(#9232,#9239),.PCURVE_S1.);
#9228 = LINE('',#9229,#9230);
#9229 = CARTESIAN_POINT('',(1.4,0.,-6.4));
#9230 = VECTOR('',#9231,1.);
#9231 = DIRECTION('',(-0.205517234286,0.,-0.978653496602));
#9232 = PCURVE('',#7785,#9233);
#9233 = DEFINITIONAL_REPRESENTATION('',(#9234),#9238);
#9234 = LINE('',#9235,#9236);
#9235 = CARTESIAN_POINT('',(0.,-0.));
#9236 = VECTOR('',#9237,1.);
#9237 = DIRECTION('',(0.,-1.));
#9238 = ( GEOMETRIC_REPRESENTATION_CONTEXT(2) 
PARAMETRIC_REPRESENTATION_CONTEXT() REPRESENTATION_CONTEXT('2D SPACE',''
  ) );
#9239 = PCURVE('',#9240,#9245);
#9240 = CONICAL_SURFACE('',#9241,1.4,0.20699219422);
#9241 = AXIS2_PLACEMENT_3D('',#9242,#9243,#9244);
#9242 = CARTESIAN_POINT('',(0.,0.,-6.4));
#9243 = DIRECTION('',(0.,0.,1.));
#9244 = DIRECTION('',(1.,0.,0.));
#9245 = DEFINITIONAL_REPRESENTATION('',(#9246),#9250);
#9246 = LINE('',#9247,#9248);
#9247 = CARTESIAN_POINT('',(6.28318530718,-0.));
#9248 = VECTOR('',#9249,1.);
#9249 = DIRECTION('',(0.,-1.));
#9250 = ( GEOMETRIC_REPRESENTATION_CONTEXT(2) 
PARAMETRIC_REPRESENTATION_CONTEXT() REPRESENTATION_CONTEXT('2D SPACE',''
  ) );
#9251 = ORIENTED_EDGE('',*,*,#9252,.F.);
#9252 = EDGE_CURVE('',#9253,#9225,#9255,.T.);
#9253 = VERTEX_POINT('',#9254);
#9254 = CARTESIAN_POINT('',(1.276047669044,6.511205916452E-03,
    -6.990170090045));
#9255 = SURFACE_CURVE('',#9256,(#9259,#9265),.PCURVE_S1.);
#9256 = B_SPLINE_CURVE_WITH_KNOTS('',1,(#9257,#9258),.UNSPECIFIED.,.F.,
  .F.,(2,2),(0.,1.),.PIECEWISE_BEZIER_KNOTS.);
#9257 = CARTESIAN_POINT('',(1.276048794219,6.674286895758E-03,
    -6.990160719985));
#9258 = CARTESIAN_POINT('',(1.275985717483,2.829471176066E-16,
    -6.990544202463));
#9259 = PCURVE('',#7785,#9260);
#9260 = DEFINITIONAL_REPRESENTATION('',(#9261),#9264);
#9261 = B_SPLINE_CURVE_WITH_KNOTS('',1,(#9262,#9263),.UNSPECIFIED.,.F.,
  .F.,(2,2),(0.,1.),.PIECEWISE_BEZIER_KNOTS.);
#9262 = CARTESIAN_POINT('',(5.230384655531E-03,-0.590160719985));
#9263 = CARTESIAN_POINT('',(0.,-0.590544202463));
#9264 = ( GEOMETRIC_REPRESENTATION_CONTEXT(2) 
PARAMETRIC_REPRESENTATION_CONTEXT() REPRESENTATION_CONTEXT('2D SPACE',''
  ) );
#9265 = PCURVE('',#9266,#9291);
#9266 = B_SPLINE_SURFACE_WITH_KNOTS('',1,11,(
    (#9267,#9268,#9269,#9270,#9271,#9272,#9273,#9274,#9275,#9276,#9277
      ,#9278)
    ,(#9279,#9280,#9281,#9282,#9283,#9284,#9285,#9286,#9287,#9288,#9289
      ,#9290
    )),.UNSPECIFIED.,.F.,.F.,.F.,(2,2),(12,12),(0.,0.548073520823),(0.,
    1.),.PIECEWISE_BEZIER_KNOTS.);
#9267 = CARTESIAN_POINT('',(1.574999818981,1.661055298714E-02,
    -7.124386431099));
#9268 = CARTESIAN_POINT('',(1.584115164161,-0.883172364299,
    -7.17069231882));
#9269 = CARTESIAN_POINT('',(1.029060800812,-1.787887876986,
    -7.21463130257));
#9270 = CARTESIAN_POINT('',(-9.703202873683E-02,-2.30581742257,
    -7.260833412902));
#9271 = CARTESIAN_POINT('',(-1.483372379163,-2.037079018102,
    -7.309035454204));
#9272 = CARTESIAN_POINT('',(-2.524317086225,-0.854274696987,
    -7.346909426258));
#9273 = CARTESIAN_POINT('',(-2.543700363542,0.799751001094,
    -7.402265316412));
#9274 = CARTESIAN_POINT('',(-1.525349200128,2.007420084522,
    -7.440187463066));
#9275 = CARTESIAN_POINT('',(-0.145106806433,2.301754931256,
    -7.488323214728));
#9276 = CARTESIAN_POINT('',(0.990153224135,1.809679437178,
    -7.534577063539));
#9277 = CARTESIAN_POINT('',(1.565718912483,0.916402372453,
    -7.578490335799));
#9278 = CARTESIAN_POINT('',(1.574811900953,1.661962038178E-02,
    -7.624803828745));
#9279 = CARTESIAN_POINT('',(1.0752404736,2.793428628864E-15,-6.9));
#9280 = CARTESIAN_POINT('',(1.075253883881,-0.614433797179,
    -6.945454545455));
#9281 = CARTESIAN_POINT('',(0.689201630077,-1.226684376768,
    -6.990909090906));
#9282 = CARTESIAN_POINT('',(-8.232872429932E-02,-1.578597295854,
    -7.036363636371));
#9283 = CARTESIAN_POINT('',(-1.027575856811,-1.367502425919,
    -7.081818181807));
#9284 = CARTESIAN_POINT('',(-1.729797003816,-0.58411263063,
    -7.127272727283));
#9285 = CARTESIAN_POINT('',(-1.729797003817,0.58411263063,
    -7.172727272721));
#9286 = CARTESIAN_POINT('',(-1.02757585681,1.367502425919,
    -7.218181818183));
#9287 = CARTESIAN_POINT('',(-8.232872429987E-02,1.578597295854,
    -7.263636363637));
#9288 = CARTESIAN_POINT('',(0.689201630077,1.226684376768,-7.30909090909
    ));
#9289 = CARTESIAN_POINT('',(1.075253883881,0.614433797179,
    -7.354545454546));
#9290 = CARTESIAN_POINT('',(1.0752404736,1.905250209164E-15,-7.4));
#9291 = DEFINITIONAL_REPRESENTATION('',(#9292),#9295);
#9292 = B_SPLINE_CURVE_WITH_KNOTS('',1,(#9293,#9294),.UNSPECIFIED.,.F.,
  .F.,(2,2),(0.,1.),.PIECEWISE_BEZIER_KNOTS.);
#9293 = CARTESIAN_POINT('',(0.327852079624,0.));
#9294 = CARTESIAN_POINT('',(0.3279389783,8.319316329016E-04));
#9295 = ( GEOMETRIC_REPRESENTATION_CONTEXT(2) 
PARAMETRIC_REPRESENTATION_CONTEXT() REPRESENTATION_CONTEXT('2D SPACE',''
  ) );
#9296 = ORIENTED_EDGE('',*,*,#9297,.F.);
#9297 = EDGE_CURVE('',#8181,#9253,#9298,.T.);
#9298 = SURFACE_CURVE('',#9299,(#9304,#9314),.PCURVE_S1.);
#9299 = HYPERBOLA('',#9300,2.491488161432,0.488340104998);
#9300 = AXIS2_PLACEMENT_3D('',#9301,#9302,#9303);
#9301 = CARTESIAN_POINT('',(4.137044610344E-04,0.521786575074,
    -13.94194236576));
#9302 = DIRECTION('',(7.90700623634E-04,0.997274646939,
    7.377434083582E-02));
#9303 = DIRECTION('',(-5.849281253775E-05,-7.377431764748E-02,
    0.997274960397));
#9304 = PCURVE('',#7785,#9305);
#9305 = DEFINITIONAL_REPRESENTATION('',(#9306),#9313);
#9306 = B_SPLINE_CURVE_WITH_KNOTS('',5,(#9307,#9308,#9309,#9310,#9311,
    #9312),.UNSPECIFIED.,.F.,.F.,(6,6),(1.67747617651,1.701835913237),
  .PIECEWISE_BEZIER_KNOTS.);
#9307 = CARTESIAN_POINT('',(9.310111745793E-03,-0.660722867557));
#9308 = CARTESIAN_POINT('',(7.423752437343E-03,-0.629459746623));
#9309 = CARTESIAN_POINT('',(5.549667111389E-03,-0.597992461018));
#9310 = CARTESIAN_POINT('',(3.68774967351E-03,-0.566319464787));
#9311 = CARTESIAN_POINT('',(1.837895212981E-03,-0.534439191787));
#9312 = CARTESIAN_POINT('',(0.,-0.502350055218));
#9313 = ( GEOMETRIC_REPRESENTATION_CONTEXT(2) 
PARAMETRIC_REPRESENTATION_CONTEXT() REPRESENTATION_CONTEXT('2D SPACE',''
  ) );
#9314 = PCURVE('',#8195,#9315);
#9315 = DEFINITIONAL_REPRESENTATION('',(#9316),#9320);
#9316 = ( BOUNDED_CURVE() B_SPLINE_CURVE(2,(#9317,#9318,#9319),
.UNSPECIFIED.,.F.,.F.) B_SPLINE_CURVE_WITH_KNOTS((3,3),(1.67747617651,
1.701835913237),.PIECEWISE_BEZIER_KNOTS.) CURVE() 
GEOMETRIC_REPRESENTATION_ITEM() RATIONAL_B_SPLINE_CURVE((1.,
1.000074175514,1.)) REPRESENTATION_ITEM('') );
#9317 = CARTESIAN_POINT('',(-0.16089781304,-0.136653062132));
#9318 = CARTESIAN_POINT('',(-8.252935750466E-02,-0.120186069117));
#9319 = CARTESIAN_POINT('',(-2.090300409522E-03,-0.103340100172));
#9320 = ( GEOMETRIC_REPRESENTATION_CONTEXT(2) 
PARAMETRIC_REPRESENTATION_CONTEXT() REPRESENTATION_CONTEXT('2D SPACE',''
  ) );
#9321 = ADVANCED_FACE('',(#9322),#7714,.T.);
#9322 = FACE_BOUND('',#9323,.F.);
#9323 = EDGE_LOOP('',(#9324,#9325,#9347,#9348));
#9324 = ORIENTED_EDGE('',*,*,#8457,.T.);
#9325 = ORIENTED_EDGE('',*,*,#9326,.T.);
#9326 = EDGE_CURVE('',#8458,#7362,#9327,.T.);
#9327 = SURFACE_CURVE('',#9328,(#9333,#9340),.PCURVE_S1.);
#9328 = CIRCLE('',#9329,1.4);
#9329 = AXIS2_PLACEMENT_3D('',#9330,#9331,#9332);
#9330 = CARTESIAN_POINT('',(0.,0.,-6.4));
#9331 = DIRECTION('',(0.,0.,1.));
#9332 = DIRECTION('',(1.,0.,-0.));
#9333 = PCURVE('',#7714,#9334);
#9334 = DEFINITIONAL_REPRESENTATION('',(#9335),#9339);
#9335 = LINE('',#9336,#9337);
#9336 = CARTESIAN_POINT('',(0.,-0.));
#9337 = VECTOR('',#9338,1.);
#9338 = DIRECTION('',(1.,-0.));
#9339 = ( GEOMETRIC_REPRESENTATION_CONTEXT(2) 
PARAMETRIC_REPRESENTATION_CONTEXT() REPRESENTATION_CONTEXT('2D SPACE',''
  ) );
#9340 = PCURVE('',#7531,#9341);
#9341 = DEFINITIONAL_REPRESENTATION('',(#9342),#9346);
#9342 = LINE('',#9343,#9344);
#9343 = CARTESIAN_POINT('',(0.,1.));
#9344 = VECTOR('',#9345,1.);
#9345 = DIRECTION('',(1.,0.));
#9346 = ( GEOMETRIC_REPRESENTATION_CONTEXT(2) 
PARAMETRIC_REPRESENTATION_CONTEXT() REPRESENTATION_CONTEXT('2D SPACE',''
  ) );
#9347 = ORIENTED_EDGE('',*,*,#7620,.T.);
#9348 = ORIENTED_EDGE('',*,*,#8965,.F.);
#9349 = ADVANCED_FACE('',(#9350),#7531,.T.);
#9350 = FACE_BOUND('',#9351,.T.);
#9351 = EDGE_LOOP('',(#9352,#9353,#9354,#9355));
#9352 = ORIENTED_EDGE('',*,*,#7361,.F.);
#9353 = ORIENTED_EDGE('',*,*,#8152,.T.);
#9354 = ORIENTED_EDGE('',*,*,#8531,.T.);
#9355 = ORIENTED_EDGE('',*,*,#9326,.T.);
#9356 = ADVANCED_FACE('',(#9357),#8195,.T.);
#9357 = FACE_BOUND('',#9358,.T.);
#9358 = EDGE_LOOP('',(#9359,#9360,#9387));
#9359 = ORIENTED_EDGE('',*,*,#8180,.T.);
#9360 = ORIENTED_EDGE('',*,*,#9361,.T.);
#9361 = EDGE_CURVE('',#6929,#9253,#9362,.T.);
#9362 = SURFACE_CURVE('',#9363,(#9369,#9378),.PCURVE_S1.);
#9363 = B_SPLINE_CURVE_WITH_KNOTS('',4,(#9364,#9365,#9366,#9367,#9368),
  .UNSPECIFIED.,.F.,.F.,(5,5),(0.,1.),.PIECEWISE_BEZIER_KNOTS.);
#9364 = CARTESIAN_POINT('',(1.0752404736,-1.559462194795E-15,-6.9));
#9365 = CARTESIAN_POINT('',(1.156429871485,2.632644398773E-03,
    -6.936458014946));
#9366 = CARTESIAN_POINT('',(1.23761968578,5.265219815907E-03,
    -6.972915101868));
#9367 = CARTESIAN_POINT('',(1.31880974638,7.897754424236E-03,
    -7.00937163978));
#9368 = CARTESIAN_POINT('',(1.4,1.053025705255E-02,-7.045827747458));
#9369 = PCURVE('',#8195,#9370);
#9370 = DEFINITIONAL_REPRESENTATION('',(#9371),#9377);
#9371 = B_SPLINE_CURVE_WITH_KNOTS('',4,(#9372,#9373,#9374,#9375,#9376),
  .UNSPECIFIED.,.F.,.F.,(5,5),(0.,1.),.PIECEWISE_BEZIER_KNOTS.);
#9372 = CARTESIAN_POINT('',(2.533508111027E-04,-0.32260618352));
#9373 = CARTESIAN_POINT('',(-3.629953620427E-02,-0.241416760255));
#9374 = CARTESIAN_POINT('',(-7.285149263509E-02,-0.16022692058));
#9375 = CARTESIAN_POINT('',(-0.109402898542,-7.903683459923E-02));
#9376 = CARTESIAN_POINT('',(-0.145953873027,2.153444401194E-03));
#9377 = ( GEOMETRIC_REPRESENTATION_CONTEXT(2) 
PARAMETRIC_REPRESENTATION_CONTEXT() REPRESENTATION_CONTEXT('2D SPACE',''
  ) );
#9378 = PCURVE('',#9266,#9379);
#9379 = DEFINITIONAL_REPRESENTATION('',(#9380),#9386);
#9380 = B_SPLINE_CURVE_WITH_KNOTS('',4,(#9381,#9382,#9383,#9384,#9385),
  .UNSPECIFIED.,.F.,.F.,(5,5),(0.,1.),.PIECEWISE_BEZIER_KNOTS.);
#9381 = CARTESIAN_POINT('',(0.548073520823,0.));
#9382 = CARTESIAN_POINT('',(0.459035149104,9.743775939307E-06));
#9383 = CARTESIAN_POINT('',(0.369996774845,1.755091319727E-05));
#9384 = CARTESIAN_POINT('',(0.280958399113,2.421242094439E-05));
#9385 = CARTESIAN_POINT('',(0.19192002222,2.997616118366E-05));
#9386 = ( GEOMETRIC_REPRESENTATION_CONTEXT(2) 
PARAMETRIC_REPRESENTATION_CONTEXT() REPRESENTATION_CONTEXT('2D SPACE',''
  ) );
#9387 = ORIENTED_EDGE('',*,*,#9297,.F.);
#9388 = ADVANCED_FACE('',(#9389),#8929,.T.);
#9389 = FACE_BOUND('',#9390,.T.);
#9390 = EDGE_LOOP('',(#9391,#9422,#9423,#9424,#9444));
#9391 = ORIENTED_EDGE('',*,*,#9392,.F.);
#9392 = EDGE_CURVE('',#6929,#9393,#9395,.T.);
#9393 = VERTEX_POINT('',#9394);
#9394 = CARTESIAN_POINT('',(1.0752404736,3.677169434711E-15,-7.4));
#9395 = SURFACE_CURVE('',#9396,(#9409,#9415),.PCURVE_S1.);
#9396 = B_SPLINE_CURVE_WITH_KNOTS('',11,(#9397,#9398,#9399,#9400,#9401,
    #9402,#9403,#9404,#9405,#9406,#9407,#9408),.UNSPECIFIED.,.F.,.F.,(12
    ,12),(0.,1.),.PIECEWISE_BEZIER_KNOTS.);
#9397 = CARTESIAN_POINT('',(1.0752404736,2.793428628864E-15,-6.9));
#9398 = CARTESIAN_POINT('',(1.075253883881,-0.614433797179,
    -6.945454545455));
#9399 = CARTESIAN_POINT('',(0.689201630077,-1.226684376768,
    -6.990909090906));
#9400 = CARTESIAN_POINT('',(-8.232872429932E-02,-1.578597295854,
    -7.036363636371));
#9401 = CARTESIAN_POINT('',(-1.027575856811,-1.367502425919,
    -7.081818181807));
#9402 = CARTESIAN_POINT('',(-1.729797003816,-0.58411263063,
    -7.127272727283));
#9403 = CARTESIAN_POINT('',(-1.729797003817,0.58411263063,
    -7.172727272721));
#9404 = CARTESIAN_POINT('',(-1.02757585681,1.367502425919,
    -7.218181818183));
#9405 = CARTESIAN_POINT('',(-8.232872429987E-02,1.578597295854,
    -7.263636363637));
#9406 = CARTESIAN_POINT('',(0.689201630077,1.226684376768,-7.30909090909
    ));
#9407 = CARTESIAN_POINT('',(1.075253883881,0.614433797179,
    -7.354545454546));
#9408 = CARTESIAN_POINT('',(1.0752404736,1.905250209164E-15,-7.4));
#9409 = PCURVE('',#8929,#9410);
#9410 = DEFINITIONAL_REPRESENTATION('',(#9411),#9414);
#9411 = B_SPLINE_CURVE_WITH_KNOTS('',1,(#9412,#9413),.UNSPECIFIED.,.F.,
  .F.,(2,2),(0.,1.),.PIECEWISE_BEZIER_KNOTS.);
#9412 = CARTESIAN_POINT('',(0.,0.));
#9413 = CARTESIAN_POINT('',(0.,1.));
#9414 = ( GEOMETRIC_REPRESENTATION_CONTEXT(2) 
PARAMETRIC_REPRESENTATION_CONTEXT() REPRESENTATION_CONTEXT('2D SPACE',''
  ) );
#9415 = PCURVE('',#9266,#9416);
#9416 = DEFINITIONAL_REPRESENTATION('',(#9417),#9421);
#9417 = LINE('',#9418,#9419);
#9418 = CARTESIAN_POINT('',(0.548073520823,0.));
#9419 = VECTOR('',#9420,1.);
#9420 = DIRECTION('',(0.,1.));
#9421 = ( GEOMETRIC_REPRESENTATION_CONTEXT(2) 
PARAMETRIC_REPRESENTATION_CONTEXT() REPRESENTATION_CONTEXT('2D SPACE',''
  ) );
#9422 = ORIENTED_EDGE('',*,*,#8917,.T.);
#9423 = ORIENTED_EDGE('',*,*,#8988,.T.);
#9424 = ORIENTED_EDGE('',*,*,#9425,.T.);
#9425 = EDGE_CURVE('',#8989,#9426,#9428,.T.);
#9426 = VERTEX_POINT('',#9427);
#9427 = CARTESIAN_POINT('',(1.201909306529,-4.200712213676E-03,
    -7.343254060383));
#9428 = SURFACE_CURVE('',#9429,(#9432,#9438),.PCURVE_S1.);
#9429 = B_SPLINE_CURVE_WITH_KNOTS('',1,(#9430,#9431),.UNSPECIFIED.,.F.,
  .F.,(2,2),(0.,1.),.PIECEWISE_BEZIER_KNOTS.);
#9430 = CARTESIAN_POINT('',(1.201981483945,-2.515349040166E-16,
    -7.342945314546));
#9431 = CARTESIAN_POINT('',(1.201909306529,-4.200712213684E-03,
    -7.343254060383));
#9432 = PCURVE('',#8929,#9433);
#9433 = DEFINITIONAL_REPRESENTATION('',(#9434),#9437);
#9434 = B_SPLINE_CURVE_WITH_KNOTS('',1,(#9435,#9436),.UNSPECIFIED.,.F.,
  .F.,(2,2),(0.,1.),.PIECEWISE_BEZIER_KNOTS.);
#9435 = CARTESIAN_POINT('',(0.138933941615,0.999443675448));
#9436 = CARTESIAN_POINT('',(0.138862309075,1.));
#9437 = ( GEOMETRIC_REPRESENTATION_CONTEXT(2) 
PARAMETRIC_REPRESENTATION_CONTEXT() REPRESENTATION_CONTEXT('2D SPACE',''
  ) );
#9438 = PCURVE('',#9240,#9439);
#9439 = DEFINITIONAL_REPRESENTATION('',(#9440),#9443);
#9440 = B_SPLINE_CURVE_WITH_KNOTS('',1,(#9441,#9442),.UNSPECIFIED.,.F.,
  .F.,(2,2),(0.,1.),.PIECEWISE_BEZIER_KNOTS.);
#9441 = CARTESIAN_POINT('',(6.28318530718,-0.942945314546));
#9442 = CARTESIAN_POINT('',(6.279690288806,-0.943254060383));
#9443 = ( GEOMETRIC_REPRESENTATION_CONTEXT(2) 
PARAMETRIC_REPRESENTATION_CONTEXT() REPRESENTATION_CONTEXT('2D SPACE',''
  ) );
#9444 = ORIENTED_EDGE('',*,*,#9445,.F.);
#9445 = EDGE_CURVE('',#9393,#9426,#9446,.T.);
#9446 = SURFACE_CURVE('',#9447,(#9450,#9457),.PCURVE_S1.);
#9447 = B_SPLINE_CURVE_WITH_KNOTS('',1,(#9448,#9449),.UNSPECIFIED.,.F.,
  .F.,(2,2),(0.,0.548073520823),.PIECEWISE_BEZIER_KNOTS.);
#9448 = CARTESIAN_POINT('',(1.0752404736,3.677169434711E-15,-7.4));
#9449 = CARTESIAN_POINT('',(1.575187750181,-1.657972669653E-02,
    -7.176030320067));
#9450 = PCURVE('',#8929,#9451);
#9451 = DEFINITIONAL_REPRESENTATION('',(#9452),#9456);
#9452 = LINE('',#9453,#9454);
#9453 = CARTESIAN_POINT('',(0.,1.));
#9454 = VECTOR('',#9455,1.);
#9455 = DIRECTION('',(1.,0.));
#9456 = ( GEOMETRIC_REPRESENTATION_CONTEXT(2) 
PARAMETRIC_REPRESENTATION_CONTEXT() REPRESENTATION_CONTEXT('2D SPACE',''
  ) );
#9457 = PCURVE('',#9458,#9463);
#9458 = PLANE('',#9459);
#9459 = AXIS2_PLACEMENT_3D('',#9460,#9461,#9462);
#9460 = CARTESIAN_POINT('',(1.397846644001,1.287614626221E-05,
    -7.400269231134));
#9461 = DIRECTION('',(2.176595007857E-05,0.997274812679,
    7.377633442633E-02));
#9462 = DIRECTION('',(-2.117582368136E-22,-7.377633444381E-02,
    0.997274812916));
#9463 = DEFINITIONAL_REPRESENTATION('',(#9464),#9467);
#9464 = B_SPLINE_CURVE_WITH_KNOTS('',1,(#9465,#9466),.UNSPECIFIED.,.F.,
  .F.,(2,2),(0.,0.548073520823),.PIECEWISE_BEZIER_KNOTS.);
#9465 = CARTESIAN_POINT('',(2.694473832436E-04,-0.322606170477));
#9466 = CARTESIAN_POINT('',(0.224851959499,0.177341106222));
#9467 = ( GEOMETRIC_REPRESENTATION_CONTEXT(2) 
PARAMETRIC_REPRESENTATION_CONTEXT() REPRESENTATION_CONTEXT('2D SPACE',''
  ) );
#9468 = ADVANCED_FACE('',(#9469),#9266,.T.);
#9469 = FACE_BOUND('',#9470,.T.);
#9470 = EDGE_LOOP('',(#9471,#9472,#9473,#9588,#9768));
#9471 = ORIENTED_EDGE('',*,*,#9361,.F.);
#9472 = ORIENTED_EDGE('',*,*,#9392,.T.);
#9473 = ORIENTED_EDGE('',*,*,#9474,.T.);
#9474 = EDGE_CURVE('',#9393,#9475,#9477,.T.);
#9475 = VERTEX_POINT('',#9476);
#9476 = CARTESIAN_POINT('',(0.946329926928,0.721498211641,-7.4));
#9477 = SURFACE_CURVE('',#9478,(#9511,#9547),.PCURVE_S1.);
#9478 = B_SPLINE_CURVE_WITH_KNOTS('',6,(#9479,#9480,#9481,#9482,#9483,
    #9484,#9485,#9486,#9487,#9488,#9489,#9490,#9491,#9492,#9493,#9494,
    #9495,#9496,#9497,#9498,#9499,#9500,#9501,#9502,#9503,#9504,#9505,
    #9506,#9507,#9508,#9509,#9510),.UNSPECIFIED.,.F.,.F.,(7,5,5,5,5,5,7)
  ,(0.,0.173335879139,0.380744898036,0.505060706791,0.648079025225,
    0.811649935601,1.),.UNSPECIFIED.);
#9479 = CARTESIAN_POINT('',(1.0752404736,4.324318680915E-14,-7.4));
#9480 = CARTESIAN_POINT('',(1.091770345461,0.101084477879,-7.4));
#9481 = CARTESIAN_POINT('',(1.096661267997,0.204166161917,-7.4));
#9482 = CARTESIAN_POINT('',(1.089808920315,0.307498893255,-7.4));
#9483 = CARTESIAN_POINT('',(1.071538506515,0.409471077852,-7.4));
#9484 = CARTESIAN_POINT('',(1.042364665184,0.508614568028,-7.4));
#9485 = CARTESIAN_POINT('',(0.956030979166,0.717269334496,-7.4));
#9486 = CARTESIAN_POINT('',(0.894473539114,0.825042101522,-7.4));
#9487 = CARTESIAN_POINT('',(0.819668705557,0.924686749959,-7.4));
#9488 = CARTESIAN_POINT('',(0.7332605168,1.014476681961,-7.4));
#9489 = CARTESIAN_POINT('',(0.637049415179,1.093051792419,-7.4));
#9490 = CARTESIAN_POINT('',(0.470702848036,1.199270308205,-7.4));
#9491 = CARTESIAN_POINT('',(0.405548336253,1.234715827997,-7.4));
#9492 = CARTESIAN_POINT('',(0.337996559444,1.265601411437,-7.4));
#9493 = CARTESIAN_POINT('',(0.268469870736,1.291783869782,-7.4));
#9494 = CARTESIAN_POINT('',(0.197392130027,1.313171102012,-7.4));
#9495 = CARTESIAN_POINT('',(4.2116410032E-02,1.348751953186,-7.4));
#9496 = CARTESIAN_POINT('',(-4.245167012382E-02,1.361380305113,-7.4));
#9497 = CARTESIAN_POINT('',(-0.127875895337,1.367533089056,-7.4));
#9498 = CARTESIAN_POINT('',(-0.213535977663,1.367224937666,-7.4));
#9499 = CARTESIAN_POINT('',(-0.298835643254,1.360544757253,-7.4));
#9500 = CARTESIAN_POINT('',(-0.479697347015,1.332894643382,-7.4));
#9501 = CARTESIAN_POINT('',(-0.57498093076,1.310007687769,-7.4));
#9502 = CARTESIAN_POINT('',(-0.66820370857,1.279217761825,-7.4));
#9503 = CARTESIAN_POINT('',(-0.758590806548,1.240860685544,-7.4));
#9504 = CARTESIAN_POINT('',(-0.845441140065,1.195361425636,-7.4));
#9505 = CARTESIAN_POINT('',(-1.023333855839,1.083178810824,-7.4));
#9506 = CARTESIAN_POINT('',(-1.113031039934,1.014323091835,-7.4));
#9507 = CARTESIAN_POINT('',(-1.196254769774,0.937413707863,-7.4));
#9508 = CARTESIAN_POINT('',(-1.272224546836,0.85331904626,-7.4));
#9509 = CARTESIAN_POINT('',(-1.340301809028,0.76297066632,-7.4));
#9510 = CARTESIAN_POINT('',(-1.4,0.667371503099,-7.4));
#9511 = PCURVE('',#9266,#9512);
#9512 = DEFINITIONAL_REPRESENTATION('',(#9513),#9546);
#9513 = B_SPLINE_CURVE_WITH_KNOTS('',6,(#9514,#9515,#9516,#9517,#9518,
    #9519,#9520,#9521,#9522,#9523,#9524,#9525,#9526,#9527,#9528,#9529,
    #9530,#9531,#9532,#9533,#9534,#9535,#9536,#9537,#9538,#9539,#9540,
    #9541,#9542,#9543,#9544,#9545),.UNSPECIFIED.,.F.,.F.,(7,5,5,5,5,5,7)
  ,(0.,0.173335879139,0.380744898036,0.505060706791,0.648079025225,
    0.811649935601,1.),.UNSPECIFIED.);
#9514 = CARTESIAN_POINT('',(0.548073520823,1.));
#9515 = CARTESIAN_POINT('',(0.529941213841,0.985125309366));
#9516 = CARTESIAN_POINT('',(0.512077322201,0.970493133603));
#9517 = CARTESIAN_POINT('',(0.494507620668,0.956102401876));
#9518 = CARTESIAN_POINT('',(0.477211647021,0.94193233639));
#9519 = CARTESIAN_POINT('',(0.460175239446,0.927971226867));
#9520 = CARTESIAN_POINT('',(0.423308275609,0.897753568872));
#9521 = CARTESIAN_POINT('',(0.40357748377,0.881577634384));
#9522 = CARTESIAN_POINT('',(0.384181141935,0.865674171599));
#9523 = CARTESIAN_POINT('',(0.365087513358,0.85002091714));
#9524 = CARTESIAN_POINT('',(0.346277609808,0.834602563911));
#9525 = CARTESIAN_POINT('',(0.316641592361,0.810313513927));
#9526 = CARTESIAN_POINT('',(0.305633482259,0.801292269229));
#9527 = CARTESIAN_POINT('',(0.29472085386,0.792349973888));
#9528 = CARTESIAN_POINT('',(0.283900602551,0.783483886819));
#9529 = CARTESIAN_POINT('',(0.273169931284,0.774691474649));
#9530 = CARTESIAN_POINT('',(0.25028309049,0.755938783714));
#9531 = CARTESIAN_POINT('',(0.238154601081,0.746001208486));
#9532 = CARTESIAN_POINT('',(0.226138717376,0.736155660287));
#9533 = CARTESIAN_POINT('',(0.214231459021,0.72639861869));
#9534 = CARTESIAN_POINT('',(0.202429095258,0.716726872577));
#9535 = CARTESIAN_POINT('',(0.177348550859,0.696172529437));
#9536 = CARTESIAN_POINT('',(0.164100856357,0.685314704339));
#9537 = CARTESIAN_POINT('',(0.150982754681,0.674562145495));
#9538 = CARTESIAN_POINT('',(0.137988732429,0.663910502685));
#9539 = CARTESIAN_POINT('',(0.12511365099,0.653355846607));
#9540 = CARTESIAN_POINT('',(9.76635504634E-02,0.630852500857));
#9541 = CARTESIAN_POINT('',(8.31245170469E-02,0.618933239547));
#9542 = CARTESIAN_POINT('',(6.873366467415E-02,0.607135616978));
#9543 = CARTESIAN_POINT('',(5.448321974593E-02,0.595453737908));
#9544 = CARTESIAN_POINT('',(4.036708765229E-02,0.583882888387));
#9545 = CARTESIAN_POINT('',(2.638321416363E-02,0.572421460131));
#9546 = ( GEOMETRIC_REPRESENTATION_CONTEXT(2) 
PARAMETRIC_REPRESENTATION_CONTEXT() REPRESENTATION_CONTEXT('2D SPACE',''
  ) );
#9547 = PCURVE('',#9548,#9553);
#9548 = PLANE('',#9549);
#9549 = AXIS2_PLACEMENT_3D('',#9550,#9551,#9552);
#9550 = CARTESIAN_POINT('',(0.,0.,-7.4));
#9551 = DIRECTION('',(0.,0.,1.));
#9552 = DIRECTION('',(1.,0.,-0.));
#9553 = DEFINITIONAL_REPRESENTATION('',(#9554),#9587);
#9554 = B_SPLINE_CURVE_WITH_KNOTS('',6,(#9555,#9556,#9557,#9558,#9559,
    #9560,#9561,#9562,#9563,#9564,#9565,#9566,#9567,#9568,#9569,#9570,
    #9571,#9572,#9573,#9574,#9575,#9576,#9577,#9578,#9579,#9580,#9581,
    #9582,#9583,#9584,#9585,#9586),.UNSPECIFIED.,.F.,.F.,(7,5,5,5,5,5,7)
  ,(0.,0.173335879139,0.380744898036,0.505060706791,0.648079025225,
    0.811649935601,1.),.UNSPECIFIED.);
#9555 = CARTESIAN_POINT('',(1.0752404736,4.324318680915E-14));
#9556 = CARTESIAN_POINT('',(1.091770345461,0.101084477879));
#9557 = CARTESIAN_POINT('',(1.096661267997,0.204166161917));
#9558 = CARTESIAN_POINT('',(1.089808920315,0.307498893255));
#9559 = CARTESIAN_POINT('',(1.071538506515,0.409471077852));
#9560 = CARTESIAN_POINT('',(1.042364665184,0.508614568028));
#9561 = CARTESIAN_POINT('',(0.956030979166,0.717269334496));
#9562 = CARTESIAN_POINT('',(0.894473539114,0.825042101522));
#9563 = CARTESIAN_POINT('',(0.819668705557,0.924686749959));
#9564 = CARTESIAN_POINT('',(0.7332605168,1.014476681961));
#9565 = CARTESIAN_POINT('',(0.637049415179,1.093051792419));
#9566 = CARTESIAN_POINT('',(0.470702848036,1.199270308205));
#9567 = CARTESIAN_POINT('',(0.405548336253,1.234715827997));
#9568 = CARTESIAN_POINT('',(0.337996559444,1.265601411437));
#9569 = CARTESIAN_POINT('',(0.268469870736,1.291783869782));
#9570 = CARTESIAN_POINT('',(0.197392130027,1.313171102012));
#9571 = CARTESIAN_POINT('',(4.2116410032E-02,1.348751953186));
#9572 = CARTESIAN_POINT('',(-4.245167012382E-02,1.361380305113));
#9573 = CARTESIAN_POINT('',(-0.127875895337,1.367533089056));
#9574 = CARTESIAN_POINT('',(-0.213535977663,1.367224937666));
#9575 = CARTESIAN_POINT('',(-0.298835643254,1.360544757253));
#9576 = CARTESIAN_POINT('',(-0.479697347015,1.332894643382));
#9577 = CARTESIAN_POINT('',(-0.57498093076,1.310007687769));
#9578 = CARTESIAN_POINT('',(-0.66820370857,1.279217761825));
#9579 = CARTESIAN_POINT('',(-0.758590806548,1.240860685544));
#9580 = CARTESIAN_POINT('',(-0.845441140065,1.195361425636));
#9581 = CARTESIAN_POINT('',(-1.023333855839,1.083178810824));
#9582 = CARTESIAN_POINT('',(-1.113031039934,1.014323091835));
#9583 = CARTESIAN_POINT('',(-1.196254769774,0.937413707863));
#9584 = CARTESIAN_POINT('',(-1.272224546836,0.85331904626));
#9585 = CARTESIAN_POINT('',(-1.340301809028,0.76297066632));
#9586 = CARTESIAN_POINT('',(-1.4,0.667371503099));
#9587 = ( GEOMETRIC_REPRESENTATION_CONTEXT(2) 
PARAMETRIC_REPRESENTATION_CONTEXT() REPRESENTATION_CONTEXT('2D SPACE',''
  ) );
#9588 = ORIENTED_EDGE('',*,*,#9589,.F.);
#9589 = EDGE_CURVE('',#9225,#9475,#9590,.T.);
#9590 = SURFACE_CURVE('',#9591,(#9648,#9708),.PCURVE_S1.);
#9591 = B_SPLINE_CURVE_WITH_KNOTS('',7,(#9592,#9593,#9594,#9595,#9596,
    #9597,#9598,#9599,#9600,#9601,#9602,#9603,#9604,#9605,#9606,#9607,
    #9608,#9609,#9610,#9611,#9612,#9613,#9614,#9615,#9616,#9617,#9618,
    #9619,#9620,#9621,#9622,#9623,#9624,#9625,#9626,#9627,#9628,#9629,
    #9630,#9631,#9632,#9633,#9634,#9635,#9636,#9637,#9638,#9639,#9640,
    #9641,#9642,#9643,#9644,#9645,#9646,#9647),.UNSPECIFIED.,.F.,.F.,(8,
    6,6,6,6,6,6,6,6,8),(0.,8.663238413144E-02,0.199905553673,
    0.326150188058,0.4506256986,0.581137161935,0.714260644934,
    0.853242942487,0.924631372276,1.),.UNSPECIFIED.);
#9592 = CARTESIAN_POINT('',(1.275985717483,4.440892098501E-16,
    -6.990544202463));
#9593 = CARTESIAN_POINT('',(1.274934721407,-8.710861836153E-02,
    -6.995548945682));
#9594 = CARTESIAN_POINT('',(1.266948511591,-0.174107767256,
    -7.000541201166));
#9595 = CARTESIAN_POINT('',(1.252033350489,-0.260324008084,
    -7.005526741279));
#9596 = CARTESIAN_POINT('',(1.230280027738,-0.345096577755,
    -7.010508557386));
#9597 = CARTESIAN_POINT('',(1.201854791362,-0.42778050171,
    -7.015488623766));
#9598 = CARTESIAN_POINT('',(1.166998156969,-0.507751769032,
    -7.020468470517));
#9599 = CARTESIAN_POINT('',(1.072467187454,-0.68465235606,
    -7.031960115861));
#9600 = CARTESIAN_POINT('',(1.00844189176,-0.779262615735,
    -7.038473939137));
#9601 = CARTESIAN_POINT('',(0.934672581157,-0.866892495076,
    -7.044990189931));
#9602 = CARTESIAN_POINT('',(0.852079668279,-0.946352799497,
    -7.051510991483));
#9603 = CARTESIAN_POINT('',(0.761746009535,-1.016605242417,
    -7.058038635059));
#9604 = CARTESIAN_POINT('',(0.664902295918,-1.076777930932,
    -7.064573881775));
#9605 = CARTESIAN_POINT('',(0.449299240638,-1.18130084912,
    -7.078403834753));
#9606 = CARTESIAN_POINT('',(0.329240516088,-1.223078911404,
    -7.085703540371));
#9607 = CARTESIAN_POINT('',(0.204690896806,-1.25059723343,
    -7.093009520917));
#9608 = CARTESIAN_POINT('',(7.767798819922E-02,-1.263314989169,
    -7.100321238127));
#9609 = CARTESIAN_POINT('',(-4.971519110692E-02,-1.261027849037,
    -7.107639742355));
#9610 = CARTESIAN_POINT('',(-0.175387867005,-1.243873373139,
    -7.114965232604));
#9611 = CARTESIAN_POINT('',(-0.41740993117,-1.181388563968,
    -7.129520090712));
#9612 = CARTESIAN_POINT('',(-0.533936601486,-1.136438053284,
    -7.136753538781));
#9613 = CARTESIAN_POINT('',(-0.644825085014,-1.078067863117,
    -7.143990767115));
#9614 = CARTESIAN_POINT('',(-0.748244190887,-1.007143215772,
    -7.151232824784));
#9615 = CARTESIAN_POINT('',(-0.842530199242,-0.92481007975,
    -7.15848224496));
#9616 = CARTESIAN_POINT('',(-0.926217765241,-0.832476008449,
    -7.165739988054));
#9617 = CARTESIAN_POINT('',(-1.073489933619,-0.626339232388,
    -7.180617143223));
#9618 = CARTESIAN_POINT('',(-1.135953088219,-0.511642288298,
    -7.188241952807));
#9619 = CARTESIAN_POINT('',(-1.184087552398,-0.389712199373,
    -7.195872343768));
#9620 = CARTESIAN_POINT('',(-1.216933923931,-0.262697207852,
    -7.203508614141));
#9621 = CARTESIAN_POINT('',(-1.233909858171,-0.132870646208,
    -7.211152810402));
#9622 = CARTESIAN_POINT('',(-1.234823881863,-2.585318762668E-03,
    -7.218805419192));
#9623 = CARTESIAN_POINT('',(-1.204837495527,0.256654188457,
    -7.234271550469));
#9624 = CARTESIAN_POINT('',(-1.173288446759,0.385629036796,
    -7.242090982784));
#9625 = CARTESIAN_POINT('',(-1.125614636539,0.510107212292,
    -7.249914919732));
#9626 = CARTESIAN_POINT('',(-1.062610521325,0.627701348098,
    -7.257744469263));
#9627 = CARTESIAN_POINT('',(-0.985466685941,0.736201998677,
    -7.265582836111));
#9628 = CARTESIAN_POINT('',(-0.895746192518,0.833626544692,
    -7.273431087335));
#9629 = CARTESIAN_POINT('',(-0.690745990186,1.006739306411,
    -7.289482398817));
#9630 = CARTESIAN_POINT('',(-0.574423286706,1.08136016812,
    -7.297692984099));
#9631 = CARTESIAN_POINT('',(-0.448737796532,1.140251525714,
    -7.305908624309));
#9632 = CARTESIAN_POINT('',(-0.316258839465,1.182067246317,
    -7.314130973176));
#9633 = CARTESIAN_POINT('',(-0.179717960891,1.205953187511,
    -7.322361985133));
#9634 = CARTESIAN_POINT('',(-4.200372429629E-02,1.211551019512,
    -7.330604246312));
#9635 = CARTESIAN_POINT('',(0.163727644212,1.192809643686,
    -7.343087070688));
#9636 = CARTESIAN_POINT('',(0.23308634926,1.181704332365,-7.347325408118
    ));
#9637 = CARTESIAN_POINT('',(0.301598463555,1.165890580267,
    -7.351565897055));
#9638 = CARTESIAN_POINT('',(0.368880572554,1.145444560941,
    -7.355808604946));
#9639 = CARTESIAN_POINT('',(0.43455944429,1.120480956661,-7.360053659546
    ));
#9640 = CARTESIAN_POINT('',(0.498274413381,1.091152356336,
    -7.364301050285));
#9641 = CARTESIAN_POINT('',(0.62450871707,1.022276981579,-7.373036729339
    ));
#9642 = CARTESIAN_POINT('',(0.686768073328,0.982249026059,
    -7.377525574283));
#9643 = CARTESIAN_POINT('',(0.746050759977,0.937788935775,
    -7.382016553696));
#9644 = CARTESIAN_POINT('',(0.80197835541,0.889161747174,-7.386509511665
    ));
#9645 = CARTESIAN_POINT('',(0.854203653294,0.836671330216,
    -7.391004427105));
#9646 = CARTESIAN_POINT('',(0.902413225622,0.78065833435,-7.395501293728
    ));
#9647 = CARTESIAN_POINT('',(0.946329985754,0.721498134483,-7.4));
#9648 = PCURVE('',#9266,#9649);
#9649 = DEFINITIONAL_REPRESENTATION('',(#9650),#9707);
#9650 = B_SPLINE_CURVE_WITH_KNOTS('',7,(#9651,#9652,#9653,#9654,#9655,
    #9656,#9657,#9658,#9659,#9660,#9661,#9662,#9663,#9664,#9665,#9666,
    #9667,#9668,#9669,#9670,#9671,#9672,#9673,#9674,#9675,#9676,#9677,
    #9678,#9679,#9680,#9681,#9682,#9683,#9684,#9685,#9686,#9687,#9688,
    #9689,#9690,#9691,#9692,#9693,#9694,#9695,#9696,#9697,#9698,#9699,
    #9700,#9701,#9702,#9703,#9704,#9705,#9706),.UNSPECIFIED.,.F.,.F.,(8,
    6,6,6,6,6,6,6,6,8),(0.,8.663238413144E-02,0.199905553673,
    0.326150188058,0.4506256986,0.581137161935,0.714260644934,
    0.853242942487,0.924631372276,1.),.UNSPECIFIED.);
#9651 = CARTESIAN_POINT('',(0.327938975065,8.31930197592E-04));
#9652 = CARTESIAN_POINT('',(0.329073356247,1.169049044757E-02));
#9653 = CARTESIAN_POINT('',(0.330214718565,2.255903303486E-02));
#9654 = CARTESIAN_POINT('',(0.331355268755,3.343456331667E-02));
#9655 = CARTESIAN_POINT('',(0.332494967573,4.431633039451E-02));
#9656 = CARTESIAN_POINT('',(0.333635524678,5.520462603429E-02));
#9657 = CARTESIAN_POINT('',(0.334777703342,6.609958284553E-02));
#9658 = CARTESIAN_POINT('',(0.337418035466,9.1252397176E-02));
#9659 = CARTESIAN_POINT('',(0.338917994017,0.105518103452));
#9660 = CARTESIAN_POINT('',(0.34042254714,0.119792400613));
#9661 = CARTESIAN_POINT('',(0.341930609554,0.13407633599));
#9662 = CARTESIAN_POINT('',(0.343440477259,0.148372670772));
#9663 = CARTESIAN_POINT('',(0.34495064878,0.162682133062));
#9664 = CARTESIAN_POINT('',(0.348142753967,0.192957364717));
#9665 = CARTESIAN_POINT('',(0.349825405711,0.208933315769));
#9666 = CARTESIAN_POINT('',(0.351506533063,0.224919442496));
#9667 = CARTESIAN_POINT('',(0.353187208237,0.24091682539));
#9668 = CARTESIAN_POINT('',(0.354869353001,0.25692995764));
#9669 = CARTESIAN_POINT('',(0.356554160902,0.272960377949));
#9670 = CARTESIAN_POINT('',(0.359903905063,0.304814776038));
#9671 = CARTESIAN_POINT('',(0.36156975423,0.320647627574));
#9672 = CARTESIAN_POINT('',(0.363237809939,0.336490755681));
#9673 = CARTESIAN_POINT('',(0.364907571852,0.35234540272));
#9674 = CARTESIAN_POINT('',(0.366578683321,0.368215840242));
#9675 = CARTESIAN_POINT('',(0.36825078386,0.384103321355));
#9676 = CARTESIAN_POINT('',(0.371676628981,0.416667443005));
#9677 = CARTESIAN_POINT('',(0.373431536884,0.433355776253));
#9678 = CARTESIAN_POINT('',(0.375186807489,0.450054744877));
#9679 = CARTESIAN_POINT('',(0.376943360512,0.466765765127));
#9680 = CARTESIAN_POINT('',(0.378702590761,0.483494381171));
#9681 = CARTESIAN_POINT('',(0.380465052796,0.500242441634));
#9682 = CARTESIAN_POINT('',(0.384028957049,0.534092849349));
#9683 = CARTESIAN_POINT('',(0.385831796088,0.551208172961));
#9684 = CARTESIAN_POINT('',(0.387636471414,0.568334617047));
#9685 = CARTESIAN_POINT('',(0.389442115255,0.585473920305));
#9686 = CARTESIAN_POINT('',(0.391248489733,0.602632238356));
#9687 = CARTESIAN_POINT('',(0.393055624959,0.619811387381));
#9688 = CARTESIAN_POINT('',(0.396749904235,0.654945013009));
#9689 = CARTESIAN_POINT('',(0.398638688639,0.672915888873));
#9690 = CARTESIAN_POINT('',(0.400528392561,0.690897203371));
#9691 = CARTESIAN_POINT('',(0.40242082081,0.70889321361));
#9692 = CARTESIAN_POINT('',(0.404317964612,0.726909101952));
#9693 = CARTESIAN_POINT('',(0.406219100924,0.744949754285));
#9694 = CARTESIAN_POINT('',(0.409098052654,0.772271456632));
#9695 = CARTESIAN_POINT('',(0.410075501422,0.781547972055));
#9696 = CARTESIAN_POINT('',(0.411053171389,0.790828986409));
#9697 = CARTESIAN_POINT('',(0.412030828981,0.80011457245));
#9698 = CARTESIAN_POINT('',(0.413008309009,0.8094049924));
#9699 = CARTESIAN_POINT('',(0.413985549338,0.81870030402));
#9700 = CARTESIAN_POINT('',(0.415994177776,0.837818123701));
#9701 = CARTESIAN_POINT('',(0.417025637501,0.847641861563));
#9702 = CARTESIAN_POINT('',(0.418057007197,0.857470459945));
#9703 = CARTESIAN_POINT('',(0.419088724242,0.86730401463));
#9704 = CARTESIAN_POINT('',(0.420121406759,0.877142917955));
#9705 = CARTESIAN_POINT('',(0.421155599449,0.886987339261));
#9706 = CARTESIAN_POINT('',(0.422191519436,0.896836705344));
#9707 = ( GEOMETRIC_REPRESENTATION_CONTEXT(2) 
PARAMETRIC_REPRESENTATION_CONTEXT() REPRESENTATION_CONTEXT('2D SPACE',''
  ) );
#9708 = PCURVE('',#9240,#9709);
#9709 = DEFINITIONAL_REPRESENTATION('',(#9710),#9767);
#9710 = B_SPLINE_CURVE_WITH_KNOTS('',7,(#9711,#9712,#9713,#9714,#9715,
    #9716,#9717,#9718,#9719,#9720,#9721,#9722,#9723,#9724,#9725,#9726,
    #9727,#9728,#9729,#9730,#9731,#9732,#9733,#9734,#9735,#9736,#9737,
    #9738,#9739,#9740,#9741,#9742,#9743,#9744,#9745,#9746,#9747,#9748,
    #9749,#9750,#9751,#9752,#9753,#9754,#9755,#9756,#9757,#9758,#9759,
    #9760,#9761,#9762,#9763,#9764,#9765,#9766),.UNSPECIFIED.,.F.,.F.,(8,
    6,6,6,6,6,6,6,6,8),(0.,8.663238413144E-02,0.199905553673,
    0.326150188058,0.4506256986,0.581137161935,0.714260644934,
    0.853242942487,0.924631372276,1.),.UNSPECIFIED.);
#9711 = CARTESIAN_POINT('',(6.28318530718,-0.590544202463));
#9712 = CARTESIAN_POINT('',(6.214917600756,-0.595548945682));
#9713 = CARTESIAN_POINT('',(6.146604545415,-0.600541201166));
#9714 = CARTESIAN_POINT('',(6.078254341973,-0.605526741279));
#9715 = CARTESIAN_POINT('',(6.009865920508,-0.610508557386));
#9716 = CARTESIAN_POINT('',(5.941435100344,-0.615488623766));
#9717 = CARTESIAN_POINT('',(5.872960696448,-0.620468470517));
#9718 = CARTESIAN_POINT('',(5.71487253523,-0.631960115861));
#9719 = CARTESIAN_POINT('',(5.625208325187,-0.638473939137));
#9720 = CARTESIAN_POINT('',(5.535488012944,-0.644990189931));
#9721 = CARTESIAN_POINT('',(5.445707259136,-0.651510991483));
#9722 = CARTESIAN_POINT('',(5.355849786062,-0.658038635059));
#9723 = CARTESIAN_POINT('',(5.265910453573,-0.664573881775));
#9724 = CARTESIAN_POINT('',(5.075622055865,-0.678403834753));
#9725 = CARTESIAN_POINT('',(4.975209045045,-0.685703540367));
#9726 = CARTESIAN_POINT('',(4.874731758307,-0.693009520908));
#9727 = CARTESIAN_POINT('',(4.774182390258,-0.70032123815));
#9728 = CARTESIAN_POINT('',(4.673532574457,-0.707639742383));
#9729 = CARTESIAN_POINT('',(4.572773436542,-0.714965232527));
#9730 = CARTESIAN_POINT('',(4.372552564682,-0.729520090635));
#9731 = CARTESIAN_POINT('',(4.273035065079,-0.736753538696));
#9732 = CARTESIAN_POINT('',(4.173453486218,-0.743990767081));
#9733 = CARTESIAN_POINT('',(4.073800580368,-0.751232824806));
#9734 = CARTESIAN_POINT('',(3.974049437442,-0.758482245005));
#9735 = CARTESIAN_POINT('',(3.874191556332,-0.76573998811));
#9736 = CARTESIAN_POINT('',(3.66951547396,-0.78061714328));
#9737 = CARTESIAN_POINT('',(3.564623766646,-0.788241952801));
#9738 = CARTESIAN_POINT('',(3.459664510174,-0.795872343821));
#9739 = CARTESIAN_POINT('',(3.354628257086,-0.803508614102));
#9740 = CARTESIAN_POINT('',(3.249480282852,-0.811152810228));
#9741 = CARTESIAN_POINT('',(3.144209670901,-0.818805419192));
#9742 = CARTESIAN_POINT('',(2.931441688295,-0.834271550469));
#9743 = CARTESIAN_POINT('',(2.823862759527,-0.842090982784));
#9744 = CARTESIAN_POINT('',(2.716214540848,-0.849914919732));
#9745 = CARTESIAN_POINT('',(2.60848651998,-0.857744469263));
#9746 = CARTESIAN_POINT('',(2.500639648019,-0.865582836111));
#9747 = CARTESIAN_POINT('',(2.392661576857,-0.873431087335));
#9748 = CARTESIAN_POINT('',(2.171830694174,-0.889482398817));
#9749 = CARTESIAN_POINT('',(2.058874729151,-0.897692984099));
#9750 = CARTESIAN_POINT('',(1.945851823132,-0.905908624309));
#9751 = CARTESIAN_POINT('',(1.832734910595,-0.914130973176));
#9752 = CARTESIAN_POINT('',(1.719492731502,-0.922361985133));
#9753 = CARTESIAN_POINT('',(1.606095955889,-0.930604246312));
#9754 = CARTESIAN_POINT('',(1.434363731316,-0.943087070688));
#9755 = CARTESIAN_POINT('',(1.376055929554,-0.947325408118));
#9756 = CARTESIAN_POINT('',(1.317720189972,-0.951565897055));
#9757 = CARTESIAN_POINT('',(1.259355973892,-0.955808604946));
#9758 = CARTESIAN_POINT('',(1.200961472084,-0.960053659546));
#9759 = CARTESIAN_POINT('',(1.142536121964,-0.964301050285));
#9760 = CARTESIAN_POINT('',(1.022371133133,-0.973036729339));
#9761 = CARTESIAN_POINT('',(0.960623750933,-0.97752557427));
#9762 = CARTESIAN_POINT('',(0.898845249245,-0.982016553696));
#9763 = CARTESIAN_POINT('',(0.837034915904,-0.986509511683));
#9764 = CARTESIAN_POINT('',(0.775190375922,-0.991004427114));
#9765 = CARTESIAN_POINT('',(0.713310911883,-0.995501293702));
#9766 = CARTESIAN_POINT('',(0.651400784346,-1.));
#9767 = ( GEOMETRIC_REPRESENTATION_CONTEXT(2) 
PARAMETRIC_REPRESENTATION_CONTEXT() REPRESENTATION_CONTEXT('2D SPACE',''
  ) );
#9768 = ORIENTED_EDGE('',*,*,#9252,.F.);
#9769 = ADVANCED_FACE('',(#9770),#9240,.T.);
#9770 = FACE_BOUND('',#9771,.F.);
#9771 = EDGE_LOOP('',(#9772,#9773,#9774,#9775,#9802));
#9772 = ORIENTED_EDGE('',*,*,#9589,.F.);
#9773 = ORIENTED_EDGE('',*,*,#9224,.T.);
#9774 = ORIENTED_EDGE('',*,*,#9425,.T.);
#9775 = ORIENTED_EDGE('',*,*,#9776,.F.);
#9776 = EDGE_CURVE('',#9777,#9426,#9779,.T.);
#9777 = VERTEX_POINT('',#9778);
#9778 = CARTESIAN_POINT('',(1.189999999997,-2.50467583141E-06,-7.4));
#9779 = SURFACE_CURVE('',#9780,(#9785,#9795),.PCURVE_S1.);
#9780 = HYPERBOLA('',#9781,2.285412980341,0.447946882059);
#9781 = AXIS2_PLACEMENT_3D('',#9782,#9783,#9784);
#9782 = CARTESIAN_POINT('',(1.04462788162E-05,0.478628808392,
    -13.86956853495));
#9783 = DIRECTION('',(2.176595007857E-05,0.997274812679,
    7.377633442633E-02));
#9784 = DIRECTION('',(-1.610200108641E-06,-7.377633440876E-02,
    0.997274812917));
#9785 = PCURVE('',#9240,#9786);
#9786 = DEFINITIONAL_REPRESENTATION('',(#9787),#9794);
#9787 = B_SPLINE_CURVE_WITH_KNOTS('',5,(#9788,#9789,#9790,#9791,#9792,
    #9793),.UNSPECIFIED.,.F.,.F.,(6,6),(1.703858595024,1.729920791904),
  .PIECEWISE_BEZIER_KNOTS.);
#9788 = CARTESIAN_POINT('',(6.28318320241,-1.));
#9789 = CARTESIAN_POINT('',(6.281221104959,-0.968439708885));
#9790 = CARTESIAN_POINT('',(6.279272667295,-0.936659698895));
#9791 = CARTESIAN_POINT('',(6.277337762623,-0.904658183619));
#9792 = CARTESIAN_POINT('',(6.275416265693,-0.872433351771));
#9793 = CARTESIAN_POINT('',(6.273508052796,-0.839983366579));
#9794 = ( GEOMETRIC_REPRESENTATION_CONTEXT(2) 
PARAMETRIC_REPRESENTATION_CONTEXT() REPRESENTATION_CONTEXT('2D SPACE',''
  ) );
#9795 = PCURVE('',#9458,#9796);
#9796 = DEFINITIONAL_REPRESENTATION('',(#9797),#9801);
#9797 = ( BOUNDED_CURVE() B_SPLINE_CURVE(2,(#9798,#9799,#9800),
.UNSPECIFIED.,.F.,.F.) B_SPLINE_CURVE_WITH_KNOTS((3,3),(1.703858595024,
1.729920791904),.PIECEWISE_BEZIER_KNOTS.) CURVE() 
GEOMETRIC_REPRESENTATION_ITEM() RATIONAL_B_SPLINE_CURVE((1.,
1.000084905965,1.)) REPRESENTATION_ITEM('') );
#9798 = CARTESIAN_POINT('',(2.696321690445E-04,-0.207846644053));
#9799 = CARTESIAN_POINT('',(7.938151551736E-02,-0.191278441302));
#9800 = CARTESIAN_POINT('',(0.160723586503,-0.174300445353));
#9801 = ( GEOMETRIC_REPRESENTATION_CONTEXT(2) 
PARAMETRIC_REPRESENTATION_CONTEXT() REPRESENTATION_CONTEXT('2D SPACE',''
  ) );
#9802 = ORIENTED_EDGE('',*,*,#9803,.F.);
#9803 = EDGE_CURVE('',#9475,#9777,#9804,.T.);
#9804 = SURFACE_CURVE('',#9805,(#9810,#9817),.PCURVE_S1.);
#9805 = CIRCLE('',#9806,1.19);
#9806 = AXIS2_PLACEMENT_3D('',#9807,#9808,#9809);
#9807 = CARTESIAN_POINT('',(0.,0.,-7.4));
#9808 = DIRECTION('',(0.,0.,1.));
#9809 = DIRECTION('',(1.,0.,-0.));
#9810 = PCURVE('',#9240,#9811);
#9811 = DEFINITIONAL_REPRESENTATION('',(#9812),#9816);
#9812 = LINE('',#9813,#9814);
#9813 = CARTESIAN_POINT('',(0.,-1.));
#9814 = VECTOR('',#9815,1.);
#9815 = DIRECTION('',(1.,-0.));
#9816 = ( GEOMETRIC_REPRESENTATION_CONTEXT(2) 
PARAMETRIC_REPRESENTATION_CONTEXT() REPRESENTATION_CONTEXT('2D SPACE',''
  ) );
#9817 = PCURVE('',#9548,#9818);
#9818 = DEFINITIONAL_REPRESENTATION('',(#9819),#9823);
#9819 = CIRCLE('',#9820,1.19);
#9820 = AXIS2_PLACEMENT_2D('',#9821,#9822);
#9821 = CARTESIAN_POINT('',(0.,0.));
#9822 = DIRECTION('',(1.,0.));
#9823 = ( GEOMETRIC_REPRESENTATION_CONTEXT(2) 
PARAMETRIC_REPRESENTATION_CONTEXT() REPRESENTATION_CONTEXT('2D SPACE',''
  ) );
#9824 = ADVANCED_FACE('',(#9825),#9458,.T.);
#9825 = FACE_BOUND('',#9826,.T.);
#9826 = EDGE_LOOP('',(#9827,#9828,#9847));
#9827 = ORIENTED_EDGE('',*,*,#9776,.F.);
#9828 = ORIENTED_EDGE('',*,*,#9829,.T.);
#9829 = EDGE_CURVE('',#9777,#9393,#9830,.T.);
#9830 = SURFACE_CURVE('',#9831,(#9835,#9841),.PCURVE_S1.);
#9831 = LINE('',#9832,#9833);
#9832 = CARTESIAN_POINT('',(0.698923322039,8.21328307222E-06,-7.4));
#9833 = VECTOR('',#9834,1.);
#9834 = DIRECTION('',(-0.999999999762,2.182542845428E-05,0.));
#9835 = PCURVE('',#9458,#9836);
#9836 = DEFINITIONAL_REPRESENTATION('',(#9837),#9840);
#9837 = B_SPLINE_CURVE_WITH_KNOTS('',1,(#9838,#9839),.UNSPECIFIED.,.F.,
  .F.,(2,2),(-0.701076678128,-0.37631715165),.PIECEWISE_BEZIER_KNOTS.);
#9838 = CARTESIAN_POINT('',(2.69970311069E-04,2.153355999651E-03));
#9839 = CARTESIAN_POINT('',(2.694473832441E-04,-0.322606170477));
#9840 = ( GEOMETRIC_REPRESENTATION_CONTEXT(2) 
PARAMETRIC_REPRESENTATION_CONTEXT() REPRESENTATION_CONTEXT('2D SPACE',''
  ) );
#9841 = PCURVE('',#9548,#9842);
#9842 = DEFINITIONAL_REPRESENTATION('',(#9843),#9846);
#9843 = B_SPLINE_CURVE_WITH_KNOTS('',1,(#9844,#9845),.UNSPECIFIED.,.F.,
  .F.,(2,2),(-0.701076678128,-0.37631715165),.PIECEWISE_BEZIER_KNOTS.);
#9844 = CARTESIAN_POINT('',(1.4,-7.08801580722E-06));
#9845 = CARTESIAN_POINT('',(1.0752404736,2.755994488613E-15));
#9846 = ( GEOMETRIC_REPRESENTATION_CONTEXT(2) 
PARAMETRIC_REPRESENTATION_CONTEXT() REPRESENTATION_CONTEXT('2D SPACE',''
  ) );
#9847 = ORIENTED_EDGE('',*,*,#9445,.T.);
#9848 = ADVANCED_FACE('',(#9849),#9548,.F.);
#9849 = FACE_BOUND('',#9850,.F.);
#9850 = EDGE_LOOP('',(#9851,#9852,#9853));
#9851 = ORIENTED_EDGE('',*,*,#9829,.T.);
#9852 = ORIENTED_EDGE('',*,*,#9474,.T.);
#9853 = ORIENTED_EDGE('',*,*,#9803,.T.);
#9854 = ( GEOMETRIC_REPRESENTATION_CONTEXT(3) 
GLOBAL_UNCERTAINTY_ASSIGNED_CONTEXT((#9858)) 
GLOBAL_UNIT_ASSIGNED_CONTEXT((#9855,#9856,#9857)) REPRESENTATION_CONTEXT
('Context #1','3D Context with UNIT and UNCERTAINTY') );
#9855 = ( LENGTH_UNIT() NAMED_UNIT(*) SI_UNIT(.MILLI.,.METRE.) );
#9856 = ( NAMED_UNIT(*) PLANE_ANGLE_UNIT() SI_UNIT($,.RADIAN.) );
#9857 = ( NAMED_UNIT(*) SI_UNIT($,.STERADIAN.) SOLID_ANGLE_UNIT() );
#9858 = UNCERTAINTY_MEASURE_WITH_UNIT(LENGTH_MEASURE(1.E-05),#9855,
  'distance_accuracy_value','confusion accuracy');
#9859 = PRODUCT_RELATED_PRODUCT_CATEGORY('part',$,(#7));
ENDSEC;
END-ISO-10303-21;
