ISO-10303-21;
HEADER;
FILE_DESCRIPTION (( 'STEP AP203' ),
    '1' );
FILE_NAME ('Parça 286 - Nylon Hex Nut.STEP',
    '2026-08-29T21:07:00',
    ( '' ),
    ( '' ),
    'SwSTEP 2.0',
    'SolidWorks 2024',
    '' );
FILE_SCHEMA (( 'CONFIG_CONTROL_DESIGN' ));
ENDSEC;

DATA;
#1 = FACE_OUTER_BOUND ( 'NONE', #1407, .T. ) ;
#2 = EDGE_LOOP ( 'NONE', ( #1212, #428, #573, #19, #1386, #38, #1790, #37, #158, #927, #133, #641, #1332, #1276 ) ) ;
#3 = FACE_OUTER_BOUND ( 'NONE', #362, .T. ) ;
#4 = DIRECTION ( 'NONE',  ( -6.721228821374538630E-16, 1.000000000000000000, -3.664497496817873793E-16 ) ) ;
#5 = DIRECTION ( 'NONE',  ( -0.8737414198483283156, -4.090238442346912630E-16, 0.4863907187040344970 ) ) ;
#6 = LINE ( 'NONE', #42, #907 ) ;
#7 = CARTESIAN_POINT ( 'NONE',  ( -54.24274941301117536, -21.43437499999998153, 44.66574154941734065 ) ) ;
#8 = DIRECTION ( 'NONE',  ( -6.721228821374537644E-16, 1.000000000000000000, -3.664497496817873300E-16 ) ) ;
#9 = VERTEX_POINT ( 'NONE', #1501 ) ;
#10 = CARTESIAN_POINT ( 'NONE',  ( -55.73188631391962389, -20.10779946618614389, 44.15227803669058204 ) ) ;
#11 = FACE_OUTER_BOUND ( 'NONE', #1376, .T. ) ;
#12 = CLOSED_SHELL ( 'NONE', ( #120, #787, #1392, #748, #60, #964, #810, #979, #1309, #954, #429, #1199, #1639, #1521, #1172, #941, #1168, #278, #893, #1349, #1323, #235, #947, #222, #1141, #935, #649, #399, #313, #1542, #94, #916, #856, #139, #359, #1506, #1305, #539 ) ) ;
#13 = CARTESIAN_POINT ( 'NONE',  ( -53.50000000000004263, -19.99999999999998224, 46.00000000000006395 ) ) ;
#14 = LINE ( 'NONE', #1023, #85 ) ;
#15 = CARTESIAN_POINT ( 'NONE',  ( -52.89652940473889942, -21.72083333333331723, 44.99152917176670030 ) ) ;
#16 = CARTESIAN_POINT ( 'NONE',  ( -54.81325494050093283, -19.99999999999998579, 43.64089816640957764 ) ) ;
#17 = CARTESIAN_POINT ( 'NONE',  ( -53.67307403821339307, -20.16785825900501905, 43.00618703114884767 ) ) ;
#18 = B_SPLINE_CURVE_WITH_KNOTS ( 'NONE', 3,
 ( #885, #760, #1317, #1758, #1195, #1161, #337, #346, #909, #605, #1765, #1205, #1301, #159, #20, #627, #595, #314, #495, #467, #1486, #189, #1184, #1476, #1729, #766 ),
 .UNSPECIFIED., .F., .F.,
 ( 4, 2, 2, 2, 2, 2, 2, 2, 2, 2, 2, 2, 4 ),
 ( 0.002496923718403262944, 0.002762967326619781422, 0.003029010934836299899, 0.003561098151269357238, 0.003827141759485885690, 0.004093185367702414576, 0.004359228975918943462, 0.004625272584135472348, 0.005157359800568547467, 0.005423403408785074618, 0.005689447017001600902, 0.006221534233434659542, 0.006753621449867718181 ),
 .UNSPECIFIED. ) ;
#19 = ORIENTED_EDGE ( 'NONE', *, *, #1093, .T. ) ;
#20 = CARTESIAN_POINT ( 'NONE',  ( -52.81486744836057312, -21.78138024020760000, 47.17405415640774891 ) ) ;
#21 = CARTESIAN_POINT ( 'NONE',  ( -55.01308388862364041, -20.36145833333332078, 45.09456812295975681 ) ) ;
#22 = CARTESIAN_POINT ( 'NONE',  ( -52.77041392194399094, -21.19999999999998153, 47.31061212977255792 ) ) ;
#23 = CARTESIAN_POINT ( 'NONE',  ( -52.18674505949914533, -22.19999999999998153, 48.35910183359054315 ) ) ;
#24 = APPLICATION_CONTEXT ( 'configuration controlled 3d designs of mechanical parts and assemblies' ) ;
#25 = CARTESIAN_POINT ( 'NONE',  ( -52.89652940473889942, -19.72083333333331723, 44.99152917176670030 ) ) ;
#26 = CARTESIAN_POINT ( 'NONE',  ( -53.98654334276979938, -20.35384526724005738, 44.65281971388377258 ) ) ;
#27 = ORIENTED_EDGE ( 'NONE', *, *, #344, .T. ) ;
#28 = CARTESIAN_POINT ( 'NONE',  ( -54.81061212977252950, -20.32499999999998863, 46.72958607805611564 ) ) ;
#29 = CARTESIAN_POINT ( 'NONE',  ( -53.50000000000004263, -22.19999999999998508, 46.00000000000006395 ) ) ;
#30 = DIRECTION ( 'NONE',  ( -0.5134869065753200346, -3.067671171566566524E-17, 0.8580974284868290169 ) ) ;
#31 =( BOUNDED_CURVE ( )  B_SPLINE_CURVE ( 2, ( #1644, #544, #1223, #367, #1661 ),
 .UNSPECIFIED., .F., .T. ) 
 B_SPLINE_CURVE_WITH_KNOTS ( ( 3, 2, 3 ),
 ( 0.09198592093787402724, 0.1111111111111111049, 0.1250000000000001943 ),
 .UNSPECIFIED. ) 
 CURVE ( )  GEOMETRIC_REPRESENTATION_ITEM ( )  RATIONAL_B_SPLINE_CURVE ( ( 0.9425342311827578090, 0.9077575732838107925, 1.000000000000000000, 0.9330127018922184101, 0.9330127018922194093 ) ) 
 REPRESENTATION_ITEM ( '' )  );
#32 = CARTESIAN_POINT ( 'NONE',  ( -54.68571149941158893, -22.01249999999998508, 46.66005691761137086 ) ) ;
#33 = EDGE_CURVE ( 'NONE', #236, #371, #729, .T. ) ;
#34 = CARTESIAN_POINT ( 'NONE',  ( -54.35405922659538192, -22.17729671335746389, 43.38527501722764157 ) ) ;
#35 = CARTESIAN_POINT ( 'NONE',  ( -56.18327493426789943, -22.09289401157887411, 44.90990538420933831 ) ) ;
#36 = CARTESIAN_POINT ( 'NONE',  ( -53.47877030888930960, -20.17916666666665293, 44.64311526114465067 ) ) ;
#37 = ORIENTED_EDGE ( 'NONE', *, *, #1640, .T. ) ;
#38 = ORIENTED_EDGE ( 'NONE', *, *, #1802, .T. ) ;
#39 = DIRECTION ( 'NONE',  ( -0.8737414198483282046, 0.000000000000000000, 0.4863907187040346636 ) ) ;
#40 = AXIS2_PLACEMENT_3D ( 'NONE', #89, #1821, #938 ) ;
#41 = DIRECTION ( 'NONE',  ( 6.721228821374537644E-16, -1.000000000000000000, 3.664497496817873300E-16 ) ) ;
#42 = CARTESIAN_POINT ( 'NONE',  ( -55.05089102023082148, -19.99999999999998224, 46.86334352569971884 ) ) ;
#43 = CARTESIAN_POINT ( 'NONE',  ( -52.32490334614384864, -20.80416666666665293, 46.01838545181644946 ) ) ;
#44 = AXIS2_PLACEMENT_3D ( 'NONE', #186, #624, #870 ) ;
#45 = CARTESIAN_POINT ( 'NONE',  ( -50.80860349504919782, -22.17690802248750614, 46.57100862166013400 ) ) ;
#46 = CARTESIAN_POINT ( 'NONE',  ( -50.77594384266162564, -21.95884572681197255, 44.48358381317446231 ) ) ;
#47 = FACE_OUTER_BOUND ( 'NONE', #141, .T. ) ;
#48 = ORIENTED_EDGE ( 'NONE', *, *, #1781, .T. ) ;
#49 = CARTESIAN_POINT ( 'NONE',  ( -54.79140414007601834, -20.42650264292436901, 46.45260746486748360 ) ) ;
#50 = CARTESIAN_POINT ( 'NONE',  ( -52.18938787022754155, -21.07499999999997797, 45.27041392194400515 ) ) ;
#51 = CARTESIAN_POINT ( 'NONE',  ( -54.66448180830087011, -22.15833333333332078, 45.30317217875597180 ) ) ;
#52 = CARTESIAN_POINT ( 'NONE',  ( -50.78392245855731346, -22.10607337251725824, 44.99353292593245612 ) ) ;
#53 = CARTESIAN_POINT ( 'NONE',  ( -52.18674505949914533, -22.19999999999998153, 48.35910183359054315 ) ) ;
#54 = CARTESIAN_POINT ( 'NONE',  ( -52.31428850058848923, -20.26249999999998508, 45.33994308238874282 ) ) ;
#55 = EDGE_LOOP ( 'NONE', ( #773, #663, #1641 ) ) ;
#56 = CARTESIAN_POINT ( 'NONE',  ( -53.50000000000004263, -22.19999999999998508, 46.00000000000006395 ) ) ;
#57 = CARTESIAN_POINT ( 'NONE',  ( -56.22405615733845963, -21.95884572681197255, 47.51641618682565138 ) ) ;
#58 = CARTESIAN_POINT ( 'NONE',  ( -52.32490334614384864, -22.36666666666664938, 46.01838545181644946 ) ) ;
#59 = EDGE_CURVE ( 'NONE', #960, #1789, #369, .T. ) ;
#60 = ADVANCED_FACE ( 'NONE', ( #379 ), #240, .F. ) ;
#61 = DIRECTION ( 'NONE',  ( 0.000000000000000000, 0.000000000000000000, 1.000000000000000000 ) ) ;
#62 = CARTESIAN_POINT ( 'NONE',  ( -50.78392245855731346, -20.09392662748270553, 44.99353292593246323 ) ) ;
#63 = CARTESIAN_POINT ( 'NONE',  ( -52.92837394140499185, -20.88749999999998153, 47.02685628004979890 ) ) ;
#64 = CARTESIAN_POINT ( 'NONE',  ( -52.01373165601665249, -21.65833333333331723, 46.88938541120989356 ) ) ;
#65 = VERTEX_POINT ( 'NONE', #1227 ) ;
#66 = ORIENTED_EDGE ( 'NONE', *, *, #564, .F. ) ;
#67 = CARTESIAN_POINT ( 'NONE',  ( -52.92837394140499185, -20.94999999999998153, 47.02685628004979890 ) ) ;
#68 = CARTESIAN_POINT ( 'NONE',  ( -52.92837394140499185, -20.44999999999998153, 47.02685628004979890 ) ) ;
#69 = CONICAL_SURFACE ( 'NONE', #1358, 1.500000000000001554, 0.7853981633974502774 ) ;
#70 = CARTESIAN_POINT ( 'NONE',  ( -51.27324969485617601, -20.10656264263761628, 47.85058105519065919 ) ) ;
#71 = CARTESIAN_POINT ( 'NONE',  ( -50.99421782269381254, -20.16772406762725467, 44.35296830603998330 ) ) ;
#72 = EDGE_CURVE ( 'NONE', #566, #521, #866, .T. ) ;
#73 = CONICAL_SURFACE ( 'NONE', #704, 2.699999999999997069, 1.047197551196600074 ) ;
#74 = CARTESIAN_POINT ( 'NONE',  ( -54.70724740998737445, -20.39330127018912719, 46.67204543822563778 ) ) ;
#75 = ORIENTED_EDGE ( 'NONE', *, *, #1008, .F. ) ;
#76 = EDGE_CURVE ( 'NONE', #503, #1764, #1682, .T. ) ;
#77 = VERTEX_POINT ( 'NONE', #1143 ) ;
#78 = CARTESIAN_POINT ( 'NONE',  ( -54.35471434687366354, -21.60952828051966179, 45.17328305973637015 ) ) ;
#79 = CARTESIAN_POINT ( 'NONE',  ( -53.54877313816835027, -21.95884572681197255, 49.11730992700334042 ) ) ;
#80 = DIRECTION ( 'NONE',  ( -6.721228821374537644E-16, 1.000000000000000000, -3.664497496817873300E-16 ) ) ;
#81 = CARTESIAN_POINT ( 'NONE',  ( -54.62297799390689335, -21.60024047358081489, 45.62037554132960082 ) ) ;
#82 = EDGE_CURVE ( 'NONE', #1057, #325, #356, .T. ) ;
#83 = CARTESIAN_POINT ( 'NONE',  ( -54.99981643791906549, -20.86666666666665293, 45.97653401295781350 ) ) ;
#84 = CC_DESIGN_DATE_AND_TIME_ASSIGNMENT ( #1473, #1738, ( #505 ) ) ;
#85 = VECTOR ( 'NONE', #1583, 1000.000000000000000 ) ;
#86 = VERTEX_POINT ( 'NONE', #852 ) ;
#87 = ORIENTED_EDGE ( 'NONE', *, *, #1663, .T. ) ;
#88 = ORIENTED_EDGE ( 'NONE', *, *, #1660, .T. ) ;
#89 = CARTESIAN_POINT ( 'NONE',  ( -50.82471698082994749, -22.19999999999998153, 47.60089374017775299 ) ) ;
#90 = CARTESIAN_POINT ( 'NONE',  ( -53.47877030888930960, -22.24166666666665293, 44.64311526114465067 ) ) ;
#91 = CARTESIAN_POINT ( 'NONE',  ( -54.10183044911553907, -20.55607762743554190, 47.07303728804166809 ) ) ;
#92 = CARTESIAN_POINT ( 'NONE',  ( -53.45122686183172789, -21.95884572681197255, 42.88269007299677327 ) ) ;
#93 = CARTESIAN_POINT ( 'NONE',  ( -52.72976964013705725, -21.03333333333331723, 44.71285385726982042 ) ) ;
#94 = ADVANCED_FACE ( 'NONE', ( #580 ), #349, .T. ) ;
#95 = CARTESIAN_POINT ( 'NONE',  ( -54.98626834398342567, -20.84583333333331723, 45.11061458879023434 ) ) ;
#96 = VERTEX_POINT ( 'NONE', #1843 ) ;
#97 = EDGE_LOOP ( 'NONE', ( #1809, #476 ) ) ;
#98 = CARTESIAN_POINT ( 'NONE',  ( -52.33551819169921515, -20.90833333333331723, 46.69682782124414189 ) ) ;
#99 = CARTESIAN_POINT ( 'NONE',  ( -52.31428850058848923, -19.82499999999998153, 45.33994308238874282 ) ) ;
#100 = CARTESIAN_POINT ( 'NONE',  ( -54.46584968891576750, -20.57665756179518723, 46.72871365760418882 ) ) ;
#101 = B_SPLINE_CURVE_WITH_KNOTS ( 'NONE', 3,
 ( #303, #49, #1344, #487, #1619, #1465 ),
 .UNSPECIFIED., .F., .F.,
 ( 4, 2, 4 ),
 ( 0.001154018433347769705, 0.001867336112576605629, 0.002580653791805441553 ),
 .UNSPECIFIED. ) ;
#102 = CARTESIAN_POINT ( 'NONE',  ( -54.10347059526117874, -20.53333333333331723, 47.00847082823342049 ) ) ;
#103 = CARTESIAN_POINT ( 'NONE',  ( -51.95623840701142626, -19.99999999999998224, 48.23078435450270973 ) ) ;
#104 = CARTESIAN_POINT ( 'NONE',  ( -50.80033041174579012, -19.99999999999998224, 46.04223877667611475 ) ) ;
#105 = CIRCLE ( 'NONE', #921, 1.774999999999997913 ) ;
#106 = VERTEX_POINT ( 'NONE', #436 ) ;
#107 = EDGE_LOOP ( 'NONE', ( #1211, #1064, #88 ) ) ;
#108 = CARTESIAN_POINT ( 'NONE',  ( -53.47290381212875587, -20.42916666666664938, 44.26816115166491272 ) ) ;
#109 = CARTESIAN_POINT ( 'NONE',  ( -53.47241493739869611, -20.94479166666665293, 44.23691497587492449 ) ) ;
#110 = CARTESIAN_POINT ( 'NONE',  ( -52.34864550336440203, -20.47609956344913584, 46.62407924267578352 ) ) ;
#111 = CARTESIAN_POINT ( 'NONE',  ( -53.11089837121831891, -19.76799253503779141, 44.86325043113771471 ) ) ;
#112 = CARTESIAN_POINT ( 'NONE',  ( -52.99440969776336630, -19.50236788048010794, 44.52295409413678584 ) ) ;
#113 = CARTESIAN_POINT ( 'NONE',  ( -52.18674505949914533, -22.19999999999998153, 48.35910183359054315 ) ) ;
#114 = EDGE_LOOP ( 'NONE', ( #928, #1368, #261 ) ) ;
#115 = CARTESIAN_POINT ( 'NONE',  ( -52.89652940473889942, -22.22083333333331723, 44.99152917176670030 ) ) ;
#116 = CARTESIAN_POINT ( 'NONE',  ( -55.04066895122497272, -20.77812499999998863, 46.85765314708488916 ) ) ;
#117 = EDGE_CURVE ( 'NONE', #1291, #1442, #1283, .T. ) ;
#118 = CARTESIAN_POINT ( 'NONE',  ( -52.97164662048410833, -20.50867856932525157, 47.16276251312051215 ) ) ;
#119 = CARTESIAN_POINT ( 'NONE',  ( -54.67509665385622952, -21.11666666666665293, 45.98161454818367844 ) ) ;
#120 = ADVANCED_FACE ( 'NONE', ( #556 ), #73, .T. ) ;
#121 = CARTESIAN_POINT ( 'NONE',  ( -53.52758506260137494, -20.72604166666664582, 47.76308502412518919 ) ) ;
#122 = EDGE_CURVE ( 'NONE', #371, #949, #274, .T. ) ;
#123 = DIRECTION ( 'NONE',  ( 6.721228821374537644E-16, -1.000000000000000000, 3.664497496817873300E-16 ) ) ;
#124 = ORIENTED_EDGE ( 'NONE', *, *, #786, .T. ) ;
#125 = CARTESIAN_POINT ( 'NONE',  ( -53.47877030888930960, -21.67916666666665293, 44.64311526114465067 ) ) ;
#126 = CARTESIAN_POINT ( 'NONE',  ( -52.33551819169921515, -19.90833333333332078, 46.69682782124414899 ) ) ;
#127 = CARTESIAN_POINT ( 'NONE',  ( -50.99421782269381254, -22.03227593237270554, 44.35296830603998330 ) ) ;
#128 = CARTESIAN_POINT ( 'NONE',  ( -53.47877030888930960, -20.24166666666665293, 44.64311526114465067 ) ) ;
#129 = CARTESIAN_POINT ( 'NONE',  ( -52.71587299308691144, -21.01770833333331367, 44.68963091439508162 ) ) ;
#130 = CIRCLE ( 'NONE', #1776, 2.699999999999997069 ) ;
#131 = CARTESIAN_POINT ( 'NONE',  ( -53.50000000000004263, -22.19999999999998508, 46.00000000000006395 ) ) ;
#132 = CONICAL_SURFACE ( 'NONE', #1097, 2.699999999999997069, 1.047197551196600074 ) ;
#133 = ORIENTED_EDGE ( 'NONE', *, *, #1307, .F. ) ;
#134 = DIRECTION ( 'NONE',  ( -0.8737414198483617334, 0.000000000000000000, 0.4863907187039744895 ) ) ;
#135 = CARTESIAN_POINT ( 'NONE',  ( -54.24274941301117536, -21.40312499999998863, 44.66574154941734065 ) ) ;
#136 = CARTESIAN_POINT ( 'NONE',  ( -53.50000000000004263, -22.19999999999998508, 46.00000000000006395 ) ) ;
#137 = CARTESIAN_POINT ( 'NONE',  ( -53.52122969111076856, -21.49166666666665293, 47.35688473885546301 ) ) ;
#138 = CARTESIAN_POINT ( 'NONE',  ( -55.01308388862364041, -20.39270833333332078, 45.09456812295975681 ) ) ;
#139 = ADVANCED_FACE ( 'NONE', ( #1405 ), #1361, .T. ) ;
#140 = LINE ( 'NONE', #1691, #1597 ) ;
#141 = EDGE_LOOP ( 'NONE', ( #1370, #312, #922 ) ) ;
#142 = DIRECTION ( 'NONE',  ( 0.8737414198483284267, 0.000000000000000000, -0.4863907187040343860 ) ) ;
#143 = CARTESIAN_POINT ( 'NONE',  ( -52.75725058698890990, -20.15312499999998508, 47.33425845058278014 ) ) ;
#144 = DIRECTION ( 'NONE',  ( -6.721228821374537644E-16, 1.000000000000000000, -3.664497496817873300E-16 ) ) ;
#145 = FACE_OUTER_BOUND ( 'NONE', #1398, .T. ) ;
#146 = CARTESIAN_POINT ( 'NONE',  ( -51.95933104877510544, -20.55937499999998153, 45.14234685291523164 ) ) ;
#147 = DIRECTION ( 'NONE',  ( 6.721228821374537644E-16, -1.000000000000000000, 3.664497496817873300E-16 ) ) ;
#148 = ORIENTED_EDGE ( 'NONE', *, *, #984, .T. ) ;
#149 = CARTESIAN_POINT ( 'NONE',  ( -54.47891882036307010, -20.59975952642816210, 45.34968614201950032 ) ) ;
#150 = CARTESIAN_POINT ( 'NONE',  ( -53.50000000000004263, -19.99999999999998224, 46.00000000000006395 ) ) ;
#151 =( BOUNDED_SURFACE ( )  B_SPLINE_SURFACE ( 1, 2, ( 
 ( #549, #1427, #1154, #1267, #115, #276, #1257, #1701, #1828, #410, #1122, #1686, #1546, #1408, #1137, #1561, #558, #125, #697, #1838, #1000, #1129, #1693, #421, #992, #846, #1418, #708, #1278, #1845, #567, #430, #488, #197, #1493, #1062, #63, #492, #208, #353, #1348, #1627, #1169, #639, #915, #889, #475, #1208, #781, #177, #752, #54, #625, #36, #1341, #1202, #343, #603, #613, #1462, #1780, #1071, #385, #324, #1772, #1181, #1609 ),
 ( #956, #899, #1762, #1472, #1311, #1331, #1751, #464, #1737, #1037, #1191, #1599, #333, #1484, #187, #763, #484, #772, #1055, #906, #634, #1848, #1814, #137, #834, #280, #425, #394, #433, #245, #1140, #678, #119, #966, #711, #1132, #1004, #570, #995, #815, #842, #536, #1557, #1382, #849, #1125, #102, #1108, #1550, #1421, #685, #1243, #1541, #128, #1689, #272, #1671, #700, #1413, #1271, #1532, #552, #986, #1824, #1281, #111, #253 ) ),
 .UNSPECIFIED., .F., .F., .F. ) 
 B_SPLINE_SURFACE_WITH_KNOTS ( ( 2, 2 ),
 ( 3, 2, 2, 2, 2, 2, 2, 2, 2, 2, 2, 2, 2, 2, 2, 2, 2, 2, 2, 2, 2, 2, 2, 2, 2, 2, 2, 2, 2, 2, 2, 2, 2, 3 ),
 ( 0.000000000000000000, 1.000000000000000000 ),
 ( 0.000000000000000000, 0.02777777777777777624, 0.05555555555555555247, 0.08333333333333332871, 0.1111111111111111049, 0.1388888888888888951, 0.1666666666666666574, 0.1944444444444444475, 0.2222222222222222099, 0.2500000000000000000, 0.2777777777777777901, 0.3055555555555555802, 0.3333333333333333148, 0.3611111111111111049, 0.3888888888888888951, 0.4166666666666666852, 0.4444444444444444198, 0.4722222222222222099, 0.5000000000000000000, 0.5277777777777777901, 0.5555555555555555802, 0.5833333333333333703, 0.6111111111111111605, 0.6388888888888888395, 0.6666666666666666297, 0.6944444444444444198, 0.7222222222222222099, 0.7500000000000000000, 0.7777777777777777901, 0.8055555555555555802, 0.8333333333333333703, 0.8611111111111111605, 0.8888888888888888395, 0.9000618564643250163 ),
 .UNSPECIFIED. ) 
 GEOMETRIC_REPRESENTATION_ITEM ( )  RATIONAL_B_SPLINE_SURFACE ( (
 ( 1.000000000000000000, 0.8660254037844387076, 1.000000000000000000, 0.8660254037844387076, 1.000000000000000000, 0.8660254037844387076, 1.000000000000000000, 0.8660254037844387076, 1.000000000000000000, 0.8660254037844387076, 1.000000000000000000, 0.8660254037844387076, 1.000000000000000000, 0.8660254037844387076, 1.000000000000000000, 0.8660254037844387076, 1.000000000000000000, 0.8660254037844387076, 1.000000000000000000, 0.8660254037844387076, 1.000000000000000000, 0.8660254037844387076, 1.000000000000000000, 0.8660254037844387076, 1.000000000000000000, 0.8660254037844387076, 1.000000000000000000, 0.8660254037844387076, 1.000000000000000000, 0.8660254037844387076, 1.000000000000000000, 0.8660254037844387076, 1.000000000000000000, 0.8660254037844387076, 1.000000000000000000, 0.8660254037844387076, 1.000000000000000000, 0.8660254037844387076, 1.000000000000000000, 0.8660254037844387076, 1.000000000000000000, 0.8660254037844387076, 1.000000000000000000, 0.8660254037844387076, 1.000000000000000000, 0.8660254037844387076, 1.000000000000000000, 0.8660254037844387076, 1.000000000000000000, 0.8660254037844387076, 1.000000000000000000, 0.8660254037844387076, 1.000000000000000000, 0.8660254037844387076, 1.000000000000000000, 0.8660254037844387076, 1.000000000000000000, 0.8660254037844387076, 1.000000000000000000, 0.8660254037844387076, 1.000000000000000000, 0.8660254037844387076, 1.000000000000000000, 0.8660254037844387076, 1.000000000000000000, 0.9461118224998497084, 0.9355741869131134480),
 ( 1.000000000000000000, 0.8660254037844387076, 1.000000000000000000, 0.8660254037844387076, 1.000000000000000000, 0.8660254037844387076, 1.000000000000000000, 0.8660254037844387076, 1.000000000000000000, 0.8660254037844387076, 1.000000000000000000, 0.8660254037844387076, 1.000000000000000000, 0.8660254037844387076, 1.000000000000000000, 0.8660254037844387076, 1.000000000000000000, 0.8660254037844387076, 1.000000000000000000, 0.8660254037844387076, 1.000000000000000000, 0.8660254037844387076, 1.000000000000000000, 0.8660254037844387076, 1.000000000000000000, 0.8660254037844387076, 1.000000000000000000, 0.8660254037844387076, 1.000000000000000000, 0.8660254037844387076, 1.000000000000000000, 0.8660254037844387076, 1.000000000000000000, 0.8660254037844387076, 1.000000000000000000, 0.8660254037844387076, 1.000000000000000000, 0.8660254037844387076, 1.000000000000000000, 0.8660254037844387076, 1.000000000000000000, 0.8660254037844387076, 1.000000000000000000, 0.8660254037844387076, 1.000000000000000000, 0.8660254037844387076, 1.000000000000000000, 0.8660254037844387076, 1.000000000000000000, 0.8660254037844387076, 1.000000000000000000, 0.8660254037844387076, 1.000000000000000000, 0.8660254037844387076, 1.000000000000000000, 0.8660254037844387076, 1.000000000000000000, 0.8660254037844387076, 1.000000000000000000, 0.8660254037844387076, 1.000000000000000000, 0.8660254037844387076, 1.000000000000000000, 0.8660254037844387076, 1.000000000000000000, 0.9461118224998497084, 0.9355741869131134480) ) ) 
 REPRESENTATION_ITEM ( '' )  SURFACE ( )  );
#152 = DIRECTION ( 'NONE',  ( 6.721228821374537644E-16, -1.000000000000000000, 3.664497496817873300E-16 ) ) ;
#153 = CARTESIAN_POINT ( 'NONE',  ( -52.31428850058848923, -20.76249999999998153, 45.33994308238874282 ) ) ;
#154 = CARTESIAN_POINT ( 'NONE',  ( -52.31428850058848923, -20.76249999999998153, 45.33994308238874282 ) ) ;
#155 = CARTESIAN_POINT ( 'NONE',  ( -50.79202087732271309, -22.19999999999998153, 45.51113917721185942 ) ) ;
#156 = EDGE_CURVE ( 'NONE', #1057, #502, #140, .T. ) ;
#157 = CARTESIAN_POINT ( 'NONE',  ( -53.54600243223504918, -20.37017244293800999, 44.59311812946774722 ) ) ;
#158 = ORIENTED_EDGE ( 'NONE', *, *, #72, .T. ) ;
#159 = CARTESIAN_POINT ( 'NONE',  ( -52.74142074022552151, -21.77840319283868098, 47.12431482986146847 ) ) ;
#160 = CARTESIAN_POINT ( 'NONE',  ( -54.22958607805609432, -20.44999999999998153, 44.68938787022756998 ) ) ;
#161 = FACE_OUTER_BOUND ( 'NONE', #1784, .T. ) ;
#162 =( BOUNDED_CURVE ( )  B_SPLINE_CURVE ( 2, ( #514, #1085, #930, #1648, #802, #522, #1658, #1523, #242 ),
 .UNSPECIFIED., .F., .F. ) 
 B_SPLINE_CURVE_WITH_KNOTS ( ( 3, 2, 2, 2, 3 ),
 ( 0.3583951897976581091, 0.3722840786865472262, 0.4000618564643250163, 0.4278396342421028065, 0.4417285231309916460 ),
 .UNSPECIFIED. ) 
 CURVE ( )  GEOMETRIC_REPRESENTATION_ITEM ( )  RATIONAL_B_SPLINE_CURVE ( ( 0.9330127018922194093, 0.9330127018922182991, 1.000000000000000000, 0.8660254037844388186, 1.000000000000000000, 0.8660254037844388186, 1.000000000000000000, 0.9330127018922196314, 0.9330127018922194093 ) ) 
 REPRESENTATION_ITEM ( '' )  );
#163 = CARTESIAN_POINT ( 'NONE',  ( -52.33551819169921515, -19.84583333333332078, 46.69682782124414899 ) ) ;
#164 = CARTESIAN_POINT ( 'NONE',  ( -53.45122686183172789, -21.95884572681197255, 42.88269007299677327 ) ) ;
#165 = CARTESIAN_POINT ( 'NONE',  ( -54.98774502603846059, -20.28724089525405105, 46.17759508058384199 ) ) ;
#166 = PERSON_AND_ORGANIZATION_ROLE ( 'creator' ) ;
#167 = ORIENTED_EDGE ( 'NONE', *, *, #1078, .F. ) ;
#168 = CARTESIAN_POINT ( 'NONE',  ( -55.00610413019663980, -21.34732909936924017, 46.37840861629313594 ) ) ;
#169 = DIRECTION ( 'NONE',  ( 0.8737414198483284267, 0.000000000000000000, -0.4863907187040343860 ) ) ;
#170 = EDGE_CURVE ( 'NONE', #325, #936, #1656, .T. ) ;
#171 = DIRECTION ( 'NONE',  ( -6.721228821374537644E-16, 1.000000000000000000, -3.664497496817873300E-16 ) ) ;
#172 = LINE ( 'NONE', #439, #742 ) ;
#173 = VECTOR ( 'NONE', #315, 1000.000000000000114 ) ;
#174 = CARTESIAN_POINT ( 'NONE',  ( -53.47877030888930960, -20.67916666666664938, 44.64311526114465067 ) ) ;
#175 = CARTESIAN_POINT ( 'NONE',  ( -54.43062366988916523, -22.19999999999998863, 48.58960912455061276 ) ) ;
#176 = CARTESIAN_POINT ( 'NONE',  ( -52.00018356208101267, -20.55416666666665293, 46.02346598704230729 ) ) ;
#177 = CARTESIAN_POINT ( 'NONE',  ( -52.33551819169921515, -20.34583333333331723, 46.69682782124414899 ) ) ;
#178 = PERSON_AND_ORGANIZATION_ROLE ( 'classification_officer' ) ;
#179 = ORIENTED_EDGE ( 'NONE', *, *, #1612, .T. ) ;
#180 = FACE_OUTER_BOUND ( 'NONE', #937, .T. ) ;
#181 = CARTESIAN_POINT ( 'NONE',  ( -53.50000000000004263, -19.99999999999998224, 46.00000000000006395 ) ) ;
#182 = CARTESIAN_POINT ( 'NONE',  ( -53.54877313816835027, -20.24115427318799121, 49.11730992700334042 ) ) ;
#183 = CARTESIAN_POINT ( 'NONE',  ( -53.52122969111076145, -20.92916666666665293, 47.35688473885545591 ) ) ;
#184 = CARTESIAN_POINT ( 'NONE',  ( -52.32490334614384864, -19.80416666666664938, 46.01838545181644946 ) ) ;
#185 = DIRECTION ( 'NONE',  ( -6.721228821374537644E-16, 1.000000000000000000, -3.664497496817873300E-16 ) ) ;
#186 = CARTESIAN_POINT ( 'NONE',  ( -53.50000000000004263, -22.19999999999998508, 46.00000000000006395 ) ) ;
#187 = CARTESIAN_POINT ( 'NONE',  ( -52.32490334614384864, -21.86666666666664938, 46.01838545181644946 ) ) ;
#188 = ORIENTED_EDGE ( 'NONE', *, *, #452, .F. ) ;
#189 = CARTESIAN_POINT ( 'NONE',  ( -54.09878802388077901, -21.83054973295332957, 47.28389846813112740 ) ) ;
#190 = AXIS2_PLACEMENT_3D ( 'NONE', #1435, #1580, #295 ) ;
#191 = CARTESIAN_POINT ( 'NONE',  ( -54.67509665385622952, -21.11666666666665293, 45.98161454818367844 ) ) ;
#192 = CARTESIAN_POINT ( 'NONE',  ( -52.89652940473889942, -22.28333333333331723, 44.99152917176670030 ) ) ;
#193 = CARTESIAN_POINT ( 'NONE',  ( -53.47877030888930960, -21.67916666666665293, 44.64311526114465067 ) ) ;
#194 = CONICAL_SURFACE ( 'NONE', #44, 2.699999999999997069, 1.047197551196600074 ) ;
#195 = CARTESIAN_POINT ( 'NONE',  ( -54.81325494050093283, -22.19999999999998508, 43.64089816640957764 ) ) ;
#196 = FACE_OUTER_BOUND ( 'NONE', #400, .T. ) ;
#197 = CARTESIAN_POINT ( 'NONE',  ( -54.68571149941158893, -21.01249999999998508, 46.66005691761137086 ) ) ;
#198 = PRODUCT_DEFINITION ( 'UNKNOWN', '', #1308, #754 ) ;
#199 = ORIENTED_EDGE ( 'NONE', *, *, #1269, .T. ) ;
#200 = DIRECTION ( 'NONE',  ( 6.721228821374537644E-16, -1.000000000000000000, 3.664497496817873300E-16 ) ) ;
#201 = B_SPLINE_CURVE_WITH_KNOTS ( 'NONE', 3,
 ( #1207, #246, #1805, #1633, #71, #817 ),
 .UNSPECIFIED., .F., .F.,
 ( 4, 2, 4 ),
 ( 0.001577535133288766227, 0.002363237594559252329, 0.003148940055829738648 ),
 .UNSPECIFIED. ) ;
#202 = EDGE_CURVE ( 'NONE', #1128, #1837, #1706, .T. ) ;
#203 = CARTESIAN_POINT ( 'NONE',  ( -54.88641464775340495, -19.99999999999998224, 48.31686305691449235 ) ) ;
#204 = CARTESIAN_POINT ( 'NONE',  ( -54.67509665385622952, -20.61666666666665293, 45.98161454818367844 ) ) ;
#205 = CARTESIAN_POINT ( 'NONE',  ( -50.80446965844705431, -22.19999999999998508, 46.30679659101365075 ) ) ;
#206 = CARTESIAN_POINT ( 'NONE',  ( -52.18938787022754155, -20.57499999999997797, 45.27041392194401226 ) ) ;
#207 = CARTESIAN_POINT ( 'NONE',  ( -54.24274941301117536, -21.93437499999998153, 44.66574154941734065 ) ) ;
#208 = CARTESIAN_POINT ( 'NONE',  ( -52.32490334614384864, -20.80416666666665293, 46.01838545181644946 ) ) ;
#209 = VERTEX_POINT ( 'NONE', #1552 ) ;
#210 = ORIENTED_EDGE ( 'NONE', *, *, #335, .T. ) ;
#211 = CARTESIAN_POINT ( 'NONE',  ( -56.19966958825430225, -19.99999999999998579, 45.95776122332401314 ) ) ;
#212 = CARTESIAN_POINT ( 'NONE',  ( -52.33551819169921515, -21.90833333333331723, 46.69682782124414899 ) ) ;
#213 = CARTESIAN_POINT ( 'NONE',  ( -54.56223541331000604, -21.60024047358081845, 45.47350877675432912 ) ) ;
#214 = CARTESIAN_POINT ( 'NONE',  ( -55.00610413019665401, -20.84732909936924727, 46.37840861629313594 ) ) ;
#215 =( BOUNDED_CURVE ( )  B_SPLINE_CURVE ( 2, ( #372, #1248, #1104, #233, #1389, #108, #812, #682, #962 ),
 .UNSPECIFIED., .F., .F. ) 
 B_SPLINE_CURVE_WITH_KNOTS ( ( 3, 2, 2, 2, 3 ),
 ( 0.1123048597315435132, 0.1222840786865472262, 0.1500618564643250163, 0.1778396342421028065, 0.1917285231309915350 ),
 .UNSPECIFIED. ) 
 CURVE ( )  GEOMETRIC_REPRESENTATION_ITEM ( )  RATIONAL_B_SPLINE_CURVE ( ( 0.9383207841330505339, 0.9518693741184414137, 1.000000000000000000, 0.8660254037844388186, 1.000000000000000000, 0.8660254037844388186, 1.000000000000000000, 0.9330127018922201865, 0.9330127018922194093 ) ) 
 REPRESENTATION_ITEM ( '' )  );
#216 = EDGE_CURVE ( 'NONE', #1360, #1700, #793, .T. ) ;
#217 = ORIENTED_EDGE ( 'NONE', *, *, #156, .T. ) ;
#218 = ORIENTED_EDGE ( 'NONE', *, *, #156, .F. ) ;
#219 = VERTEX_POINT ( 'NONE', #844 ) ;
#220 = CARTESIAN_POINT ( 'NONE',  ( -52.38326332257332751, -21.70310889132453980, 45.37833969776673371 ) ) ;
#221 = CARTESIAN_POINT ( 'NONE',  ( -52.92837394140499185, -22.44999999999998508, 47.02685628004979890 ) ) ;
#222 = ADVANCED_FACE ( 'NONE', ( #1018 ), #1036, .T. ) ;
#223 = AXIS2_PLACEMENT_3D ( 'NONE', #1373, #1098, #955 ) ;
#224 = CARTESIAN_POINT ( 'NONE',  ( -53.50000000000004263, -19.99999999999998224, 46.00000000000006395 ) ) ;
#225 = AXIS2_PLACEMENT_3D ( 'NONE', #131, #123, #1683 ) ;
#226 = CARTESIAN_POINT ( 'NONE',  ( -54.27023035986302091, -20.72083333333332078, 47.28714614273030037 ) ) ;
#227 = CIRCLE ( 'NONE', #469, 2.699999999999999734 ) ;
#228 =( BOUNDED_SURFACE ( )  B_SPLINE_SURFACE ( 1, 2, ( 
 ( #221, #1767, #58, #1214, #192, #90, #655, #51, #490, #1792, #1498, #373, #1206, #212, #785, #1801, #1222, #1060, #1621, #358, #234, #777, #498, #637, #1489, #1649, #1232, #1775, #939, #515, #1068, #1086, #803, #504, #1372, #665, #1051, #1614, #339, #902, #769, #629, #348, #912, #204, #1346, #1632, #1353, #68, #645, #1077, #366, #1643, #931, #1505, #983, #1400, #1659, #1669, #675, #698, #126, #993, #99, #1547, #1240, #1390 ),
 ( #1839, #683, #1539, #1249, #1130, #1114, #1105, #243, #1555, #813, #972, #1279, #1694, #1258, #277, #847, #1530, #1829, #263, #1524, #1812, #1419, #1380, #422, #1677, #559, #1268, #534, #709, #523, #135, #953, #402, #392, #1096, #1409, #383, #963, #251, #821, #1123, #109, #1822, #543, #831, #116, #691, #550, #1687, #411, #270, #840, #1293, #1730, #872, #21, #1428, #458, #1302, #596, #143, #304, #733, #1602, #1012, #1162, #446 ) ),
 .UNSPECIFIED., .F., .F., .F. ) 
 B_SPLINE_SURFACE_WITH_KNOTS ( ( 2, 2 ),
 ( 3, 2, 2, 2, 2, 2, 2, 2, 2, 2, 2, 2, 2, 2, 2, 2, 2, 2, 2, 2, 2, 2, 2, 2, 2, 2, 2, 2, 2, 2, 2, 2, 2, 3 ),
 ( 0.000000000000000000, 1.000000000000000000 ),
 ( 0.000000000000000000, 0.02777777777777777624, 0.05555555555555555247, 0.08333333333333332871, 0.1111111111111111049, 0.1388888888888888951, 0.1666666666666666574, 0.1944444444444444475, 0.2222222222222222099, 0.2500000000000000000, 0.2777777777777777901, 0.3055555555555555802, 0.3333333333333333148, 0.3611111111111111049, 0.3888888888888888951, 0.4166666666666666852, 0.4444444444444444198, 0.4722222222222222099, 0.5000000000000000000, 0.5277777777777777901, 0.5555555555555555802, 0.5833333333333333703, 0.6111111111111111605, 0.6388888888888888395, 0.6666666666666666297, 0.6944444444444444198, 0.7222222222222222099, 0.7500000000000000000, 0.7777777777777777901, 0.8055555555555555802, 0.8333333333333333703, 0.8611111111111111605, 0.8888888888888888395, 0.9000618564643250163 ),
 .UNSPECIFIED. ) 
 GEOMETRIC_REPRESENTATION_ITEM ( )  RATIONAL_B_SPLINE_SURFACE ( (
 ( 1.000000000000000000, 0.8660254037844387076, 1.000000000000000000, 0.8660254037844387076, 1.000000000000000000, 0.8660254037844387076, 1.000000000000000000, 0.8660254037844387076, 1.000000000000000000, 0.8660254037844387076, 1.000000000000000000, 0.8660254037844387076, 1.000000000000000000, 0.8660254037844387076, 1.000000000000000000, 0.8660254037844387076, 1.000000000000000000, 0.8660254037844387076, 1.000000000000000000, 0.8660254037844387076, 1.000000000000000000, 0.8660254037844387076, 1.000000000000000000, 0.8660254037844387076, 1.000000000000000000, 0.8660254037844387076, 1.000000000000000000, 0.8660254037844387076, 1.000000000000000000, 0.8660254037844387076, 1.000000000000000000, 0.8660254037844387076, 1.000000000000000000, 0.8660254037844387076, 1.000000000000000000, 0.8660254037844387076, 1.000000000000000000, 0.8660254037844387076, 1.000000000000000000, 0.8660254037844387076, 1.000000000000000000, 0.8660254037844387076, 1.000000000000000000, 0.8660254037844387076, 1.000000000000000000, 0.8660254037844387076, 1.000000000000000000, 0.8660254037844387076, 1.000000000000000000, 0.8660254037844387076, 1.000000000000000000, 0.8660254037844387076, 1.000000000000000000, 0.8660254037844387076, 1.000000000000000000, 0.8660254037844387076, 1.000000000000000000, 0.8660254037844387076, 1.000000000000000000, 0.8660254037844387076, 1.000000000000000000, 0.8660254037844387076, 1.000000000000000000, 0.8660254037844387076, 1.000000000000000000, 0.9461118224998497084, 0.9355741869131134480),
 ( 1.000000000000000000, 0.8660254037844387076, 1.000000000000000000, 0.8660254037844387076, 1.000000000000000000, 0.8660254037844387076, 1.000000000000000000, 0.8660254037844387076, 1.000000000000000000, 0.8660254037844387076, 1.000000000000000000, 0.8660254037844387076, 1.000000000000000000, 0.8660254037844387076, 1.000000000000000000, 0.8660254037844387076, 1.000000000000000000, 0.8660254037844387076, 1.000000000000000000, 0.8660254037844387076, 1.000000000000000000, 0.8660254037844387076, 1.000000000000000000, 0.8660254037844387076, 1.000000000000000000, 0.8660254037844387076, 1.000000000000000000, 0.8660254037844387076, 1.000000000000000000, 0.8660254037844387076, 1.000000000000000000, 0.8660254037844387076, 1.000000000000000000, 0.8660254037844387076, 1.000000000000000000, 0.8660254037844387076, 1.000000000000000000, 0.8660254037844387076, 1.000000000000000000, 0.8660254037844387076, 1.000000000000000000, 0.8660254037844387076, 1.000000000000000000, 0.8660254037844387076, 1.000000000000000000, 0.8660254037844387076, 1.000000000000000000, 0.8660254037844387076, 1.000000000000000000, 0.8660254037844387076, 1.000000000000000000, 0.8660254037844387076, 1.000000000000000000, 0.8660254037844387076, 1.000000000000000000, 0.8660254037844387076, 1.000000000000000000, 0.8660254037844387076, 1.000000000000000000, 0.8660254037844387076, 1.000000000000000000, 0.8660254037844387076, 1.000000000000000000, 0.8660254037844387076, 1.000000000000000000, 0.9461118224998497084, 0.9355741869131134480) ) ) 
 REPRESENTATION_ITEM ( '' )  SURFACE ( )  );
#229 = ORIENTED_EDGE ( 'NONE', *, *, #607, .T. ) ;
#230 = ORIENTED_EDGE ( 'NONE', *, *, #1152, .F. ) ;
#231 = B_SPLINE_CURVE_WITH_KNOTS ( 'NONE', 3,
 ( #1178, #1298, #175, #897 ),
 .UNSPECIFIED., .F., .F.,
 ( 4, 4 ),
 ( 2.380743312986839354E-07, 0.001577535133288760372 ),
 .UNSPECIFIED. ) ;
#232 = EDGE_LOOP ( 'NONE', ( #48, #87, #722 ) ) ;
#233 = CARTESIAN_POINT ( 'NONE',  ( -54.98626834398342567, -20.34583333333332078, 45.11061458879023434 ) ) ;
#234 = CARTESIAN_POINT ( 'NONE',  ( -54.67509665385622952, -21.61666666666665293, 45.98161454818367844 ) ) ;
#235 = ADVANCED_FACE ( 'NONE', ( #1 ), #416, .F. ) ;
#236 = VERTEX_POINT ( 'NONE', #1415 ) ;
#237 = CARTESIAN_POINT ( 'NONE',  ( -52.32094621289077452, -20.42556896660117971, 45.34364926982370037 ) ) ;
#238 = DATE_AND_TIME ( #1365, #1431 ) ;
#239 = CARTESIAN_POINT ( 'NONE',  ( -53.32845362175619641, -20.16836298206986910, 48.99466338021283462 ) ) ;
#240 = CYLINDRICAL_SURFACE ( 'NONE', #879, 1.500000000000001554 ) ;
#241 = ORIENTED_EDGE ( 'NONE', *, *, #863, .T. ) ;
#242 = CARTESIAN_POINT ( 'NONE',  ( -54.81061212977252950, -21.26249999999998508, 46.72958607805611564 ) ) ;
#243 = CARTESIAN_POINT ( 'NONE',  ( -55.01308388862363330, -22.36145833333332078, 45.09456812295975681 ) ) ;
#244 = CARTESIAN_POINT ( 'NONE',  ( -53.50000000000004263, -19.99999999999998224, 46.00000000000006395 ) ) ;
#245 = CARTESIAN_POINT ( 'NONE',  ( -53.47877030888930960, -21.24166666666665293, 44.64311526114465067 ) ) ;
#246 = CARTESIAN_POINT ( 'NONE',  ( -51.88654118761129297, -19.99999999999998224, 43.81900054305022252 ) ) ;
#247 = ORIENTED_EDGE ( 'NONE', *, *, #1849, .T. ) ;
#248 = ORIENTED_EDGE ( 'NONE', *, *, #72, .F. ) ;
#249 = VERTEX_POINT ( 'NONE', #1397 ) ;
#250 = CARTESIAN_POINT ( 'NONE',  ( -52.31428850058848923, -20.82499999999998508, 45.33994308238874282 ) ) ;
#251 = CARTESIAN_POINT ( 'NONE',  ( -51.97312358007577870, -21.06979166666664938, 46.02388936497779781 ) ) ;
#252 = CARTESIAN_POINT ( 'NONE',  ( -54.70591214723634721, -21.91974769613724305, 45.10377936191049031 ) ) ;
#253 = CARTESIAN_POINT ( 'NONE',  ( -53.35891050696528026, -19.75037550456997337, 44.83325927228987240 ) ) ;
#254 = PERSON_AND_ORGANIZATION ( #1254, #1723 ) ;
#255 = CARTESIAN_POINT ( 'NONE',  ( -52.89652940473889942, -22.22083333333331723, 44.99152917176670030 ) ) ;
#256 = CONICAL_SURFACE ( 'NONE', #1416, 2.699999999999997069, 1.047197551196600074 ) ;
#257 = ORIENTED_EDGE ( 'NONE', *, *, #452, .T. ) ;
#258 = AXIS2_PLACEMENT_3D ( 'NONE', #56, #1313, #1611 ) ;
#259 = EDGE_CURVE ( 'NONE', #86, #1082, #989, .T. ) ;
#260 = B_SPLINE_CURVE_WITH_KNOTS ( 'NONE', 3,
 ( #903, #1481, #771, #631, #778, #1200, #1768, #384, #252, #1364 ),
 .UNSPECIFIED., .F., .F.,
 ( 4, 2, 2, 2, 4 ),
 ( 0.006753621449867718181, 0.007210963393781798757, 0.007668305337695880200, 0.008125647281609960776, 0.008582989225524041352 ),
 .UNSPECIFIED. ) ;
#261 = ORIENTED_EDGE ( 'NONE', *, *, #607, .F. ) ;
#262 = FACE_OUTER_BOUND ( 'NONE', #486, .T. ) ;
#263 = CARTESIAN_POINT ( 'NONE',  ( -54.24274941301117536, -21.90312499999998508, 44.66574154941734065 ) ) ;
#264 = CARTESIAN_POINT ( 'NONE',  ( -53.47877030888930960, -21.17916666666665648, 44.64311526114465067 ) ) ;
#265 = CARTESIAN_POINT ( 'NONE',  ( -53.47241493739869611, -21.47604166666664938, 44.23691497587492449 ) ) ;
#266 = CARTESIAN_POINT ( 'NONE',  ( -51.95623840701142626, -22.19999999999998153, 48.23078435450270973 ) ) ;
#267 = VECTOR ( 'NONE', #318, 1000.000000000000000 ) ;
#268 = EDGE_LOOP ( 'NONE', ( #1388, #1247, #1528, #798 ) ) ;
#269 = CARTESIAN_POINT ( 'NONE',  ( -53.50000000000004263, -19.99999999999998224, 46.00000000000006395 ) ) ;
#270 = CARTESIAN_POINT ( 'NONE',  ( -51.97312358007577870, -20.56979166666665293, 46.02388936497779781 ) ) ;
#271 = CARTESIAN_POINT ( 'NONE',  ( -52.18938787022754866, -21.51249999999998508, 45.27041392194401226 ) ) ;
#272 = CARTESIAN_POINT ( 'NONE',  ( -54.66448180830087011, -20.15833333333332433, 45.30317217875597180 ) ) ;
#273 = CARTESIAN_POINT ( 'NONE',  ( -54.28412700691317383, -19.76770833333331367, 47.31036908560503917 ) ) ;
#274 = LINE ( 'NONE', #1699, #316 ) ;
#275 = ORIENTED_EDGE ( 'NONE', *, *, #1753, .T. ) ;
#276 = CARTESIAN_POINT ( 'NONE',  ( -53.47877030888930960, -22.17916666666664938, 44.64311526114465067 ) ) ;
#277 = CARTESIAN_POINT ( 'NONE',  ( -51.97312358007577160, -22.06979166666664938, 46.02388936497780492 ) ) ;
#278 = ADVANCED_FACE ( 'NONE', ( #1275 ), #1134, .F. ) ;
#279 = DIRECTION ( 'NONE',  ( 6.721228821374536658E-16, -1.000000000000000000, 3.664497496817874286E-16 ) ) ;
#280 = CARTESIAN_POINT ( 'NONE',  ( -52.33551819169921515, -21.40833333333332078, 46.69682782124414899 ) ) ;
#281 = CARTESIAN_POINT ( 'NONE',  ( -52.75725058698890990, -21.18437499999998153, 47.33425845058278014 ) ) ;
#282 = AXIS2_PLACEMENT_3D ( 'NONE', #1593, #1774, #619 ) ;
#283 = EDGE_CURVE ( 'NONE', #1360, #1453, #1087, .T. ) ;
#284 = CARTESIAN_POINT ( 'NONE',  ( -56.19966958825430225, -22.19999999999998508, 45.95776122332401314 ) ) ;
#285 = AXIS2_PLACEMENT_3D ( 'NONE', #1526, #507, #1366 ) ;
#286 = ORIENTED_EDGE ( 'NONE', *, *, #1170, .F. ) ;
#287 = CARTESIAN_POINT ( 'NONE',  ( -54.56558133191810356, -20.59975952641914176, 45.48013940325636639 ) ) ;
#288 = CARTESIAN_POINT ( 'NONE',  ( -50.80446965844705431, -19.99999999999998224, 46.30679659101365786 ) ) ;
#289 = CYLINDRICAL_SURFACE ( 'NONE', #555, 1.500000000000001554 ) ;
#290 = FACE_OUTER_BOUND ( 'NONE', #662, .T. ) ;
#291 = CARTESIAN_POINT ( 'NONE',  ( -55.04066895122497272, -20.30937499999998508, 46.85765314708488916 ) ) ;
#292 = DIRECTION ( 'NONE',  ( -6.721228821374537644E-16, 1.000000000000000000, -3.664497496817873300E-16 ) ) ;
#293 = CC_DESIGN_APPROVAL ( #450, ( #198 ) ) ;
#294 = ORIENTED_EDGE ( 'NONE', *, *, #1577, .T. ) ;
#295 = DIRECTION ( 'NONE',  ( -0.8737414198483284267, 0.000000000000000000, 0.4863907187040341640 ) ) ;
#296 = CARTESIAN_POINT ( 'NONE',  ( -55.34020622461302708, -22.17690802248751325, 48.04531343411410660 ) ) ;
#297 = DIRECTION ( 'NONE',  ( 0.8737414198483284267, 0.000000000000000000, -0.4863907187040341640 ) ) ;
#298 = CARTESIAN_POINT ( 'NONE',  ( -54.81061212977252950, -21.76249999999998508, 46.72958607805611564 ) ) ;
#299 = CARTESIAN_POINT ( 'NONE',  ( -52.31428850058848923, -21.76249999999998508, 45.33994308238874282 ) ) ;
#300 = LINE ( 'NONE', #750, #860 ) ;
#301 = CARTESIAN_POINT ( 'NONE',  ( -51.27324969485617601, -22.09343735736235104, 47.85058105519065919 ) ) ;
#302 = ORIENTED_EDGE ( 'NONE', *, *, #1598, .F. ) ;
#303 = CARTESIAN_POINT ( 'NONE',  ( -54.70724740998737445, -20.39330127018912719, 46.67204543822563778 ) ) ;
#304 = CARTESIAN_POINT ( 'NONE',  ( -51.98691611137643775, -20.11145833333332078, 46.90543187704036399 ) ) ;
#305 = CARTESIAN_POINT ( 'NONE',  ( -51.65979377538706530, -22.17690802248750614, 43.95468656588602840 ) ) ;
#306 = LINE ( 'NONE', #1448, #1666 ) ;
#307 = CARTESIAN_POINT ( 'NONE',  ( -52.92837394140499185, -21.88749999999998508, 47.02685628004979890 ) ) ;
#308 = CARTESIAN_POINT ( 'NONE',  ( -54.70813803314244694, -21.63009083783058983, 46.04456020780764902 ) ) ;
#309 = CARTESIAN_POINT ( 'NONE',  ( -54.93863350361627340, -20.30424569669571966, 45.64631446798151160 ) ) ;
#310 = SECURITY_CLASSIFICATION_LEVEL ( 'unclassified' ) ;
#311 = AXIS2_PLACEMENT_3D ( 'NONE', #412, #279, #5 ) ;
#312 = ORIENTED_EDGE ( 'NONE', *, *, #1678, .T. ) ;
#313 = ADVANCED_FACE ( 'NONE', ( #47 ), #376, .T. ) ;
#314 = CARTESIAN_POINT ( 'NONE',  ( -53.48855366406605327, -21.80751412415759916, 47.38532267116227814 ) ) ;
#315 = DIRECTION ( 'NONE',  ( -0.6178284829783146082, 0.7071067811865484609, 0.3439301755018203122 ) ) ;
#316 = VECTOR ( 'NONE', #1433, 1000.000000000000000 ) ;
#317 = CARTESIAN_POINT ( 'NONE',  ( -54.81061212977253660, -20.32499999999998863, 46.72958607805611564 ) ) ;
#318 = DIRECTION ( 'NONE',  ( -6.721228821374537644E-16, 1.000000000000000000, -3.664497496817873300E-16 ) ) ;
#319 = EDGE_CURVE ( 'NONE', #1665, #1837, #327, .T. ) ;
#320 = CARTESIAN_POINT ( 'NONE',  ( -53.35889982041822321, -19.68787626366685473, 44.83326056462277620 ) ) ;
#321 = B_SPLINE_CURVE_WITH_KNOTS ( 'NONE', 3,
 ( #1702, #1710, #296, #611, #341, #1482 ),
 .UNSPECIFIED., .F., .F.,
 ( 4, 2, 4 ),
 ( 0.001577535133288760372, 0.002363237594559254931, 0.003148940055829749056 ),
 .UNSPECIFIED. ) ;
#322 = CARTESIAN_POINT ( 'NONE',  ( -54.27023035986302091, -21.72083333333331723, 47.28714614273030037 ) ) ;
#323 = CARTESIAN_POINT ( 'NONE',  ( -53.50000000000004263, -22.19999999999998508, 46.00000000000006395 ) ) ;
#324 = CARTESIAN_POINT ( 'NONE',  ( -52.31428850058848923, -19.76249999999998508, 45.33994308238874282 ) ) ;
#325 = VERTEX_POINT ( 'NONE', #53 ) ;
#326 = CARTESIAN_POINT ( 'NONE',  ( -50.80033041174579012, -19.99999999999998224, 46.04223877667611475 ) ) ;
#327 = B_SPLINE_CURVE_WITH_KNOTS ( 'NONE', 3,
 ( #633, #1159, #463, #1299, #17, #1167 ),
 .UNSPECIFIED., .F., .F.,
 ( 4, 2, 4 ),
 ( 0.009907984659054991025, 0.01069673062697429691, 0.01148547659489360453 ),
 .UNSPECIFIED. ) ;
#328 = CARTESIAN_POINT ( 'NONE',  ( -54.07162605859509341, -21.19999999999998508, 44.97314371995032189 ) ) ;
#329 = CARTESIAN_POINT ( 'NONE',  ( -52.33551819169921515, -20.84583333333331723, 46.69682782124414189 ) ) ;
#330 = CARTESIAN_POINT ( 'NONE',  ( -54.07162605859509341, -20.13749999999998508, 44.97314371995032189 ) ) ;
#331 = CARTESIAN_POINT ( 'NONE',  ( -53.67307403821339307, -22.03214174099495892, 43.00618703114885477 ) ) ;
#332 = DIRECTION ( 'NONE',  ( -0.8737414198483284267, 0.000000000000000000, 0.4863907187040341640 ) ) ;
#333 = CARTESIAN_POINT ( 'NONE',  ( -52.92837394140499185, -21.94999999999998508, 47.02685628004979890 ) ) ;
#334 = DATE_AND_TIME ( #1727, #1017 ) ;
#335 = EDGE_CURVE ( 'NONE', #670, #1073, #1007, .T. ) ;
#336 = ORIENTED_EDGE ( 'NONE', *, *, #650, .F. ) ;
#337 = CARTESIAN_POINT ( 'NONE',  ( -52.19698977386276084, -21.73716124521280690, 46.23513271351153264 ) ) ;
#338 = CARTESIAN_POINT ( 'NONE',  ( -53.47877030888930960, -21.24166666666666003, 44.64311526114465067 ) ) ;
#339 = CARTESIAN_POINT ( 'NONE',  ( -52.32490334614384864, -20.86666666666665293, 46.01838545181644946 ) ) ;
#340 = CARTESIAN_POINT ( 'NONE',  ( -54.10347059526117874, -21.47083333333331723, 47.00847082823342049 ) ) ;
#341 = CARTESIAN_POINT ( 'NONE',  ( -56.00578217730627273, -22.03227593237271620, 47.64703169396015170 ) ) ;
#342 = CARTESIAN_POINT ( 'NONE',  ( -56.17528301917014488, -21.95884572681197255, 44.39910625982237491 ) ) ;
#343 = CARTESIAN_POINT ( 'NONE',  ( -54.67509665385622952, -20.05416666666664938, 45.98161454818367844 ) ) ;
#344 = EDGE_CURVE ( 'NONE', #635, #949, #920, .T. ) ;
#345 = VERTEX_POINT ( 'NONE', #1483 ) ;
#346 = CARTESIAN_POINT ( 'NONE',  ( -52.26882931475856253, -21.74752767230900830, 46.49105719123240021 ) ) ;
#347 = CARTESIAN_POINT ( 'NONE',  ( -54.68571149941158893, -21.07499999999998508, 46.66005691761137086 ) ) ;
#348 = CARTESIAN_POINT ( 'NONE',  ( -54.07162605859509341, -20.69999999999998508, 44.97314371995032189 ) ) ;
#349 = CONICAL_SURFACE ( 'NONE', #976, 2.699999999999997069, 1.047197551196600074 ) ;
#350 = CARTESIAN_POINT ( 'NONE',  ( 0.000000000000000000, 0.000000000000000000, 0.000000000000000000 ) ) ;
#351 = CARTESIAN_POINT ( 'NONE',  ( -51.95933104877510544, -22.05937499999998153, 45.14234685291523164 ) ) ;
#352 =( BOUNDED_CURVE ( )  B_SPLINE_CURVE ( 2, ( #1216, #680, #93, #361, #1778, #925, #83, #214, #789 ),
 .UNSPECIFIED., .F., .F. ) 
 B_SPLINE_CURVE_WITH_KNOTS ( ( 3, 2, 2, 2, 3 ),
 ( 0.3750000000000000000, 0.3888888888888888951, 0.4166666666666666852, 0.4444444444444444198, 0.4583333333333332593 ),
 .UNSPECIFIED. ) 
 CURVE ( )  GEOMETRIC_REPRESENTATION_ITEM ( )  RATIONAL_B_SPLINE_CURVE ( ( 0.9330127018922194093, 0.9330127018922194093, 1.000000000000000000, 0.8660254037844387076, 1.000000000000000000, 0.8660254037844387076, 1.000000000000000000, 0.9330127018922196314, 0.9330127018922194093 ) ) 
 REPRESENTATION_ITEM ( '' )  );
#353 = CARTESIAN_POINT ( 'NONE',  ( -52.31428850058848923, -20.76249999999998153, 45.33994308238874282 ) ) ;
#354 = ORIENTED_EDGE ( 'NONE', *, *, #1226, .F. ) ;
#355 = ORIENTED_EDGE ( 'NONE', *, *, #1777, .T. ) ;
#356 = B_SPLINE_CURVE_WITH_KNOTS ( 'NONE', 3,
 ( #1716, #836, #301, #861, #266, #113 ),
 .UNSPECIFIED., .F., .F.,
 ( 4, 2, 4 ),
 ( 0.002910772971574995208, 0.003699890871578116920, 0.004489008771581238198 ),
 .UNSPECIFIED. ) ;
#357 = CARTESIAN_POINT ( 'NONE',  ( -54.43062366988917233, -19.99999999999997868, 48.58960912455061276 ) ) ;
#358 = CARTESIAN_POINT ( 'NONE',  ( -54.66448180830087011, -21.65833333333331723, 45.30317217875597180 ) ) ;
#359 = ADVANCED_FACE ( 'NONE', ( #196 ), #132, .T. ) ;
#360 = PERSON_AND_ORGANIZATION_ROLE ( 'design_owner' ) ;
#361 = CARTESIAN_POINT ( 'NONE',  ( -53.47290381212875587, -20.99166666666664582, 44.26816115166490562 ) ) ;
#362 = EDGE_LOOP ( 'NONE', ( #1343, #390, #961, #672 ) ) ;
#363 = ORIENTED_EDGE ( 'NONE', *, *, #980, .T. ) ;
#364 = EDGE_LOOP ( 'NONE', ( #1740, #926, #990, #1708 ) ) ;
#365 = CARTESIAN_POINT ( 'NONE',  ( -54.67509665385622952, -20.61666666666665293, 45.98161454818367844 ) ) ;
#366 = CARTESIAN_POINT ( 'NONE',  ( -52.31428850058848923, -20.32499999999998508, 45.33994308238874282 ) ) ;
#367 = CARTESIAN_POINT ( 'NONE',  ( -55.00610413019664691, -21.84732909936924017, 46.37840861629315015 ) ) ;
#368 = DIRECTION ( 'NONE',  ( 1.000000000000000000, 0.000000000000000000, 0.000000000000000000 ) ) ;
#369 = LINE ( 'NONE', #1359, #407 ) ;
#370 = EDGE_LOOP ( 'NONE', ( #541, #1754, #1474, #1321 ) ) ;
#371 = VERTEX_POINT ( 'NONE', #1726 ) ;
#372 = CARTESIAN_POINT ( 'NONE',  ( -54.90522177147281724, -20.27499999999998437, 46.52473971926944074 ) ) ;
#373 = CARTESIAN_POINT ( 'NONE',  ( -53.52122969111076856, -21.99166666666664938, 47.35688473885546301 ) ) ;
#374 = AXIS2_PLACEMENT_3D ( 'NONE', #1688, #569, #1287 ) ;
#375 = CARTESIAN_POINT ( 'NONE',  ( -52.19846421075056497, -20.43862575639422374, 45.65428480997637450 ) ) ;
#376 = CONICAL_SURFACE ( 'NONE', #851, 2.699999999999997069, 1.047197551196600074 ) ;
#377 = CARTESIAN_POINT ( 'NONE',  ( -53.54877313816835027, -20.24115427318799121, 49.11730992700334042 ) ) ;
#378 = VECTOR ( 'NONE', #1516, 1000.000000000000000 ) ;
#379 = FACE_OUTER_BOUND ( 'NONE', #829, .T. ) ;
#380 = EDGE_LOOP ( 'NONE', ( #1153, #437, #355, #828, #1217, #420 ) ) ;
#381 = ORIENTED_EDGE ( 'NONE', *, *, #1446, .T. ) ;
#382 = CARTESIAN_POINT ( 'NONE',  ( -53.00566344364110449, -21.67029355239776578, 44.83825603300195439 ) ) ;
#383 = CARTESIAN_POINT ( 'NONE',  ( -52.75725058698890990, -21.15312499999998508, 47.33425845058278014 ) ) ;
#384 = CARTESIAN_POINT ( 'NONE',  ( -54.78761938265741094, -21.91424076854106318, 45.23646518330878052 ) ) ;
#385 = CARTESIAN_POINT ( 'NONE',  ( -52.32490334614384864, -19.80416666666664938, 46.01838545181644946 ) ) ;
#386 =( NAMED_UNIT ( * ) PLANE_ANGLE_UNIT ( ) SI_UNIT ( $, .RADIAN. ) );
#387 = CARTESIAN_POINT ( 'NONE',  ( -56.20797912267736507, -22.19999999999998508, 46.48886082278825427 ) ) ;
#388 = AXIS2_PLACEMENT_3D ( 'NONE', #181, #4, #169 ) ;
#389 = CARTESIAN_POINT ( 'NONE',  ( -53.50000000000004263, -22.19999999999998508, 46.00000000000006395 ) ) ;
#390 = ORIENTED_EDGE ( 'NONE', *, *, #1274, .T. ) ;
#391 = EDGE_LOOP ( 'NONE', ( #1495, #1203, #1378, #302 ) ) ;
#392 = CARTESIAN_POINT ( 'NONE',  ( -55.04066895122497272, -21.27812499999998508, 46.85765314708488916 ) ) ;
#393 = DIRECTION ( 'NONE',  ( -6.721228821374537644E-16, 1.000000000000000000, -3.664497496817873300E-16 ) ) ;
#394 = CARTESIAN_POINT ( 'NONE',  ( -52.31428850058848923, -21.32499999999998863, 45.33994308238874282 ) ) ;
#395 = DATE_AND_TIME ( #1109, #1573 ) ;
#396 = CARTESIAN_POINT ( 'NONE',  ( -51.95933104877510544, -20.05937499999998508, 45.14234685291523164 ) ) ;
#397 = CC_DESIGN_PERSON_AND_ORGANIZATION_ASSIGNMENT ( #647, #360, ( #1487 ) ) ;
#398 = DIRECTION ( 'NONE',  ( 0.8737414198483284267, 0.000000000000000000, -0.4863907187040341640 ) ) ;
#399 = ADVANCED_FACE ( 'NONE', ( #888 ), #194, .T. ) ;
#400 = EDGE_LOOP ( 'NONE', ( #1579, #455, #188 ) ) ;
#401 = FACE_OUTER_BOUND ( 'NONE', #1362, .T. ) ;
#402 = CARTESIAN_POINT ( 'NONE',  ( -55.02687641992430656, -21.31979166666665293, 45.97611063502232298 ) ) ;
#403 = CARTESIAN_POINT ( 'NONE',  ( -53.50000000000004263, -22.19999999999998508, 46.00000000000006395 ) ) ;
#404 = CARTESIAN_POINT ( 'NONE',  ( -52.31428850058848923, -21.26249999999998508, 45.33994308238874282 ) ) ;
#405 = CARTESIAN_POINT ( 'NONE',  ( -54.67509665385622952, -22.05416666666665293, 45.98161454818367844 ) ) ;
#406 = CARTESIAN_POINT ( 'NONE',  ( -53.45122686183172789, -22.19999999999998508, 42.88269007299677327 ) ) ;
#407 = VECTOR ( 'NONE', #640, 1000.000000000000000 ) ;
#408 =( BOUNDED_SURFACE ( )  B_SPLINE_SURFACE ( 1, 2, ( 
 ( #1816, #538, #1645, #351, #1492, #1100, #207, #946, #518, #1090, #1518, #669, #703, #1534, #1396, #1133, #571, #265, #7, #1126, #1558, #1273, #1698, #1253, #281, #426, #996, #1825, #129, #562, #1404, #859, #1432, #850, #1263, #121, #977, #1832, #1142, #146, #1543, #1690, #1424, #138, #694, #291, #554, #434, #578, #1705, #546, #396, #415, #712, #1282, #686, #1842, #1850, #273, #1006, #1414, #1566, #720, #835, #1289, #112, #987 ),
 ( #1673, #1118, #1551, #968, #255, #1681, #843, #827, #405, #32, #1615, #1479, #307, #610, #1595, #299, #15, #193, #868, #1052, #1733, #1297, #340, #1306, #1165, #1150, #770, #1574, #1032, #1338, #481, #728, #1713, #440, #1326, #1015, #1746, #1439, #43, #154, #1187, #174, #587, #1157, #1177, #622, #1584, #1724, #599, #1044, #747, #472, #449, #1606, #330, #896, #1024, #1458, #1469, #875, #1450, #163, #184, #736, #25, #461, #320 ) ),
 .UNSPECIFIED., .F., .F., .F. ) 
 B_SPLINE_SURFACE_WITH_KNOTS ( ( 2, 2 ),
 ( 3, 2, 2, 2, 2, 2, 2, 2, 2, 2, 2, 2, 2, 2, 2, 2, 2, 2, 2, 2, 2, 2, 2, 2, 2, 2, 2, 2, 2, 2, 2, 2, 2, 3 ),
 ( 0.000000000000000000, 1.000000000000000000 ),
 ( 0.000000000000000000, 0.02777777777777777624, 0.05555555555555555247, 0.08333333333333332871, 0.1111111111111111049, 0.1388888888888888951, 0.1666666666666666574, 0.1944444444444444475, 0.2222222222222222099, 0.2500000000000000000, 0.2777777777777777901, 0.3055555555555555802, 0.3333333333333333148, 0.3611111111111111049, 0.3888888888888888951, 0.4166666666666666852, 0.4444444444444444198, 0.4722222222222222099, 0.5000000000000000000, 0.5277777777777777901, 0.5555555555555555802, 0.5833333333333333703, 0.6111111111111111605, 0.6388888888888888395, 0.6666666666666666297, 0.6944444444444444198, 0.7222222222222222099, 0.7500000000000000000, 0.7777777777777777901, 0.8055555555555555802, 0.8333333333333333703, 0.8611111111111111605, 0.8888888888888888395, 0.9000616184302571154 ),
 .UNSPECIFIED. ) 
 GEOMETRIC_REPRESENTATION_ITEM ( )  RATIONAL_B_SPLINE_SURFACE ( (
 ( 1.000000000000000000, 0.8660254037844387076, 1.000000000000000000, 0.8660254037844387076, 1.000000000000000000, 0.8660254037844387076, 1.000000000000000000, 0.8660254037844387076, 1.000000000000000000, 0.8660254037844387076, 1.000000000000000000, 0.8660254037844387076, 1.000000000000000000, 0.8660254037844387076, 1.000000000000000000, 0.8660254037844387076, 1.000000000000000000, 0.8660254037844387076, 1.000000000000000000, 0.8660254037844387076, 1.000000000000000000, 0.8660254037844387076, 1.000000000000000000, 0.8660254037844387076, 1.000000000000000000, 0.8660254037844387076, 1.000000000000000000, 0.8660254037844387076, 1.000000000000000000, 0.8660254037844387076, 1.000000000000000000, 0.8660254037844387076, 1.000000000000000000, 0.8660254037844387076, 1.000000000000000000, 0.8660254037844387076, 1.000000000000000000, 0.8660254037844387076, 1.000000000000000000, 0.8660254037844387076, 1.000000000000000000, 0.8660254037844387076, 1.000000000000000000, 0.8660254037844387076, 1.000000000000000000, 0.8660254037844387076, 1.000000000000000000, 0.8660254037844387076, 1.000000000000000000, 0.8660254037844387076, 1.000000000000000000, 0.8660254037844387076, 1.000000000000000000, 0.8660254037844387076, 1.000000000000000000, 0.8660254037844387076, 1.000000000000000000, 0.8660254037844387076, 1.000000000000000000, 0.8660254037844387076, 1.000000000000000000, 0.8660254037844387076, 1.000000000000000000, 0.8660254037844387076, 1.000000000000000000, 0.9461129705585025196, 0.9355746359301122528),
 ( 1.000000000000000000, 0.8660254037844387076, 1.000000000000000000, 0.8660254037844387076, 1.000000000000000000, 0.8660254037844387076, 1.000000000000000000, 0.8660254037844387076, 1.000000000000000000, 0.8660254037844387076, 1.000000000000000000, 0.8660254037844387076, 1.000000000000000000, 0.8660254037844387076, 1.000000000000000000, 0.8660254037844387076, 1.000000000000000000, 0.8660254037844387076, 1.000000000000000000, 0.8660254037844387076, 1.000000000000000000, 0.8660254037844387076, 1.000000000000000000, 0.8660254037844387076, 1.000000000000000000, 0.8660254037844387076, 1.000000000000000000, 0.8660254037844387076, 1.000000000000000000, 0.8660254037844387076, 1.000000000000000000, 0.8660254037844387076, 1.000000000000000000, 0.8660254037844387076, 1.000000000000000000, 0.8660254037844387076, 1.000000000000000000, 0.8660254037844387076, 1.000000000000000000, 0.8660254037844387076, 1.000000000000000000, 0.8660254037844387076, 1.000000000000000000, 0.8660254037844387076, 1.000000000000000000, 0.8660254037844387076, 1.000000000000000000, 0.8660254037844387076, 1.000000000000000000, 0.8660254037844387076, 1.000000000000000000, 0.8660254037844387076, 1.000000000000000000, 0.8660254037844387076, 1.000000000000000000, 0.8660254037844387076, 1.000000000000000000, 0.8660254037844387076, 1.000000000000000000, 0.8660254037844387076, 1.000000000000000000, 0.8660254037844387076, 1.000000000000000000, 0.8660254037844387076, 1.000000000000000000, 0.9461129705585025196, 0.9355746359301122528) ) ) 
 REPRESENTATION_ITEM ( '' )  SURFACE ( )  );
#409 = ORIENTED_EDGE ( 'NONE', *, *, #1269, .F. ) ;
#410 = CARTESIAN_POINT ( 'NONE',  ( -54.68571149941158893, -22.01249999999998508, 46.66005691761137086 ) ) ;
#411 = CARTESIAN_POINT ( 'NONE',  ( -51.98691611137643775, -20.61145833333331723, 46.90543187704036399 ) ) ;
#412 = CARTESIAN_POINT ( 'NONE',  ( -53.50000000000004263, -22.19999999999998508, 46.00000000000006395 ) ) ;
#413 = CARTESIAN_POINT ( 'NONE',  ( -54.47514459241605778, -21.60024047358081845, 45.34404024923460241 ) ) ;
#414 = EDGE_CURVE ( 'NONE', #106, #1144, #593, .T. ) ;
#415 = CARTESIAN_POINT ( 'NONE',  ( -52.71587299308691144, -20.01770833333331367, 44.68963091439507451 ) ) ;
#416 = PLANE ( 'NONE',  #1747 ) ;
#417 = AXIS2_PLACEMENT_3D ( 'NONE', #350, #61, #368 ) ;
#418 = EDGE_CURVE ( 'NONE', #1728, #503, #1769, .T. ) ;
#419 = CC_DESIGN_PERSON_AND_ORGANIZATION_ASSIGNMENT ( #1056, #178, ( #505 ) ) ;
#420 = ORIENTED_EDGE ( 'NONE', *, *, #1678, .F. ) ;
#421 = CARTESIAN_POINT ( 'NONE',  ( -53.52122969111076856, -21.42916666666664938, 47.35688473885546301 ) ) ;
#422 = CARTESIAN_POINT ( 'NONE',  ( -53.52758506260137494, -21.69479166666664938, 47.76308502412519630 ) ) ;
#423 =( BOUNDED_CURVE ( )  B_SPLINE_CURVE ( 2, ( #575, #1562, #1041, #855, #160, #568, #1174, #882, #1466 ),
 .UNSPECIFIED., .F., .F. ) 
 B_SPLINE_CURVE_WITH_KNOTS ( ( 3, 2, 2, 2, 3 ),
 ( 0.5416666666666666297, 0.5555555555555555802, 0.5833333333333333703, 0.6111111111111111605, 0.6250000000000000000 ),
 .UNSPECIFIED. ) 
 CURVE ( )  GEOMETRIC_REPRESENTATION_ITEM ( )  RATIONAL_B_SPLINE_CURVE ( ( 0.9330127018922194093, 0.9330127018922190762, 1.000000000000000000, 0.8660254037844387076, 1.000000000000000000, 0.8660254037844387076, 1.000000000000000000, 0.9330127018922194093, 0.9330127018922194093 ) ) 
 REPRESENTATION_ITEM ( '' )  );
#424 = CYLINDRICAL_SURFACE ( 'NONE', #579, 1.500000000000001554 ) ;
#425 = CARTESIAN_POINT ( 'NONE',  ( -52.32490334614384864, -21.36666666666664938, 46.01838545181644946 ) ) ;
#426 = CARTESIAN_POINT ( 'NONE',  ( -51.98691611137643775, -21.14270833333331723, 46.90543187704036399 ) ) ;
#427 = CARTESIAN_POINT ( 'NONE',  ( -53.50000000000004263, -19.99999999999998224, 46.00000000000006395 ) ) ;
#428 = ORIENTED_EDGE ( 'NONE', *, *, #33, .T. ) ;
#429 = ADVANCED_FACE ( 'NONE', ( #1500 ), #527, .F. ) ;
#430 = CARTESIAN_POINT ( 'NONE',  ( -54.66448180830087011, -21.09583333333332433, 45.30317217875597180 ) ) ;
#431 = FACE_OUTER_BOUND ( 'NONE', #689, .T. ) ;
#432 = CARTESIAN_POINT ( 'NONE',  ( -51.88654118761129297, -22.19999999999998508, 43.81900054305022962 ) ) ;
#433 = CARTESIAN_POINT ( 'NONE',  ( -52.89652940473889942, -21.28333333333331723, 44.99152917176670030 ) ) ;
#434 = CARTESIAN_POINT ( 'NONE',  ( -53.52758506260137494, -20.22604166666664938, 47.76308502412518919 ) ) ;
#435 = AXIS2_PLACEMENT_3D ( 'NONE', #1447, #585, #699 ) ;
#436 = CARTESIAN_POINT ( 'NONE',  ( -52.32094621289077452, -20.42556896660117971, 45.34364926982370037 ) ) ;
#437 = ORIENTED_EDGE ( 'NONE', *, *, #998, .T. ) ;
#438 = CYLINDRICAL_SURFACE ( 'NONE', #1449, 1.500000000000001554 ) ;
#439 = CARTESIAN_POINT ( 'NONE',  ( -54.81061212977253660, -22.19999999999998508, 46.72958607805611564 ) ) ;
#440 = CARTESIAN_POINT ( 'NONE',  ( -54.68571149941158893, -21.01249999999998508, 46.66005691761137086 ) ) ;
#441 = CARTESIAN_POINT ( 'NONE',  ( -52.18938787022754866, -21.01249999999998508, 45.27041392194401226 ) ) ;
#442 = CARTESIAN_POINT ( 'NONE',  ( -50.77594384266162564, -22.19999999999998508, 44.48358381317446231 ) ) ;
#443 = VECTOR ( 'NONE', #1571, 1000.000000000000000 ) ;
#444 = ORIENTED_EDGE ( 'NONE', *, *, #82, .T. ) ;
#445 = CARTESIAN_POINT ( 'NONE',  ( -54.81061212977252950, -20.27499999999998437, 46.72958607805611564 ) ) ;
#446 = CARTESIAN_POINT ( 'NONE',  ( -53.31667361633030566, -19.95350050456997337, 44.48398095640912686 ) ) ;
#447 = DIRECTION ( 'NONE',  ( -0.8737414198483282046, 0.000000000000000000, 0.4863907187040346636 ) ) ;
#448 = DIRECTION ( 'NONE',  ( 6.721228821374537644E-16, -1.000000000000000000, 3.664497496817873300E-16 ) ) ;
#449 = CARTESIAN_POINT ( 'NONE',  ( -52.89652940473889942, -20.22083333333331723, 44.99152917176670030 ) ) ;
#450 = APPROVAL ( #1215, 'UNSPECIFIED' ) ;
#451 = CARTESIAN_POINT ( 'NONE',  ( -54.81061212977252950, -21.26249999999998508, 46.72958607805611564 ) ) ;
#452 = EDGE_CURVE ( 'NONE', #1553, #1082, #1259, .T. ) ;
#453 = APPROVAL_DATE_TIME ( #395, #1739 ) ;
#454 = EDGE_CURVE ( 'NONE', #1442, #209, #1385, .T. ) ;
#455 = ORIENTED_EDGE ( 'NONE', *, *, #998, .F. ) ;
#456 = EDGE_CURVE ( 'NONE', #960, #765, #1241, .T. ) ;
#457 = CARTESIAN_POINT ( 'NONE',  ( -54.12143350751922810, -20.27499999999661640, 47.36521807625839386 ) ) ;
#458 = CARTESIAN_POINT ( 'NONE',  ( -55.04066895122497272, -20.27812499999999218, 46.85765314708488916 ) ) ;
#459 = CARTESIAN_POINT ( 'NONE',  ( -54.81061212977252950, -21.32499999999998153, 46.72958607805610853 ) ) ;
#460 = DIRECTION ( 'NONE',  ( -6.721228821374537644E-16, 1.000000000000000000, -3.664497496817873300E-16 ) ) ;
#461 = CARTESIAN_POINT ( 'NONE',  ( -53.11089354408272101, -19.70549288048011149, 44.86325331970355990 ) ) ;
#462 = CARTESIAN_POINT ( 'NONE',  ( -52.77041392194399094, -21.63749999999998153, 47.31061212977255792 ) ) ;
#463 = CARTESIAN_POINT ( 'NONE',  ( -54.35405922659538192, -20.02270328664250343, 43.38527501722762736 ) ) ;
#464 = CARTESIAN_POINT ( 'NONE',  ( -54.66448180830087011, -22.15833333333332078, 45.30317217875597180 ) ) ;
#465 = CONICAL_SURFACE ( 'NONE', #435, 2.699999999999997069, 1.047197551196600074 ) ;
#466 = ORIENTED_EDGE ( 'NONE', *, *, #1781, .F. ) ;
#467 = CARTESIAN_POINT ( 'NONE',  ( -53.75393363536769442, -21.81759741536308184, 47.37211974901418898 ) ) ;
#468 = CARTESIAN_POINT ( 'NONE',  ( -52.18938787022754866, -22.19999999999998508, 45.27041392194401226 ) ) ;
#469 = AXIS2_PLACEMENT_3D ( 'NONE', #692, #1088, #823 ) ;
#470 = CARTESIAN_POINT ( 'NONE',  ( -56.20797912267736507, -19.99999999999998579, 46.48886082278825427 ) ) ;
#471 = CARTESIAN_POINT ( 'NONE',  ( -55.00610413019663980, -21.78482909936924727, 46.37840861629315015 ) ) ;
#472 = CARTESIAN_POINT ( 'NONE',  ( -52.31428850058848923, -20.26249999999998508, 45.33994308238874282 ) ) ;
#473 = EDGE_CURVE ( 'NONE', #1048, #1360, #630, .T. ) ;
#474 = CARTESIAN_POINT ( 'NONE',  ( -52.18938787022755577, -20.51249999999997797, 45.27041392194401226 ) ) ;
#475 = CARTESIAN_POINT ( 'NONE',  ( -54.10347059526117874, -20.47083333333331723, 47.00847082823342049 ) ) ;
#476 = ORIENTED_EDGE ( 'NONE', *, *, #919, .T. ) ;
#477 = CARTESIAN_POINT ( 'NONE',  ( -50.80033041174578301, -22.19999999999998153, 46.04223877667611475 ) ) ;
#478 = B_SPLINE_CURVE_WITH_KNOTS ( 'NONE', 3,
 ( #864, #1011, #982, #1020, #830, #1719 ),
 .UNSPECIFIED., .F., .F.,
 ( 4, 2, 4 ),
 ( 0.008329231896840550917, 0.009118608277947769236, 0.009907984659054989290 ),
 .UNSPECIFIED. ) ;
#479 = CARTESIAN_POINT ( 'NONE',  ( -52.01373165601665249, -21.15833333333331367, 46.88938541120989356 ) ) ;
#480 = CARTESIAN_POINT ( 'NONE',  ( -52.32490334614384864, -20.80416666666665293, 46.01838545181644946 ) ) ;
#481 = CARTESIAN_POINT ( 'NONE',  ( -54.07162605859509341, -21.13749999999998508, 44.97314371995032189 ) ) ;
#482 = CARTESIAN_POINT ( 'NONE',  ( -54.72595341328448626, -21.67180557631184712, 45.75316538307368575 ) ) ;
#483 = CARTESIAN_POINT ( 'NONE',  ( -52.77041392194399094, -20.63749999999998508, 47.31061212977255792 ) ) ;
#484 = CARTESIAN_POINT ( 'NONE',  ( -52.89652940473889942, -21.78333333333331723, 44.99152917176670030 ) ) ;
#485 = PERSON_AND_ORGANIZATION ( #1254, #1723 ) ;
#486 = EDGE_LOOP ( 'NONE', ( #651, #1194, #1485, #1522, #363, #1300, #981 ) ) ;
#487 = CARTESIAN_POINT ( 'NONE',  ( -54.74701694659237461, -20.52356898950493402, 45.74283666087575995 ) ) ;
#488 = CARTESIAN_POINT ( 'NONE',  ( -54.67509665385622952, -21.05416666666665293, 45.98161454818367844 ) ) ;
#489 = CARTESIAN_POINT ( 'NONE',  ( -53.52709618787132229, -21.24166666666665293, 47.73183884833521518 ) ) ;
#490 = CARTESIAN_POINT ( 'NONE',  ( -54.67509665385622952, -22.11666666666665293, 45.98161454818367844 ) ) ;
#491 = CARTESIAN_POINT ( 'NONE',  ( -53.28176025202066768, -20.38017693278706233, 44.61950708823621170 ) ) ;
#492 = CARTESIAN_POINT ( 'NONE',  ( -52.33551819169921515, -20.84583333333331723, 46.69682782124414899 ) ) ;
#493 =( BOUNDED_CURVE ( )  B_SPLINE_CURVE ( 2, ( #28, #1146, #606, #1138, #1742 ),
 .UNSPECIFIED., .F., .F. ) 
 B_SPLINE_CURVE_WITH_KNOTS ( ( 3, 2, 3 ),
 ( 0.6250000000000000000, 0.6388888888888888395, 0.6419593839259293278 ),
 .UNSPECIFIED. ) 
 CURVE ( )  GEOMETRIC_REPRESENTATION_ITEM ( )  RATIONAL_B_SPLINE_CURVE ( ( 0.9330127018922194093, 0.9330127018922194093, 1.000000000000000000, 0.9851907400203021581, 0.9736554467080373865 ) ) 
 REPRESENTATION_ITEM ( '' )  );
#494 = ORIENTED_EDGE ( 'NONE', *, *, #1335, .F. ) ;
#495 = CARTESIAN_POINT ( 'NONE',  ( -53.57700123320854857, -21.81088753120869228, 47.38658659836807630 ) ) ;
#496 = EDGE_CURVE ( 'NONE', #219, #1442, #201, .T. ) ;
#497 = CARTESIAN_POINT ( 'NONE',  ( -54.65175900159510292, -21.60024047358081845, 46.23375494216654147 ) ) ;
#498 = CARTESIAN_POINT ( 'NONE',  ( -54.10347059526117874, -21.53333333333331723, 47.00847082823342049 ) ) ;
#499 = CARTESIAN_POINT ( 'NONE',  ( -51.04656415721161267, -20.16785825900499773, 47.72439069832979897 ) ) ;
#500 = CARTESIAN_POINT ( 'NONE',  ( -52.41743594675895679, -19.99999999999998224, 48.48752187172064509 ) ) ;
#501 = ORIENTED_EDGE ( 'NONE', *, *, #1277, .T. ) ;
#502 = VERTEX_POINT ( 'NONE', #648 ) ;
#503 = VERTEX_POINT ( 'NONE', #1384 ) ;
#504 = CARTESIAN_POINT ( 'NONE',  ( -54.68571149941158893, -21.07499999999998508, 46.66005691761137086 ) ) ;
#505 = SECURITY_CLASSIFICATION ( '', '', #310 ) ;
#506 = CARTESIAN_POINT ( 'NONE',  ( -51.72754934559358730, -20.02270328664249632, 48.10347868440859997 ) ) ;
#507 = DIRECTION ( 'NONE',  ( -6.721228821374537644E-16, 1.000000000000000000, -3.664497496817873300E-16 ) ) ;
#508 = EDGE_CURVE ( 'NONE', #1112, #1075, #767, .T. ) ;
#509 = EDGE_CURVE ( 'NONE', #1820, #1228, #352, .T. ) ;
#510 = CARTESIAN_POINT ( 'NONE',  ( -54.81061212977252950, -20.76249999999998153, 46.72958607805611564 ) ) ;
#511 = ORIENTED_EDGE ( 'NONE', *, *, #1284, .T. ) ;
#512 = EDGE_CURVE ( 'NONE', #1027, #819, #1628, .T. ) ;
#513 = ORIENTED_EDGE ( 'NONE', *, *, #984, .F. ) ;
#514 = CARTESIAN_POINT ( 'NONE',  ( -52.18938787022755577, -21.01249999999998508, 45.27041392194401226 ) ) ;
#515 = CARTESIAN_POINT ( 'NONE',  ( -53.47877030888930960, -21.24166666666665293, 44.64311526114465067 ) ) ;
#516 = CARTESIAN_POINT ( 'NONE',  ( -52.27221816827250933, -20.46933642421399568, 46.47457580213950479 ) ) ;
#517 = CARTESIAN_POINT ( 'NONE',  ( -54.65175900159510292, -21.60024047358081845, 46.23375494216654147 ) ) ;
#518 = CARTESIAN_POINT ( 'NONE',  ( -55.02687641992430656, -21.85104166666664938, 45.97611063502232298 ) ) ;
#519 = DIRECTION ( 'NONE',  ( -6.721228821374537644E-16, 1.000000000000000000, -3.664497496817873300E-16 ) ) ;
#520 = ORIENTED_EDGE ( 'NONE', *, *, #414, .F. ) ;
#521 = VERTEX_POINT ( 'NONE', #1356 ) ;
#522 = CARTESIAN_POINT ( 'NONE',  ( -53.52709618787132229, -21.17916666666665293, 47.73183884833521518 ) ) ;
#523 = CARTESIAN_POINT ( 'NONE',  ( -53.47241493739869611, -21.44479166666665648, 44.23691497587492449 ) ) ;
#524 = AXIS2_PLACEMENT_3D ( 'NONE', #1371, #952, #820 ) ;
#525 = LINE ( 'NONE', #1830, #378 ) ;
#526 = CARTESIAN_POINT ( 'NONE',  ( -52.18938787022754155, -21.07499999999997797, 45.27041392194400515 ) ) ;
#527 = CONICAL_SURFACE ( 'NONE', #1563, 1.774999999999997913, 0.7853981633974463916 ) ;
#528 = DIRECTION ( 'NONE',  ( -0.8737414198483267613, 0.000000000000000000, 0.4863907187040373281 ) ) ;
#529 = B_SPLINE_CURVE_WITH_KNOTS ( 'NONE', 3,
 ( #1336, #776, #470, #211 ),
 .UNSPECIFIED., .F., .F.,
 ( 4, 4 ),
 ( 2.380743313043688764E-07, 0.001577535133288763408 ),
 .UNSPECIFIED. ) ;
#530 = CARTESIAN_POINT ( 'NONE',  ( -52.72976964013706436, -20.97083333333331723, 44.71285385726982042 ) ) ;
#531 = ORIENTED_EDGE ( 'NONE', *, *, #1406, .T. ) ;
#532 = ORIENTED_EDGE ( 'NONE', *, *, #783, .F. ) ;
#533 = CARTESIAN_POINT ( 'NONE',  ( -53.63091177659026698, -21.64383633963837639, 44.77030144189332361 ) ) ;
#534 = CARTESIAN_POINT ( 'NONE',  ( -51.95933104877510544, -21.52812499999998863, 45.14234685291523164 ) ) ;
#535 = DIRECTION ( 'NONE',  ( -0.8737414198483282046, 0.000000000000000000, 0.4863907187040346636 ) ) ;
#536 = CARTESIAN_POINT ( 'NONE',  ( -53.47877030888930960, -20.74166666666665293, 44.64311526114465067 ) ) ;
#537 = COORDINATED_UNIVERSAL_TIME_OFFSET ( 3, 0, .AHEAD. ) ;
#538 = CARTESIAN_POINT ( 'NONE',  ( -51.98691611137643065, -22.14270833333331367, 46.90543187704036399 ) ) ;
#539 = ADVANCED_FACE ( 'NONE', ( #1795 ), #408, .F. ) ;
#540 =( BOUNDED_CURVE ( )  B_SPLINE_CURVE ( 2, ( #413, #1841, #545, #1704, #1252, #1394, #561, #1116, #1680, #404, #975, #264, #1403, #693, #1697, #1262, #1831, #183, #586, #329, #480, #153, #895, #1757, #1722, #1468, #1316 ),
 .UNSPECIFIED., .F., .F. ) 
 B_SPLINE_CURVE_WITH_KNOTS ( ( 3, 2, 2, 2, 2, 2, 2, 2, 2, 2, 2, 2, 2, 3 ),
 ( 0.2916659087672153206, 0.3086208456063627703, 0.3394829301669990973, 0.3703450147276353688, 0.4012070992882716958, 0.4320691838489080228, 0.4629312684095443498, 0.4937933529701805657, 0.5246554375308170037, 0.5555175220914532197, 0.5863796066520896577, 0.6172416912127258737, 0.6481037757733623117, 0.6621774209375975717 ),
 .UNSPECIFIED. ) 
 CURVE ( )  GEOMETRIC_REPRESENTATION_ITEM ( )  RATIONAL_B_SPLINE_CURVE ( ( 0.9336660005643786509, 0.9263973626790462657, 1.000000000000000000, 0.8660254037844387076, 1.000000000000000000, 0.8660254037844387076, 1.000000000000000000, 0.8660254037844387076, 1.000000000000000000, 0.8660254037844387076, 1.000000000000000000, 0.8660254037844387076, 1.000000000000000000, 0.8660254037844387076, 1.000000000000000000, 0.8660254037844387076, 1.000000000000000000, 0.8660254037844387076, 1.000000000000000000, 0.8660254037844387076, 1.000000000000000000, 0.8660254037844387076, 1.000000000000000000, 0.8660254037844387076, 1.000000000000000000, 0.9389052633675812887, 0.9335310431557384270 ) ) 
 REPRESENTATION_ITEM ( '' )  );
#541 = ORIENTED_EDGE ( 'NONE', *, *, #1410, .F. ) ;
#542 = CARTESIAN_POINT ( 'NONE',  ( -54.47514459241606488, -21.60024047358081845, 45.34404024923459531 ) ) ;
#543 = CARTESIAN_POINT ( 'NONE',  ( -55.01308388862363330, -20.86145833333332078, 45.09456812295975681 ) ) ;
#544 = CARTESIAN_POINT ( 'NONE',  ( -54.99091731484492129, -21.89403559372883024, 45.40775115947535312 ) ) ;
#545 = CARTESIAN_POINT ( 'NONE',  ( -54.67509665385622952, -21.55416666666665293, 45.98161454818367844 ) ) ;
#546 = CARTESIAN_POINT ( 'NONE',  ( -51.97312358007577870, -20.10104166666664938, 46.02388936497779781 ) ) ;
#547 = DIRECTION ( 'NONE',  ( 0.01564399136149946176, -3.558902209340147734E-16, -0.9998776252793545316 ) ) ;
#548 = ORIENTED_EDGE ( 'NONE', *, *, #588, .F. ) ;
#549 = CARTESIAN_POINT ( 'NONE',  ( -52.92837394140499185, -22.38749999999998508, 47.02685628004979890 ) ) ;
#550 = CARTESIAN_POINT ( 'NONE',  ( -53.52758506260137494, -20.69479166666665293, 47.76308502412518919 ) ) ;
#551 = DIRECTION ( 'NONE',  ( -0.8737414198483284267, 0.000000000000000000, 0.4863907187040343860 ) ) ;
#552 = CARTESIAN_POINT ( 'NONE',  ( -52.33551819169921515, -19.90833333333332078, 46.69682782124414899 ) ) ;
#553 = AXIS2_PLACEMENT_3D ( 'NONE', #244, #814, #1381 ) ;
#554 = CARTESIAN_POINT ( 'NONE',  ( -54.28412700691317383, -20.26770833333331367, 47.31036908560503917 ) ) ;
#555 = AXIS2_PLACEMENT_3D ( 'NONE', #857, #144, #297 ) ;
#556 = FACE_OUTER_BOUND ( 'NONE', #1610, .T. ) ;
#557 = ORIENTED_EDGE ( 'NONE', *, *, #1797, .T. ) ;
#558 = CARTESIAN_POINT ( 'NONE',  ( -52.89652940473889942, -21.72083333333331723, 44.99152917176670030 ) ) ;
#559 = CARTESIAN_POINT ( 'NONE',  ( -51.98691611137643065, -21.61145833333332078, 46.90543187704036399 ) ) ;
#560 = FACE_BOUND ( 'NONE', #581, .T. ) ;
#561 = CARTESIAN_POINT ( 'NONE',  ( -52.92837394140499185, -21.38749999999998153, 47.02685628004979890 ) ) ;
#562 = CARTESIAN_POINT ( 'NONE',  ( -53.47241493739869611, -20.97604166666664938, 44.23691497587492449 ) ) ;
#563 = DIRECTION ( 'NONE',  ( -0.8737414198483282046, 0.000000000000000000, 0.4863907187040346636 ) ) ;
#564 = EDGE_CURVE ( 'NONE', #1799, #969, #18, .T. ) ;
#565 = B_SPLINE_CURVE_WITH_KNOTS ( 'NONE', 3,
 ( #46, #52, #155, #1575 ),
 .UNSPECIFIED., .F., .F.,
 ( 4, 4 ),
 ( 2.380743312975013451E-07, 0.001577535133288763842 ),
 .UNSPECIFIED. ) ;
#566 = VERTEX_POINT ( 'NONE', #457 ) ;
#567 = CARTESIAN_POINT ( 'NONE',  ( -54.07162605859509341, -21.13749999999998508, 44.97314371995032189 ) ) ;
#568 = CARTESIAN_POINT ( 'NONE',  ( -54.98626834398342567, -20.40833333333331723, 45.11061458879022723 ) ) ;
#569 = DIRECTION ( 'NONE',  ( 0.9998776252793545316, 6.777733680059578837E-16, 0.01564399136149946176 ) ) ;
#570 = CARTESIAN_POINT ( 'NONE',  ( -52.33551819169921515, -20.90833333333331723, 46.69682782124414899 ) ) ;
#571 = CARTESIAN_POINT ( 'NONE',  ( -52.71587299308691144, -21.51770833333331723, 44.68963091439508162 ) ) ;
#572 = CARTESIAN_POINT ( 'NONE',  ( -50.77594384266162564, -22.19999999999998508, 44.48358381317446231 ) ) ;
#573 = ORIENTED_EDGE ( 'NONE', *, *, #590, .T. ) ;
#574 = CARTESIAN_POINT ( 'NONE',  ( -54.65032370285504015, -20.59975952641914532, 46.24071881811046580 ) ) ;
#575 = CARTESIAN_POINT ( 'NONE',  ( -52.18938787022754155, -20.57499999999997797, 45.27041392194401226 ) ) ;
#576 = DIRECTION ( 'NONE',  ( -6.721228821374537644E-16, 1.000000000000000000, -3.664497496817873300E-16 ) ) ;
#577 = CARTESIAN_POINT ( 'NONE',  ( -56.19966958825430225, -19.99999999999998579, 45.95776122332401314 ) ) ;
#578 = CARTESIAN_POINT ( 'NONE',  ( -52.75725058698890990, -20.18437499999998153, 47.33425845058278014 ) ) ;
#579 = AXIS2_PLACEMENT_3D ( 'NONE', #848, #1437, #994 ) ;
#580 = FACE_OUTER_BOUND ( 'NONE', #1039, .T. ) ;
#581 = EDGE_LOOP ( 'NONE', ( #1503, #811 ) ) ;
#582 = CARTESIAN_POINT ( 'NONE',  ( -55.04394582776075140, -19.99999999999998934, 43.76931820453967958 ) ) ;
#583 = DIRECTION ( 'NONE',  ( -0.8737414198483282046, 0.000000000000000000, 0.4863907187040346636 ) ) ;
#584 = B_SPLINE_CURVE_WITH_KNOTS ( 'NONE', 3,
 ( #1554, #1292, #10, #854, #582, #1709 ),
 .UNSPECIFIED., .F., .F.,
 ( 4, 2, 4 ),
 ( 0.008329231896840552651, 0.009118608277947772706, 0.009907984659054991025 ),
 .UNSPECIFIED. ) ;
#585 = DIRECTION ( 'NONE',  ( -6.721228821374537644E-16, 1.000000000000000000, -3.664497496817873300E-16 ) ) ;
#586 = CARTESIAN_POINT ( 'NONE',  ( -52.92837394140499185, -20.88749999999998153, 47.02685628004979890 ) ) ;
#587 = CARTESIAN_POINT ( 'NONE',  ( -54.07162605859509341, -20.63749999999998508, 44.97314371995032189 ) ) ;
#588 = EDGE_CURVE ( 'NONE', #1075, #1112, #1808, .T. ) ;
#589 = CARTESIAN_POINT ( 'NONE',  ( -53.55155418569334103, -21.92499999999998295, 44.50088620647486692 ) ) ;
#590 = EDGE_CURVE ( 'NONE', #371, #880, #600, .T. ) ;
#591 = CARTESIAN_POINT ( 'NONE',  ( -52.40096135735843319, -20.41864112765789940, 45.18566849032903576 ) ) ;
#592 = COORDINATED_UNIVERSAL_TIME_OFFSET ( 3, 0, .AHEAD. ) ;
#593 = B_SPLINE_CURVE_WITH_KNOTS ( 'NONE', 3,
 ( #1452, #591, #1771, #1587, #612, #1441, #491, #1190, #157, #730, #26, #1761, #1750, #309, #878, #165, #737, #1310 ),
 .UNSPECIFIED., .F., .F.,
 ( 4, 2, 2, 2, 2, 2, 2, 2, 4 ),
 ( 0.004335761849461425288, 0.004867459016327859399, 0.005399156183194293510, 0.005665004766627520540, 0.005930853350060747570, 0.006462550516927222446, 0.007525944850660170465, 0.008057642017526648812, 0.008589339184393127158 ),
 .UNSPECIFIED. ) ;
#594 = EDGE_LOOP ( 'NONE', ( #75, #999, #653, #230, #501 ) ) ;
#595 = CARTESIAN_POINT ( 'NONE',  ( -53.22326732905159474, -21.79733615458288298, 47.35585545814939934 ) ) ;
#596 = CARTESIAN_POINT ( 'NONE',  ( -53.52758506260137494, -20.19479166666665293, 47.76308502412518919 ) ) ;
#597 = CARTESIAN_POINT ( 'NONE',  ( -52.32490334614384864, -21.36666666666664938, 46.01838545181644946 ) ) ;
#598 = PLANE ( 'NONE',  #1063 ) ;
#599 = CARTESIAN_POINT ( 'NONE',  ( -52.92837394140499185, -20.38749999999998153, 47.02685628004979890 ) ) ;
#600 =( BOUNDED_CURVE ( )  B_SPLINE_CURVE ( 2, ( #1058, #1028, #881, #891, #1454, #1589, #774, #168, #756 ),
 .UNSPECIFIED., .F., .F. ) 
 B_SPLINE_CURVE_WITH_KNOTS ( ( 3, 2, 2, 2, 3 ),
 ( 0.2083333333333331761, 0.2222222222222222099, 0.2500000000000000000, 0.2777777777777777901, 0.2916666666666666852 ),
 .UNSPECIFIED. ) 
 CURVE ( )  GEOMETRIC_REPRESENTATION_ITEM ( )  RATIONAL_B_SPLINE_CURVE ( ( 0.9330127018922194093, 0.9330127018922187432, 1.000000000000000000, 0.8660254037844387076, 1.000000000000000000, 0.8660254037844387076, 1.000000000000000000, 0.9330127018922194093, 0.9330127018922194093 ) ) 
 REPRESENTATION_ITEM ( '' )  );
#601 = CARTESIAN_POINT ( 'NONE',  ( -52.18938787022755577, -21.51249999999998508, 45.27041392194401226 ) ) ;
#602 = CARTESIAN_POINT ( 'NONE',  ( -52.38487987065165186, -21.49017090063072288, 44.91923646018103966 ) ) ;
#603 = CARTESIAN_POINT ( 'NONE',  ( -54.68571149941158893, -20.01249999999998153, 46.66005691761137086 ) ) ;
#604 = ORIENTED_EDGE ( 'NONE', *, *, #59, .F. ) ;
#605 = CARTESIAN_POINT ( 'NONE',  ( -52.38307005142170425, -21.75815561806849274, 46.73325025076135830 ) ) ;
#606 = CARTESIAN_POINT ( 'NONE',  ( -54.27023035986302091, -20.28333333333331723, 47.28714614273030037 ) ) ;
#607 = EDGE_CURVE ( 'NONE', #96, #345, #1423, .T. ) ;
#608 = CARTESIAN_POINT ( 'NONE',  ( -52.31428850058848923, -21.32499999999998863, 45.33994308238874282 ) ) ;
#609 = CYLINDRICAL_SURFACE ( 'NONE', #1369, 1.500000000000001554 ) ;
#610 = CARTESIAN_POINT ( 'NONE',  ( -52.33551819169921515, -21.84583333333331723, 46.69682782124414899 ) ) ;
#611 = CARTESIAN_POINT ( 'NONE',  ( -55.78568709693736594, -22.09289401157886701, 47.77873695051867031 ) ) ;
#612 = CARTESIAN_POINT ( 'NONE',  ( -52.94144568425867448, -20.39329830197148397, 44.72387266423756103 ) ) ;
#613 = CARTESIAN_POINT ( 'NONE',  ( -54.10347059526117874, -19.97083333333331723, 47.00847082823342049 ) ) ;
#614 = CONICAL_SURFACE ( 'NONE', #973, 2.699999999999997069, 1.047197551196600074 ) ;
#615 = ORIENTED_EDGE ( 'NONE', *, *, #170, .T. ) ;
#616 = AXIS2_PLACEMENT_3D ( 'NONE', #1127, #1425, #563 ) ;
#617 = EDGE_CURVE ( 'NONE', #1333, #1010, #621, .T. ) ;
#618 = CONICAL_SURFACE ( 'NONE', #1749, 2.699999999999997069, 1.047197551196600074 ) ;
#619 = DIRECTION ( 'NONE',  ( -0.8737414198483282046, 0.000000000000000000, 0.4863907187040346636 ) ) ;
#620 = CARTESIAN_POINT ( 'NONE',  ( -53.50000000000004263, -19.99999999999998224, 46.00000000000006395 ) ) ;
#621 = B_SPLINE_CURVE_WITH_KNOTS ( 'NONE', 3,
 ( #1173, #1444, #1601, #1049, #1334, #1065 ),
 .UNSPECIFIED., .F., .F.,
 ( 4, 2, 4 ),
 ( 0.001577535133288763408, 0.002363237594559253196, 0.003148940055829742984 ),
 .UNSPECIFIED. ) ;
#622 = CARTESIAN_POINT ( 'NONE',  ( -54.68571149941158893, -20.51249999999998863, 46.66005691761137086 ) ) ;
#623 = CARTESIAN_POINT ( 'NONE',  ( -53.74394942242766149, -21.89961252605004915, 44.53290511717621314 ) ) ;
#624 = DIRECTION ( 'NONE',  ( -6.721228821374537644E-16, 1.000000000000000000, -3.664497496817873300E-16 ) ) ;
#625 = CARTESIAN_POINT ( 'NONE',  ( -52.89652940473889942, -20.22083333333331723, 44.99152917176670030 ) ) ;
#626 = EDGE_LOOP ( 'NONE', ( #1650, #1101, #951, #845 ) ) ;
#627 = CARTESIAN_POINT ( 'NONE',  ( -53.05153385572609892, -21.79066425568677445, 47.30233891693937665 ) ) ;
#628 = DIRECTION ( 'NONE',  ( -0.8737414198483282046, 0.000000000000000000, 0.4863907187040346636 ) ) ;
#629 = CARTESIAN_POINT ( 'NONE',  ( -53.47877030888930960, -20.74166666666665293, 44.64311526114465067 ) ) ;
#630 = B_SPLINE_CURVE_WITH_KNOTS ( 'NONE', 3,
 ( #958, #1110, #387, #1070 ),
 .UNSPECIFIED., .F., .F.,
 ( 4, 4 ),
 ( 2.380743312975013186E-07, 0.001577535133288763408 ),
 .UNSPECIFIED. ) ;
#631 = CARTESIAN_POINT ( 'NONE',  ( -54.96067731389332067, -21.88332616407283382, 46.12742186272030409 ) ) ;
#632 = CARTESIAN_POINT ( 'NONE',  ( -54.46005585293259799, -21.78708489685449479, 45.02897802623740375 ) ) ;
#633 = CARTESIAN_POINT ( 'NONE',  ( -54.81325494050093283, -19.99999999999998579, 43.64089816640957764 ) ) ;
#634 = CARTESIAN_POINT ( 'NONE',  ( -54.67509665385622952, -21.61666666666665293, 45.98161454818367844 ) ) ;
#635 = VERTEX_POINT ( 'NONE', #1040 ) ;
#636 = DIRECTION ( 'NONE',  ( -6.721228821374537644E-16, 1.000000000000000000, -3.664497496817873300E-16 ) ) ;
#637 = CARTESIAN_POINT ( 'NONE',  ( -53.52122969111076856, -21.49166666666665293, 47.35688473885546301 ) ) ;
#638 = CARTESIAN_POINT ( 'NONE',  ( -53.50000000000004263, -19.99999999999998224, 46.00000000000006395 ) ) ;
#639 = CARTESIAN_POINT ( 'NONE',  ( -54.66448180830087011, -20.59583333333331723, 45.30317217875597180 ) ) ;
#640 = DIRECTION ( 'NONE',  ( -0.7566822659273380047, -0.4999999999999983347, 0.4212267185626655808 ) ) ;
#641 = ORIENTED_EDGE ( 'NONE', *, *, #1170, .T. ) ;
#642 = AXIS2_PLACEMENT_3D ( 'NONE', #1670, #393, #873 ) ;
#643 = ORIENTED_EDGE ( 'NONE', *, *, #702, .F. ) ;
#644 = CARTESIAN_POINT ( 'NONE',  ( -52.64664943084644477, -21.68572743013127280, 45.04895420542622730 ) ) ;
#645 = CARTESIAN_POINT ( 'NONE',  ( -52.33551819169921515, -20.40833333333331723, 46.69682782124414899 ) ) ;
#646 = EDGE_CURVE ( 'NONE', #521, #1084, #101, .T. ) ;
#647 = PERSON_AND_ORGANIZATION ( #1254, #1723 ) ;
#648 = CARTESIAN_POINT ( 'NONE',  ( -50.82471698082994749, -20.24115427318799121, 47.60089374017775299 ) ) ;
#649 = ADVANCED_FACE ( 'NONE', ( #180 ), #618, .T. ) ;
#650 = EDGE_CURVE ( 'NONE', #345, #1057, #1198, .T. ) ;
#651 = ORIENTED_EDGE ( 'NONE', *, *, #702, .T. ) ;
#652 = ORIENTED_EDGE ( 'NONE', *, *, #76, .T. ) ;
#653 = ORIENTED_EDGE ( 'NONE', *, *, #1120, .T. ) ;
#654 = CARTESIAN_POINT ( 'NONE',  ( -53.84127666927093969, -21.63462350999894923, 44.82103616716498351 ) ) ;
#655 = CARTESIAN_POINT ( 'NONE',  ( -54.07162605859509341, -22.19999999999998508, 44.97314371995032189 ) ) ;
#656 = MANIFOLD_SOLID_BREP ( 'Stok-All Terrain Robot-1', #12 ) ;
#657 = CONICAL_SURFACE ( 'NONE', #388, 1.774999999999997913, 0.7853981633974463916 ) ;
#658 = CARTESIAN_POINT ( 'NONE',  ( -54.36002188548099667, -20.56938165925381412, 46.86122883179189103 ) ) ;
#659 = CARTESIAN_POINT ( 'NONE',  ( -56.22405615733845963, -20.24115427318799476, 47.51641618682564427 ) ) ;
#660 = CARTESIAN_POINT ( 'NONE',  ( -54.65032370285504015, -20.59975952641914532, 46.24071881811046580 ) ) ;
#661 = CARTESIAN_POINT ( 'NONE',  ( -52.77041392194399094, -21.69999999999997797, 47.31061212977255792 ) ) ;
#662 = EDGE_LOOP ( 'NONE', ( #908, #511, #1218, #1685, #466, #354 ) ) ;
#663 = ORIENTED_EDGE ( 'NONE', *, *, #671, .F. ) ;
#664 = CARTESIAN_POINT ( 'NONE',  ( -54.11650686370100516, -21.62238106082509859, 44.96827823330276885 ) ) ;
#665 = CARTESIAN_POINT ( 'NONE',  ( -53.52122969111076856, -20.99166666666665293, 47.35688473885546301 ) ) ;
#666 = EDGE_CURVE ( 'NONE', #969, #670, #260, .T. ) ;
#667 = DIRECTION ( 'NONE',  ( -6.721228821374537644E-16, 1.000000000000000000, -3.664497496817873300E-16 ) ) ;
#668 = CARTESIAN_POINT ( 'NONE',  ( -54.27023035986302091, -20.78333333333331723, 47.28714614273030037 ) ) ;
#669 = CARTESIAN_POINT ( 'NONE',  ( -53.52758506260137494, -21.72604166666664938, 47.76308502412519630 ) ) ;
#670 = VERTEX_POINT ( 'NONE', #794 ) ;
#671 = EDGE_CURVE ( 'NONE', #1553, #209, #943, .T. ) ;
#672 = ORIENTED_EDGE ( 'NONE', *, *, #1835, .T. ) ;
#673 = ORIENTED_EDGE ( 'NONE', *, *, #216, .T. ) ;
#674 = FACE_OUTER_BOUND ( 'NONE', #114, .T. ) ;
#675 = CARTESIAN_POINT ( 'NONE',  ( -53.52122969111076856, -19.99166666666665293, 47.35688473885546301 ) ) ;
#676 = EDGE_CURVE ( 'NONE', #1228, #503, #525, .T. ) ;
#677 = FACE_OUTER_BOUND ( 'NONE', #370, .T. ) ;
#678 = CARTESIAN_POINT ( 'NONE',  ( -54.66448180830087011, -21.15833333333331723, 45.30317217875597180 ) ) ;
#679 = PERSON_AND_ORGANIZATION ( #1254, #1723 ) ;
#680 = CARTESIAN_POINT ( 'NONE',  ( -52.38487987065165896, -21.05267090063072644, 44.91923646018103256 ) ) ;
#681 = ORIENTED_EDGE ( 'NONE', *, *, #1135, .T. ) ;
#682 = CARTESIAN_POINT ( 'NONE',  ( -52.38487987065166607, -20.49017090063072999, 44.91923646018103256 ) ) ;
#683 = CARTESIAN_POINT ( 'NONE',  ( -51.98691611137643065, -22.61145833333332078, 46.90543187704036399 ) ) ;
#684 = CARTESIAN_POINT ( 'NONE',  ( -52.17979153344730747, -20.45647387288622809, 46.15321161146066231 ) ) ;
#685 = CARTESIAN_POINT ( 'NONE',  ( -52.32490334614384864, -20.36666666666664938, 46.01838545181644946 ) ) ;
#686 = CARTESIAN_POINT ( 'NONE',  ( -55.01308388862364041, -19.89270833333331367, 45.09456812295975681 ) ) ;
#687 = AXIS2_PLACEMENT_3D ( 'NONE', #757, #1314, #716 ) ;
#688 = CARTESIAN_POINT ( 'NONE',  ( -53.54877313816835027, -22.19999999999998508, 49.11730992700334042 ) ) ;
#689 = EDGE_LOOP ( 'NONE', ( #604, #643, #513 ) ) ;
#690 = CARTESIAN_POINT ( 'NONE',  ( -54.81061212977252950, -20.82499999999997797, 46.72958607805610853 ) ) ;
#691 = CARTESIAN_POINT ( 'NONE',  ( -54.28412700691317383, -20.73645833333331723, 47.31036908560503917 ) ) ;
#692 = CARTESIAN_POINT ( 'NONE',  ( -53.50000000000004263, -19.99999999999998224, 46.00000000000006395 ) ) ;
#693 = CARTESIAN_POINT ( 'NONE',  ( -54.66448180830087011, -21.09583333333332433, 45.30317217875597180 ) ) ;
#694 = CARTESIAN_POINT ( 'NONE',  ( -55.02687641992431367, -20.35104166666664938, 45.97611063502232298 ) ) ;
#695 = CARTESIAN_POINT ( 'NONE',  ( -52.38487987065165896, -20.99017090063072644, 44.91923646018103256 ) ) ;
#696 = EDGE_LOOP ( 'NONE', ( #1136, #1350, #210, #1675 ) ) ;
#697 = CARTESIAN_POINT ( 'NONE',  ( -54.07162605859509341, -21.63749999999998153, 44.97314371995032189 ) ) ;
#698 = CARTESIAN_POINT ( 'NONE',  ( -52.92837394140499185, -19.94999999999998153, 47.02685628004979890 ) ) ;
#699 = DIRECTION ( 'NONE',  ( -0.8737414198483282046, 0.000000000000000000, 0.4863907187040346636 ) ) ;
#700 = CARTESIAN_POINT ( 'NONE',  ( -54.68571149941158893, -20.07499999999998508, 46.66005691761137086 ) ) ;
#701 = VECTOR ( 'NONE', #171, 1000.000000000000000 ) ;
#702 = EDGE_CURVE ( 'NONE', #1333, #960, #227, .T. ) ;
#703 = CARTESIAN_POINT ( 'NONE',  ( -52.75725058698890990, -21.68437499999998153, 47.33425845058278014 ) ) ;
#704 = AXIS2_PLACEMENT_3D ( 'NONE', #427, #1255, #1119 ) ;
#705 = DIRECTION ( 'NONE',  ( -6.721228821374537644E-16, 1.000000000000000000, -3.664497496817873300E-16 ) ) ;
#706 = AXIS2_PLACEMENT_3D ( 'NONE', #744, #200, #1755 ) ;
#707 = EDGE_LOOP ( 'NONE', ( #1537, #167, #1718 ) ) ;
#708 = CARTESIAN_POINT ( 'NONE',  ( -52.31428850058848923, -21.26249999999998508, 45.33994308238874282 ) ) ;
#709 = CARTESIAN_POINT ( 'NONE',  ( -52.71587299308691144, -21.48645833333332078, 44.68963091439508162 ) ) ;
#710 = DIRECTION ( 'NONE',  ( 6.721228821374537644E-16, -1.000000000000000000, 3.664497496817873300E-16 ) ) ;
#711 = CARTESIAN_POINT ( 'NONE',  ( -54.10347059526117874, -21.03333333333331723, 47.00847082823342049 ) ) ;
#712 = CARTESIAN_POINT ( 'NONE',  ( -53.47241493739870322, -19.97604166666665293, 44.23691497587491739 ) ) ;
#713 = CARTESIAN_POINT ( 'NONE',  ( -53.50000000000004263, -22.19999999999998508, 46.00000000000006395 ) ) ;
#714 = ORIENTED_EDGE ( 'NONE', *, *, #1663, .F. ) ;
#715 = CARTESIAN_POINT ( 'NONE',  ( -53.50000000000004263, -20.27499999999998437, 46.00000000000006395 ) ) ;
#716 = DIRECTION ( 'NONE',  ( -0.8737414198483284267, 0.000000000000000000, 0.4863907187040341640 ) ) ;
#717 = B_SPLINE_CURVE_WITH_KNOTS ( 'NONE', 3,
 ( #589, #623, #1158, #1025, #1586, #1188, #632, #1725, #1760, #482, #1714, #308, #1470, #876 ),
 .UNSPECIFIED., .F., .F.,
 ( 4, 2, 2, 2, 2, 2, 4 ),
 ( 0.0002105597823980119934, 0.0008005731235029507663, 0.001095579794055420112, 0.001390586464607889566, 0.001980599805712817199, 0.002275606476265281015, 0.002570613146817744832 ),
 .UNSPECIFIED. ) ;
#718 = CARTESIAN_POINT ( 'NONE',  ( -53.50000000000004263, -19.99999999999998224, 46.00000000000006395 ) ) ;
#719 = DIRECTION ( 'NONE',  ( 0.4863907187040345526, 6.470966562902921692E-16, 0.8737414198483284267 ) ) ;
#720 = CARTESIAN_POINT ( 'NONE',  ( -51.97312358007577870, -19.60104166666664938, 46.02388936497779781 ) ) ;
#721 = DIRECTION ( 'NONE',  ( -0.8737414198483282046, 0.000000000000000000, 0.4863907187040346636 ) ) ;
#722 = ORIENTED_EDGE ( 'NONE', *, *, #1081, .F. ) ;
#723 = CARTESIAN_POINT ( 'NONE',  ( -54.68240251693296727, -20.59975952641914532, 46.08742369775812620 ) ) ;
#724 = DIRECTION ( 'NONE',  ( -0.8737414198483282046, 0.000000000000000000, 0.4863907187040346636 ) ) ;
#725 = FACE_OUTER_BOUND ( 'NONE', #707, .T. ) ;
#726 = CARTESIAN_POINT ( 'NONE',  ( -53.91331436801591082, -21.90491548403038280, 44.51332705766028397 ) ) ;
#727 = EDGE_CURVE ( 'NONE', #1799, #1112, #1823, .T. ) ;
#728 = CARTESIAN_POINT ( 'NONE',  ( -54.66448180830087011, -21.09583333333332433, 45.30317217875597180 ) ) ;
#729 =( BOUNDED_CURVE ( )  B_SPLINE_CURVE ( 2, ( #1674, #1535, #1655, #1519, #661, #64, #1111, #948, #790 ),
 .UNSPECIFIED., .F., .F. ) 
 B_SPLINE_CURVE_WITH_KNOTS ( ( 3, 2, 2, 2, 3 ),
 ( 0.1250000000000001943, 0.1388888888888888951, 0.1666666666666666574, 0.1944444444444444475, 0.2083333333333331761 ),
 .UNSPECIFIED. ) 
 CURVE ( )  GEOMETRIC_REPRESENTATION_ITEM ( )  RATIONAL_B_SPLINE_CURVE ( ( 0.9330127018922194093, 0.9330127018922202975, 1.000000000000000000, 0.8660254037844387076, 1.000000000000000000, 0.8660254037844387076, 1.000000000000000000, 0.9330127018922200755, 0.9330127018922194093 ) ) 
 REPRESENTATION_ITEM ( '' )  );
#730 = CARTESIAN_POINT ( 'NONE',  ( -53.81224706829514304, -20.36023522410994957, 44.60873059232471860 ) ) ;
#731 = APPROVAL_DATE_TIME ( #334, #1603 ) ;
#732 = ORIENTED_EDGE ( 'NONE', *, *, #335, .F. ) ;
#733 = CARTESIAN_POINT ( 'NONE',  ( -51.97312358007577870, -20.06979166666665293, 46.02388936497779781 ) ) ;
#734 = CARTESIAN_POINT ( 'NONE',  ( -53.50000000000004263, -19.99999999999998224, 46.00000000000006395 ) ) ;
#735 = DIRECTION ( 'NONE',  ( 0.6178284829783134979, 0.7071067811865491270, -0.3439301755018209228 ) ) ;
#736 = CARTESIAN_POINT ( 'NONE',  ( -52.31428850058848923, -19.76249999999998508, 45.33994308238874282 ) ) ;
#737 = CARTESIAN_POINT ( 'NONE',  ( -54.96136738519965093, -20.28116359839913585, 46.35676608749803052 ) ) ;
#738 =( BOUNDED_CURVE ( )  B_SPLINE_CURVE ( 2, ( #459, #1756, #768, #489, #22, #479, #1059, #745, #50 ),
 .UNSPECIFIED., .F., .T. ) 
 B_SPLINE_CURVE_WITH_KNOTS ( ( 3, 2, 2, 2, 3 ),
 ( 0.2916666666666666852, 0.3055555555555555802, 0.3333333333333333148, 0.3611111111111111049, 0.3750000000000000000 ),
 .UNSPECIFIED. ) 
 CURVE ( )  GEOMETRIC_REPRESENTATION_ITEM ( )  RATIONAL_B_SPLINE_CURVE ( ( 0.9330127018922194093, 0.9330127018922194093, 1.000000000000000000, 0.8660254037844387076, 1.000000000000000000, 0.8660254037844387076, 1.000000000000000000, 0.9330127018922194093, 0.9330127018922194093 ) ) 
 REPRESENTATION_ITEM ( '' )  );
#739 = PERSON_AND_ORGANIZATION_ROLE ( 'design_supplier' ) ;
#740 = B_SPLINE_CURVE_WITH_KNOTS ( 'NONE', 3,
 ( #542, #792, #78, #1811, #664, #654, #533, #1113, #382, #644, #1221, #220 ),
 .UNSPECIFIED., .F., .F.,
 ( 4, 2, 2, 2, 2, 4 ),
 ( 0.000000000000000000, 0.0003121154648004148611, 0.0006242309296008297223, 0.001248461859201640579, 0.001872692788802451545, 0.002496923718403262944 ),
 .UNSPECIFIED. ) ;
#741 = EDGE_CURVE ( 'NONE', #670, #236, #31, .T. ) ;
#742 = VECTOR ( 'NONE', #1014, 1000.000000000000000 ) ;
#743 = ORIENTED_EDGE ( 'NONE', *, *, #59, .T. ) ;
#744 = CARTESIAN_POINT ( 'NONE',  ( -53.50000000000004263, -22.19999999999998508, 46.00000000000006395 ) ) ;
#745 = CARTESIAN_POINT ( 'NONE',  ( -51.99389586980343836, -21.09732909936924017, 45.62159138370697775 ) ) ;
#746 = DIRECTION ( 'NONE',  ( -0.8580974284868290169, -7.649140651687060857E-16, -0.5134869065753200346 ) ) ;
#747 = CARTESIAN_POINT ( 'NONE',  ( -52.32490334614384864, -20.30416666666664938, 46.01838545181644946 ) ) ;
#748 = ADVANCED_FACE ( 'NONE', ( #1251 ), #1507, .F. ) ;
#749 = CC_DESIGN_PERSON_AND_ORGANIZATION_ASSIGNMENT ( #254, #824, ( #198 ) ) ;
#750 = CARTESIAN_POINT ( 'NONE',  ( -54.81061212977253660, -22.19999999999998508, 46.72958607805611564 ) ) ;
#751 = CARTESIAN_POINT ( 'NONE',  ( -56.19139650495090166, -22.17690802248750614, 45.42899137833999390 ) ) ;
#752 = CARTESIAN_POINT ( 'NONE',  ( -52.32490334614384864, -20.30416666666664938, 46.01838545181644946 ) ) ;
#753 = SHAPE_DEFINITION_REPRESENTATION ( #929, #1230 ) ;
#754 = DESIGN_CONTEXT ( 'detailed design', #1819, 'design' ) ;
#755 = ORIENTED_EDGE ( 'NONE', *, *, #473, .T. ) ;
#756 = CARTESIAN_POINT ( 'NONE',  ( -54.81061212977252950, -21.32499999999998153, 46.72958607805610853 ) ) ;
#757 = CARTESIAN_POINT ( 'NONE',  ( -53.50000000000004263, -21.92499999999998295, 46.00000000000006395 ) ) ;
#758 = CARTESIAN_POINT ( 'NONE',  ( -52.92837394140499185, -21.44999999999998153, 47.02685628004979890 ) ) ;
#759 = CARTESIAN_POINT ( 'NONE',  ( -53.50000000000004263, -22.19999999999998508, 46.00000000000006395 ) ) ;
#760 = CARTESIAN_POINT ( 'NONE',  ( -52.33672625751811580, -21.70679043068158975, 45.45436874297224961 ) ) ;
#761 = EDGE_CURVE ( 'NONE', #765, #1553, #130, .T. ) ;
#762 = DIRECTION ( 'NONE',  ( -0.8737414198483282046, 0.000000000000000000, 0.4863907187040346636 ) ) ;
#763 = CARTESIAN_POINT ( 'NONE',  ( -52.31428850058848923, -21.82499999999998508, 45.33994308238874282 ) ) ;
#764 = CONICAL_SURFACE ( 'NONE', #1806, 1.774999999999997913, 0.7853981633974463916 ) ;
#765 = VERTEX_POINT ( 'NONE', #833 ) ;
#766 = CARTESIAN_POINT ( 'NONE',  ( -54.75521914338799689, -21.86160254037842421, 46.69875014210681030 ) ) ;
#767 = CIRCLE ( 'NONE', #1626, 1.775000000000001243 ) ;
#768 = CARTESIAN_POINT ( 'NONE',  ( -54.27023035986302091, -21.28333333333331723, 47.28714614273030037 ) ) ;
#769 = CARTESIAN_POINT ( 'NONE',  ( -52.89652940473889942, -20.78333333333331723, 44.99152917176670030 ) ) ;
#770 = CARTESIAN_POINT ( 'NONE',  ( -52.32490334614384864, -21.30416666666664938, 46.01838545181644946 ) ) ;
#771 = CARTESIAN_POINT ( 'NONE',  ( -54.89270372566301859, -21.87282537246412772, 46.42387968490795913 ) ) ;
#772 = CARTESIAN_POINT ( 'NONE',  ( -53.47877030888930960, -21.74166666666665293, 44.64311526114465067 ) ) ;
#773 = ORIENTED_EDGE ( 'NONE', *, *, #1578, .F. ) ;
#774 = CARTESIAN_POINT ( 'NONE',  ( -54.99981643791906549, -21.36666666666664938, 45.97653401295781350 ) ) ;
#775 = CC_DESIGN_APPROVAL ( #1739, ( #1308 ) ) ;
#776 = CARTESIAN_POINT ( 'NONE',  ( -56.21607754144277891, -20.09392662748270553, 47.00646707406765046 ) ) ;
#777 = CARTESIAN_POINT ( 'NONE',  ( -54.68571149941158893, -21.57499999999998508, 46.66005691761137086 ) ) ;
#778 = CARTESIAN_POINT ( 'NONE',  ( -54.97067459218494889, -21.88806408640668977, 45.97152092472703089 ) ) ;
#779 = LINE ( 'NONE', #1491, #1074 ) ;
#780 = CARTESIAN_POINT ( 'NONE',  ( -54.81061212977252950, -20.76249999999998153, 46.72958607805611564 ) ) ;
#781 = CARTESIAN_POINT ( 'NONE',  ( -52.92837394140499185, -20.38749999999998153, 47.02685628004979890 ) ) ;
#782 = ORIENTED_EDGE ( 'NONE', *, *, #117, .F. ) ;
#783 = EDGE_CURVE ( 'NONE', #819, #106, #1261, .T. ) ;
#784 = CARTESIAN_POINT ( 'NONE',  ( -53.98641271650627260, -20.09392662748270197, 48.85542568657164253 ) ) ;
#785 = CARTESIAN_POINT ( 'NONE',  ( -52.32490334614384864, -21.86666666666664938, 46.01838545181644946 ) ) ;
#786 = EDGE_CURVE ( 'NONE', #969, #1075, #965, .T. ) ;
#787 = ADVANCED_FACE ( 'NONE', ( #804 ), #1296, .T. ) ;
#788 =( NAMED_UNIT ( * ) SI_UNIT ( $, .STERADIAN. ) SOLID_ANGLE_UNIT ( ) );
#789 = CARTESIAN_POINT ( 'NONE',  ( -54.81061212977252950, -20.82499999999997797, 46.72958607805610853 ) ) ;
#790 = CARTESIAN_POINT ( 'NONE',  ( -52.18938787022755577, -21.57499999999998508, 45.27041392194401226 ) ) ;
#791 = ORIENTED_EDGE ( 'NONE', *, *, #1443, .F. ) ;
#792 = CARTESIAN_POINT ( 'NONE',  ( -54.42028092665711370, -21.60496855156513618, 45.25400936620334136 ) ) ;
#793 = CIRCLE ( 'NONE', #910, 2.699999999999997069 ) ;
#794 = CARTESIAN_POINT ( 'NONE',  ( -54.60709443765972537, -21.92499999999998295, 44.98790222502820058 ) ) ;
#795 = COORDINATED_UNIVERSAL_TIME_OFFSET ( 3, 0, .AHEAD. ) ;
#796 = CARTESIAN_POINT ( 'NONE',  ( -50.79202087732271309, -19.99999999999997868, 45.51113917721186652 ) ) ;
#797 = VERTEX_POINT ( 'NONE', #1525 ) ;
#798 = ORIENTED_EDGE ( 'NONE', *, *, #76, .F. ) ;
#799 = EDGE_CURVE ( 'NONE', #219, #1665, #1209, .T. ) ;
#800 =( BOUNDED_CURVE ( )  B_SPLINE_CURVE ( 2, ( #1804, #1770, #668, #1624, #913, #1786, #1089, #1224, #206 ),
 .UNSPECIFIED., .F., .F. ) 
 B_SPLINE_CURVE_WITH_KNOTS ( ( 3, 2, 2, 2, 3 ),
 ( 0.4583333333333332593, 0.4722222222222222099, 0.5000000000000000000, 0.5277777777777777901, 0.5416666666666666297 ),
 .UNSPECIFIED. ) 
 CURVE ( )  GEOMETRIC_REPRESENTATION_ITEM ( )  RATIONAL_B_SPLINE_CURVE ( ( 0.9330127018922194093, 0.9330127018922190762, 1.000000000000000000, 0.8660254037844387076, 1.000000000000000000, 0.8660254037844387076, 1.000000000000000000, 0.9330127018922196314, 0.9330127018922194093 ) ) 
 REPRESENTATION_ITEM ( '' )  );
#801 = ORIENTED_EDGE ( 'NONE', *, *, #1779, .T. ) ;
#802 = CARTESIAN_POINT ( 'NONE',  ( -52.77041392194399094, -21.13749999999998153, 47.31061212977255792 ) ) ;
#803 = CARTESIAN_POINT ( 'NONE',  ( -54.67509665385622952, -21.11666666666665293, 45.98161454818367844 ) ) ;
#804 = FACE_OUTER_BOUND ( 'NONE', #1285, .T. ) ;
#805 = APPROVAL_DATE_TIME ( #238, #450 ) ;
#806 = CARTESIAN_POINT ( 'NONE',  ( -53.50000000000004263, -22.19999999999998508, 46.00000000000006395 ) ) ;
#807 = CARTESIAN_POINT ( 'NONE',  ( -54.65232252909782318, -20.37163239782530866, 46.81526160806288317 ) ) ;
#808 = B_SPLINE_CURVE_WITH_KNOTS ( 'NONE', 3,
 ( #1459, #1318, #34, #1045, #331, #92 ),
 .UNSPECIFIED., .F., .F.,
 ( 4, 2, 4 ),
 ( 0.009907984659054989290, 0.01069673062697429691, 0.01148547659489360280 ),
 .UNSPECIFIED. ) ;
#809 = ORIENTED_EDGE ( 'NONE', *, *, #82, .F. ) ;
#810 = ADVANCED_FACE ( 'NONE', ( #677 ), #1242, .F. ) ;
#811 = ORIENTED_EDGE ( 'NONE', *, *, #508, .T. ) ;
#812 = CARTESIAN_POINT ( 'NONE',  ( -52.72976964013706436, -20.47083333333332078, 44.71285385726982042 ) ) ;
#813 = CARTESIAN_POINT ( 'NONE',  ( -55.04066895122497272, -22.27812499999998863, 46.85765314708488916 ) ) ;
#814 = DIRECTION ( 'NONE',  ( -6.721228821374537644E-16, 1.000000000000000000, -3.664497496817873300E-16 ) ) ;
#815 = CARTESIAN_POINT ( 'NONE',  ( -52.31428850058848923, -20.82499999999998508, 45.33994308238874282 ) ) ;
#816 = CARTESIAN_POINT ( 'NONE',  ( -54.68299404039127154, -21.60024047358081845, 45.92437325328472042 ) ) ;
#817 = CARTESIAN_POINT ( 'NONE',  ( -50.77594384266163274, -20.24115427318799121, 44.48358381317446231 ) ) ;
#818 = ORIENTED_EDGE ( 'NONE', *, *, #1189, .T. ) ;
#819 = VERTEX_POINT ( 'NONE', #1703 ) ;
#820 = DIRECTION ( 'NONE',  ( -0.8737414198483282046, 0.000000000000000000, 0.4863907187040346636 ) ) ;
#821 = CARTESIAN_POINT ( 'NONE',  ( -51.95933104877510544, -21.02812499999998508, 45.14234685291523164 ) ) ;
#822 = AXIS2_PLACEMENT_3D ( 'NONE', #136, #1549, #1582 ) ;
#823 = DIRECTION ( 'NONE',  ( -0.8737414198483299810, 0.000000000000000000, 0.4863907187040316660 ) ) ;
#824 = PERSON_AND_ORGANIZATION_ROLE ( 'creator' ) ;
#825 = VECTOR ( 'NONE', #1834, 1000.000000000000000 ) ;
#826 = EDGE_CURVE ( 'NONE', #96, #1291, #950, .T. ) ;
#827 = CARTESIAN_POINT ( 'NONE',  ( -54.66448180830087011, -22.09583333333331723, 45.30317217875597180 ) ) ;
#828 = ORIENTED_EDGE ( 'NONE', *, *, #1406, .F. ) ;
#829 = EDGE_LOOP ( 'NONE', ( #1183, #959, #1237, #1630 ) ) ;
#830 = CARTESIAN_POINT ( 'NONE',  ( -55.04394582776075140, -22.19999999999998508, 43.76931820453967958 ) ) ;
#831 = CARTESIAN_POINT ( 'NONE',  ( -55.02687641992430656, -20.81979166666665293, 45.97611063502232298 ) ) ;
#832 = B_SPLINE_CURVE_WITH_KNOTS ( 'NONE', 3,
 ( #1034, #1016, #1451, #1166, #1053, #1616 ),
 .UNSPECIFIED., .F., .F.,
 ( 4, 2, 4 ),
 ( 0.001577535133288769263, 0.002363237594559263605, 0.003148940055829758163 ),
 .UNSPECIFIED. ) ;
#833 = CARTESIAN_POINT ( 'NONE',  ( -54.88641464775340495, -19.99999999999998224, 48.31686305691449235 ) ) ;
#834 = CARTESIAN_POINT ( 'NONE',  ( -52.92837394140499185, -21.44999999999998153, 47.02685628004979890 ) ) ;
#835 = CARTESIAN_POINT ( 'NONE',  ( -51.95933104877510544, -19.55937499999998153, 45.14234685291523164 ) ) ;
#836 = CARTESIAN_POINT ( 'NONE',  ( -51.04656415721161267, -22.03214174099495537, 47.72439069832979897 ) ) ;
#837 = B_SPLINE_CURVE_WITH_KNOTS ( 'NONE', 3,
 ( #1042, #911, #1345, #1497 ),
 .UNSPECIFIED., .F., .F.,
 ( 4, 4 ),
 ( 2.380743312986839619E-07, 0.001577535133288766227 ),
 .UNSPECIFIED. ) ;
#838 = ORIENTED_EDGE ( 'NONE', *, *, #783, .T. ) ;
#839 = DIRECTION ( 'NONE',  ( -6.721228821374538630E-16, 1.000000000000000000, -3.664497496817873793E-16 ) ) ;
#840 = CARTESIAN_POINT ( 'NONE',  ( -51.95933104877510544, -20.52812499999998508, 45.14234685291523164 ) ) ;
#841 = CARTESIAN_POINT ( 'NONE',  ( -53.50000000000004263, -21.92499999999998295, 46.00000000000006395 ) ) ;
#842 = CARTESIAN_POINT ( 'NONE',  ( -52.89652940473889942, -20.78333333333331723, 44.99152917176670030 ) ) ;
#843 = CARTESIAN_POINT ( 'NONE',  ( -54.07162605859509341, -22.13749999999998508, 44.97314371995032189 ) ) ;
#844 = CARTESIAN_POINT ( 'NONE',  ( -52.11358535224668032, -19.99999999999998224, 43.68313694308562845 ) ) ;
#845 = ORIENTED_EDGE ( 'NONE', *, *, #122, .F. ) ;
#846 = CARTESIAN_POINT ( 'NONE',  ( -52.33551819169921515, -21.34583333333331723, 46.69682782124414899 ) ) ;
#847 = CARTESIAN_POINT ( 'NONE',  ( -51.95933104877510544, -22.02812499999998508, 45.14234685291523164 ) ) ;
#848 = CARTESIAN_POINT ( 'NONE',  ( -53.50000000000004263, -22.19999999999998508, 46.00000000000006395 ) ) ;
#849 = CARTESIAN_POINT ( 'NONE',  ( -54.67509665385622952, -20.61666666666665293, 45.98161454818367844 ) ) ;
#850 = CARTESIAN_POINT ( 'NONE',  ( -55.04066895122497272, -20.80937499999998508, 46.85765314708488916 ) ) ;
#851 = AXIS2_PLACEMENT_3D ( 'NONE', #323, #1061, #762 ) ;
#852 = CARTESIAN_POINT ( 'NONE',  ( -53.54877313816835027, -21.95884572681197255, 49.11730992700334042 ) ) ;
#853 = ORIENTED_EDGE ( 'NONE', *, *, #283, .T. ) ;
#854 = CARTESIAN_POINT ( 'NONE',  ( -55.27746116706097013, -20.02334579185217933, 43.89931054681682099 ) ) ;
#855 = CARTESIAN_POINT ( 'NONE',  ( -53.47290381212875587, -20.49166666666664938, 44.26816115166490562 ) ) ;
#856 = ADVANCED_FACE ( 'NONE', ( #1294 ), #256, .T. ) ;
#857 = CARTESIAN_POINT ( 'NONE',  ( -53.50000000000004263, -22.19999999999998508, 46.00000000000006395 ) ) ;
#858 = CARTESIAN_POINT ( 'NONE',  ( -53.45122686183172789, -22.19999999999998508, 42.88269007299677327 ) ) ;
#859 = CARTESIAN_POINT ( 'NONE',  ( -55.01308388862363330, -20.89270833333331723, 45.09456812295975681 ) ) ;
#860 = VECTOR ( 'NONE', #185, 1000.000000000000000 ) ;
#861 = CARTESIAN_POINT ( 'NONE',  ( -51.72754934559358730, -22.17729671335746033, 48.10347868440859997 ) ) ;
#862 = VERTEX_POINT ( 'NONE', #1556 ) ;
#863 = EDGE_CURVE ( 'NONE', #862, #1360, #1536, .T. ) ;
#864 = CARTESIAN_POINT ( 'NONE',  ( -56.17528301917014488, -21.95884572681197255, 44.39910625982237491 ) ) ;
#865 = CARTESIAN_POINT ( 'NONE',  ( -53.50000000000004263, -22.19999999999998508, 46.00000000000006395 ) ) ;
#866 = B_SPLINE_CURVE_WITH_KNOTS ( 'NONE', 3,
 ( #1796, #1210, #1091, #1782, #807, #74 ),
 .UNSPECIFIED., .F., .F.,
 ( 4, 2, 4 ),
 ( 0.0002229250192685139332, 0.0006884717263081418463, 0.001154018433347769705 ),
 .UNSPECIFIED. ) ;
#867 = DIRECTION ( 'NONE',  ( -6.721228821374537644E-16, 1.000000000000000000, -3.664497496817873300E-16 ) ) ;
#868 = CARTESIAN_POINT ( 'NONE',  ( -54.07162605859509341, -21.63749999999998153, 44.97314371995032189 ) ) ;
#869 = CARTESIAN_POINT ( 'NONE',  ( -52.11358535224667321, -22.19999999999998508, 43.68313694308562134 ) ) ;
#870 = DIRECTION ( 'NONE',  ( -0.8737414198483282046, 0.000000000000000000, 0.4863907187040346636 ) ) ;
#871 = ORIENTED_EDGE ( 'NONE', *, *, #666, .F. ) ;
#872 = CARTESIAN_POINT ( 'NONE',  ( -54.24274941301117536, -20.40312499999998863, 44.66574154941734065 ) ) ;
#873 = DIRECTION ( 'NONE',  ( 0.8737414198483284267, 0.000000000000000000, -0.4863907187040341640 ) ) ;
#874 = CARTESIAN_POINT ( 'NONE',  ( -54.98626834398342567, -21.84583333333331723, 45.11061458879023434 ) ) ;
#875 = CARTESIAN_POINT ( 'NONE',  ( -53.52122969111076856, -19.92916666666664938, 47.35688473885546301 ) ) ;
#876 = CARTESIAN_POINT ( 'NONE',  ( -54.65175900159510292, -21.60024047358081845, 46.23375494216654147 ) ) ;
#877 = AXIS2_PLACEMENT_3D ( 'NONE', #1420, #1022, #551 ) ;
#878 = CARTESIAN_POINT ( 'NONE',  ( -54.97671842428125188, -20.29829564510512796, 45.82264000296289908 ) ) ;
#879 = AXIS2_PLACEMENT_3D ( 'NONE', #389, #519, #398 ) ;
#880 = VERTEX_POINT ( 'NONE', #1139 ) ;
#881 = CARTESIAN_POINT ( 'NONE',  ( -52.72976964013705725, -21.53333333333331367, 44.71285385726982042 ) ) ;
#882 = CARTESIAN_POINT ( 'NONE',  ( -55.00610413019663980, -20.34732909936924727, 46.37840861629313594 ) ) ;
#883 = CARTESIAN_POINT ( 'NONE',  ( -50.82471698082994749, -21.95884572681197255, 47.60089374017775299 ) ) ;
#884 = FACE_OUTER_BOUND ( 'NONE', #626, .T. ) ;
#885 = CARTESIAN_POINT ( 'NONE',  ( -52.38326332257332751, -21.70310889132453980, 45.37833969776673371 ) ) ;
#886 = CARTESIAN_POINT ( 'NONE',  ( -50.82471698082994749, -21.95884572681197255, 47.60089374017775299 ) ) ;
#887 = CARTESIAN_POINT ( 'NONE',  ( -54.81061212977252950, -21.76249999999998508, 46.72958607805611564 ) ) ;
#888 = FACE_OUTER_BOUND ( 'NONE', #107, .T. ) ;
#889 = CARTESIAN_POINT ( 'NONE',  ( -54.68571149941158893, -20.51249999999998863, 46.66005691761137086 ) ) ;
#890 = ORIENTED_EDGE ( 'NONE', *, *, #727, .T. ) ;
#891 = CARTESIAN_POINT ( 'NONE',  ( -53.47290381212875587, -21.49166666666665293, 44.26816115166490562 ) ) ;
#892 = LINE ( 'NONE', #1590, #173 ) ;
#893 = ADVANCED_FACE ( 'NONE', ( #1847 ), #1840, .F. ) ;
#894 = DIRECTION ( 'NONE',  ( -0.8737414198483282046, 0.000000000000000000, 0.4863907187040346636 ) ) ;
#895 = CARTESIAN_POINT ( 'NONE',  ( -52.89652940473889942, -20.72083333333331723, 44.99152917176670030 ) ) ;
#896 = CARTESIAN_POINT ( 'NONE',  ( -54.66448180830087011, -20.09583333333332078, 45.30317217875597180 ) ) ;
#897 = CARTESIAN_POINT ( 'NONE',  ( -54.88641464775339784, -22.19999999999998508, 48.31686305691449235 ) ) ;
#898 = CARTESIAN_POINT ( 'NONE',  ( -54.99981643791906549, -21.30416666666665293, 45.97653401295781350 ) ) ;
#899 = CARTESIAN_POINT ( 'NONE',  ( -52.33551819169921515, -22.40833333333331367, 46.69682782124414899 ) ) ;
#900 = ORIENTED_EDGE ( 'NONE', *, *, #863, .F. ) ;
#901 = CARTESIAN_POINT ( 'NONE',  ( -53.45122686183172789, -21.95884572681197255, 42.88269007299677327 ) ) ;
#902 = CARTESIAN_POINT ( 'NONE',  ( -52.31428850058848923, -20.82499999999998508, 45.33994308238874282 ) ) ;
#903 = CARTESIAN_POINT ( 'NONE',  ( -54.75521914338799689, -21.86160254037842421, 46.69875014210681030 ) ) ;
#904 = CARTESIAN_POINT ( 'NONE',  ( -52.18938787022754866, -20.51249999999998153, 45.27041392194401226 ) ) ;
#905 = DIRECTION ( 'NONE',  ( 6.721228821374537644E-16, -1.000000000000000000, 3.664497496817873300E-16 ) ) ;
#906 = CARTESIAN_POINT ( 'NONE',  ( -54.66448180830087011, -21.65833333333331723, 45.30317217875597180 ) ) ;
#907 = VECTOR ( 'NONE', #1605, 1000.000000000000114 ) ;
#908 = ORIENTED_EDGE ( 'NONE', *, *, #1443, .T. ) ;
#909 = CARTESIAN_POINT ( 'NONE',  ( -52.30183244824035427, -21.75110147054352439, 46.57517316207653124 ) ) ;
#910 = AXIS2_PLACEMENT_3D ( 'NONE', #713, #147, #721 ) ;
#911 = CARTESIAN_POINT ( 'NONE',  ( -53.01358728349380556, -20.09392662748270908, 43.14457431342847826 ) ) ;
#912 = CARTESIAN_POINT ( 'NONE',  ( -54.66448180830087011, -20.65833333333332078, 45.30317217875597180 ) ) ;
#913 = CARTESIAN_POINT ( 'NONE',  ( -52.77041392194399094, -20.69999999999998153, 47.31061212977255792 ) ) ;
#914 = CARTESIAN_POINT ( 'NONE',  ( -52.65095128605918262, -20.02334579185217578, 48.61751421399780071 ) ) ;
#915 = CARTESIAN_POINT ( 'NONE',  ( -54.67509665385622952, -20.55416666666665293, 45.98161454818367844 ) ) ;
#916 = ADVANCED_FACE ( 'NONE', ( #725 ), #614, .T. ) ;
#917 = B_SPLINE_CURVE_WITH_KNOTS ( 'NONE', 3,
 ( #517, #1499, #816, #81, #213, #1794 ),
 .UNSPECIFIED., .F., .F.,
 ( 4, 2, 4 ),
 ( 0.000000000000000000, 0.0004674406030232047316, 0.0009348812060464094633 ),
 .UNSPECIFIED. ) ;
#918 = ORIENTED_EDGE ( 'NONE', *, *, #418, .T. ) ;
#919 = EDGE_CURVE ( 'NONE', #77, #9, #1684, .T. ) ;
#920 =( BOUNDED_CURVE ( )  B_SPLINE_CURVE ( 2, ( #451, #1329, #898, #1471, #1026, #1179, #1608, #602, #1201 ),
 .UNSPECIFIED., .F., .F. ) 
 B_SPLINE_CURVE_WITH_KNOTS ( ( 3, 2, 2, 2, 3 ),
 ( 0.4417285231309916460, 0.4556174120198805966, 0.4833951897976583312, 0.5111729675754361768, 0.5250618564643249053 ),
 .UNSPECIFIED. ) 
 CURVE ( )  GEOMETRIC_REPRESENTATION_ITEM ( )  RATIONAL_B_SPLINE_CURVE ( ( 0.9330127018922194093, 0.9330127018922191873, 1.000000000000000000, 0.8660254037844388186, 1.000000000000000000, 0.8660254037844388186, 1.000000000000000000, 0.9330127018922199644, 0.9330127018922194093 ) ) 
 REPRESENTATION_ITEM ( '' )  );
#921 = AXIS2_PLACEMENT_3D ( 'NONE', #620, #448, #1186 ) ;
#922 = ORIENTED_EDGE ( 'NONE', *, *, #170, .F. ) ;
#923 = CARTESIAN_POINT ( 'NONE',  ( -56.17528301917014488, -20.24115427318799831, 44.39910625982237491 ) ) ;
#924 = CARTESIAN_POINT ( 'NONE',  ( -52.65095128605918262, -22.17665420814779864, 48.61751421399780071 ) ) ;
#925 = CARTESIAN_POINT ( 'NONE',  ( -54.98626834398342567, -20.90833333333331723, 45.11061458879022723 ) ) ;
#926 = ORIENTED_EDGE ( 'NONE', *, *, #512, .F. ) ;
#927 = ORIENTED_EDGE ( 'NONE', *, *, #646, .T. ) ;
#928 = ORIENTED_EDGE ( 'NONE', *, *, #826, .T. ) ;
#929 = PRODUCT_DEFINITION_SHAPE ( 'NONE', 'NONE',  #198 ) ;
#930 = CARTESIAN_POINT ( 'NONE',  ( -52.00018356208101267, -21.05416666666665293, 46.02346598704230729 ) ) ;
#931 = CARTESIAN_POINT ( 'NONE',  ( -53.47877030888930960, -20.24166666666665293, 44.64311526114465067 ) ) ;
#932 = CARTESIAN_POINT ( 'NONE',  ( -53.50000000000004263, -19.99999999999998224, 46.00000000000006395 ) ) ;
#933 = APPLICATION_PROTOCOL_DEFINITION ( 'international standard', 'config_control_design', 1994, #1819 ) ;
#934 = CARTESIAN_POINT ( 'NONE',  ( -53.10537643291782217, -20.10779946618612968, 48.87048170387156176 ) ) ;
#935 = ADVANCED_FACE ( 'NONE', ( #1147 ), #465, .T. ) ;
#936 = VERTEX_POINT ( 'NONE', #1270 ) ;
#937 = EDGE_LOOP ( 'NONE', ( #853, #1798, #1741 ) ) ;
#938 = DIRECTION ( 'NONE',  ( 0.8737414198483283156, 4.090238442346912630E-16, -0.4863907187040344970 ) ) ;
#939 = CARTESIAN_POINT ( 'NONE',  ( -52.89652940473889942, -21.28333333333331723, 44.99152917176670030 ) ) ;
#940 = AXIS2_PLACEMENT_3D ( 'NONE', #997, #1559, #1826 ) ;
#941 = ADVANCED_FACE ( 'NONE', ( #560, #161 ), #1124, .T. ) ;
#942 = PRODUCT_RELATED_PRODUCT_CATEGORY ( 'detail', '', ( #1487 ) ) ;
#943 = CIRCLE ( 'NONE', #1272, 2.699999999999997069 ) ;
#944 = CARTESIAN_POINT ( 'NONE',  ( -52.24608511276808542, -20.43205056015721510, 45.49145397641883903 ) ) ;
#945 = APPLICATION_PROTOCOL_DEFINITION ( 'international standard', 'config_control_design', 1994, #24 ) ;
#946 = CARTESIAN_POINT ( 'NONE',  ( -55.01308388862363330, -21.89270833333331723, 45.09456812295975681 ) ) ;
#947 = ADVANCED_FACE ( 'NONE', ( #1131 ), #438, .F. ) ;
#948 = CARTESIAN_POINT ( 'NONE',  ( -51.99389586980344546, -21.59732909936924372, 45.62159138370699196 ) ) ;
#949 = VERTEX_POINT ( 'NONE', #271 ) ;
#950 = B_SPLINE_CURVE_WITH_KNOTS ( 'NONE', 3,
 ( #985, #432, #305, #1721, #127, #1303 ),
 .UNSPECIFIED., .F., .F.,
 ( 4, 2, 4 ),
 ( 0.001577535133288765793, 0.002363237594559257533, 0.003148940055829749056 ),
 .UNSPECIFIED. ) ;
#951 = ORIENTED_EDGE ( 'NONE', *, *, #1779, .F. ) ;
#952 = DIRECTION ( 'NONE',  ( -6.721228821374537644E-16, 1.000000000000000000, -3.664497496817873300E-16 ) ) ;
#953 = CARTESIAN_POINT ( 'NONE',  ( -55.01308388862363330, -21.36145833333332433, 45.09456812295975681 ) ) ;
#954 = ADVANCED_FACE ( 'NONE', ( #1003 ), #69, .F. ) ;
#955 = DIRECTION ( 'NONE',  ( -0.8737414198483282046, 0.000000000000000000, 0.4863907187040346636 ) ) ;
#956 = CARTESIAN_POINT ( 'NONE',  ( -52.92837394140499185, -22.44999999999998508, 47.02685628004979890 ) ) ;
#957 = CARTESIAN_POINT ( 'NONE',  ( -50.82471698082994749, -20.24115427318799121, 47.60089374017775299 ) ) ;
#958 = CARTESIAN_POINT ( 'NONE',  ( -56.22405615733845963, -21.95884572681197255, 47.51641618682565138 ) ) ;
#959 = ORIENTED_EDGE ( 'NONE', *, *, #676, .T. ) ;
#960 = VERTEX_POINT ( 'NONE', #1711 ) ;
#961 = ORIENTED_EDGE ( 'NONE', *, *, #1135, .F. ) ;
#962 = CARTESIAN_POINT ( 'NONE',  ( -52.18938787022755577, -20.51249999999997797, 45.27041392194401226 ) ) ;
#963 = CARTESIAN_POINT ( 'NONE',  ( -51.98691611137643775, -21.11145833333331723, 46.90543187704036399 ) ) ;
#964 = ADVANCED_FACE ( 'NONE', ( #1411 ), #424, .F. ) ;
#965 = LINE ( 'NONE', #1233, #1833 ) ;
#966 = CARTESIAN_POINT ( 'NONE',  ( -54.68571149941158893, -21.07499999999998508, 46.66005691761137086 ) ) ;
#967 = CALENDAR_DATE ( 2026, 30, 8 ) ;
#968 = CARTESIAN_POINT ( 'NONE',  ( -52.31428850058848923, -22.26249999999998153, 45.33994308238874282 ) ) ;
#969 = VERTEX_POINT ( 'NONE', #1280 ) ;
#970 = ORIENTED_EDGE ( 'NONE', *, *, #508, .F. ) ;
#971 = DIRECTION ( 'NONE',  ( 6.721228821374536658E-16, -1.000000000000000000, 3.664497496817874286E-16 ) ) ;
#972 = CARTESIAN_POINT ( 'NONE',  ( -54.28412700691317383, -22.23645833333332078, 47.31036908560503917 ) ) ;
#973 = AXIS2_PLACEMENT_3D ( 'NONE', #734, #710, #447 ) ;
#974 = DIRECTION ( 'NONE',  ( -0.8737414198483282046, 0.000000000000000000, 0.4863907187040346636 ) ) ;
#975 = CARTESIAN_POINT ( 'NONE',  ( -52.89652940473889942, -21.22083333333331723, 44.99152917176670030 ) ) ;
#976 = AXIS2_PLACEMENT_3D ( 'NONE', #1568, #1009, #1264 ) ;
#977 = CARTESIAN_POINT ( 'NONE',  ( -52.75725058698890990, -20.68437499999998153, 47.33425845058278014 ) ) ;
#978 = DIRECTION ( 'NONE',  ( -0.8737414198483282046, 0.000000000000000000, 0.4863907187040346636 ) ) ;
#979 = ADVANCED_FACE ( 'NONE', ( #1572 ), #289, .F. ) ;
#980 = EDGE_CURVE ( 'NONE', #209, #219, #1033, .T. ) ;
#981 = ORIENTED_EDGE ( 'NONE', *, *, #1038, .F. ) ;
#982 = CARTESIAN_POINT ( 'NONE',  ( -55.73188631391962389, -22.09220053381383053, 44.15227803669059625 ) ) ;
#983 = CARTESIAN_POINT ( 'NONE',  ( -54.66448180830087011, -20.15833333333332433, 45.30317217875597180 ) ) ;
#984 = EDGE_CURVE ( 'NONE', #1789, #1333, #529, .T. ) ;
#985 = CARTESIAN_POINT ( 'NONE',  ( -52.11358535224667321, -22.19999999999998508, 43.68313694308562134 ) ) ;
#986 = CARTESIAN_POINT ( 'NONE',  ( -52.32490334614384864, -19.86666666666664938, 46.01838545181644946 ) ) ;
#987 = CARTESIAN_POINT ( 'NONE',  ( -53.31665973063279296, -19.48475126366684762, 44.48398263561792731 ) ) ;
#988 = CIRCLE ( 'NONE', #1193, 2.699999999999997069 ) ;
#989 = LINE ( 'NONE', #688, #1836 ) ;
#990 = ORIENTED_EDGE ( 'NONE', *, *, #1274, .F. ) ;
#991 = B_SPLINE_CURVE_WITH_KNOTS ( 'NONE', 3,
 ( #164, #1328, #1339, #869 ),
 .UNSPECIFIED., .F., .F.,
 ( 4, 4 ),
 ( 2.380743312986839619E-07, 0.001577535133288765793 ),
 .UNSPECIFIED. ) ;
#992 = CARTESIAN_POINT ( 'NONE',  ( -52.92837394140499185, -21.38749999999998153, 47.02685628004979890 ) ) ;
#993 = CARTESIAN_POINT ( 'NONE',  ( -52.32490334614384864, -19.86666666666664938, 46.01838545181644946 ) ) ;
#994 = DIRECTION ( 'NONE',  ( 0.8737414198483284267, 0.000000000000000000, -0.4863907187040341640 ) ) ;
#995 = CARTESIAN_POINT ( 'NONE',  ( -52.32490334614384864, -20.86666666666665293, 46.01838545181644946 ) ) ;
#996 = CARTESIAN_POINT ( 'NONE',  ( -51.97312358007577870, -21.10104166666664582, 46.02388936497779781 ) ) ;
#997 = CARTESIAN_POINT ( 'NONE',  ( -53.54877313816835027, -22.19999999999998508, 49.11730992700334042 ) ) ;
#998 = EDGE_CURVE ( 'NONE', #1082, #765, #1591, .T. ) ;
#999 = ORIENTED_EDGE ( 'NONE', *, *, #1636, .F. ) ;
#1000 = CARTESIAN_POINT ( 'NONE',  ( -54.67509665385622952, -21.55416666666665293, 45.98161454818367844 ) ) ;
#1001 = CARTESIAN_POINT ( 'NONE',  ( -50.81672506573218584, -20.10710598842108965, 47.09009461579079669 ) ) ;
#1002 = EDGE_CURVE ( 'NONE', #936, #862, #1357, .T. ) ;
#1003 = FACE_OUTER_BOUND ( 'NONE', #1229, .T. ) ;
#1004 = CARTESIAN_POINT ( 'NONE',  ( -52.92837394140499185, -20.94999999999998153, 47.02685628004979890 ) ) ;
#1005 = CIRCLE ( 'NONE', #190, 1.500000000000001554 ) ;
#1006 = CARTESIAN_POINT ( 'NONE',  ( -53.52758506260137494, -19.72604166666665293, 47.76308502412518919 ) ) ;
#1007 = CIRCLE ( 'NONE', #1391, 1.500000000000001554 ) ;
#1008 = EDGE_CURVE ( 'NONE', #1019, #1266, #1467, .T. ) ;
#1009 = DIRECTION ( 'NONE',  ( 6.721228821374537644E-16, -1.000000000000000000, 3.664497496817873300E-16 ) ) ;
#1010 = VERTEX_POINT ( 'NONE', #923 ) ;
#1011 = CARTESIAN_POINT ( 'NONE',  ( -55.95496350275798392, -22.03163701793009466, 44.27645971303186911 ) ) ;
#1012 = CARTESIAN_POINT ( 'NONE',  ( -52.71587299308691144, -19.98645833333331723, 44.68963091439507451 ) ) ;
#1013 = DIRECTION ( 'NONE',  ( -0.8737414198483284267, 0.000000000000000000, 0.4863907187040341640 ) ) ;
#1014 = DIRECTION ( 'NONE',  ( -6.721228821374537644E-16, 1.000000000000000000, -3.664497496817873300E-16 ) ) ;
#1015 = CARTESIAN_POINT ( 'NONE',  ( -53.52122969111076856, -20.92916666666665293, 47.35688473885546301 ) ) ;
#1016 = CARTESIAN_POINT ( 'NONE',  ( -55.11345881238876387, -19.99999999999998224, 48.18099945694988406 ) ) ;
#1017 = LOCAL_TIME ( 0, 7, 0.000000000000000000, #1717 ) ;
#1018 = FACE_OUTER_BOUND ( 'NONE', #1496, .T. ) ;
#1019 = VERTEX_POINT ( 'NONE', #317 ) ;
#1020 = CARTESIAN_POINT ( 'NONE',  ( -55.27746116706097013, -22.17665420814778443, 43.89931054681683520 ) ) ;
#1021 = DIRECTION ( 'NONE',  ( 6.721228821374537644E-16, -1.000000000000000000, 3.664497496817873300E-16 ) ) ;
#1022 = DIRECTION ( 'NONE',  ( 6.721228821374537644E-16, -1.000000000000000000, 3.664497496817873300E-16 ) ) ;
#1023 = CARTESIAN_POINT ( 'NONE',  ( -56.17528301917014488, -22.19999999999998863, 44.39910625982237491 ) ) ;
#1024 = CARTESIAN_POINT ( 'NONE',  ( -54.67509665385622952, -20.05416666666664938, 45.98161454818367844 ) ) ;
#1025 = CARTESIAN_POINT ( 'NONE',  ( -54.17943947326704546, -21.83741292751294694, 44.75797523070835382 ) ) ;
#1026 = CARTESIAN_POINT ( 'NONE',  ( -54.22958607805609432, -21.38749999999998508, 44.68938787022756998 ) ) ;
#1027 = VERTEX_POINT ( 'NONE', #1163 ) ;
#1028 = CARTESIAN_POINT ( 'NONE',  ( -52.38487987065164475, -21.55267090063071933, 44.91923646018103256 ) ) ;
#1029 = CARTESIAN_POINT ( 'NONE',  ( -52.18674505949914533, -19.99999999999998224, 48.35910183359054315 ) ) ;
#1030 = CARTESIAN_POINT ( 'NONE',  ( -52.18938787022754866, -22.19999999999998508, 45.27041392194401226 ) ) ;
#1031 = CARTESIAN_POINT ( 'NONE',  ( -56.22405615733845963, -22.19999999999998508, 47.51641618682565138 ) ) ;
#1032 = CARTESIAN_POINT ( 'NONE',  ( -52.89652940473889942, -21.22083333333331723, 44.99152917176670030 ) ) ;
#1033 = CIRCLE ( 'NONE', #1510, 2.699999999999997069 ) ;
#1034 = CARTESIAN_POINT ( 'NONE',  ( -54.88641464775340495, -19.99999999999998224, 48.31686305691449235 ) ) ;
#1035 = CARTESIAN_POINT ( 'NONE',  ( -56.19553034155304516, -22.19999999999998508, 45.69320340898647714 ) ) ;
#1036 = CONICAL_SURFACE ( 'NONE', #1512, 2.699999999999997069, 1.047197551196600074 ) ;
#1037 = CARTESIAN_POINT ( 'NONE',  ( -54.68571149941158893, -22.07499999999998863, 46.66005691761137086 ) ) ;
#1038 = EDGE_CURVE ( 'NONE', #1333, #1665, #1592, .T. ) ;
#1039 = EDGE_LOOP ( 'NONE', ( #1810, #1513, #1514 ) ) ;
#1040 = CARTESIAN_POINT ( 'NONE',  ( -54.81061212977252950, -21.26249999999998508, 46.72958607805611564 ) ) ;
#1041 = CARTESIAN_POINT ( 'NONE',  ( -52.72976964013706436, -20.53333333333331723, 44.71285385726982042 ) ) ;
#1042 = CARTESIAN_POINT ( 'NONE',  ( -53.45122686183172789, -20.24115427318799476, 42.88269007299677327 ) ) ;
#1043 = CARTESIAN_POINT ( 'NONE',  ( -54.22958607805609432, -21.88749999999998508, 44.68938787022756998 ) ) ;
#1044 = CARTESIAN_POINT ( 'NONE',  ( -52.33551819169921515, -20.34583333333331723, 46.69682782124414899 ) ) ;
#1045 = CARTESIAN_POINT ( 'NONE',  ( -53.89975957585794220, -22.09343735736235104, 43.13237738800967946 ) ) ;
#1046 = CARTESIAN_POINT ( 'NONE',  ( -52.01373165601665249, -20.59583333333331723, 46.88938541120988646 ) ) ;
#1047 = APPROVAL_STATUS ( 'not_yet_approved' ) ;
#1048 = VERTEX_POINT ( 'NONE', #57 ) ;
#1049 = CARTESIAN_POINT ( 'NONE',  ( -56.18327493426789232, -20.10710598842110031, 44.90990538420933831 ) ) ;
#1050 = CARTESIAN_POINT ( 'NONE',  ( -54.54858522451922909, -21.56518688871485523, 46.74211350508867469 ) ) ;
#1051 = CARTESIAN_POINT ( 'NONE',  ( -52.92837394140499185, -20.94999999999998153, 47.02685628004979890 ) ) ;
#1052 = CARTESIAN_POINT ( 'NONE',  ( -54.66448180830087011, -21.59583333333332078, 45.30317217875597180 ) ) ;
#1053 = CARTESIAN_POINT ( 'NONE',  ( -56.00578217730628694, -20.16772406762726177, 47.64703169396013749 ) ) ;
#1054 = CARTESIAN_POINT ( 'NONE',  ( -53.52709618787132229, -20.67916666666664582, 47.73183884833521518 ) ) ;
#1055 = CARTESIAN_POINT ( 'NONE',  ( -54.07162605859509341, -21.69999999999998153, 44.97314371995032189 ) ) ;
#1056 = PERSON_AND_ORGANIZATION ( #1254, #1723 ) ;
#1057 = VERTEX_POINT ( 'NONE', #883 ) ;
#1058 = CARTESIAN_POINT ( 'NONE',  ( -52.18938787022755577, -21.57499999999998508, 45.27041392194401226 ) ) ;
#1059 = CARTESIAN_POINT ( 'NONE',  ( -52.00018356208101267, -21.11666666666664938, 46.02346598704230729 ) ) ;
#1060 = CARTESIAN_POINT ( 'NONE',  ( -53.47877030888930960, -21.74166666666665293, 44.64311526114465067 ) ) ;
#1061 = DIRECTION ( 'NONE',  ( -6.721228821374537644E-16, 1.000000000000000000, -3.664497496817873300E-16 ) ) ;
#1062 = CARTESIAN_POINT ( 'NONE',  ( -53.52122969111076856, -20.92916666666665293, 47.35688473885546301 ) ) ;
#1063 = AXIS2_PLACEMENT_3D ( 'NONE', #858, #30, #746 ) ;
#1064 = ORIENTED_EDGE ( 'NONE', *, *, #1002, .F. ) ;
#1065 = CARTESIAN_POINT ( 'NONE',  ( -56.17528301917014488, -20.24115427318799831, 44.39910625982237491 ) ) ;
#1066 =( BOUNDED_CURVE ( )  B_SPLINE_CURVE ( 2, ( #497, #1050, #1315, #1631, #758, #1613, #597, #608, #1744, #338, #328, #1477, #191, #347, #1676, #1529, #67, #98, #1076, #250, #1352, #1213, #1642, #1668, #365, #1363, #1538 ),
 .UNSPECIFIED., .F., .F. ) 
 B_SPLINE_CURVE_WITH_KNOTS ( ( 3, 2, 2, 2, 2, 2, 2, 2, 2, 2, 2, 2, 2, 3 ),
 ( 0.2836279712753964066, 0.3055555555555555802, 0.3333333333333333148, 0.3611111111111111049, 0.3888888888888888951, 0.4166666666666666852, 0.4444444444444444198, 0.4722222222222222099, 0.5000000000000000000, 0.5277777777777777901, 0.5555555555555555802, 0.5833333333333333703, 0.6111111111111111605, 0.6171218002455646223 ),
 .UNSPECIFIED. ) 
 CURVE ( )  GEOMETRIC_REPRESENTATION_ITEM ( )  RATIONAL_B_SPLINE_CURVE ( ( 0.9554529987947955050, 0.8942413870029874978, 1.000000000000000000, 0.8660254037844387076, 1.000000000000000000, 0.8660254037844387076, 1.000000000000000000, 0.8660254037844387076, 1.000000000000000000, 0.8660254037844387076, 1.000000000000000000, 0.8660254037844387076, 1.000000000000000000, 0.8660254037844387076, 1.000000000000000000, 0.8660254037844387076, 1.000000000000000000, 0.8660254037844387076, 1.000000000000000000, 0.8660254037844387076, 1.000000000000000000, 0.8660254037844387076, 1.000000000000000000, 0.8660254037844387076, 1.000000000000000000, 0.9710099326084360438, 0.9545658855984555657 ) ) 
 REPRESENTATION_ITEM ( '' )  );
#1067 = DIRECTION ( 'NONE',  ( -6.721228821374537644E-16, 1.000000000000000000, -3.664497496817873300E-16 ) ) ;
#1068 = CARTESIAN_POINT ( 'NONE',  ( -54.07162605859509341, -21.19999999999998508, 44.97314371995032189 ) ) ;
#1069 = PERSON_AND_ORGANIZATION ( #1254, #1723 ) ;
#1070 = CARTESIAN_POINT ( 'NONE',  ( -56.19966958825430225, -22.19999999999998508, 45.95776122332401314 ) ) ;
#1071 = CARTESIAN_POINT ( 'NONE',  ( -52.33551819169921515, -19.84583333333332078, 46.69682782124414899 ) ) ;
#1072 = EDGE_LOOP ( 'NONE', ( #681, #1121, #838, #1092, #1827, #918, #652, #818, #27, #801, #1102, #275 ) ) ;
#1073 = VERTEX_POINT ( 'NONE', #1324 ) ;
#1074 = VECTOR ( 'NONE', #1234, 1000.000000000000114 ) ;
#1075 = VERTEX_POINT ( 'NONE', #1731 ) ;
#1076 = CARTESIAN_POINT ( 'NONE',  ( -52.32490334614384864, -20.86666666666665293, 46.01838545181644946 ) ) ;
#1077 = CARTESIAN_POINT ( 'NONE',  ( -52.32490334614384864, -20.36666666666664938, 46.01838545181644946 ) ) ;
#1078 = EDGE_CURVE ( 'NONE', #1837, #219, #837, .T. ) ;
#1079 = DIRECTION ( 'NONE',  ( 0.6178284829783169396, -0.7071067811865457964, -0.3439301755018218110 ) ) ;
#1080 = CARTESIAN_POINT ( 'NONE',  ( -55.00610413019665401, -20.78482909936924727, 46.37840861629313594 ) ) ;
#1081 = EDGE_CURVE ( 'NONE', #1700, #96, #1653, .T. ) ;
#1082 = VERTEX_POINT ( 'NONE', #182 ) ;
#1083 = CC_DESIGN_PERSON_AND_ORGANIZATION_ASSIGNMENT ( #485, #739, ( #1308 ) ) ;
#1084 = VERTEX_POINT ( 'NONE', #1766 ) ;
#1085 = CARTESIAN_POINT ( 'NONE',  ( -51.99389586980344546, -21.03482909936924372, 45.62159138370696354 ) ) ;
#1086 = CARTESIAN_POINT ( 'NONE',  ( -54.66448180830087011, -21.15833333333331723, 45.30317217875597180 ) ) ;
#1087 = B_SPLINE_CURVE_WITH_KNOTS ( 'NONE', 3,
 ( #284, #1035, #751, #35, #1319, #342 ),
 .UNSPECIFIED., .F., .F.,
 ( 4, 2, 4 ),
 ( 0.001577535133288763408, 0.002363237594559252329, 0.003148940055829741683 ),
 .UNSPECIFIED. ) ;
#1088 = DIRECTION ( 'NONE',  ( -6.721228821374537644E-16, 1.000000000000000000, -3.664497496817873300E-16 ) ) ;
#1089 = CARTESIAN_POINT ( 'NONE',  ( -52.00018356208101267, -20.61666666666664938, 46.02346598704230729 ) ) ;
#1090 = CARTESIAN_POINT ( 'NONE',  ( -55.04066895122497272, -21.80937499999998508, 46.85765314708488916 ) ) ;
#1091 = CARTESIAN_POINT ( 'NONE',  ( -54.37441000954787995, -20.31099894907412562, 47.18393720450003315 ) ) ;
#1092 = ORIENTED_EDGE ( 'NONE', *, *, #414, .T. ) ;
#1093 = EDGE_CURVE ( 'NONE', #880, #1820, #738, .T. ) ;
#1094 = ORIENTED_EDGE ( 'NONE', *, *, #117, .T. ) ;
#1095 = CARTESIAN_POINT ( 'NONE',  ( -54.90522177147281724, -20.27499999999998437, 46.52473971926944074 ) ) ;
#1096 = CARTESIAN_POINT ( 'NONE',  ( -54.28412700691317383, -21.23645833333331723, 47.31036908560503917 ) ) ;
#1097 = AXIS2_PLACEMENT_3D ( 'NONE', #1625, #1735, #1340 ) ;
#1098 = DIRECTION ( 'NONE',  ( -6.721228821374537644E-16, 1.000000000000000000, -3.664497496817873300E-16 ) ) ;
#1099 = CARTESIAN_POINT ( 'NONE',  ( -53.45122686183172789, -20.24115427318799476, 42.88269007299677327 ) ) ;
#1100 = CARTESIAN_POINT ( 'NONE',  ( -53.47241493739869611, -21.97604166666664938, 44.23691497587492449 ) ) ;
#1101 = ORIENTED_EDGE ( 'NONE', *, *, #1736, .T. ) ;
#1102 = ORIENTED_EDGE ( 'NONE', *, *, #1422, .T. ) ;
#1103 = ORIENTED_EDGE ( 'NONE', *, *, #1078, .T. ) ;
#1104 = CARTESIAN_POINT ( 'NONE',  ( -54.99981643791907260, -20.30416666666665293, 45.97653401295781350 ) ) ;
#1105 = CARTESIAN_POINT ( 'NONE',  ( -54.24274941301117536, -22.40312499999998508, 44.66574154941734065 ) ) ;
#1106 = APPROVAL_PERSON_ORGANIZATION ( #1069, #450, #1508 ) ;
#1107 = CARTESIAN_POINT ( 'NONE',  ( -52.68309098259671686, -20.49640703212966386, 46.99752875875868341 ) ) ;
#1108 = CARTESIAN_POINT ( 'NONE',  ( -53.52122969111076856, -20.49166666666664938, 47.35688473885546301 ) ) ;
#1109 = CALENDAR_DATE ( 2026, 30, 8 ) ;
#1110 = CARTESIAN_POINT ( 'NONE',  ( -56.21607754144277180, -22.10607337251726179, 47.00646707406765046 ) ) ;
#1111 = CARTESIAN_POINT ( 'NONE',  ( -52.00018356208101267, -21.61666666666664938, 46.02346598704230729 ) ) ;
#1112 = VERTEX_POINT ( 'NONE', #1604 ) ;
#1113 = CARTESIAN_POINT ( 'NONE',  ( -53.21236173134312963, -21.66181225050814163, 44.77905643715706674 ) ) ;
#1114 = CARTESIAN_POINT ( 'NONE',  ( -53.47241493739869611, -22.44479166666665293, 44.23691497587492449 ) ) ;
#1115 = CARTESIAN_POINT ( 'NONE',  ( -54.54057132114803608, -20.58406261565506767, 46.57926089030305405 ) ) ;
#1116 = CARTESIAN_POINT ( 'NONE',  ( -52.33551819169921515, -21.34583333333331723, 46.69682782124414189 ) ) ;
#1117 =( BOUNDED_CURVE ( )  B_SPLINE_CURVE ( 2, ( #298, #471, #1438, #874, #1043, #726, #1295 ),
 .UNSPECIFIED., .F., .F. ) 
 B_SPLINE_CURVE_WITH_KNOTS ( ( 3, 2, 2, 3 ),
 ( 0.6083951897976581646, 0.6222840786865472262, 0.6500618564643250163, 0.6626540834575669336 ),
 .UNSPECIFIED. ) 
 CURVE ( )  GEOMETRIC_REPRESENTATION_ITEM ( )  RATIONAL_B_SPLINE_CURVE ( ( 0.9330127018922194093, 0.9330127018922186322, 1.000000000000000000, 0.8660254037844388186, 1.000000000000000000, 0.9392666130325261209, 0.9335965648879760437 ) ) 
 REPRESENTATION_ITEM ( '' )  );
#1118 = CARTESIAN_POINT ( 'NONE',  ( -52.33551819169921515, -22.34583333333331723, 46.69682782124414899 ) ) ;
#1119 = DIRECTION ( 'NONE',  ( -0.8737414198483282046, 0.000000000000000000, 0.4863907187040346636 ) ) ;
#1120 = EDGE_CURVE ( 'NONE', #797, #1728, #1620, .T. ) ;
#1121 = ORIENTED_EDGE ( 'NONE', *, *, #512, .T. ) ;
#1122 = CARTESIAN_POINT ( 'NONE',  ( -54.10347059526117874, -21.97083333333331723, 47.00847082823342049 ) ) ;
#1123 = CARTESIAN_POINT ( 'NONE',  ( -52.71587299308691144, -20.98645833333331723, 44.68963091439508162 ) ) ;
#1124 = PLANE ( 'NONE',  #311 ) ;
#1125 = CARTESIAN_POINT ( 'NONE',  ( -54.68571149941158893, -20.57499999999998863, 46.66005691761137086 ) ) ;
#1126 = CARTESIAN_POINT ( 'NONE',  ( -55.01308388862363330, -21.39270833333331723, 45.09456812295975681 ) ) ;
#1127 = CARTESIAN_POINT ( 'NONE',  ( -53.50000000000004263, -19.99999999999998224, 46.00000000000006395 ) ) ;
#1128 = VERTEX_POINT ( 'NONE', #901 ) ;
#1129 = CARTESIAN_POINT ( 'NONE',  ( -54.68571149941158893, -21.51249999999998863, 46.66005691761137086 ) ) ;
#1130 = CARTESIAN_POINT ( 'NONE',  ( -52.71587299308691144, -22.48645833333332078, 44.68963091439508162 ) ) ;
#1131 = FACE_OUTER_BOUND ( 'NONE', #696, .T. ) ;
#1132 = CARTESIAN_POINT ( 'NONE',  ( -53.52122969111076856, -20.99166666666665293, 47.35688473885546301 ) ) ;
#1133 = CARTESIAN_POINT ( 'NONE',  ( -51.95933104877510544, -21.55937499999998508, 45.14234685291523164 ) ) ;
#1134 = PLANE ( 'NONE',  #940 ) ;
#1135 = EDGE_CURVE ( 'NONE', #1618, #1027, #1066, .T. ) ;
#1136 = ORIENTED_EDGE ( 'NONE', *, *, #1736, .F. ) ;
#1137 = CARTESIAN_POINT ( 'NONE',  ( -52.32490334614384864, -21.80416666666664938, 46.01838545181644946 ) ) ;
#1138 = CARTESIAN_POINT ( 'NONE',  ( -54.19802183994115552, -20.27928468580306642, 47.33035583931270196 ) ) ;
#1139 = CARTESIAN_POINT ( 'NONE',  ( -54.81061212977252950, -21.32499999999998153, 46.72958607805610853 ) ) ;
#1140 = CARTESIAN_POINT ( 'NONE',  ( -54.07162605859509341, -21.19999999999998508, 44.97314371995032189 ) ) ;
#1141 = ADVANCED_FACE ( 'NONE', ( #674 ), #1327, .T. ) ;
#1142 = CARTESIAN_POINT ( 'NONE',  ( -51.97312358007577870, -20.60104166666664582, 46.02388936497779781 ) ) ;
#1143 = CARTESIAN_POINT ( 'NONE',  ( -55.05089102023082148, -19.99999999999998224, 46.86334352569971884 ) ) ;
#1144 = VERTEX_POINT ( 'NONE', #1095 ) ;
#1145 = CARTESIAN_POINT ( 'NONE',  ( -54.68348277605257834, -20.59975952641914176, 45.93107662039428618 ) ) ;
#1146 = CARTESIAN_POINT ( 'NONE',  ( -54.61512012934842630, -20.30267090063072288, 47.08076353981908113 ) ) ;
#1147 = FACE_OUTER_BOUND ( 'NONE', #232, .T. ) ;
#1148 = CARTESIAN_POINT ( 'NONE',  ( -56.19966958825430225, -22.19999999999998508, 45.95776122332401314 ) ) ;
#1149 = CIRCLE ( 'NONE', #1238, 1.500000000000000000 ) ;
#1150 = CARTESIAN_POINT ( 'NONE',  ( -52.33551819169921515, -21.34583333333331723, 46.69682782124414899 ) ) ;
#1151 = DIRECTION ( 'NONE',  ( -6.721228821374537644E-16, 1.000000000000000000, -3.664497496817873300E-16 ) ) ;
#1152 = EDGE_CURVE ( 'NONE', #1144, #1728, #215, .T. ) ;
#1153 = ORIENTED_EDGE ( 'NONE', *, *, #259, .T. ) ;
#1154 = CARTESIAN_POINT ( 'NONE',  ( -52.32490334614384864, -22.30416666666664938, 46.01838545181644946 ) ) ;
#1155 = CARTESIAN_POINT ( 'NONE',  ( -50.82471698082994749, -20.24115427318799121, 47.60089374017775299 ) ) ;
#1156 = DIRECTION ( 'NONE',  ( -0.8737414198483282046, 0.000000000000000000, 0.4863907187040346636 ) ) ;
#1157 = CARTESIAN_POINT ( 'NONE',  ( -54.66448180830087011, -20.59583333333331723, 45.30317217875597180 ) ) ;
#1158 = CARTESIAN_POINT ( 'NONE',  ( -53.93114497870633528, -21.87361163423922861, 44.60357504160201358 ) ) ;
#1159 = CARTESIAN_POINT ( 'NONE',  ( -54.58274828801321377, -19.99999999999998579, 43.51258068732174422 ) ) ;
#1160 = ORIENTED_EDGE ( 'NONE', *, *, #617, .T. ) ;
#1161 = CARTESIAN_POINT ( 'NONE',  ( -52.18319186007841637, -21.73093278348094870, 46.05318713460521707 ) ) ;
#1162 = CARTESIAN_POINT ( 'NONE',  ( -52.99441596996189929, -19.97111753503779141, 44.52295034084291814 ) ) ;
#1163 = CARTESIAN_POINT ( 'NONE',  ( -54.65032370285504015, -20.59975952641914532, 46.24071881811046580 ) ) ;
#1164 = DIRECTION ( 'NONE',  ( -0.8737414198483283156, -4.090238442346912630E-16, 0.4863907187040344970 ) ) ;
#1165 = CARTESIAN_POINT ( 'NONE',  ( -52.92837394140499185, -21.38749999999998153, 47.02685628004979890 ) ) ;
#1166 = CARTESIAN_POINT ( 'NONE',  ( -55.78568709693737304, -20.10710598842108610, 47.77873695051865610 ) ) ;
#1167 = CARTESIAN_POINT ( 'NONE',  ( -53.45122686183172789, -20.24115427318799476, 42.88269007299677327 ) ) ;
#1168 = ADVANCED_FACE ( 'NONE', ( #401 ), #1239, .F. ) ;
#1169 = CARTESIAN_POINT ( 'NONE',  ( -54.07162605859509341, -20.63749999999998508, 44.97314371995032189 ) ) ;
#1170 = EDGE_CURVE ( 'NONE', #65, #1799, #740, .T. ) ;
#1171 = EDGE_LOOP ( 'NONE', ( #1692, #1783, #199 ) ) ;
#1172 = ADVANCED_FACE ( 'NONE', ( #1231, #262 ), #1800, .F. ) ;
#1173 = CARTESIAN_POINT ( 'NONE',  ( -56.19966958825430225, -19.99999999999998579, 45.95776122332401314 ) ) ;
#1174 = CARTESIAN_POINT ( 'NONE',  ( -54.99981643791906549, -20.36666666666664938, 45.97653401295781350 ) ) ;
#1175 = CARTESIAN_POINT ( 'NONE',  ( -53.50000000000004263, -22.19999999999998508, 46.00000000000006395 ) ) ;
#1176 = LINE ( 'NONE', #1031, #267 ) ;
#1177 = CARTESIAN_POINT ( 'NONE',  ( -54.67509665385622952, -20.55416666666665293, 45.98161454818367844 ) ) ;
#1178 = CARTESIAN_POINT ( 'NONE',  ( -53.54877313816835027, -21.95884572681197255, 49.11730992700334042 ) ) ;
#1179 = CARTESIAN_POINT ( 'NONE',  ( -53.47290381212875587, -21.42916666666665293, 44.26816115166491272 ) ) ;
#1180 = VECTOR ( 'NONE', #1151, 1000.000000000000000 ) ;
#1181 = CARTESIAN_POINT ( 'NONE',  ( -53.11089837121831891, -19.70549253503779141, 44.86325043113771471 ) ) ;
#1182 = VECTOR ( 'NONE', #1079, 1000.000000000000000 ) ;
#1183 = ORIENTED_EDGE ( 'NONE', *, *, #1802, .F. ) ;
#1184 = CARTESIAN_POINT ( 'NONE',  ( -54.26104603827314321, -21.83618567695054224, 47.20149425817957223 ) ) ;
#1185 = DIRECTION ( 'NONE',  ( -0.8737414198483282046, 0.000000000000000000, 0.4863907187040346636 ) ) ;
#1186 = DIRECTION ( 'NONE',  ( -0.8737414198483284267, 0.000000000000000000, 0.4863907187040343860 ) ) ;
#1187 = CARTESIAN_POINT ( 'NONE',  ( -52.89652940473889942, -20.72083333333331723, 44.99152917176670030 ) ) ;
#1188 = CARTESIAN_POINT ( 'NONE',  ( -54.39844942426514507, -21.80031526634261851, 44.95424401656622848 ) ) ;
#1189 = EDGE_CURVE ( 'NONE', #1764, #635, #162, .T. ) ;
#1190 = CARTESIAN_POINT ( 'NONE',  ( -53.45765573791125291, -20.37349804705241851, 44.59633602105670747 ) ) ;
#1191 = CARTESIAN_POINT ( 'NONE',  ( -54.10347059526117874, -22.03333333333331723, 47.00847082823342049 ) ) ;
#1192 = PERSON_AND_ORGANIZATION ( #1254, #1723 ) ;
#1193 = AXIS2_PLACEMENT_3D ( 'NONE', #865, #1846, #583 ) ;
#1194 = ORIENTED_EDGE ( 'NONE', *, *, #456, .T. ) ;
#1195 = CARTESIAN_POINT ( 'NONE',  ( -52.21807040623237839, -21.72104397976017509, 45.78970367926270058 ) ) ;
#1196 = DIRECTION ( 'NONE',  ( 6.721228821374537644E-16, -1.000000000000000000, 3.664497496817873300E-16 ) ) ;
#1197 = CARTESIAN_POINT ( 'NONE',  ( -53.10537643291782217, -22.09220053381383408, 48.87048170387156176 ) ) ;
#1198 = B_SPLINE_CURVE_WITH_KNOTS ( 'NONE', 3,
 ( #477, #205, #45, #1354, #1759, #886 ),
 .UNSPECIFIED., .F., .F.,
 ( 4, 2, 4 ),
 ( 0.001577535133288763842, 0.002363237594559256666, 0.003148940055829749923 ),
 .UNSPECIFIED. ) ;
#1199 = ADVANCED_FACE ( 'NONE', ( #1379 ), #764, .F. ) ;
#1200 = CARTESIAN_POINT ( 'NONE',  ( -54.94329914396853098, -21.89807720467451446, 45.66836416833358925 ) ) ;
#1201 = CARTESIAN_POINT ( 'NONE',  ( -52.18938787022755577, -21.51249999999998508, 45.27041392194401226 ) ) ;
#1202 = CARTESIAN_POINT ( 'NONE',  ( -54.66448180830087011, -20.09583333333332078, 45.30317217875597180 ) ) ;
#1203 = ORIENTED_EDGE ( 'NONE', *, *, #1410, .T. ) ;
#1204 = EDGE_LOOP ( 'NONE', ( #531, #148, #1160, #791, #1417, #1569 ) ) ;
#1205 = CARTESIAN_POINT ( 'NONE',  ( -52.54228174074036417, -21.76854717273240070, 46.94646563661220995 ) ) ;
#1206 = CARTESIAN_POINT ( 'NONE',  ( -52.92837394140499185, -21.94999999999998508, 47.02685628004979890 ) ) ;
#1207 = CARTESIAN_POINT ( 'NONE',  ( -52.11358535224668032, -19.99999999999998224, 43.68313694308562845 ) ) ;
#1208 = CARTESIAN_POINT ( 'NONE',  ( -53.52122969111076856, -20.42916666666665293, 47.35688473885546301 ) ) ;
#1209 = CIRCLE ( 'NONE', #553, 2.699999999999997069 ) ;
#1210 = CARTESIAN_POINT ( 'NONE',  ( -54.25303181252927942, -20.29342975968549112, 47.28506660617183144 ) ) ;
#1211 = ORIENTED_EDGE ( 'NONE', *, *, #1849, .F. ) ;
#1212 = ORIENTED_EDGE ( 'NONE', *, *, #741, .T. ) ;
#1213 = CARTESIAN_POINT ( 'NONE',  ( -53.47877030888930960, -20.74166666666665293, 44.64311526114465067 ) ) ;
#1214 = CARTESIAN_POINT ( 'NONE',  ( -52.31428850058848923, -22.32499999999998153, 45.33994308238874282 ) ) ;
#1215 = APPROVAL_STATUS ( 'not_yet_approved' ) ;
#1216 = CARTESIAN_POINT ( 'NONE',  ( -52.18938787022754155, -21.07499999999997797, 45.27041392194400515 ) ) ;
#1217 = ORIENTED_EDGE ( 'NONE', *, *, #1660, .F. ) ;
#1218 = ORIENTED_EDGE ( 'NONE', *, *, #319, .T. ) ;
#1219 = CONICAL_SURFACE ( 'NONE', #1788, 2.699999999999997069, 1.047197551196600074 ) ;
#1220 = ORIENTED_EDGE ( 'NONE', *, *, #456, .F. ) ;
#1221 = CARTESIAN_POINT ( 'NONE',  ( -52.49245547935939271, -21.69447071824223627, 45.19994908773316666 ) ) ;
#1222 = CARTESIAN_POINT ( 'NONE',  ( -52.89652940473889942, -21.78333333333331723, 44.99152917176670030 ) ) ;
#1223 = CARTESIAN_POINT ( 'NONE',  ( -54.99981643791906549, -21.86666666666664938, 45.97653401295781350 ) ) ;
#1224 = CARTESIAN_POINT ( 'NONE',  ( -51.99389586980344546, -20.59732909936924372, 45.62159138370698486 ) ) ;
#1225 = CARTESIAN_POINT ( 'NONE',  ( -54.59407177078284690, -20.58936461052909195, 46.47225318703286945 ) ) ;
#1226 = EDGE_CURVE ( 'NONE', #1453, #1700, #478, .T. ) ;
#1227 = CARTESIAN_POINT ( 'NONE',  ( -54.47514459241606488, -21.60024047358081845, 45.34404024923459531 ) ) ;
#1228 = VERTEX_POINT ( 'NONE', #690 ) ;
#1229 = EDGE_LOOP ( 'NONE', ( #66, #890, #548, #1320 ) ) ;
#1230 = ADVANCED_BREP_SHAPE_REPRESENTATION ( 'Par\X2\00e7\X0\a 286 - Nylon Hex Nut', ( #656, #417 ), #1695 ) ;
#1231 = FACE_BOUND ( 'NONE', #97, .T. ) ;
#1232 = CARTESIAN_POINT ( 'NONE',  ( -52.32490334614384864, -21.36666666666664938, 46.01838545181644946 ) ) ;
#1233 = CARTESIAN_POINT ( 'NONE',  ( -54.81061212977253660, -21.92499999999998295, 46.72958607805611564 ) ) ;
#1234 = DIRECTION ( 'NONE',  ( -0.7566822659273385598, 0.4999999999999976130, 0.4212267185626652477 ) ) ;
#1235 = CARTESIAN_POINT ( 'NONE',  ( -54.54057132114803608, -20.58406261565506767, 46.57926089030305405 ) ) ;
#1236 = CARTESIAN_POINT ( 'NONE',  ( -54.22958607805609432, -20.88749999999998508, 44.68938787022756998 ) ) ;
#1237 = ORIENTED_EDGE ( 'NONE', *, *, #418, .F. ) ;
#1238 = AXIS2_PLACEMENT_3D ( 'NONE', #715, #1399, #134 ) ;
#1239 = PLANE ( 'NONE',  #40 ) ;
#1240 = CARTESIAN_POINT ( 'NONE',  ( -53.11089837121831891, -19.76799253503779141, 44.86325043113771471 ) ) ;
#1241 = CIRCLE ( 'NONE', #285, 2.699999999999997069 ) ;
#1242 = CYLINDRICAL_SURFACE ( 'NONE', #642, 1.500000000000001554 ) ;
#1243 = CARTESIAN_POINT ( 'NONE',  ( -52.31428850058848923, -20.32499999999998508, 45.33994308238874282 ) ) ;
#1244 = APPROVAL_STATUS ( 'not_yet_approved' ) ;
#1245 = CARTESIAN_POINT ( 'NONE',  ( -50.77594384266163274, -20.24115427318799121, 44.48358381317446231 ) ) ;
#1246 = ORIENTED_EDGE ( 'NONE', *, *, #1277, .F. ) ;
#1247 = ORIENTED_EDGE ( 'NONE', *, *, #509, .F. ) ;
#1248 = CARTESIAN_POINT ( 'NONE',  ( -55.00424467158539699, -20.29054779622085647, 46.25956227985950164 ) ) ;
#1249 = CARTESIAN_POINT ( 'NONE',  ( -51.95933104877510544, -22.52812499999998153, 45.14234685291523164 ) ) ;
#1250 = CC_DESIGN_SECURITY_CLASSIFICATION ( #505, ( #1308 ) ) ;
#1251 = FACE_OUTER_BOUND ( 'NONE', #391, .T. ) ;
#1252 = CARTESIAN_POINT ( 'NONE',  ( -54.10347059526117874, -21.47083333333331723, 47.00847082823342049 ) ) ;
#1253 = CARTESIAN_POINT ( 'NONE',  ( -53.52758506260137494, -21.22604166666664938, 47.76308502412518919 ) ) ;
#1254 = PERSON ( 'UNSPECIFIED', 'UNSPECIFIED', 'UNSPECIFIED', ('UNSPECIFIED'), ('UNSPECIFIED'), ('UNSPECIFIED') ) ;
#1255 = DIRECTION ( 'NONE',  ( 6.721228821374537644E-16, -1.000000000000000000, 3.664497496817873300E-16 ) ) ;
#1256 = ORIENTED_EDGE ( 'NONE', *, *, #650, .T. ) ;
#1257 = CARTESIAN_POINT ( 'NONE',  ( -54.07162605859509341, -22.13749999999998508, 44.97314371995032189 ) ) ;
#1258 = CARTESIAN_POINT ( 'NONE',  ( -51.98691611137643065, -22.11145833333331723, 46.90543187704036399 ) ) ;
#1259 = B_SPLINE_CURVE_WITH_KNOTS ( 'NONE', 3,
 ( #1652, #500, #914, #934, #239, #377 ),
 .UNSPECIFIED., .F., .F.,
 ( 4, 2, 4 ),
 ( 0.004489008771581239066, 0.005278757382042751842, 0.006068505992504263750 ),
 .UNSPECIFIED. ) ;
#1260 = CARTESIAN_POINT ( 'NONE',  ( -52.18938787022754866, -21.92499999999998295, 45.27041392194401226 ) ) ;
#1261 = B_SPLINE_CURVE_WITH_KNOTS ( 'NONE', 3,
 ( #1115, #100, #658, #91, #1402, #1393, #1803, #1679, #118, #1107, #1793, #110, #516, #684, #1651, #375, #944, #237 ),
 .UNSPECIFIED., .F., .F.,
 ( 4, 2, 2, 2, 2, 2, 2, 2, 4 ),
 ( 0.0003561717247620493280, 0.0008536204903494713433, 0.001351069255936893304, 0.001848518021524315266, 0.002345966787111737010, 0.002843415552699158754, 0.003340864318286580932, 0.003838313083874003110, 0.004335761849461425288 ),
 .UNSPECIFIED. ) ;
#1262 = CARTESIAN_POINT ( 'NONE',  ( -54.68571149941158893, -21.01249999999998508, 46.66005691761137086 ) ) ;
#1263 = CARTESIAN_POINT ( 'NONE',  ( -54.28412700691317383, -20.76770833333331367, 47.31036908560503917 ) ) ;
#1264 = DIRECTION ( 'NONE',  ( -0.8737414198483282046, 0.000000000000000000, 0.4863907187040346636 ) ) ;
#1265 = AXIS2_PLACEMENT_3D ( 'NONE', #403, #1813, #1540 ) ;
#1266 = VERTEX_POINT ( 'NONE', #445 ) ;
#1267 = CARTESIAN_POINT ( 'NONE',  ( -52.31428850058848923, -22.26249999999998153, 45.33994308238874282 ) ) ;
#1268 = CARTESIAN_POINT ( 'NONE',  ( -51.97312358007577870, -21.56979166666664938, 46.02388936497780492 ) ) ;
#1269 = EDGE_CURVE ( 'NONE', #1266, #566, #1005, .T. ) ;
#1270 = CARTESIAN_POINT ( 'NONE',  ( -54.88641464775339784, -22.19999999999998508, 48.31686305691449235 ) ) ;
#1271 = CARTESIAN_POINT ( 'NONE',  ( -53.52122969111076856, -19.99166666666665293, 47.35688473885546301 ) ) ;
#1272 = AXIS2_PLACEMENT_3D ( 'NONE', #932, #80, #535 ) ;
#1273 = CARTESIAN_POINT ( 'NONE',  ( -55.04066895122497272, -21.30937499999998153, 46.85765314708488916 ) ) ;
#1274 = EDGE_CURVE ( 'NONE', #1084, #1027, #1654, .T. ) ;
#1275 = FACE_OUTER_BOUND ( 'NONE', #380, .T. ) ;
#1276 = ORIENTED_EDGE ( 'NONE', *, *, #666, .T. ) ;
#1277 = EDGE_CURVE ( 'NONE', #1144, #1266, #1149, .T. ) ;
#1278 = CARTESIAN_POINT ( 'NONE',  ( -52.89652940473889942, -21.22083333333331723, 44.99152917176670030 ) ) ;
#1279 = CARTESIAN_POINT ( 'NONE',  ( -53.52758506260136784, -22.19479166666665648, 47.76308502412519630 ) ) ;
#1280 = CARTESIAN_POINT ( 'NONE',  ( -54.75521914338799689, -21.86160254037842421, 46.69875014210681030 ) ) ;
#1281 = CARTESIAN_POINT ( 'NONE',  ( -52.89652940473889942, -19.78333333333331723, 44.99152917176670030 ) ) ;
#1282 = CARTESIAN_POINT ( 'NONE',  ( -54.24274941301117536, -19.93437499999998508, 44.66574154941734065 ) ) ;
#1283 = LINE ( 'NONE', #572, #1180 ) ;
#1284 = EDGE_CURVE ( 'NONE', #1010, #1665, #584, .T. ) ;
#1285 = EDGE_LOOP ( 'NONE', ( #900, #247, #755 ) ) ;
#1286 = CARTESIAN_POINT ( 'NONE',  ( -50.77594384266162564, -21.95884572681197255, 44.48358381317446231 ) ) ;
#1287 = DIRECTION ( 'NONE',  ( -0.01564399136149946176, 3.558902209340147734E-16, 0.9998776252793545316 ) ) ;
#1288 = DIRECTION ( 'NONE',  ( 0.8737414198483284267, 0.000000000000000000, -0.4863907187040341640 ) ) ;
#1289 = CARTESIAN_POINT ( 'NONE',  ( -52.71587299308691144, -19.51770833333331367, 44.68963091439507451 ) ) ;
#1290 = CARTESIAN_POINT ( 'NONE',  ( -53.50000000000004263, -22.19999999999998508, 46.00000000000006395 ) ) ;
#1291 = VERTEX_POINT ( 'NONE', #1286 ) ;
#1292 = CARTESIAN_POINT ( 'NONE',  ( -55.95496350275798392, -20.16836298206987266, 44.27645971303186201 ) ) ;
#1293 = CARTESIAN_POINT ( 'NONE',  ( -52.71587299308691144, -20.48645833333331723, 44.68963091439508162 ) ) ;
#1294 = FACE_OUTER_BOUND ( 'NONE', #1464, .T. ) ;
#1295 = CARTESIAN_POINT ( 'NONE',  ( -53.55155418569334103, -21.92499999999998295, 44.50088620647486692 ) ) ;
#1296 = CONICAL_SURFACE ( 'NONE', #223, 2.699999999999997069, 1.047197551196600074 ) ;
#1297 = CARTESIAN_POINT ( 'NONE',  ( -54.68571149941158893, -21.51249999999998863, 46.66005691761137086 ) ) ;
#1298 = CARTESIAN_POINT ( 'NONE',  ( -53.98641271650626550, -22.10607337251726179, 48.85542568657164963 ) ) ;
#1299 = CARTESIAN_POINT ( 'NONE',  ( -53.89975957585794220, -20.10656264263761628, 43.13237738800967236 ) ) ;
#1300 = ORIENTED_EDGE ( 'NONE', *, *, #799, .T. ) ;
#1301 = CARTESIAN_POINT ( 'NONE',  ( -52.60546589110840898, -21.77195543773490627, 47.01090247150435175 ) ) ;
#1302 = CARTESIAN_POINT ( 'NONE',  ( -54.28412700691317383, -20.23645833333331723, 47.31036908560503917 ) ) ;
#1303 = CARTESIAN_POINT ( 'NONE',  ( -50.77594384266162564, -21.95884572681197255, 44.48358381317446231 ) ) ;
#1304 = CARTESIAN_POINT ( 'NONE',  ( -56.17528301917014488, -21.95884572681197255, 44.39910625982237491 ) ) ;
#1305 = ADVANCED_FACE ( 'NONE', ( #3 ), #151, .F. ) ;
#1306 = CARTESIAN_POINT ( 'NONE',  ( -53.52122969111076856, -21.42916666666664938, 47.35688473885546301 ) ) ;
#1307 = EDGE_CURVE ( 'NONE', #65, #1084, #540, .T. ) ;
#1308 = PRODUCT_DEFINITION_FORMATION_WITH_SPECIFIED_SOURCE ( 'ANY', '', #1487, .NOT_KNOWN. ) ;
#1309 = ADVANCED_FACE ( 'NONE', ( #1745 ), #1565, .F. ) ;
#1310 = CARTESIAN_POINT ( 'NONE',  ( -54.90522177147281724, -20.27499999999998437, 46.52473971926944074 ) ) ;
#1311 = CARTESIAN_POINT ( 'NONE',  ( -52.89652940473889942, -22.28333333333331723, 44.99152917176670030 ) ) ;
#1312 = ORIENTED_EDGE ( 'NONE', *, *, #259, .F. ) ;
#1313 = DIRECTION ( 'NONE',  ( -6.721228821374537644E-16, 1.000000000000000000, -3.664497496817873300E-16 ) ) ;
#1314 = DIRECTION ( 'NONE',  ( 6.721228821374537644E-16, -1.000000000000000000, 3.664497496817873300E-16 ) ) ;
#1315 = CARTESIAN_POINT ( 'NONE',  ( -54.10347059526117874, -21.53333333333331723, 47.00847082823342049 ) ) ;
#1316 = CARTESIAN_POINT ( 'NONE',  ( -54.47891882036307010, -20.59975952642815855, 45.34968614201950032 ) ) ;
#1317 = CARTESIAN_POINT ( 'NONE',  ( -52.29864271133362053, -21.71041015253937445, 45.53427214195971828 ) ) ;
#1318 = CARTESIAN_POINT ( 'NONE',  ( -54.58274828801321377, -22.19999999999998508, 43.51258068732173712 ) ) ;
#1319 = CARTESIAN_POINT ( 'NONE',  ( -56.17926237646071286, -22.03227593237271265, 44.65344482508261592 ) ) ;
#1320 = ORIENTED_EDGE ( 'NONE', *, *, #786, .F. ) ;
#1321 = ORIENTED_EDGE ( 'NONE', *, *, #344, .F. ) ;
#1322 = CARTESIAN_POINT ( 'NONE',  ( -53.50000000000004263, -22.19999999999998508, 46.00000000000006395 ) ) ;
#1323 = ADVANCED_FACE ( 'NONE', ( #145 ), #598, .F. ) ;
#1324 = CARTESIAN_POINT ( 'NONE',  ( -53.55155418569334103, -21.92499999999998295, 44.50088620647486692 ) ) ;
#1325 = DIRECTION ( 'NONE',  ( 0.8737414198483284267, 0.000000000000000000, -0.4863907187040341640 ) ) ;
#1326 = CARTESIAN_POINT ( 'NONE',  ( -54.10347059526117874, -20.97083333333331723, 47.00847082823342049 ) ) ;
#1327 = CONICAL_SURFACE ( 'NONE', #524, 2.699999999999997069, 1.047197551196600074 ) ;
#1328 = CARTESIAN_POINT ( 'NONE',  ( -53.01358728349380556, -22.10607337251726179, 43.14457431342847826 ) ) ;
#1329 = CARTESIAN_POINT ( 'NONE',  ( -55.00610413019663270, -21.28482909936924017, 46.37840861629315015 ) ) ;
#1330 = EDGE_CURVE ( 'NONE', #1266, #77, #6, .T. ) ;
#1331 = CARTESIAN_POINT ( 'NONE',  ( -53.47877030888930960, -22.24166666666665293, 44.64311526114465067 ) ) ;
#1332 = ORIENTED_EDGE ( 'NONE', *, *, #564, .T. ) ;
#1333 = VERTEX_POINT ( 'NONE', #577 ) ;
#1334 = CARTESIAN_POINT ( 'NONE',  ( -56.17926237646071286, -20.16772406762725822, 44.65344482508261592 ) ) ;
#1335 = EDGE_CURVE ( 'NONE', #9, #77, #105, .T. ) ;
#1336 = CARTESIAN_POINT ( 'NONE',  ( -56.22405615733845963, -20.24115427318799476, 47.51641618682564427 ) ) ;
#1337 = FACE_OUTER_BOUND ( 'NONE', #1072, .T. ) ;
#1338 = CARTESIAN_POINT ( 'NONE',  ( -53.47877030888930960, -21.17916666666665648, 44.64311526114465067 ) ) ;
#1339 = CARTESIAN_POINT ( 'NONE',  ( -52.56937633011091293, -22.19999999999998508, 43.41039087544950803 ) ) ;
#1340 = DIRECTION ( 'NONE',  ( -0.8737414198483282046, 0.000000000000000000, 0.4863907187040346636 ) ) ;
#1341 = CARTESIAN_POINT ( 'NONE',  ( -54.07162605859509341, -20.13749999999998508, 44.97314371995032189 ) ) ;
#1342 = APPROVAL_PERSON_ORGANIZATION ( #679, #1739, #1815 ) ;
#1343 = ORIENTED_EDGE ( 'NONE', *, *, #1307, .T. ) ;
#1344 = CARTESIAN_POINT ( 'NONE',  ( -54.81801207644935658, -20.46098887513289100, 46.21112573660666811 ) ) ;
#1345 = CARTESIAN_POINT ( 'NONE',  ( -52.56937633011091293, -19.99999999999998224, 43.41039087544950803 ) ) ;
#1346 = CARTESIAN_POINT ( 'NONE',  ( -54.68571149941158893, -20.57499999999998863, 46.66005691761137086 ) ) ;
#1347 = DIRECTION ( 'NONE',  ( 0.8737414198483284267, 0.000000000000000000, -0.4863907187040343860 ) ) ;
#1348 = CARTESIAN_POINT ( 'NONE',  ( -52.89652940473889942, -20.72083333333331723, 44.99152917176670030 ) ) ;
#1349 = ADVANCED_FACE ( 'NONE', ( #290 ), #1457, .F. ) ;
#1350 = ORIENTED_EDGE ( 'NONE', *, *, #741, .F. ) ;
#1351 = ORIENTED_EDGE ( 'NONE', *, *, #826, .F. ) ;
#1352 = CARTESIAN_POINT ( 'NONE',  ( -52.89652940473889942, -20.78333333333331723, 44.99152917176670030 ) ) ;
#1353 = CARTESIAN_POINT ( 'NONE',  ( -53.52122969111076856, -20.49166666666664938, 47.35688473885546301 ) ) ;
#1354 = CARTESIAN_POINT ( 'NONE',  ( -50.81672506573218584, -22.09289401157886701, 47.09009461579077538 ) ) ;
#1355 = MECHANICAL_CONTEXT ( 'NONE', #24, 'mechanical' ) ;
#1356 = CARTESIAN_POINT ( 'NONE',  ( -54.70724740998737445, -20.39330127018912719, 46.67204543822563778 ) ) ;
#1357 = CIRCLE ( 'NONE', #1480, 2.699999999999997069 ) ;
#1358 = AXIS2_PLACEMENT_3D ( 'NONE', #841, #1564, #1013 ) ;
#1359 = CARTESIAN_POINT ( 'NONE',  ( -55.85910183359052184, -19.99999999999998224, 47.31325494050095415 ) ) ;
#1360 = VERTEX_POINT ( 'NONE', #1148 ) ;
#1361 = CONICAL_SURFACE ( 'NONE', #616, 2.699999999999997069, 1.047197551196600074 ) ;
#1362 = EDGE_LOOP ( 'NONE', ( #217, #557, #257, #1312, #1657, #809 ) ) ;
#1363 = CARTESIAN_POINT ( 'NONE',  ( -54.67714520781181875, -20.60862543663921187, 46.11254681585395332 ) ) ;
#1364 = CARTESIAN_POINT ( 'NONE',  ( -54.60709443765972537, -21.92499999999998295, 44.98790222502820058 ) ) ;
#1365 = CALENDAR_DATE ( 2026, 30, 8 ) ;
#1366 = DIRECTION ( 'NONE',  ( -0.8737414198483282046, 0.000000000000000000, 0.4863907187040346636 ) ) ;
#1367 = ORIENTED_EDGE ( 'NONE', *, *, #496, .F. ) ;
#1368 = ORIENTED_EDGE ( 'NONE', *, *, #1715, .T. ) ;
#1369 = AXIS2_PLACEMENT_3D ( 'NONE', #1712, #1594, #1288 ) ;
#1370 = ORIENTED_EDGE ( 'NONE', *, *, #1490, .T. ) ;
#1371 = CARTESIAN_POINT ( 'NONE',  ( -53.50000000000004263, -22.19999999999998508, 46.00000000000006395 ) ) ;
#1372 = CARTESIAN_POINT ( 'NONE',  ( -54.10347059526117874, -21.03333333333331723, 47.00847082823342049 ) ) ;
#1373 = CARTESIAN_POINT ( 'NONE',  ( -53.50000000000004263, -22.19999999999998508, 46.00000000000006395 ) ) ;
#1374 = CARTESIAN_POINT ( 'NONE',  ( -52.18674505949914533, -19.99999999999998224, 48.35910183359054315 ) ) ;
#1375 = CARTESIAN_POINT ( 'NONE',  ( -54.63075178484691463, -20.59459960390416455, 46.35943903782390407 ) ) ;
#1376 = EDGE_LOOP ( 'NONE', ( #1588, #286, #1434, #1667, #732, #871, #124, #970 ) ) ;
#1377 = ORIENTED_EDGE ( 'NONE', *, *, #1715, .F. ) ;
#1378 = ORIENTED_EDGE ( 'NONE', *, *, #1189, .F. ) ;
#1379 = FACE_OUTER_BOUND ( 'NONE', #364, .T. ) ;
#1380 = CARTESIAN_POINT ( 'NONE',  ( -54.28412700691317383, -21.73645833333332078, 47.31036908560503917 ) ) ;
#1381 = DIRECTION ( 'NONE',  ( -0.8737414198483282046, 0.000000000000000000, 0.4863907187040346636 ) ) ;
#1382 = CARTESIAN_POINT ( 'NONE',  ( -54.66448180830087011, -20.65833333333332078, 45.30317217875597180 ) ) ;
#1383 =( LENGTH_UNIT ( ) NAMED_UNIT ( * ) SI_UNIT ( .MILLI., .METRE. ) );
#1384 = CARTESIAN_POINT ( 'NONE',  ( -54.81061212977252950, -20.76249999999998153, 46.72958607805611564 ) ) ;
#1385 = B_SPLINE_CURVE_WITH_KNOTS ( 'NONE', 3,
 ( #1245, #62, #796, #104 ),
 .UNSPECIFIED., .F., .F.,
 ( 4, 4 ),
 ( 2.380743312975013451E-07, 0.001577535133288770781 ),
 .UNSPECIFIED. ) ;
#1386 = ORIENTED_EDGE ( 'NONE', *, *, #509, .T. ) ;
#1387 = AXIS2_PLACEMENT_3D ( 'NONE', #29, #1196, #1185 ) ;
#1388 = ORIENTED_EDGE ( 'NONE', *, *, #676, .F. ) ;
#1389 = CARTESIAN_POINT ( 'NONE',  ( -54.22958607805609432, -20.38749999999998508, 44.68938787022756998 ) ) ;
#1390 = CARTESIAN_POINT ( 'NONE',  ( -53.35891050696528026, -19.75037550456997337, 44.83325927228987240 ) ) ;
#1391 = AXIS2_PLACEMENT_3D ( 'NONE', #1617, #905, #332 ) ;
#1392 = ADVANCED_FACE ( 'NONE', ( #884 ), #609, .F. ) ;
#1393 = CARTESIAN_POINT ( 'NONE',  ( -53.63216672193976109, -20.53599840309099278, 47.24302379648064942 ) ) ;
#1394 = CARTESIAN_POINT ( 'NONE',  ( -53.52122969111076145, -21.42916666666665293, 47.35688473885545591 ) ) ;
#1395 = DATE_AND_TIME ( #967, #1401 ) ;
#1396 = CARTESIAN_POINT ( 'NONE',  ( -51.97312358007577870, -21.60104166666664582, 46.02388936497780492 ) ) ;
#1397 = CARTESIAN_POINT ( 'NONE',  ( -54.81061212977252950, -21.76249999999998508, 46.72958607805611564 ) ) ;
#1398 = EDGE_LOOP ( 'NONE', ( #1545, #1103, #1475, #782, #1351, #714 ) ) ;
#1399 = DIRECTION ( 'NONE',  ( -6.721228821374538630E-16, 1.000000000000000000, -3.664497496817873793E-16 ) ) ;
#1400 = CARTESIAN_POINT ( 'NONE',  ( -54.67509665385622952, -20.11666666666664938, 45.98161454818367844 ) ) ;
#1401 = LOCAL_TIME ( 0, 7, 0.000000000000000000, #1672 ) ;
#1402 = CARTESIAN_POINT ( 'NONE',  ( -53.95084819691302158, -20.54985492447303841, 47.15115924323729502 ) ) ;
#1403 = CARTESIAN_POINT ( 'NONE',  ( -54.07162605859509341, -21.13749999999998508, 44.97314371995032189 ) ) ;
#1404 = CARTESIAN_POINT ( 'NONE',  ( -54.24274941301117536, -20.93437499999998508, 44.66574154941734065 ) ) ;
#1405 = FACE_OUTER_BOUND ( 'NONE', #55, .T. ) ;
#1406 = EDGE_CURVE ( 'NONE', #1048, #1789, #1176, .T. ) ;
#1407 = EDGE_LOOP ( 'NONE', ( #1094, #1817, #1426, #218, #336, #1377 ) ) ;
#1408 = CARTESIAN_POINT ( 'NONE',  ( -52.33551819169921515, -21.84583333333331723, 46.69682782124414899 ) ) ;
#1409 = CARTESIAN_POINT ( 'NONE',  ( -53.52758506260137494, -21.19479166666665293, 47.76308502412518919 ) ) ;
#1410 = EDGE_CURVE ( 'NONE', #880, #635, #172, .T. ) ;
#1411 = FACE_OUTER_BOUND ( 'NONE', #1171, .T. ) ;
#1412 = CC_DESIGN_PERSON_AND_ORGANIZATION_ASSIGNMENT ( #1192, #166, ( #1308 ) ) ;
#1413 = CARTESIAN_POINT ( 'NONE',  ( -54.10347059526117874, -20.03333333333331723, 47.00847082823342049 ) ) ;
#1414 = CARTESIAN_POINT ( 'NONE',  ( -52.75725058698890990, -19.68437499999997797, 47.33425845058278014 ) ) ;
#1415 = CARTESIAN_POINT ( 'NONE',  ( -54.81061212977254371, -21.82499999999998153, 46.72958607805612274 ) ) ;
#1416 = AXIS2_PLACEMENT_3D ( 'NONE', #13, #152, #1156 ) ;
#1417 = ORIENTED_EDGE ( 'NONE', *, *, #283, .F. ) ;
#1418 = CARTESIAN_POINT ( 'NONE',  ( -52.32490334614384864, -21.30416666666664938, 46.01838545181644946 ) ) ;
#1419 = CARTESIAN_POINT ( 'NONE',  ( -55.04066895122497272, -21.77812499999998863, 46.85765314708488916 ) ) ;
#1420 = CARTESIAN_POINT ( 'NONE',  ( -53.50000000000004263, -19.99999999999998224, 46.00000000000006395 ) ) ;
#1421 = CARTESIAN_POINT ( 'NONE',  ( -52.33551819169921515, -20.40833333333331723, 46.69682782124414899 ) ) ;
#1422 = EDGE_CURVE ( 'NONE', #249, #1073, #1117, .T. ) ;
#1423 = CIRCLE ( 'NONE', #706, 2.699999999999997069 ) ;
#1424 = CARTESIAN_POINT ( 'NONE',  ( -54.24274941301117536, -20.43437499999998508, 44.66574154941734065 ) ) ;
#1425 = DIRECTION ( 'NONE',  ( 6.721228821374537644E-16, -1.000000000000000000, 3.664497496817873300E-16 ) ) ;
#1426 = ORIENTED_EDGE ( 'NONE', *, *, #1578, .T. ) ;
#1427 = CARTESIAN_POINT ( 'NONE',  ( -52.33551819169921515, -22.34583333333331723, 46.69682782124414899 ) ) ;
#1428 = CARTESIAN_POINT ( 'NONE',  ( -55.02687641992431367, -20.31979166666665293, 45.97611063502232298 ) ) ;
#1429 = CARTESIAN_POINT ( 'NONE',  ( -53.50000000000004263, -22.19999999999998508, 46.00000000000006395 ) ) ;
#1430 = CARTESIAN_POINT ( 'NONE',  ( -56.17528301917014488, -22.19999999999998863, 44.39910625982237491 ) ) ;
#1431 = LOCAL_TIME ( 0, 7, 0.000000000000000000, #795 ) ;
#1432 = CARTESIAN_POINT ( 'NONE',  ( -55.02687641992430656, -20.85104166666664938, 45.97611063502232298 ) ) ;
#1433 = DIRECTION ( 'NONE',  ( -6.721228821374537644E-16, 1.000000000000000000, -3.664497496817873300E-16 ) ) ;
#1434 = ORIENTED_EDGE ( 'NONE', *, *, #1835, .F. ) ;
#1435 = CARTESIAN_POINT ( 'NONE',  ( -53.50000000000004263, -20.27499999999998437, 46.00000000000006395 ) ) ;
#1436 = CARTESIAN_POINT ( 'NONE',  ( -50.80860349504919782, -20.02309197751246117, 46.57100862166013400 ) ) ;
#1437 = DIRECTION ( 'NONE',  ( -6.721228821374537644E-16, 1.000000000000000000, -3.664497496817873300E-16 ) ) ;
#1438 = CARTESIAN_POINT ( 'NONE',  ( -54.99981643791906549, -21.80416666666665293, 45.97653401295781350 ) ) ;
#1439 = CARTESIAN_POINT ( 'NONE',  ( -52.33551819169921515, -20.84583333333331723, 46.69682782124414899 ) ) ;
#1440 = CARTESIAN_POINT ( 'NONE',  ( -52.00018356208101267, -21.55416666666665293, 46.02346598704230729 ) ) ;
#1441 = CARTESIAN_POINT ( 'NONE',  ( -53.19371536144439716, -20.38354996032189348, 44.63979082024142286 ) ) ;
#1442 = VERTEX_POINT ( 'NONE', #1732 ) ;
#1443 = EDGE_CURVE ( 'NONE', #1453, #1010, #14, .T. ) ;
#1444 = CARTESIAN_POINT ( 'NONE',  ( -56.19553034155304516, -19.99999999999998579, 45.69320340898646293 ) ) ;
#1445 = CARTESIAN_POINT ( 'NONE',  ( -54.65175900159510292, -21.60024047358081845, 46.23375494216654147 ) ) ;
#1446 = EDGE_CURVE ( 'NONE', #106, #9, #306, .T. ) ;
#1447 = CARTESIAN_POINT ( 'NONE',  ( -53.50000000000004263, -22.19999999999998508, 46.00000000000006395 ) ) ;
#1448 = CARTESIAN_POINT ( 'NONE',  ( -51.94910897976925668, -19.99999999999998224, 45.13665647430040195 ) ) ;
#1449 = AXIS2_PLACEMENT_3D ( 'NONE', #1429, #576, #1696 ) ;
#1450 = CARTESIAN_POINT ( 'NONE',  ( -52.92837394140499185, -19.88749999999998153, 47.02685628004979890 ) ) ;
#1451 = CARTESIAN_POINT ( 'NONE',  ( -55.34020622461304839, -20.02309197751246117, 48.04531343411410660 ) ) ;
#1452 = CARTESIAN_POINT ( 'NONE',  ( -52.32094621289077452, -20.42556896660117971, 45.34364926982370037 ) ) ;
#1453 = VERTEX_POINT ( 'NONE', #1304 ) ;
#1454 = CARTESIAN_POINT ( 'NONE',  ( -54.22958607805609432, -21.44999999999998153, 44.68938787022756998 ) ) ;
#1455 = FACE_OUTER_BOUND ( 'NONE', #1844, .T. ) ;
#1456 = CARTESIAN_POINT ( 'NONE',  ( -53.54877313816835027, -20.24115427318799121, 49.11730992700334042 ) ) ;
#1457 = PLANE ( 'NONE',  #1548 ) ;
#1458 = CARTESIAN_POINT ( 'NONE',  ( -54.68571149941158893, -20.01249999999998153, 46.66005691761137086 ) ) ;
#1459 = CARTESIAN_POINT ( 'NONE',  ( -54.81325494050093283, -22.19999999999998508, 43.64089816640957764 ) ) ;
#1460 = CONICAL_SURFACE ( 'NONE', #687, 1.500000000000001554, 0.7853981633974502774 ) ;
#1461 = CARTESIAN_POINT ( 'NONE',  ( -51.99389586980344546, -20.53482909936924372, 45.62159138370697065 ) ) ;
#1462 = CARTESIAN_POINT ( 'NONE',  ( -53.52122969111076856, -19.92916666666664938, 47.35688473885546301 ) ) ;
#1463 = APPROVAL_ROLE ( '' ) ;
#1464 = EDGE_LOOP ( 'NONE', ( #1637, #1664, #1367 ) ) ;
#1465 = CARTESIAN_POINT ( 'NONE',  ( -54.47891882036307010, -20.59975952642816210, 45.34968614201950032 ) ) ;
#1466 = CARTESIAN_POINT ( 'NONE',  ( -54.81061212977252950, -20.32499999999998863, 46.72958607805611564 ) ) ;
#1467 = LINE ( 'NONE', #1488, #701 ) ;
#1468 = CARTESIAN_POINT ( 'NONE',  ( -54.32099320433466971, -20.61997415540067990, 45.11196037952736049 ) ) ;
#1469 = CARTESIAN_POINT ( 'NONE',  ( -54.10347059526117874, -19.97083333333331723, 47.00847082823342049 ) ) ;
#1470 = CARTESIAN_POINT ( 'NONE',  ( -54.68633172953991561, -21.61578568404238609, 46.14156399246670759 ) ) ;
#1471 = CARTESIAN_POINT ( 'NONE',  ( -54.98626834398342567, -21.34583333333331723, 45.11061458879023434 ) ) ;
#1472 = CARTESIAN_POINT ( 'NONE',  ( -52.31428850058848923, -22.32499999999998153, 45.33994308238874282 ) ) ;
#1473 = DATE_AND_TIME ( #1752, #1635 ) ;
#1474 = ORIENTED_EDGE ( 'NONE', *, *, #122, .T. ) ;
#1475 = ORIENTED_EDGE ( 'NONE', *, *, #496, .T. ) ;
#1476 = CARTESIAN_POINT ( 'NONE',  ( -54.54203871947213145, -21.84847277679823918, 46.98578119447771684 ) ) ;
#1477 = CARTESIAN_POINT ( 'NONE',  ( -54.66448180830087011, -21.15833333333331723, 45.30317217875597180 ) ) ;
#1478 = CARTESIAN_POINT ( 'NONE',  ( -52.41743594675895679, -22.19999999999998508, 48.48752187172064509 ) ) ;
#1479 = CARTESIAN_POINT ( 'NONE',  ( -53.52122969111076856, -21.92916666666665293, 47.35688473885546301 ) ) ;
#1480 = AXIS2_PLACEMENT_3D ( 'NONE', #1175, #41, #628 ) ;
#1481 = CARTESIAN_POINT ( 'NONE',  ( -54.83404236782953944, -21.86719290892541778, 46.56864743853920174 ) ) ;
#1482 = CARTESIAN_POINT ( 'NONE',  ( -56.22405615733845963, -21.95884572681197255, 47.51641618682565138 ) ) ;
#1483 = CARTESIAN_POINT ( 'NONE',  ( -50.80033041174578301, -22.19999999999998153, 46.04223877667611475 ) ) ;
#1484 = CARTESIAN_POINT ( 'NONE',  ( -52.33551819169921515, -21.90833333333331723, 46.69682782124414899 ) ) ;
#1485 = ORIENTED_EDGE ( 'NONE', *, *, #761, .T. ) ;
#1486 = CARTESIAN_POINT ( 'NONE',  ( -53.84291568640456660, -21.82095217698547174, 47.35607315178796028 ) ) ;
#1487 = PRODUCT ( 'Par\X2\00e7\X0\a 286 - Nylon Hex Nut', 'Par\X2\00e7\X0\a 286 - Nylon Hex Nut', '', ( #1355 ) ) ;
#1488 = CARTESIAN_POINT ( 'NONE',  ( -54.81061212977253660, -22.19999999999998508, 46.72958607805611564 ) ) ;
#1489 = CARTESIAN_POINT ( 'NONE',  ( -52.92837394140499185, -21.44999999999998153, 47.02685628004979890 ) ) ;
#1490 = EDGE_CURVE ( 'NONE', #325, #86, #1504, .T. ) ;
#1491 = CARTESIAN_POINT ( 'NONE',  ( -55.85910183359052184, -22.19999999999998508, 47.31325494050095415 ) ) ;
#1492 = CARTESIAN_POINT ( 'NONE',  ( -52.71587299308691144, -22.01770833333331723, 44.68963091439508162 ) ) ;
#1493 = CARTESIAN_POINT ( 'NONE',  ( -54.10347059526117874, -20.97083333333331723, 47.00847082823342049 ) ) ;
#1494 = CC_DESIGN_APPROVAL ( #1603, ( #505 ) ) ;
#1495 = ORIENTED_EDGE ( 'NONE', *, *, #1093, .F. ) ;
#1496 = EDGE_LOOP ( 'NONE', ( #444, #1600, #1256 ) ) ;
#1497 = CARTESIAN_POINT ( 'NONE',  ( -52.11358535224668032, -19.99999999999998224, 43.68313694308562845 ) ) ;
#1498 = CARTESIAN_POINT ( 'NONE',  ( -54.10347059526117874, -22.03333333333331723, 47.00847082823342049 ) ) ;
#1499 = CARTESIAN_POINT ( 'NONE',  ( -54.68279430487022807, -21.60024047358081845, 46.08083757672787328 ) ) ;
#1500 = FACE_OUTER_BOUND ( 'NONE', #1527, .T. ) ;
#1501 = CARTESIAN_POINT ( 'NONE',  ( -51.94910897976925668, -19.99999999999998224, 45.13665647430040195 ) ) ;
#1502 = B_SPLINE_CURVE_WITH_KNOTS ( 'NONE', 3,
 ( #957, #499, #70, #506, #103, #1374 ),
 .UNSPECIFIED., .F., .F.,
 ( 4, 2, 4 ),
 ( 0.002910772971574995208, 0.003699890871578116920, 0.004489008771581239066 ),
 .UNSPECIFIED. ) ;
#1503 = ORIENTED_EDGE ( 'NONE', *, *, #588, .T. ) ;
#1504 = B_SPLINE_CURVE_WITH_KNOTS ( 'NONE', 3,
 ( #23, #1478, #924, #1197, #1515, #79 ),
 .UNSPECIFIED., .F., .F.,
 ( 4, 2, 4 ),
 ( 0.004489008771581238198, 0.005278757382042750974, 0.006068505992504263750 ),
 .UNSPECIFIED. ) ;
#1505 = CARTESIAN_POINT ( 'NONE',  ( -54.07162605859509341, -20.19999999999998508, 44.97314371995032189 ) ) ;
#1506 = ADVANCED_FACE ( 'NONE', ( #1337 ), #228, .F. ) ;
#1507 = CYLINDRICAL_SURFACE ( 'NONE', #1265, 1.500000000000001554 ) ;
#1508 = APPROVAL_ROLE ( '' ) ;
#1509 = DIRECTION ( 'NONE',  ( -6.721228821374537644E-16, 1.000000000000000000, -3.664497496817873300E-16 ) ) ;
#1510 = AXIS2_PLACEMENT_3D ( 'NONE', #718, #867, #894 ) ;
#1511 = ORIENTED_EDGE ( 'NONE', *, *, #919, .F. ) ;
#1512 = AXIS2_PLACEMENT_3D ( 'NONE', #1290, #8, #978 ) ;
#1513 = ORIENTED_EDGE ( 'NONE', *, *, #1284, .F. ) ;
#1514 = ORIENTED_EDGE ( 'NONE', *, *, #617, .F. ) ;
#1515 = CARTESIAN_POINT ( 'NONE',  ( -53.32845362175619641, -22.03163701793009466, 48.99466338021283462 ) ) ;
#1516 = DIRECTION ( 'NONE',  ( -6.721228821374537644E-16, 1.000000000000000000, -3.664497496817873300E-16 ) ) ;
#1517 = CARTESIAN_POINT ( 'NONE',  ( -52.38326332257332751, -21.70310889132453980, 45.37833969776673371 ) ) ;
#1518 = CARTESIAN_POINT ( 'NONE',  ( -54.28412700691317383, -21.76770833333331723, 47.31036908560503917 ) ) ;
#1519 = CARTESIAN_POINT ( 'NONE',  ( -53.52709618787132229, -21.74166666666665293, 47.73183884833521518 ) ) ;
#1520 = ORIENTED_EDGE ( 'NONE', *, *, #1330, .F. ) ;
#1521 = ADVANCED_FACE ( 'NONE', ( #11 ), #1460, .F. ) ;
#1522 = ORIENTED_EDGE ( 'NONE', *, *, #671, .T. ) ;
#1523 = CARTESIAN_POINT ( 'NONE',  ( -54.61512012934842630, -21.24017090063072644, 47.08076353981909534 ) ) ;
#1524 = CARTESIAN_POINT ( 'NONE',  ( -55.01308388862363330, -21.86145833333332078, 45.09456812295975681 ) ) ;
#1525 = CARTESIAN_POINT ( 'NONE',  ( -52.18938787022754155, -20.57499999999997797, 45.27041392194401226 ) ) ;
#1526 = CARTESIAN_POINT ( 'NONE',  ( -53.50000000000004263, -19.99999999999998224, 46.00000000000006395 ) ) ;
#1527 = EDGE_LOOP ( 'NONE', ( #532, #179, #248, #409, #1638, #494, #1647 ) ) ;
#1528 = ORIENTED_EDGE ( 'NONE', *, *, #1598, .T. ) ;
#1529 = CARTESIAN_POINT ( 'NONE',  ( -53.52122969111076145, -20.99166666666665293, 47.35688473885545591 ) ) ;
#1530 = CARTESIAN_POINT ( 'NONE',  ( -52.71587299308691144, -21.98645833333332078, 44.68963091439508162 ) ) ;
#1531 = DIRECTION ( 'NONE',  ( -0.6178284829783160514, -0.7071067811865464625, 0.3439301755018223106 ) ) ;
#1532 = CARTESIAN_POINT ( 'NONE',  ( -52.92837394140499185, -19.94999999999998153, 47.02685628004979890 ) ) ;
#1533 = DATE_TIME_ROLE ( 'creation_date' ) ;
#1534 = CARTESIAN_POINT ( 'NONE',  ( -51.98691611137643065, -21.64270833333331723, 46.90543187704036399 ) ) ;
#1535 = CARTESIAN_POINT ( 'NONE',  ( -54.61512012934841920, -21.80267090063072288, 47.08076353981908113 ) ) ;
#1536 = CIRCLE ( 'NONE', #822, 2.699999999999997069 ) ;
#1537 = ORIENTED_EDGE ( 'NONE', *, *, #799, .F. ) ;
#1538 = CARTESIAN_POINT ( 'NONE',  ( -54.65032370285504015, -20.59975952641914532, 46.24071881811046580 ) ) ;
#1539 = CARTESIAN_POINT ( 'NONE',  ( -51.97312358007577160, -22.56979166666665293, 46.02388936497780492 ) ) ;
#1540 = DIRECTION ( 'NONE',  ( 0.8737414198483284267, 0.000000000000000000, -0.4863907187040341640 ) ) ;
#1541 = CARTESIAN_POINT ( 'NONE',  ( -52.89652940473889942, -20.28333333333331723, 44.99152917176670030 ) ) ;
#1542 = ADVANCED_FACE ( 'NONE', ( #431 ), #1219, .T. ) ;
#1543 = CARTESIAN_POINT ( 'NONE',  ( -52.71587299308691144, -20.51770833333331367, 44.68963091439508162 ) ) ;
#1544 = CARTESIAN_POINT ( 'NONE',  ( -52.18938787022755577, -21.01249999999998508, 45.27041392194401226 ) ) ;
#1545 = ORIENTED_EDGE ( 'NONE', *, *, #202, .T. ) ;
#1546 = CARTESIAN_POINT ( 'NONE',  ( -52.92837394140499185, -21.88749999999998508, 47.02685628004979890 ) ) ;
#1547 = CARTESIAN_POINT ( 'NONE',  ( -52.89652940473889942, -19.78333333333331723, 44.99152917176670030 ) ) ;
#1548 = AXIS2_PLACEMENT_3D ( 'NONE', #1430, #719, #1164 ) ;
#1549 = DIRECTION ( 'NONE',  ( 6.721228821374537644E-16, -1.000000000000000000, 3.664497496817873300E-16 ) ) ;
#1550 = CARTESIAN_POINT ( 'NONE',  ( -52.92837394140499185, -20.44999999999998153, 47.02685628004979890 ) ) ;
#1551 = CARTESIAN_POINT ( 'NONE',  ( -52.32490334614384864, -22.30416666666664938, 46.01838545181644946 ) ) ;
#1552 = CARTESIAN_POINT ( 'NONE',  ( -50.80033041174579012, -19.99999999999998224, 46.04223877667611475 ) ) ;
#1553 = VERTEX_POINT ( 'NONE', #1029 ) ;
#1554 = CARTESIAN_POINT ( 'NONE',  ( -56.17528301917014488, -20.24115427318799831, 44.39910625982237491 ) ) ;
#1555 = CARTESIAN_POINT ( 'NONE',  ( -55.02687641992430656, -22.31979166666665293, 45.97611063502233009 ) ) ;
#1556 = CARTESIAN_POINT ( 'NONE',  ( -55.85910183359052184, -22.19999999999998508, 47.31325494050095415 ) ) ;
#1557 = CARTESIAN_POINT ( 'NONE',  ( -54.07162605859509341, -20.69999999999998508, 44.97314371995032189 ) ) ;
#1558 = CARTESIAN_POINT ( 'NONE',  ( -55.02687641992430656, -21.35104166666664938, 45.97611063502232298 ) ) ;
#1559 = DIRECTION ( 'NONE',  ( 0.5134869065753203676, 3.067671171566591793E-17, -0.8580974284868289059 ) ) ;
#1560 = ORIENTED_EDGE ( 'NONE', *, *, #1777, .F. ) ;
#1561 = CARTESIAN_POINT ( 'NONE',  ( -52.31428850058848923, -21.76249999999998508, 45.33994308238874282 ) ) ;
#1562 = CARTESIAN_POINT ( 'NONE',  ( -52.38487987065165186, -20.55267090063072288, 44.91923646018103256 ) ) ;
#1563 = AXIS2_PLACEMENT_3D ( 'NONE', #638, #1787, #1347 ) ;
#1564 = DIRECTION ( 'NONE',  ( 6.721228821374537644E-16, -1.000000000000000000, 3.664497496817873300E-16 ) ) ;
#1565 = CYLINDRICAL_SURFACE ( 'NONE', #1707, 1.500000000000001554 ) ;
#1566 = CARTESIAN_POINT ( 'NONE',  ( -51.98691611137643775, -19.64270833333331723, 46.90543187704036399 ) ) ;
#1567 = UNCERTAINTY_MEASURE_WITH_UNIT (LENGTH_MEASURE( 1.000000000000000082E-05 ), #1383, 'distance_accuracy_value', 'NONE');
#1568 = CARTESIAN_POINT ( 'NONE',  ( -53.50000000000004263, -19.99999999999998224, 46.00000000000006395 ) ) ;
#1569 = ORIENTED_EDGE ( 'NONE', *, *, #473, .F. ) ;
#1570 = CARTESIAN_POINT ( 'NONE',  ( -54.62480940944504937, -20.59975952641913466, 45.62558618362399443 ) ) ;
#1571 = DIRECTION ( 'NONE',  ( -6.721228821374537644E-16, 1.000000000000000000, -3.664497496817873300E-16 ) ) ;
#1572 = FACE_OUTER_BOUND ( 'NONE', #268, .T. ) ;
#1573 = LOCAL_TIME ( 0, 7, 0.000000000000000000, #537 ) ;
#1574 = CARTESIAN_POINT ( 'NONE',  ( -52.31428850058848923, -21.26249999999998508, 45.33994308238874282 ) ) ;
#1575 = CARTESIAN_POINT ( 'NONE',  ( -50.80033041174578301, -22.19999999999998153, 46.04223877667611475 ) ) ;
#1576 = DIRECTION ( 'NONE',  ( -0.9998776252793545316, -6.777733680059578837E-16, -0.01564399136149946176 ) ) ;
#1577 = EDGE_CURVE ( 'NONE', #345, #325, #988, .T. ) ;
#1578 = EDGE_CURVE ( 'NONE', #209, #502, #1585, .T. ) ;
#1579 = ORIENTED_EDGE ( 'NONE', *, *, #761, .F. ) ;
#1580 = DIRECTION ( 'NONE',  ( -6.721228821374538630E-16, 1.000000000000000000, -3.664497496817873793E-16 ) ) ;
#1581 = CARTESIAN_POINT ( 'NONE',  ( -50.82073762353938662, -20.16772406762725112, 47.34655517491750487 ) ) ;
#1582 = DIRECTION ( 'NONE',  ( -0.8737414198483282046, 0.000000000000000000, 0.4863907187040346636 ) ) ;
#1583 = DIRECTION ( 'NONE',  ( -6.721228821374537644E-16, 1.000000000000000000, -3.664497496817873300E-16 ) ) ;
#1584 = CARTESIAN_POINT ( 'NONE',  ( -54.10347059526117874, -20.47083333333331723, 47.00847082823342049 ) ) ;
#1585 = B_SPLINE_CURVE_WITH_KNOTS ( 'NONE', 3,
 ( #326, #288, #1436, #1001, #1581, #1155 ),
 .UNSPECIFIED., .F., .F.,
 ( 4, 2, 4 ),
 ( 0.001577535133288770781, 0.002363237594559260135, 0.003148940055829749056 ),
 .UNSPECIFIED. ) ;
#1586 = CARTESIAN_POINT ( 'NONE',  ( -54.25863834733323898, -21.82567037655639552, 44.81861512421527038 ) ) ;
#1587 = CARTESIAN_POINT ( 'NONE',  ( -52.78253013941710492, -20.39910803853347332, 44.81275482618873696 ) ) ;
#1588 = ORIENTED_EDGE ( 'NONE', *, *, #727, .F. ) ;
#1589 = CARTESIAN_POINT ( 'NONE',  ( -54.98626834398342567, -21.40833333333331723, 45.11061458879022723 ) ) ;
#1590 = CARTESIAN_POINT ( 'NONE',  ( -55.05089102023082148, -19.99999999999998224, 46.86334352569971884 ) ) ;
#1591 = B_SPLINE_CURVE_WITH_KNOTS ( 'NONE', 3,
 ( #1456, #784, #357, #203 ),
 .UNSPECIFIED., .F., .F.,
 ( 4, 4 ),
 ( 2.380743312986839354E-07, 0.001577535133288769263 ),
 .UNSPECIFIED. ) ;
#1592 = CIRCLE ( 'NONE', #282, 2.699999999999997069 ) ;
#1593 = CARTESIAN_POINT ( 'NONE',  ( -53.50000000000004263, -19.99999999999998224, 46.00000000000006395 ) ) ;
#1594 = DIRECTION ( 'NONE',  ( -6.721228821374537644E-16, 1.000000000000000000, -3.664497496817873300E-16 ) ) ;
#1595 = CARTESIAN_POINT ( 'NONE',  ( -52.32490334614384864, -21.80416666666664938, 46.01838545181644946 ) ) ;
#1596 = CARTESIAN_POINT ( 'NONE',  ( -53.52709618787132229, -21.67916666666664938, 47.73183884833521518 ) ) ;
#1597 = VECTOR ( 'NONE', #292, 1000.000000000000000 ) ;
#1598 = EDGE_CURVE ( 'NONE', #1820, #1764, #1720, .T. ) ;
#1599 = CARTESIAN_POINT ( 'NONE',  ( -53.52122969111076856, -21.99166666666664938, 47.35688473885546301 ) ) ;
#1600 = ORIENTED_EDGE ( 'NONE', *, *, #1577, .F. ) ;
#1601 = CARTESIAN_POINT ( 'NONE',  ( -56.19139650495090166, -20.02309197751246828, 45.42899137833999390 ) ) ;
#1602 = CARTESIAN_POINT ( 'NONE',  ( -51.95933104877510544, -20.02812499999998863, 45.14234685291523164 ) ) ;
#1603 = APPROVAL ( #1047, 'UNSPECIFIED' ) ;
#1604 = CARTESIAN_POINT ( 'NONE',  ( -51.94910897976924957, -22.19999999999998508, 45.13665647430040195 ) ) ;
#1605 = DIRECTION ( 'NONE',  ( -0.6178284829783146082, 0.7071067811865484609, 0.3439301755018203122 ) ) ;
#1606 = CARTESIAN_POINT ( 'NONE',  ( -53.47877030888930960, -20.17916666666665293, 44.64311526114465067 ) ) ;
#1607 = CARTESIAN_POINT ( 'NONE',  ( -54.61512012934842630, -21.74017090063072644, 47.08076353981908824 ) ) ;
#1608 = CARTESIAN_POINT ( 'NONE',  ( -52.72976964013705725, -21.47083333333331723, 44.71285385726982042 ) ) ;
#1609 = CARTESIAN_POINT ( 'NONE',  ( -53.35891050696528026, -19.68787550456996982, 44.83325927228987240 ) ) ;
#1610 = EDGE_LOOP ( 'NONE', ( #1220, #743, #1560 ) ) ;
#1611 = DIRECTION ( 'NONE',  ( -0.8737414198483267613, 0.000000000000000000, 0.4863907187040373281 ) ) ;
#1612 = EDGE_CURVE ( 'NONE', #819, #521, #892, .T. ) ;
#1613 = CARTESIAN_POINT ( 'NONE',  ( -52.33551819169921515, -21.40833333333331723, 46.69682782124414189 ) ) ;
#1614 = CARTESIAN_POINT ( 'NONE',  ( -52.33551819169921515, -20.90833333333331723, 46.69682782124414899 ) ) ;
#1615 = CARTESIAN_POINT ( 'NONE',  ( -54.10347059526117874, -21.97083333333331723, 47.00847082823342049 ) ) ;
#1616 = CARTESIAN_POINT ( 'NONE',  ( -56.22405615733845963, -20.24115427318799476, 47.51641618682564427 ) ) ;
#1617 = CARTESIAN_POINT ( 'NONE',  ( -53.50000000000004263, -21.92499999999998295, 46.00000000000006395 ) ) ;
#1618 = VERTEX_POINT ( 'NONE', #1445 ) ;
#1619 = CARTESIAN_POINT ( 'NONE',  ( -54.64123564562461155, -20.56050400102734343, 45.52307982186202651 ) ) ;
#1620 = LINE ( 'NONE', #1030, #1743 ) ;
#1621 = CARTESIAN_POINT ( 'NONE',  ( -54.07162605859509341, -21.69999999999998153, 44.97314371995032189 ) ) ;
#1622 =( BOUNDED_CURVE ( )  B_SPLINE_CURVE ( 2, ( #601, #1748, #1440, #1734, #462, #1596, #322, #1607, #887 ),
 .UNSPECIFIED., .F., .F. ) 
 B_SPLINE_CURVE_WITH_KNOTS ( ( 3, 2, 2, 2, 3 ),
 ( 0.5250618564643249053, 0.5389507453532138559, 0.5667285231309917570, 0.5945063009087694361, 0.6083951897976581646 ),
 .UNSPECIFIED. ) 
 CURVE ( )  GEOMETRIC_REPRESENTATION_ITEM ( )  RATIONAL_B_SPLINE_CURVE ( ( 0.9330127018922194093, 0.9330127018922188542, 1.000000000000000000, 0.8660254037844388186, 1.000000000000000000, 0.8660254037844388186, 1.000000000000000000, 0.9330127018922201865, 0.9330127018922194093 ) ) 
 REPRESENTATION_ITEM ( '' )  );
#1623 = AXIS2_PLACEMENT_3D ( 'NONE', #1791, #971, #1785 ) ;
#1624 = CARTESIAN_POINT ( 'NONE',  ( -53.52709618787132229, -20.74166666666665293, 47.73183884833521518 ) ) ;
#1625 = CARTESIAN_POINT ( 'NONE',  ( -53.50000000000004263, -19.99999999999998224, 46.00000000000006395 ) ) ;
#1626 = AXIS2_PLACEMENT_3D ( 'NONE', #806, #1509, #528 ) ;
#1627 = CARTESIAN_POINT ( 'NONE',  ( -53.47877030888930960, -20.67916666666664938, 44.64311526114465067 ) ) ;
#1628 = B_SPLINE_CURVE_WITH_KNOTS ( 'NONE', 3,
 ( #660, #1375, #1225, #1235 ),
 .UNSPECIFIED., .F., .F.,
 ( 4, 4 ),
 ( 0.000000000000000000, 0.0003561717247620493280 ),
 .UNSPECIFIED. ) ;
#1629 = ORIENTED_EDGE ( 'NONE', *, *, #1002, .T. ) ;
#1630 = ORIENTED_EDGE ( 'NONE', *, *, #1120, .F. ) ;
#1631 = CARTESIAN_POINT ( 'NONE',  ( -53.52122969111076145, -21.49166666666665293, 47.35688473885545591 ) ) ;
#1632 = CARTESIAN_POINT ( 'NONE',  ( -54.10347059526117874, -20.53333333333331723, 47.00847082823342049 ) ) ;
#1633 = CARTESIAN_POINT ( 'NONE',  ( -51.21431290306269801, -20.10710598842109675, 44.22126304948143627 ) ) ;
#1634 = CC_DESIGN_DATE_AND_TIME_ASSIGNMENT ( #1395, #1533, ( #198 ) ) ;
#1635 = LOCAL_TIME ( 0, 7, 0.000000000000000000, #592 ) ;
#1636 = EDGE_CURVE ( 'NONE', #797, #1019, #423, .T. ) ;
#1637 = ORIENTED_EDGE ( 'NONE', *, *, #980, .F. ) ;
#1638 = ORIENTED_EDGE ( 'NONE', *, *, #1330, .T. ) ;
#1639 = ADVANCED_FACE ( 'NONE', ( #1455 ), #657, .F. ) ;
#1640 = EDGE_CURVE ( 'NONE', #1019, #566, #493, .T. ) ;
#1641 = ORIENTED_EDGE ( 'NONE', *, *, #1797, .F. ) ;
#1642 = CARTESIAN_POINT ( 'NONE',  ( -54.07162605859509341, -20.69999999999998508, 44.97314371995032189 ) ) ;
#1643 = CARTESIAN_POINT ( 'NONE',  ( -52.89652940473889942, -20.28333333333331723, 44.99152917176670030 ) ) ;
#1644 = CARTESIAN_POINT ( 'NONE',  ( -54.60709443765972537, -21.92499999999998295, 44.98790222502820058 ) ) ;
#1645 = CARTESIAN_POINT ( 'NONE',  ( -51.97312358007577160, -22.10104166666664582, 46.02388936497780492 ) ) ;
#1646 = CARTESIAN_POINT ( 'NONE',  ( -54.99981643791906549, -20.80416666666665293, 45.97653401295781350 ) ) ;
#1647 = ORIENTED_EDGE ( 'NONE', *, *, #1446, .F. ) ;
#1648 = CARTESIAN_POINT ( 'NONE',  ( -52.01373165601665249, -21.09583333333331012, 46.88938541120989356 ) ) ;
#1649 = CARTESIAN_POINT ( 'NONE',  ( -52.33551819169921515, -21.40833333333332078, 46.69682782124414899 ) ) ;
#1650 = ORIENTED_EDGE ( 'NONE', *, *, #33, .F. ) ;
#1651 = CARTESIAN_POINT ( 'NONE',  ( -52.16561611274966737, -20.45092322481488978, 45.98526119514162502 ) ) ;
#1652 = CARTESIAN_POINT ( 'NONE',  ( -52.18674505949914533, -19.99999999999998224, 48.35910183359054315 ) ) ;
#1653 = CIRCLE ( 'NONE', #1387, 2.699999999999997069 ) ;
#1654 = B_SPLINE_CURVE_WITH_KNOTS ( 'NONE', 3,
 ( #149, #287, #1570, #1145, #723, #574 ),
 .UNSPECIFIED., .F., .F.,
 ( 4, 2, 4 ),
 ( 0.000000000000000000, 0.0004691800137914608430, 0.0009383600275829216859 ),
 .UNSPECIFIED. ) ;
#1655 = CARTESIAN_POINT ( 'NONE',  ( -54.27023035986302091, -21.78333333333331367, 47.28714614273030037 ) ) ;
#1656 = CIRCLE ( 'NONE', #225, 2.699999999999997069 ) ;
#1657 = ORIENTED_EDGE ( 'NONE', *, *, #1490, .F. ) ;
#1658 = CARTESIAN_POINT ( 'NONE',  ( -54.27023035986302091, -21.22083333333331723, 47.28714614273030037 ) ) ;
#1659 = CARTESIAN_POINT ( 'NONE',  ( -54.68571149941158893, -20.07499999999998508, 46.66005691761137086 ) ) ;
#1660 = EDGE_CURVE ( 'NONE', #936, #1048, #321, .T. ) ;
#1661 = CARTESIAN_POINT ( 'NONE',  ( -54.81061212977254371, -21.82499999999998153, 46.72958607805612274 ) ) ;
#1662 = CARTESIAN_POINT ( 'NONE',  ( -54.61512012934842630, -20.74017090063072644, 47.08076353981908113 ) ) ;
#1663 = EDGE_CURVE ( 'NONE', #1128, #96, #991, .T. ) ;
#1664 = ORIENTED_EDGE ( 'NONE', *, *, #454, .F. ) ;
#1665 = VERTEX_POINT ( 'NONE', #16 ) ;
#1666 = VECTOR ( 'NONE', #735, 1000.000000000000227 ) ;
#1667 = ORIENTED_EDGE ( 'NONE', *, *, #1753, .F. ) ;
#1668 = CARTESIAN_POINT ( 'NONE',  ( -54.66448180830087011, -20.65833333333332078, 45.30317217875597180 ) ) ;
#1669 = CARTESIAN_POINT ( 'NONE',  ( -54.10347059526117874, -20.03333333333331723, 47.00847082823342049 ) ) ;
#1670 = CARTESIAN_POINT ( 'NONE',  ( -53.50000000000004263, -22.19999999999998508, 46.00000000000006395 ) ) ;
#1671 = CARTESIAN_POINT ( 'NONE',  ( -54.67509665385622952, -20.11666666666664938, 45.98161454818367844 ) ) ;
#1672 = COORDINATED_UNIVERSAL_TIME_OFFSET ( 3, 0, .AHEAD. ) ;
#1673 = CARTESIAN_POINT ( 'NONE',  ( -52.92837394140499185, -22.38749999999998508, 47.02685628004979890 ) ) ;
#1674 = CARTESIAN_POINT ( 'NONE',  ( -54.81061212977254371, -21.82499999999998153, 46.72958607805612274 ) ) ;
#1675 = ORIENTED_EDGE ( 'NONE', *, *, #1422, .F. ) ;
#1676 = CARTESIAN_POINT ( 'NONE',  ( -54.10347059526117874, -21.03333333333331723, 47.00847082823342049 ) ) ;
#1677 = CARTESIAN_POINT ( 'NONE',  ( -52.75725058698890990, -21.65312499999998508, 47.33425845058278014 ) ) ;
#1678 = EDGE_CURVE ( 'NONE', #86, #936, #231, .T. ) ;
#1679 = CARTESIAN_POINT ( 'NONE',  ( -53.13320293657219651, -20.51501790025551841, 47.21671627836700935 ) ) ;
#1680 = CARTESIAN_POINT ( 'NONE',  ( -52.32490334614384864, -21.30416666666664938, 46.01838545181644946 ) ) ;
#1681 = CARTESIAN_POINT ( 'NONE',  ( -53.47877030888930960, -22.17916666666664938, 44.64311526114465067 ) ) ;
#1682 =( BOUNDED_CURVE ( )  B_SPLINE_CURVE ( 2, ( #510, #1080, #1646, #95, #1236, #1807, #530, #695, #1544 ),
 .UNSPECIFIED., .F., .F. ) 
 B_SPLINE_CURVE_WITH_KNOTS ( ( 3, 2, 2, 2, 3 ),
 ( 0.2750618564643250719, 0.2889507453532138559, 0.3167285231309916460, 0.3445063009087694361, 0.3583951897976581091 ),
 .UNSPECIFIED. ) 
 CURVE ( )  GEOMETRIC_REPRESENTATION_ITEM ( )  RATIONAL_B_SPLINE_CURVE ( ( 0.9330127018922194093, 0.9330127018922196314, 1.000000000000000000, 0.8660254037844388186, 1.000000000000000000, 0.8660254037844388186, 1.000000000000000000, 0.9330127018922205195, 0.9330127018922194093 ) ) 
 REPRESENTATION_ITEM ( '' )  );
#1683 = DIRECTION ( 'NONE',  ( -0.8737414198483282046, 0.000000000000000000, 0.4863907187040346636 ) ) ;
#1684 = CIRCLE ( 'NONE', #877, 1.774999999999997913 ) ;
#1685 = ORIENTED_EDGE ( 'NONE', *, *, #202, .F. ) ;
#1686 = CARTESIAN_POINT ( 'NONE',  ( -53.52122969111076856, -21.92916666666665293, 47.35688473885546301 ) ) ;
#1687 = CARTESIAN_POINT ( 'NONE',  ( -52.75725058698890990, -20.65312499999998508, 47.33425845058278014 ) ) ;
#1688 = CARTESIAN_POINT ( 'NONE',  ( -56.22405615733845963, -22.19999999999998508, 47.51641618682565138 ) ) ;
#1689 = CARTESIAN_POINT ( 'NONE',  ( -54.07162605859509341, -20.19999999999998508, 44.97314371995032189 ) ) ;
#1690 = CARTESIAN_POINT ( 'NONE',  ( -53.47241493739870322, -20.47604166666665293, 44.23691497587492449 ) ) ;
#1691 = CARTESIAN_POINT ( 'NONE',  ( -50.82471698082994749, -22.19999999999998153, 47.60089374017775299 ) ) ;
#1692 = ORIENTED_EDGE ( 'NONE', *, *, #1640, .F. ) ;
#1693 = CARTESIAN_POINT ( 'NONE',  ( -54.10347059526117874, -21.47083333333331723, 47.00847082823342049 ) ) ;
#1694 = CARTESIAN_POINT ( 'NONE',  ( -52.75725058698890990, -22.15312499999998508, 47.33425845058278014 ) ) ;
#1695 =( GEOMETRIC_REPRESENTATION_CONTEXT ( 3 ) GLOBAL_UNCERTAINTY_ASSIGNED_CONTEXT ( ( #1567 ) ) GLOBAL_UNIT_ASSIGNED_CONTEXT ( ( #1383, #386, #788 ) ) REPRESENTATION_CONTEXT ( 'NONE', 'WORKASPACE' ) );
#1696 = DIRECTION ( 'NONE',  ( 0.8737414198483284267, 0.000000000000000000, -0.4863907187040341640 ) ) ;
#1697 = CARTESIAN_POINT ( 'NONE',  ( -54.67509665385622952, -21.05416666666665293, 45.98161454818367844 ) ) ;
#1698 = CARTESIAN_POINT ( 'NONE',  ( -54.28412700691317383, -21.26770833333331723, 47.31036908560503917 ) ) ;
#1699 = CARTESIAN_POINT ( 'NONE',  ( -52.18938787022754866, -22.19999999999998508, 45.27041392194401226 ) ) ;
#1700 = VERTEX_POINT ( 'NONE', #195 ) ;
#1701 = CARTESIAN_POINT ( 'NONE',  ( -54.66448180830087011, -22.09583333333331723, 45.30317217875597180 ) ) ;
#1702 = CARTESIAN_POINT ( 'NONE',  ( -54.88641464775339784, -22.19999999999998508, 48.31686305691449235 ) ) ;
#1703 = CARTESIAN_POINT ( 'NONE',  ( -54.54057132114803608, -20.58406261565506767, 46.57926089030305405 ) ) ;
#1704 = CARTESIAN_POINT ( 'NONE',  ( -54.68571149941158893, -21.51249999999998863, 46.66005691761137086 ) ) ;
#1705 = CARTESIAN_POINT ( 'NONE',  ( -51.98691611137643775, -20.14270833333331723, 46.90543187704036399 ) ) ;
#1706 = LINE ( 'NONE', #406, #825 ) ;
#1707 = AXIS2_PLACEMENT_3D ( 'NONE', #759, #460, #1325 ) ;
#1708 = ORIENTED_EDGE ( 'NONE', *, *, #646, .F. ) ;
#1709 = CARTESIAN_POINT ( 'NONE',  ( -54.81325494050093283, -19.99999999999998579, 43.64089816640957764 ) ) ;
#1710 = CARTESIAN_POINT ( 'NONE',  ( -55.11345881238876387, -22.19999999999998863, 48.18099945694988406 ) ) ;
#1711 = CARTESIAN_POINT ( 'NONE',  ( -55.85910183359052184, -19.99999999999998224, 47.31325494050095415 ) ) ;
#1712 = CARTESIAN_POINT ( 'NONE',  ( -53.50000000000004263, -22.19999999999998508, 46.00000000000006395 ) ) ;
#1713 = CARTESIAN_POINT ( 'NONE',  ( -54.67509665385622952, -21.05416666666665293, 45.98161454818367844 ) ) ;
#1714 = CARTESIAN_POINT ( 'NONE',  ( -54.72727127470671604, -21.65758800714137422, 45.85027490039927045 ) ) ;
#1715 = EDGE_CURVE ( 'NONE', #1291, #345, #565, .T. ) ;
#1716 = CARTESIAN_POINT ( 'NONE',  ( -50.82471698082994749, -21.95884572681197255, 47.60089374017775299 ) ) ;
#1717 = COORDINATED_UNIVERSAL_TIME_OFFSET ( 3, 0, .AHEAD. ) ;
#1718 = ORIENTED_EDGE ( 'NONE', *, *, #319, .F. ) ;
#1719 = CARTESIAN_POINT ( 'NONE',  ( -54.81325494050093283, -22.19999999999998508, 43.64089816640957764 ) ) ;
#1720 = LINE ( 'NONE', #468, #443 ) ;
#1721 = CARTESIAN_POINT ( 'NONE',  ( -51.21431290306269801, -22.09289401157886701, 44.22126304948143627 ) ) ;
#1722 = CARTESIAN_POINT ( 'NONE',  ( -54.07162605859509341, -20.63749999999998508, 44.97314371995032189 ) ) ;
#1723 = ORGANIZATION ( 'UNSPECIFIED', 'UNSPECIFIED', '' ) ;
#1724 = CARTESIAN_POINT ( 'NONE',  ( -53.52122969111076856, -20.42916666666665293, 47.35688473885546301 ) ) ;
#1725 = CARTESIAN_POINT ( 'NONE',  ( -54.61974932563344254, -21.74543143787471067, 45.27407767493019719 ) ) ;
#1726 = CARTESIAN_POINT ( 'NONE',  ( -52.18938787022754866, -21.57499999999998508, 45.27041392194401226 ) ) ;
#1727 = CALENDAR_DATE ( 2026, 30, 8 ) ;
#1728 = VERTEX_POINT ( 'NONE', #904 ) ;
#1729 = CARTESIAN_POINT ( 'NONE',  ( -54.66351351559354299, -21.85509851493622691, 46.85011606494175851 ) ) ;
#1730 = CARTESIAN_POINT ( 'NONE',  ( -53.47241493739870322, -20.44479166666665293, 44.23691497587492449 ) ) ;
#1731 = CARTESIAN_POINT ( 'NONE',  ( -55.05089102023082859, -22.19999999999998508, 46.86334352569971884 ) ) ;
#1732 = CARTESIAN_POINT ( 'NONE',  ( -50.77594384266163274, -20.24115427318799121, 44.48358381317446231 ) ) ;
#1733 = CARTESIAN_POINT ( 'NONE',  ( -54.67509665385622952, -21.55416666666665293, 45.98161454818367844 ) ) ;
#1734 = CARTESIAN_POINT ( 'NONE',  ( -52.01373165601665249, -21.59583333333331723, 46.88938541120989356 ) ) ;
#1735 = DIRECTION ( 'NONE',  ( 6.721228821374537644E-16, -1.000000000000000000, 3.664497496817873300E-16 ) ) ;
#1736 = EDGE_CURVE ( 'NONE', #236, #249, #300, .T. ) ;
#1737 = CARTESIAN_POINT ( 'NONE',  ( -54.67509665385622952, -22.11666666666665293, 45.98161454818367844 ) ) ;
#1738 = DATE_TIME_ROLE ( 'classification_date' ) ;
#1739 = APPROVAL ( #1244, 'UNSPECIFIED' ) ;
#1740 = ORIENTED_EDGE ( 'NONE', *, *, #1612, .F. ) ;
#1741 = ORIENTED_EDGE ( 'NONE', *, *, #216, .F. ) ;
#1742 = CARTESIAN_POINT ( 'NONE',  ( -54.12143350751922810, -20.27499999999661640, 47.36521807625839386 ) ) ;
#1743 = VECTOR ( 'NONE', #1067, 1000.000000000000000 ) ;
#1744 = CARTESIAN_POINT ( 'NONE',  ( -52.89652940473889942, -21.28333333333331723, 44.99152917176670030 ) ) ;
#1745 = FACE_OUTER_BOUND ( 'NONE', #594, .T. ) ;
#1746 = CARTESIAN_POINT ( 'NONE',  ( -52.92837394140499185, -20.88749999999998153, 47.02685628004979890 ) ) ;
#1747 = AXIS2_PLACEMENT_3D ( 'NONE', #442, #1576, #547 ) ;
#1748 = CARTESIAN_POINT ( 'NONE',  ( -51.99389586980345257, -21.53482909936924727, 45.62159138370697775 ) ) ;
#1749 = AXIS2_PLACEMENT_3D ( 'NONE', #1322, #636, #39 ) ;
#1750 = CARTESIAN_POINT ( 'NONE',  ( -54.73220797373356561, -20.32319388337261756, 45.15384937502984286 ) ) ;
#1751 = CARTESIAN_POINT ( 'NONE',  ( -54.07162605859509341, -22.19999999999998508, 44.97314371995032189 ) ) ;
#1752 = CALENDAR_DATE ( 2026, 30, 8 ) ;
#1753 = EDGE_CURVE ( 'NONE', #1073, #1618, #717, .T. ) ;
#1754 = ORIENTED_EDGE ( 'NONE', *, *, #590, .F. ) ;
#1755 = DIRECTION ( 'NONE',  ( -0.8737414198483282046, 0.000000000000000000, 0.4863907187040346636 ) ) ;
#1756 = CARTESIAN_POINT ( 'NONE',  ( -54.61512012934842630, -21.30267090063072288, 47.08076353981908113 ) ) ;
#1757 = CARTESIAN_POINT ( 'NONE',  ( -53.47877030888930960, -20.67916666666665293, 44.64311526114465067 ) ) ;
#1758 = CARTESIAN_POINT ( 'NONE',  ( -52.23921802960281724, -21.71753261559894810, 45.70175195215421837 ) ) ;
#1759 = CARTESIAN_POINT ( 'NONE',  ( -50.82073762353938662, -22.03227593237270554, 47.34655517491751198 ) ) ;
#1760 = CARTESIAN_POINT ( 'NONE',  ( -54.68895575568973300, -21.71562309748789232, 45.46189962932533746 ) ) ;
#1761 = CARTESIAN_POINT ( 'NONE',  ( -54.47211002376436539, -20.33630664698596391, 44.88080646950788122 ) ) ;
#1762 = CARTESIAN_POINT ( 'NONE',  ( -52.32490334614384864, -22.36666666666664938, 46.01838545181644946 ) ) ;
#1763 = PERSON_AND_ORGANIZATION ( #1254, #1723 ) ;
#1764 = VERTEX_POINT ( 'NONE', #441 ) ;
#1765 = CARTESIAN_POINT ( 'NONE',  ( -52.43115037139604340, -21.76164406453216316, 46.80751488328825616 ) ) ;
#1766 = CARTESIAN_POINT ( 'NONE',  ( -54.47891882036307010, -20.59975952642816210, 45.34968614201950032 ) ) ;
#1767 = CARTESIAN_POINT ( 'NONE',  ( -52.33551819169921515, -22.40833333333331367, 46.69682782124414899 ) ) ;
#1768 = CARTESIAN_POINT ( 'NONE',  ( -54.90556887576282463, -21.90347597235282251, 45.51690750314098466 ) ) ;
#1769 =( BOUNDED_CURVE ( )  B_SPLINE_CURVE ( 2, ( #474, #1461, #176, #1046, #483, #1054, #226, #1662, #780 ),
 .UNSPECIFIED., .F., .F. ) 
 B_SPLINE_CURVE_WITH_KNOTS ( ( 3, 2, 2, 2, 3 ),
 ( 0.1917285231309915350, 0.2056174120198805966, 0.2333951897976583867, 0.2611729675754361768, 0.2750618564643250719 ),
 .UNSPECIFIED. ) 
 CURVE ( )  GEOMETRIC_REPRESENTATION_ITEM ( )  RATIONAL_B_SPLINE_CURVE ( ( 0.9330127018922194093, 0.9330127018922186322, 1.000000000000000000, 0.8660254037844388186, 1.000000000000000000, 0.8660254037844388186, 1.000000000000000000, 0.9330127018922191873, 0.9330127018922194093 ) ) 
 REPRESENTATION_ITEM ( '' )  );
#1770 = CARTESIAN_POINT ( 'NONE',  ( -54.61512012934841920, -20.80267090063072288, 47.08076353981907403 ) ) ;
#1771 = CARTESIAN_POINT ( 'NONE',  ( -52.51360564580482304, -20.41171131642397896, 45.04249405916562665 ) ) ;
#1772 = CARTESIAN_POINT ( 'NONE',  ( -52.89652940473889942, -19.72083333333331723, 44.99152917176670030 ) ) ;
#1773 = ORIENTED_EDGE ( 'NONE', *, *, #1081, .T. ) ;
#1774 = DIRECTION ( 'NONE',  ( 6.721228821374537644E-16, -1.000000000000000000, 3.664497496817873300E-16 ) ) ;
#1775 = CARTESIAN_POINT ( 'NONE',  ( -52.31428850058848923, -21.32499999999998863, 45.33994308238874282 ) ) ;
#1776 = AXIS2_PLACEMENT_3D ( 'NONE', #224, #667, #974 ) ;
#1777 = EDGE_CURVE ( 'NONE', #765, #1789, #832, .T. ) ;
#1778 = CARTESIAN_POINT ( 'NONE',  ( -54.22958607805609432, -20.94999999999998153, 44.68938787022756998 ) ) ;
#1779 = EDGE_CURVE ( 'NONE', #949, #249, #1622, .T. ) ;
#1780 = CARTESIAN_POINT ( 'NONE',  ( -52.92837394140499185, -19.88749999999998153, 47.02685628004979890 ) ) ;
#1781 = EDGE_CURVE ( 'NONE', #1700, #1128, #808, .T. ) ;
#1782 = CARTESIAN_POINT ( 'NONE',  ( -54.57208054794430296, -20.35025747692687403, 46.95054492143033542 ) ) ;
#1783 = ORIENTED_EDGE ( 'NONE', *, *, #1008, .T. ) ;
#1784 = EDGE_LOOP ( 'NONE', ( #1629, #241, #673, #1773, #229, #294, #615 ) ) ;
#1785 = DIRECTION ( 'NONE',  ( -0.8737414198483283156, -4.090238442346912630E-16, 0.4863907187040344970 ) ) ;
#1786 = CARTESIAN_POINT ( 'NONE',  ( -52.01373165601665249, -20.65833333333331723, 46.88938541120988646 ) ) ;
#1787 = DIRECTION ( 'NONE',  ( -6.721228821374538630E-16, 1.000000000000000000, -3.664497496817873793E-16 ) ) ;
#1788 = AXIS2_PLACEMENT_3D ( 'NONE', #150, #1021, #724 ) ;
#1789 = VERTEX_POINT ( 'NONE', #659 ) ;
#1790 = ORIENTED_EDGE ( 'NONE', *, *, #1636, .T. ) ;
#1791 = CARTESIAN_POINT ( 'NONE',  ( -53.50000000000004263, -19.99999999999998224, 46.00000000000006395 ) ) ;
#1792 = CARTESIAN_POINT ( 'NONE',  ( -54.68571149941158893, -22.07499999999998863, 46.66005691761137086 ) ) ;
#1793 = CARTESIAN_POINT ( 'NONE',  ( -52.55525283576193374, -20.48972117345491029, 46.88732417504487415 ) ) ;
#1794 = CARTESIAN_POINT ( 'NONE',  ( -54.47514459241606488, -21.60024047358081845, 45.34404024923459531 ) ) ;
#1795 = FACE_OUTER_BOUND ( 'NONE', #2, .T. ) ;
#1796 = CARTESIAN_POINT ( 'NONE',  ( -54.12143350751922810, -20.27499999999661640, 47.36521807625839386 ) ) ;
#1797 = EDGE_CURVE ( 'NONE', #502, #1553, #1502, .T. ) ;
#1798 = ORIENTED_EDGE ( 'NONE', *, *, #1226, .T. ) ;
#1799 = VERTEX_POINT ( 'NONE', #1517 ) ;
#1800 = PLANE ( 'NONE',  #1623 ) ;
#1801 = CARTESIAN_POINT ( 'NONE',  ( -52.31428850058848923, -21.82499999999998508, 45.33994308238874282 ) ) ;
#1802 = EDGE_CURVE ( 'NONE', #1228, #797, #800, .T. ) ;
#1803 = CARTESIAN_POINT ( 'NONE',  ( -53.46203655641479457, -20.52875104447755206, 47.25661407448667717 ) ) ;
#1804 = CARTESIAN_POINT ( 'NONE',  ( -54.81061212977252950, -20.82499999999997797, 46.72958607805610853 ) ) ;
#1805 = CARTESIAN_POINT ( 'NONE',  ( -51.65979377538705819, -20.02309197751246117, 43.95468656588601419 ) ) ;
#1806 = AXIS2_PLACEMENT_3D ( 'NONE', #269, #839, #142 ) ;
#1807 = CARTESIAN_POINT ( 'NONE',  ( -53.47290381212875587, -20.92916666666665293, 44.26816115166491272 ) ) ;
#1808 = CIRCLE ( 'NONE', #258, 1.775000000000001243 ) ;
#1809 = ORIENTED_EDGE ( 'NONE', *, *, #1335, .T. ) ;
#1810 = ORIENTED_EDGE ( 'NONE', *, *, #1038, .T. ) ;
#1811 = CARTESIAN_POINT ( 'NONE',  ( -54.20277504653500955, -21.61833941443321905, 45.02991935452399019 ) ) ;
#1812 = CARTESIAN_POINT ( 'NONE',  ( -55.02687641992430656, -21.81979166666665293, 45.97611063502232298 ) ) ;
#1813 = DIRECTION ( 'NONE',  ( -6.721228821374537644E-16, 1.000000000000000000, -3.664497496817873300E-16 ) ) ;
#1814 = CARTESIAN_POINT ( 'NONE',  ( -54.10347059526117874, -21.53333333333331723, 47.00847082823342049 ) ) ;
#1815 = APPROVAL_ROLE ( '' ) ;
#1816 = CARTESIAN_POINT ( 'NONE',  ( -52.75725058698890990, -22.18437499999998153, 47.33425845058278014 ) ) ;
#1817 = ORIENTED_EDGE ( 'NONE', *, *, #454, .T. ) ;
#1818 = APPROVAL_PERSON_ORGANIZATION ( #1763, #1603, #1463 ) ;
#1819 = APPLICATION_CONTEXT ( 'configuration controlled 3d designs of mechanical parts and assemblies' ) ;
#1820 = VERTEX_POINT ( 'NONE', #526 ) ;
#1821 = DIRECTION ( 'NONE',  ( -0.4863907187040345526, -6.470966562902921692E-16, -0.8737414198483284267 ) ) ;
#1822 = CARTESIAN_POINT ( 'NONE',  ( -54.24274941301117536, -20.90312499999998863, 44.66574154941734065 ) ) ;
#1823 = LINE ( 'NONE', #1260, #1182 ) ;
#1824 = CARTESIAN_POINT ( 'NONE',  ( -52.31428850058848923, -19.82499999999998153, 45.33994308238874282 ) ) ;
#1825 = CARTESIAN_POINT ( 'NONE',  ( -51.95933104877510544, -21.05937499999998153, 45.14234685291523164 ) ) ;
#1826 = DIRECTION ( 'NONE',  ( 0.8580974284868287949, 7.649140651687060857E-16, 0.5134869065753202566 ) ) ;
#1827 = ORIENTED_EDGE ( 'NONE', *, *, #1152, .T. ) ;
#1828 = CARTESIAN_POINT ( 'NONE',  ( -54.67509665385622952, -22.05416666666665293, 45.98161454818367844 ) ) ;
#1829 = CARTESIAN_POINT ( 'NONE',  ( -53.47241493739869611, -21.94479166666665293, 44.23691497587492449 ) ) ;
#1830 = CARTESIAN_POINT ( 'NONE',  ( -54.81061212977253660, -22.19999999999998508, 46.72958607805611564 ) ) ;
#1831 = CARTESIAN_POINT ( 'NONE',  ( -54.10347059526117874, -20.97083333333331723, 47.00847082823342049 ) ) ;
#1832 = CARTESIAN_POINT ( 'NONE',  ( -51.98691611137643775, -20.64270833333331367, 46.90543187704036399 ) ) ;
#1833 = VECTOR ( 'NONE', #1531, 1000.000000000000000 ) ;
#1834 = DIRECTION ( 'NONE',  ( -6.721228821374537644E-16, 1.000000000000000000, -3.664497496817873300E-16 ) ) ;
#1835 = EDGE_CURVE ( 'NONE', #1618, #65, #917, .T. ) ;
#1836 = VECTOR ( 'NONE', #705, 1000.000000000000000 ) ;
#1837 = VERTEX_POINT ( 'NONE', #1099 ) ;
#1838 = CARTESIAN_POINT ( 'NONE',  ( -54.66448180830087011, -21.59583333333332078, 45.30317217875597180 ) ) ;
#1839 = CARTESIAN_POINT ( 'NONE',  ( -52.75725058698890990, -22.65312499999998508, 47.33425845058278014 ) ) ;
#1840 = PLANE ( 'NONE',  #374 ) ;
#1841 = CARTESIAN_POINT ( 'NONE',  ( -54.66964512995257053, -21.57556564304690383, 45.63318321445373726 ) ) ;
#1842 = CARTESIAN_POINT ( 'NONE',  ( -55.02687641992431367, -19.85104166666664938, 45.97611063502232298 ) ) ;
#1843 = CARTESIAN_POINT ( 'NONE',  ( -52.11358535224667321, -22.19999999999998508, 43.68313694308562134 ) ) ;
#1844 = EDGE_LOOP ( 'NONE', ( #1520, #1246, #520, #381, #1511 ) ) ;
#1845 = CARTESIAN_POINT ( 'NONE',  ( -53.47877030888930960, -21.17916666666665648, 44.64311526114465067 ) ) ;
#1846 = DIRECTION ( 'NONE',  ( 6.721228821374537644E-16, -1.000000000000000000, 3.664497496817873300E-16 ) ) ;
#1847 = FACE_OUTER_BOUND ( 'NONE', #1204, .T. ) ;
#1848 = CARTESIAN_POINT ( 'NONE',  ( -54.68571149941158893, -21.57499999999998508, 46.66005691761137086 ) ) ;
#1849 = EDGE_CURVE ( 'NONE', #862, #1048, #779, .T. ) ;
#1850 = CARTESIAN_POINT ( 'NONE',  ( -55.04066895122497272, -19.80937499999998508, 46.85765314708488916 ) ) ;
ENDSEC;
END-ISO-10303-21;
