ISO-10303-21;
HEADER;
/* META-MATIC-ID: a38db74dc07b */
FILE_DESCRIPTION(('Hexagon Head Screw - meta-matic-generator 1.3'),'2;1');
FILE_NAME('Hexagon Head Screw_a38db74dc07b','2026-08-28T08:06:33',('Takahashi Mizuki @tkhsmz'),('meta-matic.com'),'meta-matic-generator 1.3','Open CASCADE','META-MATIC-ID: a38db74dc07b');
FILE_SCHEMA(('AUTOMOTIVE_DESIGN { 1 0 10303 214 1 1 1 1 }'));
ENDSEC;
DATA;
#1 = APPLICATION_PROTOCOL_DEFINITION('international standard',
  'automotive_design',2000,#2);
#2 = APPLICATION_CONTEXT(
  'core data for automotive mechanical design processes');
#3 = SHAPE_DEFINITION_REPRESENTATION(#4,#10);
#4 = PRODUCT_DEFINITION_SHAPE('','',#5);
#5 = PRODUCT_DEFINITION('design','',#6,#9);
#6 = PRODUCT_DEFINITION_FORMATION('','',#7);
#7 = PRODUCT('a38db74dc07b',
  'Hexagon Head Screw - meta-matic-generator 1.3 [a38db74dc07b]','',(#8));
#8 = PRODUCT_CONTEXT('',#2,'mechanical');
#9 = PRODUCT_DEFINITION_CONTEXT('part definition',#2,'design');
#10 = ADVANCED_BREP_SHAPE_REPRESENTATION('',(#11,#15),#6975);
#11 = AXIS2_PLACEMENT_3D('',#12,#13,#14);
#12 = CARTESIAN_POINT('',(0.,0.,0.));
#13 = DIRECTION('',(0.,0.,1.));
#14 = DIRECTION('',(1.,0.,-0.));
#15 = MANIFOLD_SOLID_BREP('',#16);
#16 = CLOSED_SHELL('',(#17,#137,#213,#289,#367,#665,#692,#719,#726,#940,
    #1597,#1622,#1878,#2145,#3078,#3376,#3403,#3680,#3947,#4996,#5294,
    #5321,#5598,#5861,#5972,#6318,#6605,#6637,#6688,#6941,#6969));
#17 = ADVANCED_FACE('',(#18),#32,.T.);
#18 = FACE_BOUND('',#19,.T.);
#19 = EDGE_LOOP('',(#20,#55,#83,#111));
#20 = ORIENTED_EDGE('',*,*,#21,.T.);
#21 = EDGE_CURVE('',#22,#24,#26,.T.);
#22 = VERTEX_POINT('',#23);
#23 = CARTESIAN_POINT('',(5.55625,3.207902433185,0.));
#24 = VERTEX_POINT('',#25);
#25 = CARTESIAN_POINT('',(5.55625,3.207902433185,-3.96875));
#26 = SURFACE_CURVE('',#27,(#31,#43),.PCURVE_S1.);
#27 = LINE('',#28,#29);
#28 = CARTESIAN_POINT('',(5.55625,3.207902433185,0.));
#29 = VECTOR('',#30,1.);
#30 = DIRECTION('',(0.,0.,-1.));
#31 = PCURVE('',#32,#37);
#32 = PLANE('',#33);
#33 = AXIS2_PLACEMENT_3D('',#34,#35,#36);
#34 = CARTESIAN_POINT('',(5.55625,3.207902433185,0.));
#35 = DIRECTION('',(0.5,0.866025403784,0.));
#36 = DIRECTION('',(-0.866025403784,0.5,0.));
#37 = DEFINITIONAL_REPRESENTATION('',(#38),#42);
#38 = LINE('',#39,#40);
#39 = CARTESIAN_POINT('',(0.,0.));
#40 = VECTOR('',#41,1.);
#41 = DIRECTION('',(0.,-1.));
#42 = ( GEOMETRIC_REPRESENTATION_CONTEXT(2) 
PARAMETRIC_REPRESENTATION_CONTEXT() REPRESENTATION_CONTEXT('2D SPACE',''
  ) );
#43 = PCURVE('',#44,#49);
#44 = PLANE('',#45);
#45 = AXIS2_PLACEMENT_3D('',#46,#47,#48);
#46 = CARTESIAN_POINT('',(5.55625,-3.207902433185,0.));
#47 = DIRECTION('',(1.,1.384360089185E-16,0.));
#48 = DIRECTION('',(-1.384360089185E-16,1.,0.));
#49 = DEFINITIONAL_REPRESENTATION('',(#50),#54);
#50 = LINE('',#51,#52);
#51 = CARTESIAN_POINT('',(6.41580486637,0.));
#52 = VECTOR('',#53,1.);
#53 = DIRECTION('',(0.,-1.));
#54 = ( GEOMETRIC_REPRESENTATION_CONTEXT(2) 
PARAMETRIC_REPRESENTATION_CONTEXT() REPRESENTATION_CONTEXT('2D SPACE',''
  ) );
#55 = ORIENTED_EDGE('',*,*,#56,.T.);
#56 = EDGE_CURVE('',#24,#57,#59,.T.);
#57 = VERTEX_POINT('',#58);
#58 = CARTESIAN_POINT('',(3.928547446777E-16,6.41580486637,-3.96875));
#59 = SURFACE_CURVE('',#60,(#64,#71),.PCURVE_S1.);
#60 = LINE('',#61,#62);
#61 = CARTESIAN_POINT('',(5.55625,3.207902433185,-3.96875));
#62 = VECTOR('',#63,1.);
#63 = DIRECTION('',(-0.866025403784,0.5,0.));
#64 = PCURVE('',#32,#65);
#65 = DEFINITIONAL_REPRESENTATION('',(#66),#70);
#66 = LINE('',#67,#68);
#67 = CARTESIAN_POINT('',(0.,-3.96875));
#68 = VECTOR('',#69,1.);
#69 = DIRECTION('',(1.,0.));
#70 = ( GEOMETRIC_REPRESENTATION_CONTEXT(2) 
PARAMETRIC_REPRESENTATION_CONTEXT() REPRESENTATION_CONTEXT('2D SPACE',''
  ) );
#71 = PCURVE('',#72,#77);
#72 = PLANE('',#73);
#73 = AXIS2_PLACEMENT_3D('',#74,#75,#76);
#74 = CARTESIAN_POINT('',(9.229067261233E-17,3.230173541432E-16,-3.96875
    ));
#75 = DIRECTION('',(0.,0.,1.));
#76 = DIRECTION('',(1.,0.,-0.));
#77 = DEFINITIONAL_REPRESENTATION('',(#78),#82);
#78 = LINE('',#79,#80);
#79 = CARTESIAN_POINT('',(5.55625,3.207902433185));
#80 = VECTOR('',#81,1.);
#81 = DIRECTION('',(-0.866025403784,0.5));
#82 = ( GEOMETRIC_REPRESENTATION_CONTEXT(2) 
PARAMETRIC_REPRESENTATION_CONTEXT() REPRESENTATION_CONTEXT('2D SPACE',''
  ) );
#83 = ORIENTED_EDGE('',*,*,#84,.F.);
#84 = EDGE_CURVE('',#85,#57,#87,.T.);
#85 = VERTEX_POINT('',#86);
#86 = CARTESIAN_POINT('',(3.928547446777E-16,6.41580486637,0.));
#87 = SURFACE_CURVE('',#88,(#92,#99),.PCURVE_S1.);
#88 = LINE('',#89,#90);
#89 = CARTESIAN_POINT('',(3.928547446777E-16,6.41580486637,0.));
#90 = VECTOR('',#91,1.);
#91 = DIRECTION('',(0.,0.,-1.));
#92 = PCURVE('',#32,#93);
#93 = DEFINITIONAL_REPRESENTATION('',(#94),#98);
#94 = LINE('',#95,#96);
#95 = CARTESIAN_POINT('',(6.41580486637,0.));
#96 = VECTOR('',#97,1.);
#97 = DIRECTION('',(0.,-1.));
#98 = ( GEOMETRIC_REPRESENTATION_CONTEXT(2) 
PARAMETRIC_REPRESENTATION_CONTEXT() REPRESENTATION_CONTEXT('2D SPACE',''
  ) );
#99 = PCURVE('',#100,#105);
#100 = PLANE('',#101);
#101 = AXIS2_PLACEMENT_3D('',#102,#103,#104);
#102 = CARTESIAN_POINT('',(3.928547446777E-16,6.41580486637,0.));
#103 = DIRECTION('',(-0.5,0.866025403784,0.));
#104 = DIRECTION('',(-0.866025403784,-0.5,0.));
#105 = DEFINITIONAL_REPRESENTATION('',(#106),#110);
#106 = LINE('',#107,#108);
#107 = CARTESIAN_POINT('',(0.,0.));
#108 = VECTOR('',#109,1.);
#109 = DIRECTION('',(-0.,-1.));
#110 = ( GEOMETRIC_REPRESENTATION_CONTEXT(2) 
PARAMETRIC_REPRESENTATION_CONTEXT() REPRESENTATION_CONTEXT('2D SPACE',''
  ) );
#111 = ORIENTED_EDGE('',*,*,#112,.F.);
#112 = EDGE_CURVE('',#22,#85,#113,.T.);
#113 = SURFACE_CURVE('',#114,(#118,#125),.PCURVE_S1.);
#114 = LINE('',#115,#116);
#115 = CARTESIAN_POINT('',(5.55625,3.207902433185,0.));
#116 = VECTOR('',#117,1.);
#117 = DIRECTION('',(-0.866025403784,0.5,0.));
#118 = PCURVE('',#32,#119);
#119 = DEFINITIONAL_REPRESENTATION('',(#120),#124);
#120 = LINE('',#121,#122);
#121 = CARTESIAN_POINT('',(0.,0.));
#122 = VECTOR('',#123,1.);
#123 = DIRECTION('',(1.,0.));
#124 = ( GEOMETRIC_REPRESENTATION_CONTEXT(2) 
PARAMETRIC_REPRESENTATION_CONTEXT() REPRESENTATION_CONTEXT('2D SPACE',''
  ) );
#125 = PCURVE('',#126,#131);
#126 = PLANE('',#127);
#127 = AXIS2_PLACEMENT_3D('',#128,#129,#130);
#128 = CARTESIAN_POINT('',(9.229067261233E-17,3.230173541432E-16,0.));
#129 = DIRECTION('',(0.,0.,1.));
#130 = DIRECTION('',(1.,0.,-0.));
#131 = DEFINITIONAL_REPRESENTATION('',(#132),#136);
#132 = LINE('',#133,#134);
#133 = CARTESIAN_POINT('',(5.55625,3.207902433185));
#134 = VECTOR('',#135,1.);
#135 = DIRECTION('',(-0.866025403784,0.5));
#136 = ( GEOMETRIC_REPRESENTATION_CONTEXT(2) 
PARAMETRIC_REPRESENTATION_CONTEXT() REPRESENTATION_CONTEXT('2D SPACE',''
  ) );
#137 = ADVANCED_FACE('',(#138),#44,.T.);
#138 = FACE_BOUND('',#139,.T.);
#139 = EDGE_LOOP('',(#140,#170,#191,#192));
#140 = ORIENTED_EDGE('',*,*,#141,.T.);
#141 = EDGE_CURVE('',#142,#144,#146,.T.);
#142 = VERTEX_POINT('',#143);
#143 = CARTESIAN_POINT('',(5.55625,-3.207902433185,0.));
#144 = VERTEX_POINT('',#145);
#145 = CARTESIAN_POINT('',(5.55625,-3.207902433185,-3.96875));
#146 = SURFACE_CURVE('',#147,(#151,#158),.PCURVE_S1.);
#147 = LINE('',#148,#149);
#148 = CARTESIAN_POINT('',(5.55625,-3.207902433185,0.));
#149 = VECTOR('',#150,1.);
#150 = DIRECTION('',(0.,0.,-1.));
#151 = PCURVE('',#44,#152);
#152 = DEFINITIONAL_REPRESENTATION('',(#153),#157);
#153 = LINE('',#154,#155);
#154 = CARTESIAN_POINT('',(0.,0.));
#155 = VECTOR('',#156,1.);
#156 = DIRECTION('',(0.,-1.));
#157 = ( GEOMETRIC_REPRESENTATION_CONTEXT(2) 
PARAMETRIC_REPRESENTATION_CONTEXT() REPRESENTATION_CONTEXT('2D SPACE',''
  ) );
#158 = PCURVE('',#159,#164);
#159 = PLANE('',#160);
#160 = AXIS2_PLACEMENT_3D('',#161,#162,#163);
#161 = CARTESIAN_POINT('',(-1.178564234033E-15,-6.41580486637,0.));
#162 = DIRECTION('',(0.5,-0.866025403784,0.));
#163 = DIRECTION('',(0.866025403784,0.5,0.));
#164 = DEFINITIONAL_REPRESENTATION('',(#165),#169);
#165 = LINE('',#166,#167);
#166 = CARTESIAN_POINT('',(6.41580486637,0.));
#167 = VECTOR('',#168,1.);
#168 = DIRECTION('',(0.,-1.));
#169 = ( GEOMETRIC_REPRESENTATION_CONTEXT(2) 
PARAMETRIC_REPRESENTATION_CONTEXT() REPRESENTATION_CONTEXT('2D SPACE',''
  ) );
#170 = ORIENTED_EDGE('',*,*,#171,.T.);
#171 = EDGE_CURVE('',#144,#24,#172,.T.);
#172 = SURFACE_CURVE('',#173,(#177,#184),.PCURVE_S1.);
#173 = LINE('',#174,#175);
#174 = CARTESIAN_POINT('',(5.55625,-3.207902433185,-3.96875));
#175 = VECTOR('',#176,1.);
#176 = DIRECTION('',(-1.384360089185E-16,1.,0.));
#177 = PCURVE('',#44,#178);
#178 = DEFINITIONAL_REPRESENTATION('',(#179),#183);
#179 = LINE('',#180,#181);
#180 = CARTESIAN_POINT('',(0.,-3.96875));
#181 = VECTOR('',#182,1.);
#182 = DIRECTION('',(1.,0.));
#183 = ( GEOMETRIC_REPRESENTATION_CONTEXT(2) 
PARAMETRIC_REPRESENTATION_CONTEXT() REPRESENTATION_CONTEXT('2D SPACE',''
  ) );
#184 = PCURVE('',#72,#185);
#185 = DEFINITIONAL_REPRESENTATION('',(#186),#190);
#186 = LINE('',#187,#188);
#187 = CARTESIAN_POINT('',(5.55625,-3.207902433185));
#188 = VECTOR('',#189,1.);
#189 = DIRECTION('',(-1.384360089185E-16,1.));
#190 = ( GEOMETRIC_REPRESENTATION_CONTEXT(2) 
PARAMETRIC_REPRESENTATION_CONTEXT() REPRESENTATION_CONTEXT('2D SPACE',''
  ) );
#191 = ORIENTED_EDGE('',*,*,#21,.F.);
#192 = ORIENTED_EDGE('',*,*,#193,.F.);
#193 = EDGE_CURVE('',#142,#22,#194,.T.);
#194 = SURFACE_CURVE('',#195,(#199,#206),.PCURVE_S1.);
#195 = LINE('',#196,#197);
#196 = CARTESIAN_POINT('',(5.55625,-3.207902433185,0.));
#197 = VECTOR('',#198,1.);
#198 = DIRECTION('',(-1.384360089185E-16,1.,0.));
#199 = PCURVE('',#44,#200);
#200 = DEFINITIONAL_REPRESENTATION('',(#201),#205);
#201 = LINE('',#202,#203);
#202 = CARTESIAN_POINT('',(0.,0.));
#203 = VECTOR('',#204,1.);
#204 = DIRECTION('',(1.,0.));
#205 = ( GEOMETRIC_REPRESENTATION_CONTEXT(2) 
PARAMETRIC_REPRESENTATION_CONTEXT() REPRESENTATION_CONTEXT('2D SPACE',''
  ) );
#206 = PCURVE('',#126,#207);
#207 = DEFINITIONAL_REPRESENTATION('',(#208),#212);
#208 = LINE('',#209,#210);
#209 = CARTESIAN_POINT('',(5.55625,-3.207902433185));
#210 = VECTOR('',#211,1.);
#211 = DIRECTION('',(-1.384360089185E-16,1.));
#212 = ( GEOMETRIC_REPRESENTATION_CONTEXT(2) 
PARAMETRIC_REPRESENTATION_CONTEXT() REPRESENTATION_CONTEXT('2D SPACE',''
  ) );
#213 = ADVANCED_FACE('',(#214),#100,.T.);
#214 = FACE_BOUND('',#215,.T.);
#215 = EDGE_LOOP('',(#216,#217,#240,#268));
#216 = ORIENTED_EDGE('',*,*,#84,.T.);
#217 = ORIENTED_EDGE('',*,*,#218,.T.);
#218 = EDGE_CURVE('',#57,#219,#221,.T.);
#219 = VERTEX_POINT('',#220);
#220 = CARTESIAN_POINT('',(-5.55625,3.207902433185,-3.96875));
#221 = SURFACE_CURVE('',#222,(#226,#233),.PCURVE_S1.);
#222 = LINE('',#223,#224);
#223 = CARTESIAN_POINT('',(3.928547446777E-16,6.41580486637,-3.96875));
#224 = VECTOR('',#225,1.);
#225 = DIRECTION('',(-0.866025403784,-0.5,0.));
#226 = PCURVE('',#100,#227);
#227 = DEFINITIONAL_REPRESENTATION('',(#228),#232);
#228 = LINE('',#229,#230);
#229 = CARTESIAN_POINT('',(-0.,-3.96875));
#230 = VECTOR('',#231,1.);
#231 = DIRECTION('',(1.,0.));
#232 = ( GEOMETRIC_REPRESENTATION_CONTEXT(2) 
PARAMETRIC_REPRESENTATION_CONTEXT() REPRESENTATION_CONTEXT('2D SPACE',''
  ) );
#233 = PCURVE('',#72,#234);
#234 = DEFINITIONAL_REPRESENTATION('',(#235),#239);
#235 = LINE('',#236,#237);
#236 = CARTESIAN_POINT('',(3.005640720653E-16,6.41580486637));
#237 = VECTOR('',#238,1.);
#238 = DIRECTION('',(-0.866025403784,-0.5));
#239 = ( GEOMETRIC_REPRESENTATION_CONTEXT(2) 
PARAMETRIC_REPRESENTATION_CONTEXT() REPRESENTATION_CONTEXT('2D SPACE',''
  ) );
#240 = ORIENTED_EDGE('',*,*,#241,.F.);
#241 = EDGE_CURVE('',#242,#219,#244,.T.);
#242 = VERTEX_POINT('',#243);
#243 = CARTESIAN_POINT('',(-5.55625,3.207902433185,0.));
#244 = SURFACE_CURVE('',#245,(#249,#256),.PCURVE_S1.);
#245 = LINE('',#246,#247);
#246 = CARTESIAN_POINT('',(-5.55625,3.207902433185,0.));
#247 = VECTOR('',#248,1.);
#248 = DIRECTION('',(0.,0.,-1.));
#249 = PCURVE('',#100,#250);
#250 = DEFINITIONAL_REPRESENTATION('',(#251),#255);
#251 = LINE('',#252,#253);
#252 = CARTESIAN_POINT('',(6.41580486637,0.));
#253 = VECTOR('',#254,1.);
#254 = DIRECTION('',(-0.,-1.));
#255 = ( GEOMETRIC_REPRESENTATION_CONTEXT(2) 
PARAMETRIC_REPRESENTATION_CONTEXT() REPRESENTATION_CONTEXT('2D SPACE',''
  ) );
#256 = PCURVE('',#257,#262);
#257 = PLANE('',#258);
#258 = AXIS2_PLACEMENT_3D('',#259,#260,#261);
#259 = CARTESIAN_POINT('',(-5.55625,3.207902433185,0.));
#260 = DIRECTION('',(-1.,4.153080267555E-16,0.));
#261 = DIRECTION('',(-4.153080267555E-16,-1.,0.));
#262 = DEFINITIONAL_REPRESENTATION('',(#263),#267);
#263 = LINE('',#264,#265);
#264 = CARTESIAN_POINT('',(0.,0.));
#265 = VECTOR('',#266,1.);
#266 = DIRECTION('',(-0.,-1.));
#267 = ( GEOMETRIC_REPRESENTATION_CONTEXT(2) 
PARAMETRIC_REPRESENTATION_CONTEXT() REPRESENTATION_CONTEXT('2D SPACE',''
  ) );
#268 = ORIENTED_EDGE('',*,*,#269,.F.);
#269 = EDGE_CURVE('',#85,#242,#270,.T.);
#270 = SURFACE_CURVE('',#271,(#275,#282),.PCURVE_S1.);
#271 = LINE('',#272,#273);
#272 = CARTESIAN_POINT('',(3.928547446777E-16,6.41580486637,0.));
#273 = VECTOR('',#274,1.);
#274 = DIRECTION('',(-0.866025403784,-0.5,0.));
#275 = PCURVE('',#100,#276);
#276 = DEFINITIONAL_REPRESENTATION('',(#277),#281);
#277 = LINE('',#278,#279);
#278 = CARTESIAN_POINT('',(0.,0.));
#279 = VECTOR('',#280,1.);
#280 = DIRECTION('',(1.,0.));
#281 = ( GEOMETRIC_REPRESENTATION_CONTEXT(2) 
PARAMETRIC_REPRESENTATION_CONTEXT() REPRESENTATION_CONTEXT('2D SPACE',''
  ) );
#282 = PCURVE('',#126,#283);
#283 = DEFINITIONAL_REPRESENTATION('',(#284),#288);
#284 = LINE('',#285,#286);
#285 = CARTESIAN_POINT('',(3.005640720653E-16,6.41580486637));
#286 = VECTOR('',#287,1.);
#287 = DIRECTION('',(-0.866025403784,-0.5));
#288 = ( GEOMETRIC_REPRESENTATION_CONTEXT(2) 
PARAMETRIC_REPRESENTATION_CONTEXT() REPRESENTATION_CONTEXT('2D SPACE',''
  ) );
#289 = ADVANCED_FACE('',(#290),#126,.T.);
#290 = FACE_BOUND('',#291,.T.);
#291 = EDGE_LOOP('',(#292,#293,#294,#317,#345,#366));
#292 = ORIENTED_EDGE('',*,*,#112,.T.);
#293 = ORIENTED_EDGE('',*,*,#269,.T.);
#294 = ORIENTED_EDGE('',*,*,#295,.T.);
#295 = EDGE_CURVE('',#242,#296,#298,.T.);
#296 = VERTEX_POINT('',#297);
#297 = CARTESIAN_POINT('',(-5.55625,-3.207902433185,0.));
#298 = SURFACE_CURVE('',#299,(#303,#310),.PCURVE_S1.);
#299 = LINE('',#300,#301);
#300 = CARTESIAN_POINT('',(-5.55625,3.207902433185,0.));
#301 = VECTOR('',#302,1.);
#302 = DIRECTION('',(-4.153080267555E-16,-1.,0.));
#303 = PCURVE('',#126,#304);
#304 = DEFINITIONAL_REPRESENTATION('',(#305),#309);
#305 = LINE('',#306,#307);
#306 = CARTESIAN_POINT('',(-5.55625,3.207902433185));
#307 = VECTOR('',#308,1.);
#308 = DIRECTION('',(-4.153080267555E-16,-1.));
#309 = ( GEOMETRIC_REPRESENTATION_CONTEXT(2) 
PARAMETRIC_REPRESENTATION_CONTEXT() REPRESENTATION_CONTEXT('2D SPACE',''
  ) );
#310 = PCURVE('',#257,#311);
#311 = DEFINITIONAL_REPRESENTATION('',(#312),#316);
#312 = LINE('',#313,#314);
#313 = CARTESIAN_POINT('',(0.,0.));
#314 = VECTOR('',#315,1.);
#315 = DIRECTION('',(1.,0.));
#316 = ( GEOMETRIC_REPRESENTATION_CONTEXT(2) 
PARAMETRIC_REPRESENTATION_CONTEXT() REPRESENTATION_CONTEXT('2D SPACE',''
  ) );
#317 = ORIENTED_EDGE('',*,*,#318,.T.);
#318 = EDGE_CURVE('',#296,#319,#321,.T.);
#319 = VERTEX_POINT('',#320);
#320 = CARTESIAN_POINT('',(-1.178564234033E-15,-6.41580486637,0.));
#321 = SURFACE_CURVE('',#322,(#326,#333),.PCURVE_S1.);
#322 = LINE('',#323,#324);
#323 = CARTESIAN_POINT('',(-5.55625,-3.207902433185,0.));
#324 = VECTOR('',#325,1.);
#325 = DIRECTION('',(0.866025403784,-0.5,0.));
#326 = PCURVE('',#126,#327);
#327 = DEFINITIONAL_REPRESENTATION('',(#328),#332);
#328 = LINE('',#329,#330);
#329 = CARTESIAN_POINT('',(-5.55625,-3.207902433185));
#330 = VECTOR('',#331,1.);
#331 = DIRECTION('',(0.866025403784,-0.5));
#332 = ( GEOMETRIC_REPRESENTATION_CONTEXT(2) 
PARAMETRIC_REPRESENTATION_CONTEXT() REPRESENTATION_CONTEXT('2D SPACE',''
  ) );
#333 = PCURVE('',#334,#339);
#334 = PLANE('',#335);
#335 = AXIS2_PLACEMENT_3D('',#336,#337,#338);
#336 = CARTESIAN_POINT('',(-5.55625,-3.207902433185,0.));
#337 = DIRECTION('',(-0.5,-0.866025403784,-0.));
#338 = DIRECTION('',(0.866025403784,-0.5,0.));
#339 = DEFINITIONAL_REPRESENTATION('',(#340),#344);
#340 = LINE('',#341,#342);
#341 = CARTESIAN_POINT('',(0.,0.));
#342 = VECTOR('',#343,1.);
#343 = DIRECTION('',(1.,0.));
#344 = ( GEOMETRIC_REPRESENTATION_CONTEXT(2) 
PARAMETRIC_REPRESENTATION_CONTEXT() REPRESENTATION_CONTEXT('2D SPACE',''
  ) );
#345 = ORIENTED_EDGE('',*,*,#346,.T.);
#346 = EDGE_CURVE('',#319,#142,#347,.T.);
#347 = SURFACE_CURVE('',#348,(#352,#359),.PCURVE_S1.);
#348 = LINE('',#349,#350);
#349 = CARTESIAN_POINT('',(-1.178564234033E-15,-6.41580486637,0.));
#350 = VECTOR('',#351,1.);
#351 = DIRECTION('',(0.866025403784,0.5,0.));
#352 = PCURVE('',#126,#353);
#353 = DEFINITIONAL_REPRESENTATION('',(#354),#358);
#354 = LINE('',#355,#356);
#355 = CARTESIAN_POINT('',(-1.270854906645E-15,-6.41580486637));
#356 = VECTOR('',#357,1.);
#357 = DIRECTION('',(0.866025403784,0.5));
#358 = ( GEOMETRIC_REPRESENTATION_CONTEXT(2) 
PARAMETRIC_REPRESENTATION_CONTEXT() REPRESENTATION_CONTEXT('2D SPACE',''
  ) );
#359 = PCURVE('',#159,#360);
#360 = DEFINITIONAL_REPRESENTATION('',(#361),#365);
#361 = LINE('',#362,#363);
#362 = CARTESIAN_POINT('',(0.,0.));
#363 = VECTOR('',#364,1.);
#364 = DIRECTION('',(1.,0.));
#365 = ( GEOMETRIC_REPRESENTATION_CONTEXT(2) 
PARAMETRIC_REPRESENTATION_CONTEXT() REPRESENTATION_CONTEXT('2D SPACE',''
  ) );
#366 = ORIENTED_EDGE('',*,*,#193,.T.);
#367 = ADVANCED_FACE('',(#368,#440),#72,.F.);
#368 = FACE_BOUND('',#369,.F.);
#369 = EDGE_LOOP('',(#370,#371,#372,#395,#418,#439));
#370 = ORIENTED_EDGE('',*,*,#56,.T.);
#371 = ORIENTED_EDGE('',*,*,#218,.T.);
#372 = ORIENTED_EDGE('',*,*,#373,.T.);
#373 = EDGE_CURVE('',#219,#374,#376,.T.);
#374 = VERTEX_POINT('',#375);
#375 = CARTESIAN_POINT('',(-5.55625,-3.207902433185,-3.96875));
#376 = SURFACE_CURVE('',#377,(#381,#388),.PCURVE_S1.);
#377 = LINE('',#378,#379);
#378 = CARTESIAN_POINT('',(-5.55625,3.207902433185,-3.96875));
#379 = VECTOR('',#380,1.);
#380 = DIRECTION('',(-4.153080267555E-16,-1.,0.));
#381 = PCURVE('',#72,#382);
#382 = DEFINITIONAL_REPRESENTATION('',(#383),#387);
#383 = LINE('',#384,#385);
#384 = CARTESIAN_POINT('',(-5.55625,3.207902433185));
#385 = VECTOR('',#386,1.);
#386 = DIRECTION('',(-4.153080267555E-16,-1.));
#387 = ( GEOMETRIC_REPRESENTATION_CONTEXT(2) 
PARAMETRIC_REPRESENTATION_CONTEXT() REPRESENTATION_CONTEXT('2D SPACE',''
  ) );
#388 = PCURVE('',#257,#389);
#389 = DEFINITIONAL_REPRESENTATION('',(#390),#394);
#390 = LINE('',#391,#392);
#391 = CARTESIAN_POINT('',(-0.,-3.96875));
#392 = VECTOR('',#393,1.);
#393 = DIRECTION('',(1.,0.));
#394 = ( GEOMETRIC_REPRESENTATION_CONTEXT(2) 
PARAMETRIC_REPRESENTATION_CONTEXT() REPRESENTATION_CONTEXT('2D SPACE',''
  ) );
#395 = ORIENTED_EDGE('',*,*,#396,.T.);
#396 = EDGE_CURVE('',#374,#397,#399,.T.);
#397 = VERTEX_POINT('',#398);
#398 = CARTESIAN_POINT('',(-1.178564234033E-15,-6.41580486637,-3.96875)
  );
#399 = SURFACE_CURVE('',#400,(#404,#411),.PCURVE_S1.);
#400 = LINE('',#401,#402);
#401 = CARTESIAN_POINT('',(-5.55625,-3.207902433185,-3.96875));
#402 = VECTOR('',#403,1.);
#403 = DIRECTION('',(0.866025403784,-0.5,0.));
#404 = PCURVE('',#72,#405);
#405 = DEFINITIONAL_REPRESENTATION('',(#406),#410);
#406 = LINE('',#407,#408);
#407 = CARTESIAN_POINT('',(-5.55625,-3.207902433185));
#408 = VECTOR('',#409,1.);
#409 = DIRECTION('',(0.866025403784,-0.5));
#410 = ( GEOMETRIC_REPRESENTATION_CONTEXT(2) 
PARAMETRIC_REPRESENTATION_CONTEXT() REPRESENTATION_CONTEXT('2D SPACE',''
  ) );
#411 = PCURVE('',#334,#412);
#412 = DEFINITIONAL_REPRESENTATION('',(#413),#417);
#413 = LINE('',#414,#415);
#414 = CARTESIAN_POINT('',(0.,-3.96875));
#415 = VECTOR('',#416,1.);
#416 = DIRECTION('',(1.,0.));
#417 = ( GEOMETRIC_REPRESENTATION_CONTEXT(2) 
PARAMETRIC_REPRESENTATION_CONTEXT() REPRESENTATION_CONTEXT('2D SPACE',''
  ) );
#418 = ORIENTED_EDGE('',*,*,#419,.T.);
#419 = EDGE_CURVE('',#397,#144,#420,.T.);
#420 = SURFACE_CURVE('',#421,(#425,#432),.PCURVE_S1.);
#421 = LINE('',#422,#423);
#422 = CARTESIAN_POINT('',(-1.178564234033E-15,-6.41580486637,-3.96875)
  );
#423 = VECTOR('',#424,1.);
#424 = DIRECTION('',(0.866025403784,0.5,0.));
#425 = PCURVE('',#72,#426);
#426 = DEFINITIONAL_REPRESENTATION('',(#427),#431);
#427 = LINE('',#428,#429);
#428 = CARTESIAN_POINT('',(-1.270854906645E-15,-6.41580486637));
#429 = VECTOR('',#430,1.);
#430 = DIRECTION('',(0.866025403784,0.5));
#431 = ( GEOMETRIC_REPRESENTATION_CONTEXT(2) 
PARAMETRIC_REPRESENTATION_CONTEXT() REPRESENTATION_CONTEXT('2D SPACE',''
  ) );
#432 = PCURVE('',#159,#433);
#433 = DEFINITIONAL_REPRESENTATION('',(#434),#438);
#434 = LINE('',#435,#436);
#435 = CARTESIAN_POINT('',(0.,-3.96875));
#436 = VECTOR('',#437,1.);
#437 = DIRECTION('',(1.,0.));
#438 = ( GEOMETRIC_REPRESENTATION_CONTEXT(2) 
PARAMETRIC_REPRESENTATION_CONTEXT() REPRESENTATION_CONTEXT('2D SPACE',''
  ) );
#439 = ORIENTED_EDGE('',*,*,#171,.T.);
#440 = FACE_BOUND('',#441,.F.);
#441 = EDGE_LOOP('',(#442,#473,#500));
#442 = ORIENTED_EDGE('',*,*,#443,.F.);
#443 = EDGE_CURVE('',#444,#446,#448,.T.);
#444 = VERTEX_POINT('',#445);
#445 = CARTESIAN_POINT('',(3.075,-7.531577814756E-16,-3.96875));
#446 = VERTEX_POINT('',#447);
#447 = CARTESIAN_POINT('',(-0.809997523324,-2.9664000088,-3.96875));
#448 = SURFACE_CURVE('',#449,(#454,#461),.PCURVE_S1.);
#449 = CIRCLE('',#450,3.075);
#450 = AXIS2_PLACEMENT_3D('',#451,#452,#453);
#451 = CARTESIAN_POINT('',(0.,0.,-3.96875));
#452 = DIRECTION('',(0.,0.,1.));
#453 = DIRECTION('',(1.,0.,-0.));
#454 = PCURVE('',#72,#455);
#455 = DEFINITIONAL_REPRESENTATION('',(#456),#460);
#456 = CIRCLE('',#457,3.075);
#457 = AXIS2_PLACEMENT_2D('',#458,#459);
#458 = CARTESIAN_POINT('',(-9.229067261233E-17,-3.230173541432E-16));
#459 = DIRECTION('',(1.,0.));
#460 = ( GEOMETRIC_REPRESENTATION_CONTEXT(2) 
PARAMETRIC_REPRESENTATION_CONTEXT() REPRESENTATION_CONTEXT('2D SPACE',''
  ) );
#461 = PCURVE('',#462,#467);
#462 = CYLINDRICAL_SURFACE('',#463,3.075);
#463 = AXIS2_PLACEMENT_3D('',#464,#465,#466);
#464 = CARTESIAN_POINT('',(0.,0.,-16.66875));
#465 = DIRECTION('',(0.,0.,1.));
#466 = DIRECTION('',(1.,0.,-0.));
#467 = DEFINITIONAL_REPRESENTATION('',(#468),#472);
#468 = LINE('',#469,#470);
#469 = CARTESIAN_POINT('',(0.,12.7));
#470 = VECTOR('',#471,1.);
#471 = DIRECTION('',(1.,0.));
#472 = ( GEOMETRIC_REPRESENTATION_CONTEXT(2) 
PARAMETRIC_REPRESENTATION_CONTEXT() REPRESENTATION_CONTEXT('2D SPACE',''
  ) );
#473 = ORIENTED_EDGE('',*,*,#474,.T.);
#474 = EDGE_CURVE('',#444,#475,#477,.T.);
#475 = VERTEX_POINT('',#476);
#476 = CARTESIAN_POINT('',(2.250110802944,0.,-3.96875));
#477 = SURFACE_CURVE('',#478,(#482,#489),.PCURVE_S1.);
#478 = LINE('',#479,#480);
#479 = CARTESIAN_POINT('',(1.534765380884,0.,-3.96875));
#480 = VECTOR('',#481,1.);
#481 = DIRECTION('',(-1.,0.,0.));
#482 = PCURVE('',#72,#483);
#483 = DEFINITIONAL_REPRESENTATION('',(#484),#488);
#484 = LINE('',#485,#486);
#485 = CARTESIAN_POINT('',(1.534765380884,-3.230173541432E-16));
#486 = VECTOR('',#487,1.);
#487 = DIRECTION('',(-1.,0.));
#488 = ( GEOMETRIC_REPRESENTATION_CONTEXT(2) 
PARAMETRIC_REPRESENTATION_CONTEXT() REPRESENTATION_CONTEXT('2D SPACE',''
  ) );
#489 = PCURVE('',#490,#495);
#490 = PLANE('',#491);
#491 = AXIS2_PLACEMENT_3D('',#492,#493,#494);
#492 = CARTESIAN_POINT('',(3.069530761767,0.,-3.96875));
#493 = DIRECTION('',(0.,1.,0.));
#494 = DIRECTION('',(0.,-0.,1.));
#495 = DEFINITIONAL_REPRESENTATION('',(#496),#499);
#496 = B_SPLINE_CURVE_WITH_KNOTS('',1,(#497,#498),.UNSPECIFIED.,.F.,.F.,
  (2,2),(-1.540234619116,-0.71534542206),.PIECEWISE_BEZIER_KNOTS.);
#497 = CARTESIAN_POINT('',(0.,5.469238232731E-03));
#498 = CARTESIAN_POINT('',(0.,-0.819419958823));
#499 = ( GEOMETRIC_REPRESENTATION_CONTEXT(2) 
PARAMETRIC_REPRESENTATION_CONTEXT() REPRESENTATION_CONTEXT('2D SPACE',''
  ) );
#500 = ORIENTED_EDGE('',*,*,#501,.T.);
#501 = EDGE_CURVE('',#475,#446,#502,.T.);
#502 = SURFACE_CURVE('',#503,(#536,#572),.PCURVE_S1.);
#503 = B_SPLINE_CURVE_WITH_KNOTS('',6,(#504,#505,#506,#507,#508,#509,
    #510,#511,#512,#513,#514,#515,#516,#517,#518,#519,#520,#521,#522,
    #523,#524,#525,#526,#527,#528,#529,#530,#531,#532,#533,#534,#535),
  .UNSPECIFIED.,.F.,.F.,(7,5,5,5,5,5,7),(0.,0.173349166644,
    0.386747340008,0.512310017037,0.653764523164,0.814937444994,1.),
  .UNSPECIFIED.);
#504 = CARTESIAN_POINT('',(2.250110802944,1.998401444325E-14,-3.96875));
#505 = CARTESIAN_POINT('',(2.292245797441,-0.211175937278,-3.96875));
#506 = CARTESIAN_POINT('',(2.309852461368,-0.428123474449,-3.96875));
#507 = CARTESIAN_POINT('',(2.302539324091,-0.647032566759,-3.96875));
#508 = CARTESIAN_POINT('',(2.270724065964,-0.864362678514,-3.96875));
#509 = CARTESIAN_POINT('',(2.21533358292,-1.076866060679,-3.96875));
#510 = CARTESIAN_POINT('',(2.042448824244,-1.533638046983,-3.96875));
#511 = CARTESIAN_POINT('',(1.913522429656,-1.77400722615,-3.96875));
#512 = CARTESIAN_POINT('',(1.753749794852,-1.997255300429,-3.96875));
#513 = CARTESIAN_POINT('',(1.566796651659,-2.19912880458,-3.96875));
#514 = CARTESIAN_POINT('',(1.356754323747,-2.376255014151,-3.96875));
#515 = CARTESIAN_POINT('',(0.993799754106,-2.614516113619,-3.96875));
#516 = CARTESIAN_POINT('',(0.852924367395,-2.693406292415,-3.96875));
#517 = CARTESIAN_POINT('',(0.706534179128,-2.762453206965,-3.96875));
#518 = CARTESIAN_POINT('',(0.55555369954,-2.821309842337,-3.96875));
#519 = CARTESIAN_POINT('',(0.400914133223,-2.869744149597,-3.96875));
#520 = CARTESIAN_POINT('',(6.625926064373E-02,-2.950305836837,-3.96875)
  );
#521 = CARTESIAN_POINT('',(-0.11450069293,-2.979596324564,-3.96875));
#522 = CARTESIAN_POINT('',(-0.297406312482,-2.995315209254,-3.96875));
#523 = CARTESIAN_POINT('',(-0.481169838375,-2.997460540675,-3.96875));
#524 = CARTESIAN_POINT('',(-0.664550468137,-2.986172701876,-3.96875));
#525 = CARTESIAN_POINT('',(-1.053505354663,-2.933891355996,-3.96875));
#526 = CARTESIAN_POINT('',(-1.258626959396,-2.888973933915,-3.96875));
#527 = CARTESIAN_POINT('',(-1.459961013798,-2.827396993515,-3.96875));
#528 = CARTESIAN_POINT('',(-1.655899590787,-2.749802088555,-3.96875));
#529 = CARTESIAN_POINT('',(-1.844972437319,-2.656995138227,-3.96875));
#530 = CARTESIAN_POINT('',(-2.23354146185,-2.427040184679,-3.96875));
#531 = CARTESIAN_POINT('',(-2.430452893525,-2.285344278897,-3.96875));
#532 = CARTESIAN_POINT('',(-2.614576410052,-2.12632792587,-3.96875));
#533 = CARTESIAN_POINT('',(-2.784248278513,-1.951681935741,-3.96875));
#534 = CARTESIAN_POINT('',(-2.938085233485,-1.763236546386,-3.96875));
#535 = CARTESIAN_POINT('',(-3.075,-1.562971154162,-3.96875));
#536 = PCURVE('',#72,#537);
#537 = DEFINITIONAL_REPRESENTATION('',(#538),#571);
#538 = B_SPLINE_CURVE_WITH_KNOTS('',6,(#539,#540,#541,#542,#543,#544,
    #545,#546,#547,#548,#549,#550,#551,#552,#553,#554,#555,#556,#557,
    #558,#559,#560,#561,#562,#563,#564,#565,#566,#567,#568,#569,#570),
  .UNSPECIFIED.,.F.,.F.,(7,5,5,5,5,5,7),(0.,0.173349166644,
    0.386747340008,0.512310017037,0.653764523164,0.814937444994,1.),
  .UNSPECIFIED.);
#539 = CARTESIAN_POINT('',(2.250110802944,1.966099708911E-14));
#540 = CARTESIAN_POINT('',(2.292245797441,-0.211175937278));
#541 = CARTESIAN_POINT('',(2.309852461368,-0.428123474449));
#542 = CARTESIAN_POINT('',(2.302539324091,-0.647032566759));
#543 = CARTESIAN_POINT('',(2.270724065964,-0.864362678514));
#544 = CARTESIAN_POINT('',(2.21533358292,-1.076866060679));
#545 = CARTESIAN_POINT('',(2.042448824244,-1.533638046983));
#546 = CARTESIAN_POINT('',(1.913522429656,-1.77400722615));
#547 = CARTESIAN_POINT('',(1.753749794852,-1.997255300429));
#548 = CARTESIAN_POINT('',(1.566796651659,-2.19912880458));
#549 = CARTESIAN_POINT('',(1.356754323747,-2.376255014151));
#550 = CARTESIAN_POINT('',(0.993799754106,-2.614516113619));
#551 = CARTESIAN_POINT('',(0.852924367395,-2.693406292415));
#552 = CARTESIAN_POINT('',(0.706534179128,-2.762453206965));
#553 = CARTESIAN_POINT('',(0.55555369954,-2.821309842337));
#554 = CARTESIAN_POINT('',(0.400914133223,-2.869744149597));
#555 = CARTESIAN_POINT('',(6.625926064373E-02,-2.950305836837));
#556 = CARTESIAN_POINT('',(-0.11450069293,-2.979596324564));
#557 = CARTESIAN_POINT('',(-0.297406312482,-2.995315209254));
#558 = CARTESIAN_POINT('',(-0.481169838375,-2.997460540675));
#559 = CARTESIAN_POINT('',(-0.664550468137,-2.986172701876));
#560 = CARTESIAN_POINT('',(-1.053505354663,-2.933891355996));
#561 = CARTESIAN_POINT('',(-1.258626959396,-2.888973933915));
#562 = CARTESIAN_POINT('',(-1.459961013798,-2.827396993515));
#563 = CARTESIAN_POINT('',(-1.655899590787,-2.749802088555));
#564 = CARTESIAN_POINT('',(-1.844972437319,-2.656995138227));
#565 = CARTESIAN_POINT('',(-2.23354146185,-2.427040184679));
#566 = CARTESIAN_POINT('',(-2.430452893525,-2.285344278897));
#567 = CARTESIAN_POINT('',(-2.614576410052,-2.12632792587));
#568 = CARTESIAN_POINT('',(-2.784248278513,-1.951681935741));
#569 = CARTESIAN_POINT('',(-2.938085233485,-1.763236546386));
#570 = CARTESIAN_POINT('',(-3.075,-1.562971154162));
#571 = ( GEOMETRIC_REPRESENTATION_CONTEXT(2) 
PARAMETRIC_REPRESENTATION_CONTEXT() REPRESENTATION_CONTEXT('2D SPACE',''
  ) );
#572 = PCURVE('',#573,#630);
#573 = B_SPLINE_SURFACE_WITH_KNOTS('',14,1,(
    (#574,#575)
    ,(#576,#577)
    ,(#578,#579)
    ,(#580,#581)
    ,(#582,#583)
    ,(#584,#585)
    ,(#586,#587)
    ,(#588,#589)
    ,(#590,#591)
    ,(#592,#593)
    ,(#594,#595)
    ,(#596,#597)
    ,(#598,#599)
    ,(#600,#601)
    ,(#602,#603)
    ,(#604,#605)
    ,(#606,#607)
    ,(#608,#609)
    ,(#610,#611)
    ,(#612,#613)
    ,(#614,#615)
    ,(#616,#617)
    ,(#618,#619)
    ,(#620,#621)
    ,(#622,#623)
    ,(#624,#625)
    ,(#626,#627)
    ,(#628,#629
    )),.UNSPECIFIED.,.F.,.F.,.F.,(15,13,15),(2,2),(0.,9.615376467399,
    19.230752934797),(0.,1.),.UNSPECIFIED.);
#574 = CARTESIAN_POINT('',(2.250110802944,1.376676550535E-14,-3.96875));
#575 = CARTESIAN_POINT('',(3.5195,-2.264854970235E-14,-3.39725));
#576 = CARTESIAN_POINT('',(2.250110802943,-1.514771050349,
    -4.104821428571));
#577 = CARTESIAN_POINT('',(3.519499999999,-2.369321859497,
    -3.533321428571));
#578 = CARTESIAN_POINT('',(1.151796741377,-3.02956768124,-4.240892857144
    ));
#579 = CARTESIAN_POINT('',(1.801577338309,-4.738683730671,
    -3.669392857146));
#580 = CARTESIAN_POINT('',(-1.043340588114,-3.681546416915,
    -4.376964285709));
#581 = CARTESIAN_POINT('',(-1.631936167341,-5.758473137144,
    -3.805464285705));
#582 = CARTESIAN_POINT('',(-3.604804934274,-2.610417242536,-4.5130357143
    ));
#583 = CARTESIAN_POINT('',(-5.638438315846,-4.083071586095,
    -3.941535714308));
#584 = CARTESIAN_POINT('',(-5.022544493921,0.359954595996,
    -4.649107142828));
#585 = CARTESIAN_POINT('',(-7.855988835377,0.563021251614,
    -4.077607142817));
#586 = CARTESIAN_POINT('',(-3.897992832772,3.967342962531,
    -4.785178571476));
#587 = CARTESIAN_POINT('',(-6.097026758453,6.205500430664,
    -4.213678571488));
#588 = CARTESIAN_POINT('',(-2.690114797588E-11,5.855684350963,
    -4.92124999994));
#589 = CARTESIAN_POINT('',(4.565237077259E-12,9.159140539285,
    -4.349749999929));
#590 = CARTESIAN_POINT('',(3.897992832822,3.967342962529,-5.057321428631
    ));
#591 = CARTESIAN_POINT('',(6.097026758445,6.205500430657,-4.485821428639
    ));
#592 = CARTESIAN_POINT('',(5.022544493883,0.359954596,-5.193392857096));
#593 = CARTESIAN_POINT('',(7.855988835382,0.563021251625,-4.621892857092
    ));
#594 = CARTESIAN_POINT('',(3.604804934298,-2.610417242539,
    -5.329464285744));
#595 = CARTESIAN_POINT('',(5.638438315843,-4.083071586104,
    -4.757964285745));
#596 = CARTESIAN_POINT('',(1.043340588103,-3.681546416913,
    -5.465535714272));
#597 = CARTESIAN_POINT('',(1.631936167342,-5.758473137138,
    -4.894035714272));
#598 = CARTESIAN_POINT('',(-1.151796741373,-3.029567681241,
    -5.601607142862));
#599 = CARTESIAN_POINT('',(-1.80157733831,-4.738683730673,
    -5.030107142861));
#600 = CARTESIAN_POINT('',(-2.250110802944,-1.514771050349,
    -5.737678571428));
#601 = CARTESIAN_POINT('',(-3.519499999999,-2.369321859496,
    -5.166178571428));
#602 = CARTESIAN_POINT('',(-2.250110802944,1.514771050349,
    -6.009821428571));
#603 = CARTESIAN_POINT('',(-3.519500000001,2.369321859496,
    -5.438321428571));
#604 = CARTESIAN_POINT('',(-1.151796741372,3.02956768124,-6.145892857144
    ));
#605 = CARTESIAN_POINT('',(-1.801577338304,4.738683730673,
    -5.574392857148));
#606 = CARTESIAN_POINT('',(1.043340588102,3.681546416915,-6.281964285709
    ));
#607 = CARTESIAN_POINT('',(1.631936167327,5.758473137139,-5.710464285696
    ));
#608 = CARTESIAN_POINT('',(3.6048049343,2.610417242533,-6.418035714298)
  );
#609 = CARTESIAN_POINT('',(5.638438315874,4.083071586103,-5.846535714327
    ));
#610 = CARTESIAN_POINT('',(5.02254449388,-0.359954595989,-6.554107142836
    ));
#611 = CARTESIAN_POINT('',(7.855988835332,-0.563021251624,
    -5.982607142787));
#612 = CARTESIAN_POINT('',(3.897992832826,-3.967342962543,
    -6.690178571456));
#613 = CARTESIAN_POINT('',(6.097026758508,-6.205500430655,
    -6.118678571523));
#614 = CARTESIAN_POINT('',(-2.885520142497E-11,-5.855684350949,
    -6.826249999972));
#615 = CARTESIAN_POINT('',(-5.68041222525E-11,-9.159140539291,
    -6.254749999897));
#616 = CARTESIAN_POINT('',(-3.897992832774,-3.967342962543,
    -6.962321428594));
#617 = CARTESIAN_POINT('',(-6.097026758406,-6.205500430655,
    -6.390821428664));
#618 = CARTESIAN_POINT('',(-5.022544493916,-0.359954595989,
    -7.098392857129));
#619 = CARTESIAN_POINT('',(-7.855988835404,-0.563021251624,
    -6.526892857075));
#620 = CARTESIAN_POINT('',(-3.60480493428,2.610417242533,-7.234464285721
    ));
#621 = CARTESIAN_POINT('',(-5.638438315834,4.083071586103,
    -6.662964285755));
#622 = CARTESIAN_POINT('',(-1.04334058811,3.681546416916,-7.370535714283
    ));
#623 = CARTESIAN_POINT('',(-1.631936167344,5.75847313714,-6.799035714267
    ));
#624 = CARTESIAN_POINT('',(1.151796741375,3.02956768124,-7.506607142858)
  );
#625 = CARTESIAN_POINT('',(1.80157733831,4.738683730673,-6.935107142864)
  );
#626 = CARTESIAN_POINT('',(2.250110802944,1.514771050349,-7.642678571428
    ));
#627 = CARTESIAN_POINT('',(3.519499999999,2.369321859496,-7.071178571427
    ));
#628 = CARTESIAN_POINT('',(2.250110802944,0.,-7.77875));
#629 = CARTESIAN_POINT('',(3.5195,8.881784197001E-15,-7.20725));
#630 = DEFINITIONAL_REPRESENTATION('',(#631),#664);
#631 = B_SPLINE_CURVE_WITH_KNOTS('',6,(#632,#633,#634,#635,#636,#637,
    #638,#639,#640,#641,#642,#643,#644,#645,#646,#647,#648,#649,#650,
    #651,#652,#653,#654,#655,#656,#657,#658,#659,#660,#661,#662,#663),
  .UNSPECIFIED.,.F.,.F.,(7,5,5,5,5,5,7),(0.,0.173349166644,
    0.386747340008,0.512310017037,0.653764523164,0.814937444994,1.),
  .UNSPECIFIED.);
#632 = CARTESIAN_POINT('',(0.,0.));
#633 = CARTESIAN_POINT('',(9.574931836884E-02,3.319312516203E-02));
#634 = CARTESIAN_POINT('',(0.18981178594,6.580147488542E-02));
#635 = CARTESIAN_POINT('',(0.282265342303,9.785206825056E-02));
#636 = CARTESIAN_POINT('',(0.373225699021,0.129385018634));
#637 = CARTESIAN_POINT('',(0.462778530767,0.160430026613));
#638 = CARTESIAN_POINT('',(0.659516500471,0.228632580571));
#639 = CARTESIAN_POINT('',(0.76603919613,0.265560479692));
#640 = CARTESIAN_POINT('',(0.870617476755,0.301814314363));
#641 = CARTESIAN_POINT('',(0.973415645502,0.33745104306));
#642 = CARTESIAN_POINT('',(1.074546883141,0.372509901817));
#643 = CARTESIAN_POINT('',(1.232577349228,0.42729384315));
#644 = CARTESIAN_POINT('',(1.290563201227,0.447395622211));
#645 = CARTESIAN_POINT('',(1.348011233948,0.467310957097));
#646 = CARTESIAN_POINT('',(1.404940418005,0.487046424294));
#647 = CARTESIAN_POINT('',(1.46136823123,0.506608082788));
#648 = CARTESIAN_POINT('',(1.580324392088,0.547846253497));
#649 = CARTESIAN_POINT('',(1.642724638711,0.569478357324));
#650 = CARTESIAN_POINT('',(1.704524777609,0.59090242363));
#651 = CARTESIAN_POINT('',(1.765748072551,0.612126517195));
#652 = CARTESIAN_POINT('',(1.826414557232,0.633157583039));
#653 = CARTESIAN_POINT('',(1.955040072434,0.677747799428));
#654 = CARTESIAN_POINT('',(2.02284237962,0.70125261917));
#655 = CARTESIAN_POINT('',(2.089963497928,0.724521293234));
#656 = CARTESIAN_POINT('',(2.156432184922,0.747563790918));
#657 = CARTESIAN_POINT('',(2.22227262091,0.770388494735));
#658 = CARTESIAN_POINT('',(2.362391452911,0.818963064324));
#659 = CARTESIAN_POINT('',(2.436482680378,0.844648044945));
#660 = CARTESIAN_POINT('',(2.50979340477,0.870062450936));
#661 = CARTESIAN_POINT('',(2.582360064625,0.895218914337));
#662 = CARTESIAN_POINT('',(2.654212374102,0.920127736063));
#663 = CARTESIAN_POINT('',(2.725363390194,0.944793442543));
#664 = ( GEOMETRIC_REPRESENTATION_CONTEXT(2) 
PARAMETRIC_REPRESENTATION_CONTEXT() REPRESENTATION_CONTEXT('2D SPACE',''
  ) );
#665 = ADVANCED_FACE('',(#666),#159,.T.);
#666 = FACE_BOUND('',#667,.T.);
#667 = EDGE_LOOP('',(#668,#689,#690,#691));
#668 = ORIENTED_EDGE('',*,*,#669,.T.);
#669 = EDGE_CURVE('',#319,#397,#670,.T.);
#670 = SURFACE_CURVE('',#671,(#675,#682),.PCURVE_S1.);
#671 = LINE('',#672,#673);
#672 = CARTESIAN_POINT('',(-1.178564234033E-15,-6.41580486637,0.));
#673 = VECTOR('',#674,1.);
#674 = DIRECTION('',(0.,0.,-1.));
#675 = PCURVE('',#159,#676);
#676 = DEFINITIONAL_REPRESENTATION('',(#677),#681);
#677 = LINE('',#678,#679);
#678 = CARTESIAN_POINT('',(0.,0.));
#679 = VECTOR('',#680,1.);
#680 = DIRECTION('',(0.,-1.));
#681 = ( GEOMETRIC_REPRESENTATION_CONTEXT(2) 
PARAMETRIC_REPRESENTATION_CONTEXT() REPRESENTATION_CONTEXT('2D SPACE',''
  ) );
#682 = PCURVE('',#334,#683);
#683 = DEFINITIONAL_REPRESENTATION('',(#684),#688);
#684 = LINE('',#685,#686);
#685 = CARTESIAN_POINT('',(6.41580486637,0.));
#686 = VECTOR('',#687,1.);
#687 = DIRECTION('',(0.,-1.));
#688 = ( GEOMETRIC_REPRESENTATION_CONTEXT(2) 
PARAMETRIC_REPRESENTATION_CONTEXT() REPRESENTATION_CONTEXT('2D SPACE',''
  ) );
#689 = ORIENTED_EDGE('',*,*,#419,.T.);
#690 = ORIENTED_EDGE('',*,*,#141,.F.);
#691 = ORIENTED_EDGE('',*,*,#346,.F.);
#692 = ADVANCED_FACE('',(#693),#257,.T.);
#693 = FACE_BOUND('',#694,.T.);
#694 = EDGE_LOOP('',(#695,#696,#697,#718));
#695 = ORIENTED_EDGE('',*,*,#241,.T.);
#696 = ORIENTED_EDGE('',*,*,#373,.T.);
#697 = ORIENTED_EDGE('',*,*,#698,.F.);
#698 = EDGE_CURVE('',#296,#374,#699,.T.);
#699 = SURFACE_CURVE('',#700,(#704,#711),.PCURVE_S1.);
#700 = LINE('',#701,#702);
#701 = CARTESIAN_POINT('',(-5.55625,-3.207902433185,0.));
#702 = VECTOR('',#703,1.);
#703 = DIRECTION('',(0.,0.,-1.));
#704 = PCURVE('',#257,#705);
#705 = DEFINITIONAL_REPRESENTATION('',(#706),#710);
#706 = LINE('',#707,#708);
#707 = CARTESIAN_POINT('',(6.41580486637,0.));
#708 = VECTOR('',#709,1.);
#709 = DIRECTION('',(-0.,-1.));
#710 = ( GEOMETRIC_REPRESENTATION_CONTEXT(2) 
PARAMETRIC_REPRESENTATION_CONTEXT() REPRESENTATION_CONTEXT('2D SPACE',''
  ) );
#711 = PCURVE('',#334,#712);
#712 = DEFINITIONAL_REPRESENTATION('',(#713),#717);
#713 = LINE('',#714,#715);
#714 = CARTESIAN_POINT('',(0.,0.));
#715 = VECTOR('',#716,1.);
#716 = DIRECTION('',(0.,-1.));
#717 = ( GEOMETRIC_REPRESENTATION_CONTEXT(2) 
PARAMETRIC_REPRESENTATION_CONTEXT() REPRESENTATION_CONTEXT('2D SPACE',''
  ) );
#718 = ORIENTED_EDGE('',*,*,#295,.F.);
#719 = ADVANCED_FACE('',(#720),#334,.T.);
#720 = FACE_BOUND('',#721,.T.);
#721 = EDGE_LOOP('',(#722,#723,#724,#725));
#722 = ORIENTED_EDGE('',*,*,#698,.T.);
#723 = ORIENTED_EDGE('',*,*,#396,.T.);
#724 = ORIENTED_EDGE('',*,*,#669,.F.);
#725 = ORIENTED_EDGE('',*,*,#318,.F.);
#726 = ADVANCED_FACE('',(#727),#462,.T.);
#727 = FACE_BOUND('',#728,.T.);
#728 = EDGE_LOOP('',(#729,#730,#753,#781));
#729 = ORIENTED_EDGE('',*,*,#443,.F.);
#730 = ORIENTED_EDGE('',*,*,#731,.F.);
#731 = EDGE_CURVE('',#732,#444,#734,.T.);
#732 = VERTEX_POINT('',#733);
#733 = CARTESIAN_POINT('',(3.075,-3.765788907378E-16,-4.340128752246));
#734 = SURFACE_CURVE('',#735,(#739,#746),.PCURVE_S1.);
#735 = LINE('',#736,#737);
#736 = CARTESIAN_POINT('',(3.075,-7.531577814756E-16,-16.66875));
#737 = VECTOR('',#738,1.);
#738 = DIRECTION('',(0.,0.,1.));
#739 = PCURVE('',#462,#740);
#740 = DEFINITIONAL_REPRESENTATION('',(#741),#745);
#741 = LINE('',#742,#743);
#742 = CARTESIAN_POINT('',(0.,-0.));
#743 = VECTOR('',#744,1.);
#744 = DIRECTION('',(0.,1.));
#745 = ( GEOMETRIC_REPRESENTATION_CONTEXT(2) 
PARAMETRIC_REPRESENTATION_CONTEXT() REPRESENTATION_CONTEXT('2D SPACE',''
  ) );
#746 = PCURVE('',#490,#747);
#747 = DEFINITIONAL_REPRESENTATION('',(#748),#752);
#748 = LINE('',#749,#750);
#749 = CARTESIAN_POINT('',(-12.7,5.469238232731E-03));
#750 = VECTOR('',#751,1.);
#751 = DIRECTION('',(1.,0.));
#752 = ( GEOMETRIC_REPRESENTATION_CONTEXT(2) 
PARAMETRIC_REPRESENTATION_CONTEXT() REPRESENTATION_CONTEXT('2D SPACE',''
  ) );
#753 = ORIENTED_EDGE('',*,*,#754,.F.);
#754 = EDGE_CURVE('',#755,#732,#757,.T.);
#755 = VERTEX_POINT('',#756);
#756 = CARTESIAN_POINT('',(3.075,-7.531577814756E-16,-4.867371897956));
#757 = SURFACE_CURVE('',#758,(#762,#769),.PCURVE_S1.);
#758 = LINE('',#759,#760);
#759 = CARTESIAN_POINT('',(3.075,-7.531577814756E-16,-16.66875));
#760 = VECTOR('',#761,1.);
#761 = DIRECTION('',(0.,0.,1.));
#762 = PCURVE('',#462,#763);
#763 = DEFINITIONAL_REPRESENTATION('',(#764),#768);
#764 = LINE('',#765,#766);
#765 = CARTESIAN_POINT('',(0.,-0.));
#766 = VECTOR('',#767,1.);
#767 = DIRECTION('',(0.,1.));
#768 = ( GEOMETRIC_REPRESENTATION_CONTEXT(2) 
PARAMETRIC_REPRESENTATION_CONTEXT() REPRESENTATION_CONTEXT('2D SPACE',''
  ) );
#769 = PCURVE('',#770,#775);
#770 = CYLINDRICAL_SURFACE('',#771,3.075);
#771 = AXIS2_PLACEMENT_3D('',#772,#773,#774);
#772 = CARTESIAN_POINT('',(0.,0.,-16.66875));
#773 = DIRECTION('',(0.,0.,1.));
#774 = DIRECTION('',(1.,0.,-0.));
#775 = DEFINITIONAL_REPRESENTATION('',(#776),#780);
#776 = LINE('',#777,#778);
#777 = CARTESIAN_POINT('',(6.28318530718,-0.));
#778 = VECTOR('',#779,1.);
#779 = DIRECTION('',(0.,1.));
#780 = ( GEOMETRIC_REPRESENTATION_CONTEXT(2) 
PARAMETRIC_REPRESENTATION_CONTEXT() REPRESENTATION_CONTEXT('2D SPACE',''
  ) );
#781 = ORIENTED_EDGE('',*,*,#782,.T.);
#782 = EDGE_CURVE('',#755,#446,#783,.T.);
#783 = SURFACE_CURVE('',#784,(#834,#887),.PCURVE_S1.);
#784 = B_SPLINE_CURVE_WITH_KNOTS('',6,(#785,#786,#787,#788,#789,#790,
    #791,#792,#793,#794,#795,#796,#797,#798,#799,#800,#801,#802,#803,
    #804,#805,#806,#807,#808,#809,#810,#811,#812,#813,#814,#815,#816,
    #817,#818,#819,#820,#821,#822,#823,#824,#825,#826,#827,#828,#829,
    #830,#831,#832,#833),.UNSPECIFIED.,.F.,.F.,(7,5,5,5,6,6,5,5,5,7),(0.
    ,0.133921552848,0.208109156848,0.280867493025,0.40126091736,
    0.535182470208,0.669104023056,0.743352576087,0.845229390463,1.),
  .UNSPECIFIED.);
#785 = CARTESIAN_POINT('',(3.075,8.881784197001E-16,-4.867371897956));
#786 = CARTESIAN_POINT('',(3.075004632063,0.521233773492,-4.833109025746
    ));
#787 = CARTESIAN_POINT('',(2.968946904528,1.043616977087,-4.798778171033
    ));
#788 = CARTESIAN_POINT('',(2.756174961482,1.537397092307,-4.764526681062
    ));
#789 = CARTESIAN_POINT('',(2.44782220114,1.977868471283,-4.730275148367)
  );
#790 = CARTESIAN_POINT('',(2.059060278503,2.342563541591,-4.695943941508
    ));
#791 = CARTESIAN_POINT('',(1.369884633635,2.768110550293,-4.642700316693
    ));
#792 = CARTESIAN_POINT('',(1.107042399702,2.892153392366,-4.623719388977
    ));
#793 = CARTESIAN_POINT('',(0.831082826503,2.986070050094,-4.604738466267
    ));
#794 = CARTESIAN_POINT('',(0.546283151651,3.048223900898,-4.585757532094
    ));
#795 = CARTESIAN_POINT('',(0.257150959771,3.077806559247,-4.566776568577
    ));
#796 = CARTESIAN_POINT('',(-0.314740185696,3.071933156972,
    -4.529180416028));
#797 = CARTESIAN_POINT('',(-0.597648392558,3.037719551553,
    -4.510565013588));
#798 = CARTESIAN_POINT('',(-0.87583684372,2.972267837657,-4.491949579098
    ));
#799 = CARTESIAN_POINT('',(-1.145066619641,2.876412176456,
    -4.473334225837));
#800 = CARTESIAN_POINT('',(-1.401323475599,2.751750113045,
    -4.454718950369));
#801 = CARTESIAN_POINT('',(-2.037133914811,2.35064232316,-4.405303555276
    ));
#802 = CARTESIAN_POINT('',(-2.388098501079,2.027694226434,-4.37446339759
    ));
#803 = CARTESIAN_POINT('',(-2.676238784309,1.643183331963,
    -4.343670983309));
#804 = CARTESIAN_POINT('',(-2.888772139257,1.212245695412,
    -4.312878333228));
#805 = CARTESIAN_POINT('',(-3.017985570752,0.753136250687,
    -4.282037766307));
#806 = CARTESIAN_POINT('',(-3.061615152828,0.286596678233,
    -4.251238000863));
#807 = CARTESIAN_POINT('',(-3.103233475003,-0.157683736038,
    -4.221907058468));
#808 = CARTESIAN_POINT('',(-3.067371621787,-0.609671703026,
    -4.19254419374));
#809 = CARTESIAN_POINT('',(-2.952586522091,-1.05150589367,
    -4.163218510036));
#810 = CARTESIAN_POINT('',(-2.762247921208,-1.466436847866,
    -4.133892633076));
#811 = CARTESIAN_POINT('',(-2.50433984715,-1.839353899756,
    -4.104529434753));
#812 = CARTESIAN_POINT('',(-2.191262077003,-2.157312103032,
    -4.075198756934));
#813 = CARTESIAN_POINT('',(-1.946411351471,-2.406032458567,
    -4.052253732028));
#814 = CARTESIAN_POINT('',(-1.667516793519,-2.621492501953,
    -4.029308699923));
#815 = CARTESIAN_POINT('',(-1.360599853444,-2.797703387833,
    -4.006363696524));
#816 = CARTESIAN_POINT('',(-1.032484556038,-2.930326188435,
    -3.983418706814));
#817 = CARTESIAN_POINT('',(-0.690797500587,-3.01667189356,
    -3.960473664858));
#818 = CARTESIAN_POINT('',(-0.151679812116,-3.077346732771,
    -3.924808943189));
#819 = CARTESIAN_POINT('',(4.225225612279E-02,-3.084471465002,
    -3.912089353332));
#820 = CARTESIAN_POINT('',(0.236437469327,-3.076921172067,
    -3.899369722426));
#821 = CARTESIAN_POINT('',(0.42949735457,-3.054714645135,-3.886650089446
    ));
#822 = CARTESIAN_POINT('',(0.620065840513,-3.018043901757,
    -3.873930494151));
#823 = CARTESIAN_POINT('',(1.062994090832,-2.897615490057,
    -3.843757874836));
#824 = CARTESIAN_POINT('',(1.31202357988,-2.801387985945,-3.82630486137)
  );
#825 = CARTESIAN_POINT('',(1.550345576152,-2.679569982533,
    -3.808851911018));
#826 = CARTESIAN_POINT('',(1.774735572774,-2.53367202676,-3.791398971687
    ));
#827 = CARTESIAN_POINT('',(1.982276704391,-2.365736903499,
    -3.773945964859));
#828 = CARTESIAN_POINT('',(2.456116081363,-1.893669215097,
    -3.729973003018));
#829 = CARTESIAN_POINT('',(2.697227585755,-1.563663465637,
    -3.703451443262));
#830 = CARTESIAN_POINT('',(2.884417201266,-1.197866897784,
    -3.676930071833));
#831 = CARTESIAN_POINT('',(3.011428927234,-0.807078862812,
    -3.650409821251));
#832 = CARTESIAN_POINT('',(3.07502782142,-0.403353552673,-3.623890591046
    ));
#833 = CARTESIAN_POINT('',(3.075,-4.884981308351E-15,-3.597371247754));
#834 = PCURVE('',#462,#835);
#835 = DEFINITIONAL_REPRESENTATION('',(#836),#886);
#836 = B_SPLINE_CURVE_WITH_KNOTS('',6,(#837,#838,#839,#840,#841,#842,
    #843,#844,#845,#846,#847,#848,#849,#850,#851,#852,#853,#854,#855,
    #856,#857,#858,#859,#860,#861,#862,#863,#864,#865,#866,#867,#868,
    #869,#870,#871,#872,#873,#874,#875,#876,#877,#878,#879,#880,#881,
    #882,#883,#884,#885),.UNSPECIFIED.,.F.,.F.,(7,5,5,5,6,6,5,5,5,7),(0.
    ,0.133921552848,0.208109156848,0.280867493025,0.40126091736,
    0.535182470208,0.669104023056,0.743352576087,0.845229390463,1.),
  .UNSPECIFIED.);
#837 = CARTESIAN_POINT('',(0.,11.801378102044));
#838 = CARTESIAN_POINT('',(0.169512413151,11.835640974254));
#839 = CARTESIAN_POINT('',(0.339359901922,11.869971828967));
#840 = CARTESIAN_POINT('',(0.508812920447,11.904223318938));
#841 = CARTESIAN_POINT('',(0.678266903462,11.938474851633));
#842 = CARTESIAN_POINT('',(0.848116398712,11.972806058492));
#843 = CARTESIAN_POINT('',(1.111533577725,12.026049683307));
#844 = CARTESIAN_POINT('',(1.205439904059,12.045030611023));
#845 = CARTESIAN_POINT('',(1.299346229674,12.064011533733));
#846 = CARTESIAN_POINT('',(1.393252509752,12.082992467906));
#847 = CARTESIAN_POINT('',(1.487158761829,12.101973431423));
#848 = CARTESIAN_POINT('',(1.6731612785,12.139569583972));
#849 = CARTESIAN_POINT('',(1.765258600847,12.158184986412));
#850 = CARTESIAN_POINT('',(1.857355988346,12.176800420902));
#851 = CARTESIAN_POINT('',(1.949452991178,12.195415774163));
#852 = CARTESIAN_POINT('',(2.041549754197,12.214031049631));
#853 = CARTESIAN_POINT('',(2.286027052665,12.263446444724));
#854 = CARTESIAN_POINT('',(2.438605986242,12.29428660241));
#855 = CARTESIAN_POINT('',(2.590949965645,12.325079016691));
#856 = CARTESIAN_POINT('',(2.743295321223,12.355871666772));
#857 = CARTESIAN_POINT('',(2.895876669318,12.386712233693));
#858 = CARTESIAN_POINT('',(3.048255015907,12.417511999137));
#859 = CARTESIAN_POINT('',(3.193366531545,12.446842941532));
#860 = CARTESIAN_POINT('',(3.338635002888,12.47620580626));
#861 = CARTESIAN_POINT('',(3.483718397884,12.505531489964));
#862 = CARTESIAN_POINT('',(3.628802917206,12.534857366924));
#863 = CARTESIAN_POINT('',(3.774073415876,12.564220565247));
#864 = CARTESIAN_POINT('',(3.919183824897,12.593551243066));
#865 = CARTESIAN_POINT('',(4.032701849181,12.616496267972));
#866 = CARTESIAN_POINT('',(4.146220612387,12.639441300077));
#867 = CARTESIAN_POINT('',(4.259739381878,12.662386303476));
#868 = CARTESIAN_POINT('',(4.373257859287,12.685331293186));
#869 = CARTESIAN_POINT('',(4.486776180515,12.708276335142));
#870 = CARTESIAN_POINT('',(4.663223229029,12.743941056811));
#871 = CARTESIAN_POINT('',(4.726151837453,12.756660646668));
#872 = CARTESIAN_POINT('',(4.789080631336,12.769380277574));
#873 = CARTESIAN_POINT('',(4.852009493467,12.782099910554));
#874 = CARTESIAN_POINT('',(4.914938299091,12.794819505849));
#875 = CARTESIAN_POINT('',(5.064214471322,12.824992125164));
#876 = CARTESIAN_POINT('',(5.150561987092,12.84244513863));
#877 = CARTESIAN_POINT('',(5.236909554401,12.859898088982));
#878 = CARTESIAN_POINT('',(5.323257175276,12.877351028313));
#879 = CARTESIAN_POINT('',(5.409604762594,12.894804035141));
#880 = CARTESIAN_POINT('',(5.627157594796,12.938776996982));
#881 = CARTESIAN_POINT('',(5.758363111191,12.965298556738));
#882 = CARTESIAN_POINT('',(5.889568617234,12.991819928167));
#883 = CARTESIAN_POINT('',(6.020774104509,13.018340178749));
#884 = CARTESIAN_POINT('',(6.151979628218,13.044859408954));
#885 = CARTESIAN_POINT('',(6.28318530718,13.071378752246));
#886 = ( GEOMETRIC_REPRESENTATION_CONTEXT(2) 
PARAMETRIC_REPRESENTATION_CONTEXT() REPRESENTATION_CONTEXT('2D SPACE',''
  ) );
#887 = PCURVE('',#573,#888);
#888 = DEFINITIONAL_REPRESENTATION('',(#889),#939);
#889 = B_SPLINE_CURVE_WITH_KNOTS('',6,(#890,#891,#892,#893,#894,#895,
    #896,#897,#898,#899,#900,#901,#902,#903,#904,#905,#906,#907,#908,
    #909,#910,#911,#912,#913,#914,#915,#916,#917,#918,#919,#920,#921,
    #922,#923,#924,#925,#926,#927,#928,#929,#930,#931,#932,#933,#934,
    #935,#936,#937,#938),.UNSPECIFIED.,.F.,.F.,(7,5,5,5,6,6,5,5,5,7),(0.
    ,0.133921552848,0.208109156848,0.280867493025,0.40126091736,
    0.535182470208,0.669104023056,0.743352576087,0.845229390463,1.),
  .UNSPECIFIED.);
#890 = CARTESIAN_POINT('',(6.410250927021,0.649830432006));
#891 = CARTESIAN_POINT('',(6.237310395259,0.649830195826));
#892 = CARTESIAN_POINT('',(6.064027987219,0.649830396946));
#893 = CARTESIAN_POINT('',(5.89114813486,0.649831279883));
#894 = CARTESIAN_POINT('',(5.718267563481,0.649831988315));
#895 = CARTESIAN_POINT('',(5.544983385585,0.649832192063));
#896 = CARTESIAN_POINT('',(5.276239189967,0.649832156474));
#897 = CARTESIAN_POINT('',(5.180433773931,0.649832056048));
#898 = CARTESIAN_POINT('',(5.084628301106,0.649831927177));
#899 = CARTESIAN_POINT('',(4.988822822391,0.649831816321));
#900 = CARTESIAN_POINT('',(4.893017341041,0.649831755897));
#901 = CARTESIAN_POINT('',(4.703252983876,0.649831766831));
#902 = CARTESIAN_POINT('',(4.609293021785,0.64983183503));
#903 = CARTESIAN_POINT('',(4.515333026032,0.64983194764));
#904 = CARTESIAN_POINT('',(4.421373474356,0.649832072065));
#905 = CARTESIAN_POINT('',(4.32741422261,0.649832164344));
#906 = CARTESIAN_POINT('',(4.07799293012,0.649832176157));
#907 = CARTESIAN_POINT('',(3.922328564173,0.649832014076));
#908 = CARTESIAN_POINT('',(3.766903934629,0.64983142017));
#909 = CARTESIAN_POINT('',(3.61147779593,0.649830715688));
#910 = CARTESIAN_POINT('',(3.455810736202,0.649830335833));
#911 = CARTESIAN_POINT('',(3.300350784198,0.649830359724));
#912 = CARTESIAN_POINT('',(3.152304623174,0.649830380928));
#913 = CARTESIAN_POINT('',(3.004098294865,0.649830734527));
#914 = CARTESIAN_POINT('',(2.856080886849,0.649831521891));
#915 = CARTESIAN_POINT('',(2.708062448949,0.649832290381));
#916 = CARTESIAN_POINT('',(2.55985430206,0.649832597258));
#917 = CARTESIAN_POINT('',(2.411809346987,0.649832573575));
#918 = CARTESIAN_POINT('',(2.295995669861,0.649832573138));
#919 = CARTESIAN_POINT('',(2.18018116696,0.649832299029));
#920 = CARTESIAN_POINT('',(2.06436653851,0.649831931168));
#921 = CARTESIAN_POINT('',(1.948552106083,0.649831607308));
#922 = CARTESIAN_POINT('',(1.832737812594,0.649831423031));
#923 = CARTESIAN_POINT('',(1.652722215297,0.649831425326));
#924 = CARTESIAN_POINT('',(1.588520937515,0.649831463688));
#925 = CARTESIAN_POINT('',(1.52431951989,0.649831525398));
#926 = CARTESIAN_POINT('',(1.460118089298,0.649831586242));
#927 = CARTESIAN_POINT('',(1.395916768557,0.649831619229));
#928 = CARTESIAN_POINT('',(1.243622085503,0.64983156873));
#929 = CARTESIAN_POINT('',(1.155528625151,0.649831432792));
#930 = CARTESIAN_POINT('',(1.06743510618,0.649831166098));
#931 = CARTESIAN_POINT('',(0.979341453524,0.649830833774));
#932 = CARTESIAN_POINT('',(0.891247706234,0.649830586749));
#933 = CARTESIAN_POINT('',(0.669295162725,0.64983003847));
#934 = CARTESIAN_POINT('',(0.535435506064,0.649832246878));
#935 = CARTESIAN_POINT('',(0.401576123443,0.649834220756));
#936 = CARTESIAN_POINT('',(0.267717398855,0.649834461514));
#937 = CARTESIAN_POINT('',(0.133859024343,0.649833038197));
#938 = CARTESIAN_POINT('',(0.,0.649831587482));
#939 = ( GEOMETRIC_REPRESENTATION_CONTEXT(2) 
PARAMETRIC_REPRESENTATION_CONTEXT() REPRESENTATION_CONTEXT('2D SPACE',''
  ) );
#940 = ADVANCED_FACE('',(#941),#573,.F.);
#941 = FACE_BOUND('',#942,.F.);
#942 = EDGE_LOOP('',(#943,#944,#1049,#1127,#1362,#1596));
#943 = ORIENTED_EDGE('',*,*,#501,.F.);
#944 = ORIENTED_EDGE('',*,*,#945,.T.);
#945 = EDGE_CURVE('',#475,#946,#948,.T.);
#946 = VERTEX_POINT('',#947);
#947 = CARTESIAN_POINT('',(2.250110802944,1.653354595531E-15,-7.77875));
#948 = SURFACE_CURVE('',#949,(#978,#985),.PCURVE_S1.);
#949 = B_SPLINE_CURVE_WITH_KNOTS('',14,(#950,#951,#952,#953,#954,#955,
    #956,#957,#958,#959,#960,#961,#962,#963,#964,#965,#966,#967,#968,
    #969,#970,#971,#972,#973,#974,#975,#976,#977),.UNSPECIFIED.,.F.,.F.,
  (15,13,15),(0.,9.615376467399,19.230752934797),.UNSPECIFIED.);
#950 = CARTESIAN_POINT('',(2.250110802944,1.376676550535E-14,-3.96875));
#951 = CARTESIAN_POINT('',(2.250110802943,-1.514771050349,
    -4.104821428571));
#952 = CARTESIAN_POINT('',(1.151796741377,-3.02956768124,-4.240892857144
    ));
#953 = CARTESIAN_POINT('',(-1.043340588114,-3.681546416915,
    -4.376964285709));
#954 = CARTESIAN_POINT('',(-3.604804934274,-2.610417242536,-4.5130357143
    ));
#955 = CARTESIAN_POINT('',(-5.022544493921,0.359954595996,
    -4.649107142828));
#956 = CARTESIAN_POINT('',(-3.897992832772,3.967342962531,
    -4.785178571476));
#957 = CARTESIAN_POINT('',(-2.690114797588E-11,5.855684350963,
    -4.92124999994));
#958 = CARTESIAN_POINT('',(3.897992832822,3.967342962529,-5.057321428631
    ));
#959 = CARTESIAN_POINT('',(5.022544493883,0.359954596,-5.193392857096));
#960 = CARTESIAN_POINT('',(3.604804934298,-2.610417242539,
    -5.329464285744));
#961 = CARTESIAN_POINT('',(1.043340588103,-3.681546416913,
    -5.465535714272));
#962 = CARTESIAN_POINT('',(-1.151796741373,-3.029567681241,
    -5.601607142862));
#963 = CARTESIAN_POINT('',(-2.250110802944,-1.514771050349,
    -5.737678571428));
#964 = CARTESIAN_POINT('',(-2.250110802944,1.514771050349,
    -6.009821428571));
#965 = CARTESIAN_POINT('',(-1.151796741372,3.02956768124,-6.145892857144
    ));
#966 = CARTESIAN_POINT('',(1.043340588102,3.681546416915,-6.281964285709
    ));
#967 = CARTESIAN_POINT('',(3.6048049343,2.610417242533,-6.418035714298)
  );
#968 = CARTESIAN_POINT('',(5.02254449388,-0.359954595989,-6.554107142836
    ));
#969 = CARTESIAN_POINT('',(3.897992832826,-3.967342962543,
    -6.690178571456));
#970 = CARTESIAN_POINT('',(-2.885520142497E-11,-5.855684350949,
    -6.826249999972));
#971 = CARTESIAN_POINT('',(-3.897992832774,-3.967342962543,
    -6.962321428594));
#972 = CARTESIAN_POINT('',(-5.022544493916,-0.359954595989,
    -7.098392857129));
#973 = CARTESIAN_POINT('',(-3.60480493428,2.610417242533,-7.234464285721
    ));
#974 = CARTESIAN_POINT('',(-1.04334058811,3.681546416916,-7.370535714283
    ));
#975 = CARTESIAN_POINT('',(1.151796741375,3.02956768124,-7.506607142858)
  );
#976 = CARTESIAN_POINT('',(2.250110802944,1.514771050349,-7.642678571428
    ));
#977 = CARTESIAN_POINT('',(2.250110802944,0.,-7.77875));
#978 = PCURVE('',#573,#979);
#979 = DEFINITIONAL_REPRESENTATION('',(#980),#984);
#980 = LINE('',#981,#982);
#981 = CARTESIAN_POINT('',(0.,0.));
#982 = VECTOR('',#983,1.);
#983 = DIRECTION('',(1.,0.));
#984 = ( GEOMETRIC_REPRESENTATION_CONTEXT(2) 
PARAMETRIC_REPRESENTATION_CONTEXT() REPRESENTATION_CONTEXT('2D SPACE',''
  ) );
#985 = PCURVE('',#986,#1043);
#986 = B_SPLINE_SURFACE_WITH_KNOTS('',14,1,(
    (#987,#988)
    ,(#989,#990)
    ,(#991,#992)
    ,(#993,#994)
    ,(#995,#996)
    ,(#997,#998)
    ,(#999,#1000)
    ,(#1001,#1002)
    ,(#1003,#1004)
    ,(#1005,#1006)
    ,(#1007,#1008)
    ,(#1009,#1010)
    ,(#1011,#1012)
    ,(#1013,#1014)
    ,(#1015,#1016)
    ,(#1017,#1018)
    ,(#1019,#1020)
    ,(#1021,#1022)
    ,(#1023,#1024)
    ,(#1025,#1026)
    ,(#1027,#1028)
    ,(#1029,#1030)
    ,(#1031,#1032)
    ,(#1033,#1034)
    ,(#1035,#1036)
    ,(#1037,#1038)
    ,(#1039,#1040)
    ,(#1041,#1042
    )),.UNSPECIFIED.,.F.,.F.,.F.,(15,13,15),(2,2),(0.,9.615376467399,
    19.230752934797),(0.,1.),.UNSPECIFIED.);
#987 = CARTESIAN_POINT('',(3.5195,-2.264854970235E-14,-4.54025));
#988 = CARTESIAN_POINT('',(2.250110802944,1.376676550535E-14,-3.96875));
#989 = CARTESIAN_POINT('',(3.519499999999,-2.369321859497,
    -4.676321428571));
#990 = CARTESIAN_POINT('',(2.250110802943,-1.514771050349,
    -4.104821428571));
#991 = CARTESIAN_POINT('',(1.801577338309,-4.738683730671,
    -4.812392857143));
#992 = CARTESIAN_POINT('',(1.151796741377,-3.02956768124,-4.240892857144
    ));
#993 = CARTESIAN_POINT('',(-1.631936167341,-5.758473137144,
    -4.948464285712));
#994 = CARTESIAN_POINT('',(-1.043340588114,-3.681546416915,
    -4.376964285709));
#995 = CARTESIAN_POINT('',(-5.638438315846,-4.083071586095,
    -5.084535714294));
#996 = CARTESIAN_POINT('',(-3.604804934274,-2.610417242536,-4.5130357143
    ));
#997 = CARTESIAN_POINT('',(-7.855988835377,0.563021251614,
    -5.220607142838));
#998 = CARTESIAN_POINT('',(-5.022544493921,0.359954595996,
    -4.649107142828));
#999 = CARTESIAN_POINT('',(-6.097026758453,6.205500430664,
    -5.356678571459));
#1000 = CARTESIAN_POINT('',(-3.897992832772,3.967342962531,
    -4.785178571476));
#1001 = CARTESIAN_POINT('',(4.565237077259E-12,9.159140539285,
    -5.492749999962));
#1002 = CARTESIAN_POINT('',(-2.690114797588E-11,5.855684350963,
    -4.92124999994));
#1003 = CARTESIAN_POINT('',(6.097026758445,6.205500430657,
    -5.628821428608));
#1004 = CARTESIAN_POINT('',(3.897992832822,3.967342962529,
    -5.057321428631));
#1005 = CARTESIAN_POINT('',(7.855988835382,0.563021251625,
    -5.764892857115));
#1006 = CARTESIAN_POINT('',(5.022544493883,0.359954596,-5.193392857096)
  );
#1007 = CARTESIAN_POINT('',(5.638438315843,-4.083071586104,
    -5.900964285731));
#1008 = CARTESIAN_POINT('',(3.604804934298,-2.610417242539,
    -5.329464285744));
#1009 = CARTESIAN_POINT('',(1.631936167342,-5.758473137138,
    -6.037035714279));
#1010 = CARTESIAN_POINT('',(1.043340588103,-3.681546416913,
    -5.465535714272));
#1011 = CARTESIAN_POINT('',(-1.80157733831,-4.738683730673,
    -6.173107142859));
#1012 = CARTESIAN_POINT('',(-1.151796741373,-3.029567681241,
    -5.601607142862));
#1013 = CARTESIAN_POINT('',(-3.519499999999,-2.369321859496,
    -6.309178571429));
#1014 = CARTESIAN_POINT('',(-2.250110802944,-1.514771050349,
    -5.737678571428));
#1015 = CARTESIAN_POINT('',(-3.519500000001,2.369321859496,
    -6.58132142857));
#1016 = CARTESIAN_POINT('',(-2.250110802944,1.514771050349,
    -6.009821428571));
#1017 = CARTESIAN_POINT('',(-1.801577338304,4.738683730673,
    -6.717392857151));
#1018 = CARTESIAN_POINT('',(-1.151796741372,3.02956768124,
    -6.145892857144));
#1019 = CARTESIAN_POINT('',(1.631936167327,5.758473137139,
    -6.853464285689));
#1020 = CARTESIAN_POINT('',(1.043340588102,3.681546416915,
    -6.281964285709));
#1021 = CARTESIAN_POINT('',(5.638438315874,4.083071586103,
    -6.989535714341));
#1022 = CARTESIAN_POINT('',(3.6048049343,2.610417242533,-6.418035714298)
  );
#1023 = CARTESIAN_POINT('',(7.855988835332,-0.563021251624,
    -7.125607142764));
#1024 = CARTESIAN_POINT('',(5.02254449388,-0.359954595989,
    -6.554107142836));
#1025 = CARTESIAN_POINT('',(6.097026758508,-6.205500430655,
    -7.261678571554));
#1026 = CARTESIAN_POINT('',(3.897992832826,-3.967342962543,
    -6.690178571456));
#1027 = CARTESIAN_POINT('',(-5.68041222525E-11,-9.159140539291,
    -7.397749999864));
#1028 = CARTESIAN_POINT('',(-2.885520142497E-11,-5.855684350949,
    -6.826249999972));
#1029 = CARTESIAN_POINT('',(-6.097026758406,-6.205500430655,
    -7.533821428693));
#1030 = CARTESIAN_POINT('',(-3.897992832774,-3.967342962543,
    -6.962321428594));
#1031 = CARTESIAN_POINT('',(-7.855988835404,-0.563021251624,
    -7.669892857055));
#1032 = CARTESIAN_POINT('',(-5.022544493916,-0.359954595989,
    -7.098392857129));
#1033 = CARTESIAN_POINT('',(-5.638438315834,4.083071586103,
    -7.805964285767));
#1034 = CARTESIAN_POINT('',(-3.60480493428,2.610417242533,
    -7.234464285721));
#1035 = CARTESIAN_POINT('',(-1.631936167344,5.75847313714,
    -7.942035714261));
#1036 = CARTESIAN_POINT('',(-1.04334058811,3.681546416916,
    -7.370535714283));
#1037 = CARTESIAN_POINT('',(1.80157733831,4.738683730673,-8.078107142866
    ));
#1038 = CARTESIAN_POINT('',(1.151796741375,3.02956768124,-7.506607142858
    ));
#1039 = CARTESIAN_POINT('',(3.519499999999,2.369321859496,
    -8.214178571427));
#1040 = CARTESIAN_POINT('',(2.250110802944,1.514771050349,
    -7.642678571428));
#1041 = CARTESIAN_POINT('',(3.5195,8.881784197001E-15,-8.35025));
#1042 = CARTESIAN_POINT('',(2.250110802944,0.,-7.77875));
#1043 = DEFINITIONAL_REPRESENTATION('',(#1044),#1048);
#1044 = LINE('',#1045,#1046);
#1045 = CARTESIAN_POINT('',(0.,1.));
#1046 = VECTOR('',#1047,1.);
#1047 = DIRECTION('',(1.,0.));
#1048 = ( GEOMETRIC_REPRESENTATION_CONTEXT(2) 
PARAMETRIC_REPRESENTATION_CONTEXT() REPRESENTATION_CONTEXT('2D SPACE',''
  ) );
#1049 = ORIENTED_EDGE('',*,*,#1050,.T.);
#1050 = EDGE_CURVE('',#946,#1051,#1053,.T.);
#1051 = VERTEX_POINT('',#1052);
#1052 = CARTESIAN_POINT('',(3.075,7.531577814756E-16,-7.407371247754));
#1053 = SURFACE_CURVE('',#1054,(#1058,#1064),.PCURVE_S1.);
#1054 = LINE('',#1055,#1056);
#1055 = CARTESIAN_POINT('',(2.250110802944,1.653354595531E-15,-7.77875)
  );
#1056 = VECTOR('',#1057,1.);
#1057 = DIRECTION('',(0.911847603309,6.700147492218E-16,0.410528864197)
  );
#1058 = PCURVE('',#573,#1059);
#1059 = DEFINITIONAL_REPRESENTATION('',(#1060),#1063);
#1060 = B_SPLINE_CURVE_WITH_KNOTS('',1,(#1061,#1062),.UNSPECIFIED.,.F.,
  .F.,(2,2),(0.,1.392106742891),.PIECEWISE_BEZIER_KNOTS.);
#1061 = CARTESIAN_POINT('',(19.230752934797,0.));
#1062 = CARTESIAN_POINT('',(19.230752934797,1.));
#1063 = ( GEOMETRIC_REPRESENTATION_CONTEXT(2) 
PARAMETRIC_REPRESENTATION_CONTEXT() REPRESENTATION_CONTEXT('2D SPACE',''
  ) );
#1064 = PCURVE('',#1065,#1122);
#1065 = B_SPLINE_SURFACE_WITH_KNOTS('',14,1,(
    (#1066,#1067)
    ,(#1068,#1069)
    ,(#1070,#1071)
    ,(#1072,#1073)
    ,(#1074,#1075)
    ,(#1076,#1077)
    ,(#1078,#1079)
    ,(#1080,#1081)
    ,(#1082,#1083)
    ,(#1084,#1085)
    ,(#1086,#1087)
    ,(#1088,#1089)
    ,(#1090,#1091)
    ,(#1092,#1093)
    ,(#1094,#1095)
    ,(#1096,#1097)
    ,(#1098,#1099)
    ,(#1100,#1101)
    ,(#1102,#1103)
    ,(#1104,#1105)
    ,(#1106,#1107)
    ,(#1108,#1109)
    ,(#1110,#1111)
    ,(#1112,#1113)
    ,(#1114,#1115)
    ,(#1116,#1117)
    ,(#1118,#1119)
    ,(#1120,#1121
    )),.UNSPECIFIED.,.F.,.F.,.F.,(15,13,15),(2,2),(0.,9.615376467399,
    19.230752934797),(0.,1.),.UNSPECIFIED.);
#1066 = CARTESIAN_POINT('',(2.250110802944,-3.552713678801E-15,-7.77875)
  );
#1067 = CARTESIAN_POINT('',(3.5195,3.552713678801E-15,-7.20725));
#1068 = CARTESIAN_POINT('',(2.250110802943,-1.514771050349,
    -7.91482142857));
#1069 = CARTESIAN_POINT('',(3.519499999999,-2.369321859496,
    -7.34332142857));
#1070 = CARTESIAN_POINT('',(1.151796741378,-3.029567681241,
    -8.050892857148));
#1071 = CARTESIAN_POINT('',(1.801577338311,-4.738683730676,
    -7.479392857149));
#1072 = CARTESIAN_POINT('',(-1.043340588117,-3.681546416912,
    -8.186964285697));
#1073 = CARTESIAN_POINT('',(-1.631936167346,-5.758473137131,
    -7.615464285694));
#1074 = CARTESIAN_POINT('',(-3.604804934269,-2.610417242541,
    -8.323035714328));
#1075 = CARTESIAN_POINT('',(-5.638438315835,-4.083071586122,
    -7.751535714335));
#1076 = CARTESIAN_POINT('',(-5.02254449393,0.359954596004,
    -8.459107142779));
#1077 = CARTESIAN_POINT('',(-7.855988835396,0.563021251658,
    -7.887607142764));
#1078 = CARTESIAN_POINT('',(-3.897992832761,3.967342962522,
    -8.595178571544));
#1079 = CARTESIAN_POINT('',(-6.097026758426,6.205500430607,
    -8.023678571569));
#1080 = CARTESIAN_POINT('',(-3.934630399272E-11,5.855684350973,
    -8.731249999863));
#1081 = CARTESIAN_POINT('',(-2.776801011351E-11,9.159140539347,
    -8.159749999831));
#1082 = CARTESIAN_POINT('',(3.897992832833,3.96734296252,-8.867321428701
    ));
#1083 = CARTESIAN_POINT('',(6.097026758477,6.205500430602,
    -8.295821428734));
#1084 = CARTESIAN_POINT('',(5.022544493875,0.359954596006,
    -9.003392857044));
#1085 = CARTESIAN_POINT('',(7.855988835357,0.563021251666,
    -8.431892857018));
#1086 = CARTESIAN_POINT('',(3.604804934303,-2.610417242543,
    -9.139464285774));
#1087 = CARTESIAN_POINT('',(5.638438315859,-4.083071586129,
    -8.567964285789));
#1088 = CARTESIAN_POINT('',(1.0433405881,-3.681546416911,-9.275535714258
    ));
#1089 = CARTESIAN_POINT('',(1.631936167334,-5.758473137127,
    -8.704035714252));
#1090 = CARTESIAN_POINT('',(-1.151796741372,-3.029567681241,
    -9.411607142866));
#1091 = CARTESIAN_POINT('',(-1.801577338307,-4.738683730677,
    -8.840107142867));
#1092 = CARTESIAN_POINT('',(-2.250110802944,-1.514771050349,
    -9.547678571428));
#1093 = CARTESIAN_POINT('',(-3.5195,-2.369321859496,-8.976178571428));
#1094 = CARTESIAN_POINT('',(-2.250110802944,1.514771050349,
    -9.819821428571));
#1095 = CARTESIAN_POINT('',(-3.519500000001,2.369321859496,
    -9.248321428569));
#1096 = CARTESIAN_POINT('',(-1.151796741371,3.02956768124,
    -9.955892857149));
#1097 = CARTESIAN_POINT('',(-1.801577338302,4.738683730672,
    -9.384392857164));
#1098 = CARTESIAN_POINT('',(1.043340588099,3.681546416916,
    -10.09196428569));
#1099 = CARTESIAN_POINT('',(1.63193616732,5.758473137144,-9.520464285648
    ));
#1100 = CARTESIAN_POINT('',(3.604804934306,2.610417242533,
    -10.22803571433));
#1101 = CARTESIAN_POINT('',(5.63843831589,4.083071586093,-9.656535714432
    ));
#1102 = CARTESIAN_POINT('',(5.02254449387,-0.35995459599,-10.36410714277
    ));
#1103 = CARTESIAN_POINT('',(7.855988835305,-0.563021251608,
    -9.792607142612));
#1104 = CARTESIAN_POINT('',(3.897992832838,-3.967342962539,
    -10.50017857153));
#1105 = CARTESIAN_POINT('',(6.097026758545,-6.205500430676,
    -9.928678571758));
#1106 = CARTESIAN_POINT('',(-4.15887950905E-11,-5.855684350955,
    -10.63624999988));
#1107 = CARTESIAN_POINT('',(-9.941336119399E-11,-9.15914053927,
    -10.06474999964));
#1108 = CARTESIAN_POINT('',(-3.897992832764,-3.967342962536,
    -10.77232142866));
#1109 = CARTESIAN_POINT('',(-6.097026758366,-6.205500430673,
    -10.20082142889));
#1110 = CARTESIAN_POINT('',(-5.022544493923,-0.359954595994,
    -10.90839285707));
#1111 = CARTESIAN_POINT('',(-7.855988835435,-0.563021251612,
    -10.3368928569));
#1112 = CARTESIAN_POINT('',(-3.604804934276,2.610417242536,
    -11.04446428575));
#1113 = CARTESIAN_POINT('',(-5.638438315814,4.083071586096,
    -10.47296428585));
#1114 = CARTESIAN_POINT('',(-1.043340588112,3.681546416915,
    -11.18053571426));
#1115 = CARTESIAN_POINT('',(-1.631936167354,5.758473137142,
    -10.60903571422));
#1116 = CARTESIAN_POINT('',(1.151796741375,3.02956768124,-11.31660714286
    ));
#1117 = CARTESIAN_POINT('',(1.801577338314,4.738683730672,
    -10.74510714288));
#1118 = CARTESIAN_POINT('',(2.250110802944,1.514771050349,
    -11.45267857142));
#1119 = CARTESIAN_POINT('',(3.519499999999,2.369321859497,
    -10.88117857142));
#1120 = CARTESIAN_POINT('',(2.250110802944,-1.33226762955E-15,-11.58875)
  );
#1121 = CARTESIAN_POINT('',(3.5195,-1.33226762955E-14,-11.01725));
#1122 = DEFINITIONAL_REPRESENTATION('',(#1123),#1126);
#1123 = B_SPLINE_CURVE_WITH_KNOTS('',1,(#1124,#1125),.UNSPECIFIED.,.F.,
  .F.,(2,2),(0.,0.904634934678),.PIECEWISE_BEZIER_KNOTS.);
#1124 = CARTESIAN_POINT('',(0.,0.));
#1125 = CARTESIAN_POINT('',(0.,0.649831587482));
#1126 = ( GEOMETRIC_REPRESENTATION_CONTEXT(2) 
PARAMETRIC_REPRESENTATION_CONTEXT() REPRESENTATION_CONTEXT('2D SPACE',''
  ) );
#1127 = ORIENTED_EDGE('',*,*,#1128,.T.);
#1128 = EDGE_CURVE('',#1051,#1129,#1131,.T.);
#1129 = VERTEX_POINT('',#1130);
#1130 = CARTESIAN_POINT('',(3.075,-7.531577814756E-16,-6.137371918261));
#1131 = SURFACE_CURVE('',#1132,(#1205,#1281),.PCURVE_S1.);
#1132 = B_SPLINE_CURVE_WITH_KNOTS('',8,(#1133,#1134,#1135,#1136,#1137,
    #1138,#1139,#1140,#1141,#1142,#1143,#1144,#1145,#1146,#1147,#1148,
    #1149,#1150,#1151,#1152,#1153,#1154,#1155,#1156,#1157,#1158,#1159,
    #1160,#1161,#1162,#1163,#1164,#1165,#1166,#1167,#1168,#1169,#1170,
    #1171,#1172,#1173,#1174,#1175,#1176,#1177,#1178,#1179,#1180,#1181,
    #1182,#1183,#1184,#1185,#1186,#1187,#1188,#1189,#1190,#1191,#1192,
    #1193,#1194,#1195,#1196,#1197,#1198,#1199,#1200,#1201,#1202,#1203,
    #1204),.UNSPECIFIED.,.F.,.F.,(9,7,7,7,7,7,7,7,7,7,9),(0.,
    5.299499776812E-02,0.131552504313,0.21866444509,0.277246157188,
    0.37625778278,0.520652996361,0.660432285931,0.754001314306,
    0.842383478971,1.),.UNSPECIFIED.);
#1133 = CARTESIAN_POINT('',(3.075,1.866506949E-12,-7.407371247754));
#1134 = CARTESIAN_POINT('',(3.075,0.127962326479,-7.398959991584));
#1135 = CARTESIAN_POINT('',(3.068914121497,0.255926960206,
    -7.390548269851));
#1136 = CARTESIAN_POINT('',(3.05674252671,0.38355305499,-7.382136551827)
  );
#1137 = CARTESIAN_POINT('',(3.03850773778,0.510502648477,-7.373724990439
    ));
#1138 = CARTESIAN_POINT('',(3.014254561416,0.636441089792,
    -7.365313552907));
#1139 = CARTESIAN_POINT('',(2.98405001353,0.761037467166,-7.356902151392
    ));
#1140 = CARTESIAN_POINT('',(2.947983243882,0.883965035583,
    -7.348490773631));
#1141 = CARTESIAN_POINT('',(2.844176576614,1.184172874514,
    -7.327611271509));
#1142 = CARTESIAN_POINT('',(2.7695439922,1.359089129163,-7.315142036188)
  );
#1143 = CARTESIAN_POINT('',(2.682631425405,1.528586994234,
    -7.302673321517));
#1144 = CARTESIAN_POINT('',(2.583905865567,1.69166343015,-7.290205144875
    ));
#1145 = CARTESIAN_POINT('',(2.473925623289,1.847371547612,
    -7.277736866584));
#1146 = CARTESIAN_POINT('',(2.353335258297,1.99482088668,-7.265267900736
    ));
#1147 = CARTESIAN_POINT('',(2.222867385314,2.133182199206,
    -7.252798397393));
#1148 = CARTESIAN_POINT('',(1.928642884524,2.404205720566,
    -7.226503651027));
#1149 = CARTESIAN_POINT('',(1.76277318366,2.534639051267,-7.212675544805
    ));
#1150 = CARTESIAN_POINT('',(1.586870556541,2.651947605379,
    -7.198848162413));
#1151 = CARTESIAN_POINT('',(1.40215639236,2.755241978526,-7.18502176164)
  );
#1152 = CARTESIAN_POINT('',(1.20992996192,2.843774558588,-7.171195408208
    ));
#1153 = CARTESIAN_POINT('',(1.011560250677,2.916935095278,-7.15736813308
    ));
#1154 = CARTESIAN_POINT('',(0.808484831207,2.974259763965,-7.14354011197
    ));
#1155 = CARTESIAN_POINT('',(0.463502363925,3.043156156668,
    -7.120415886934));
#1156 = CARTESIAN_POINT('',(0.323328887686,3.063566513019,
    -7.111117668393));
#1157 = CARTESIAN_POINT('',(0.182147778883,3.076594752899,
    -7.101819550332));
#1158 = CARTESIAN_POINT('',(4.041337584319E-02,3.082184461,
    -7.092521557294));
#1159 = CARTESIAN_POINT('',(-0.101418816036,3.08031285201,
    -7.083223556895));
#1160 = CARTESIAN_POINT('',(-0.242892863052,3.070990775977,
    -7.073925417224));
#1161 = CARTESIAN_POINT('',(-0.383553141954,3.054262723679,
    -7.064627164228));
#1162 = CARTESIAN_POINT('',(-0.758537753598,2.989548871416,
    -7.039614122463));
#1163 = CARTESIAN_POINT('',(-0.990568002524,2.927948470902,
    -7.023895784364));
#1164 = CARTESIAN_POINT('',(-1.216786953048,2.845778851886,
    -7.008178871032));
#1165 = CARTESIAN_POINT('',(-1.435074031767,2.74370372315,
    -6.992463765068));
#1166 = CARTESIAN_POINT('',(-1.643423829586,2.622629578727,
    -6.976748666124));
#1167 = CARTESIAN_POINT('',(-1.839947910886,2.483686562346,
    -6.961031773019));
#1168 = CARTESIAN_POINT('',(-2.02289156659,2.328237898428,
    -6.945313467288));
#1169 = CARTESIAN_POINT('',(-2.435341370228,1.909528936313,
    -6.906680317491));
#1170 = CARTESIAN_POINT('',(-2.648062201361,1.629198475508,
    -6.883740563116));
#1171 = CARTESIAN_POINT('',(-2.823562460269,1.32205997078,
    -6.860813257213));
#1172 = CARTESIAN_POINT('',(-2.958105951172,0.993988977079,
    -6.837894475329));
#1173 = CARTESIAN_POINT('',(-3.04897229272,0.651241437753,-6.81497565386
    ));
#1174 = CARTESIAN_POINT('',(-3.094552481626,0.300446414462,
    -6.792048284209));
#1175 = CARTESIAN_POINT('',(-3.09427530695,-5.145718909283E-02,
    -6.769108401841));
#1176 = CARTESIAN_POINT('',(-3.005643364129,-0.731879540483,
    -6.724004777649));
#1177 = CARTESIAN_POINT('',(-2.920027744974,-1.061375582497,
    -6.701800663474));
#1178 = CARTESIAN_POINT('',(-2.793128186943,-1.379084000979,
    -6.679606805922));
#1179 = CARTESIAN_POINT('',(-2.627002691671,-1.679040272099,
    -6.657420270825));
#1180 = CARTESIAN_POINT('',(-2.424540047212,-1.955771717798,
    -6.635233786145));
#1181 = CARTESIAN_POINT('',(-2.18949398555,-2.204358511008,
    -6.613040045871));
#1182 = CARTESIAN_POINT('',(-1.926412896057,-2.420428333082,
    -6.590836016794));
#1183 = CARTESIAN_POINT('',(-1.449903959127,-2.721111763825,
    -6.553799454239));
#1184 = CARTESIAN_POINT('',(-1.248673847912,-2.825657482207,
    -6.538945866817));
#1185 = CARTESIAN_POINT('',(-1.038901761637,-2.913147387406,
    -6.524093376726));
#1186 = CARTESIAN_POINT('',(-0.822284473217,-2.982785713537,
    -6.509242265786));
#1187 = CARTESIAN_POINT('',(-0.600583107501,-3.033981639442,
    -6.494391146914));
#1188 = CARTESIAN_POINT('',(-0.3756125892,-3.066340142343,
    -6.479538626247));
#1189 = CARTESIAN_POINT('',(-0.14923745967,-3.079675169905,
    -6.464684976114));
#1190 = CARTESIAN_POINT('',(0.289968923943,-3.068727184613,
    -6.435805913945));
#1191 = CARTESIAN_POINT('',(0.50291961772,-3.046486938555,
    -6.421776086493));
#1192 = CARTESIAN_POINT('',(0.713868077851,-3.007356809554,
    -6.407747068923));
#1193 = CARTESIAN_POINT('',(0.921252001836,-2.951559746097,
    -6.393719089167));
#1194 = CARTESIAN_POINT('',(1.123554797252,-2.879483815841,
    -6.379691119708));
#1195 = CARTESIAN_POINT('',(1.319308528357,-2.791672570368,
    -6.365662127035));
#1196 = CARTESIAN_POINT('',(1.507101737637,-2.688831187018,
    -6.351632321454));
#1197 = CARTESIAN_POINT('',(2.003903384469,-2.363226864401,
    -6.312587696687));
#1198 = CARTESIAN_POINT('',(2.293139653684,-2.109295695839,
    -6.287537017445));
#1199 = CARTESIAN_POINT('',(2.545035568174,-1.815168109136,
    -6.262506437437));
#1200 = CARTESIAN_POINT('',(2.753383808357,-1.48747796299,
    -6.237488171047));
#1201 = CARTESIAN_POINT('',(2.913245771747,-1.13359475776,
    -6.212469949658));
#1202 = CARTESIAN_POINT('',(3.021165110565,-0.761689732695,
    -6.18743952969));
#1203 = CARTESIAN_POINT('',(3.074999999995,-0.380589939245,
    -6.162389071745));
#1204 = CARTESIAN_POINT('',(3.075,-8.881784197001E-16,-6.137371918261));
#1205 = PCURVE('',#573,#1206);
#1206 = DEFINITIONAL_REPRESENTATION('',(#1207),#1280);
#1207 = B_SPLINE_CURVE_WITH_KNOTS('',8,(#1208,#1209,#1210,#1211,#1212,
    #1213,#1214,#1215,#1216,#1217,#1218,#1219,#1220,#1221,#1222,#1223,
    #1224,#1225,#1226,#1227,#1228,#1229,#1230,#1231,#1232,#1233,#1234,
    #1235,#1236,#1237,#1238,#1239,#1240,#1241,#1242,#1243,#1244,#1245,
    #1246,#1247,#1248,#1249,#1250,#1251,#1252,#1253,#1254,#1255,#1256,
    #1257,#1258,#1259,#1260,#1261,#1262,#1263,#1264,#1265,#1266,#1267,
    #1268,#1269,#1270,#1271,#1272,#1273,#1274,#1275,#1276,#1277,#1278,
    #1279),.UNSPECIFIED.,.F.,.F.,(9,7,7,7,7,7,7,7,7,7,9),(0.,
    5.299499776812E-02,0.131552504313,0.21866444509,0.277246157188,
    0.37625778278,0.520652996361,0.660432285931,0.754001314306,
    0.842383478971,1.),.UNSPECIFIED.);
#1208 = CARTESIAN_POINT('',(19.230752934797,0.649831587483));
#1209 = CARTESIAN_POINT('',(19.18829760953,0.649831587483));
#1210 = CARTESIAN_POINT('',(19.145841563819,0.649832152363));
#1211 = CARTESIAN_POINT('',(19.103385848952,0.649832825445));
#1212 = CARTESIAN_POINT('',(19.060930538875,0.649833364777));
#1213 = CARTESIAN_POINT('',(19.018475219352,0.649833684112));
#1214 = CARTESIAN_POINT('',(18.976019477115,0.649833793886));
#1215 = CARTESIAN_POINT('',(18.933563389016,0.649833742196));
#1216 = CARTESIAN_POINT('',(18.828173984159,0.649833279446));
#1217 = CARTESIAN_POINT('',(18.765234625007,0.649832717626));
#1218 = CARTESIAN_POINT('',(18.702297544776,0.649832034808));
#1219 = CARTESIAN_POINT('',(18.639363357475,0.649831413439));
#1220 = CARTESIAN_POINT('',(18.576429169669,0.64983096976));
#1221 = CARTESIAN_POINT('',(18.513492085119,0.649830724949));
#1222 = CARTESIAN_POINT('',(18.450552724467,0.649830631588));
#1223 = CARTESIAN_POINT('',(18.317831669834,0.649830681876));
#1224 = CARTESIAN_POINT('',(18.248035593858,0.649830849736));
#1225 = CARTESIAN_POINT('',(18.178243394972,0.649831095111));
#1226 = CARTESIAN_POINT('',(18.108456130632,0.649831333512));
#1227 = CARTESIAN_POINT('',(18.038668911687,0.649831504811));
#1228 = CARTESIAN_POINT('',(17.968876798462,0.649831592194));
#1229 = CARTESIAN_POINT('',(17.899080734043,0.649831615134));
#1230 = CARTESIAN_POINT('',(17.782362465459,0.649831583757));
#1231 = CARTESIAN_POINT('',(17.735430158785,0.649831552372));
#1232 = CARTESIAN_POINT('',(17.688498329202,0.649831510561));
#1233 = CARTESIAN_POINT('',(17.641567128684,0.649831468064));
#1234 = CARTESIAN_POINT('',(17.594635916892,0.649831434536));
#1235 = CARTESIAN_POINT('',(17.547704051342,0.649831418071));
#1236 = CARTESIAN_POINT('',(17.500771677577,0.649831423715));
#1237 = CARTESIAN_POINT('',(17.374520026602,0.649831499792));
#1238 = CARTESIAN_POINT('',(17.2951829555,0.649831612221));
#1239 = CARTESIAN_POINT('',(17.215853287664,0.649831798085));
#1240 = CARTESIAN_POINT('',(17.136532878843,0.649832031248));
#1241 = CARTESIAN_POINT('',(17.057212511256,0.64983226642));
#1242 = CARTESIAN_POINT('',(16.977882953013,0.649832454884));
#1243 = CARTESIAN_POINT('',(16.898546024611,0.649832560146));
#1244 = CARTESIAN_POINT('',(16.70354754764,0.649832593044));
#1245 = CARTESIAN_POINT('',(16.587759963369,0.649832415862));
#1246 = CARTESIAN_POINT('',(16.472034544372,0.649832007223));
#1247 = CARTESIAN_POINT('',(16.356351648913,0.64983142492));
#1248 = CARTESIAN_POINT('',(16.240668609624,0.649830862022));
#1249 = CARTESIAN_POINT('',(16.124942943008,0.649830479086));
#1250 = CARTESIAN_POINT('',(16.009154772256,0.649830322551));
#1251 = CARTESIAN_POINT('',(15.781497093652,0.649830404243));
#1252 = CARTESIAN_POINT('',(15.669423772851,0.649830630038));
#1253 = CARTESIAN_POINT('',(15.557402683695,0.649831015973));
#1254 = CARTESIAN_POINT('',(15.445418749415,0.649831469581));
#1255 = CARTESIAN_POINT('',(15.33343486246,0.649831851377));
#1256 = CARTESIAN_POINT('',(15.221413931078,0.649832086795));
#1257 = CARTESIAN_POINT('',(15.109340654132,0.649832178891));
#1258 = CARTESIAN_POINT('',(14.922400716441,0.649832162646));
#1259 = CARTESIAN_POINT('',(14.847427949675,0.649832110647));
#1260 = CARTESIAN_POINT('',(14.772460624301,0.649832024912));
#1261 = CARTESIAN_POINT('',(14.697500224571,0.649831926855));
#1262 = CARTESIAN_POINT('',(14.622539814513,0.649831839099));
#1263 = CARTESIAN_POINT('',(14.547572409365,0.649831779208));
#1264 = CARTESIAN_POINT('',(14.472599407984,0.649831755609));
#1265 = CARTESIAN_POINT('',(14.326834081472,0.649831775221));
#1266 = CARTESIAN_POINT('',(14.256019459364,0.649831814822));
#1267 = CARTESIAN_POINT('',(14.185209008087,0.649831883193));
#1268 = CARTESIAN_POINT('',(14.114403849195,0.649831970315));
#1269 = CARTESIAN_POINT('',(14.043598749346,0.649832059886));
#1270 = CARTESIAN_POINT('',(13.972788437181,0.649832132918));
#1271 = CARTESIAN_POINT('',(13.901973925345,0.649832172477));
#1272 = CARTESIAN_POINT('',(13.704898434217,0.649832164391));
#1273 = CARTESIAN_POINT('',(13.578456184983,0.649832022456));
#1274 = CARTESIAN_POINT('',(13.452114840984,0.649831699086));
#1275 = CARTESIAN_POINT('',(13.325835133994,0.649831177605));
#1276 = CARTESIAN_POINT('',(13.199555579338,0.649830660661));
#1277 = CARTESIAN_POINT('',(13.073215027082,0.649830312793));
#1278 = CARTESIAN_POINT('',(12.946774126755,0.649830257479));
#1279 = CARTESIAN_POINT('',(12.820502007802,0.649830432593));
#1280 = ( GEOMETRIC_REPRESENTATION_CONTEXT(2) 
PARAMETRIC_REPRESENTATION_CONTEXT() REPRESENTATION_CONTEXT('2D SPACE',''
  ) );
#1281 = PCURVE('',#1282,#1287);
#1282 = CYLINDRICAL_SURFACE('',#1283,3.075);
#1283 = AXIS2_PLACEMENT_3D('',#1284,#1285,#1286);
#1284 = CARTESIAN_POINT('',(0.,0.,-16.66875));
#1285 = DIRECTION('',(0.,0.,1.));
#1286 = DIRECTION('',(1.,0.,-0.));
#1287 = DEFINITIONAL_REPRESENTATION('',(#1288),#1361);
#1288 = B_SPLINE_CURVE_WITH_KNOTS('',8,(#1289,#1290,#1291,#1292,#1293,
    #1294,#1295,#1296,#1297,#1298,#1299,#1300,#1301,#1302,#1303,#1304,
    #1305,#1306,#1307,#1308,#1309,#1310,#1311,#1312,#1313,#1314,#1315,
    #1316,#1317,#1318,#1319,#1320,#1321,#1322,#1323,#1324,#1325,#1326,
    #1327,#1328,#1329,#1330,#1331,#1332,#1333,#1334,#1335,#1336,#1337,
    #1338,#1339,#1340,#1341,#1342,#1343,#1344,#1345,#1346,#1347,#1348,
    #1349,#1350,#1351,#1352,#1353,#1354,#1355,#1356,#1357,#1358,#1359,
    #1360),.UNSPECIFIED.,.F.,.F.,(9,7,7,7,7,7,7,7,7,7,9),(0.,
    5.299499776812E-02,0.131552504313,0.21866444509,0.277246157188,
    0.37625778278,0.520652996361,0.660432285931,0.754001314306,
    0.842383478971,1.),.UNSPECIFIED.);
#1289 = CARTESIAN_POINT('',(0.,9.261378752246));
#1290 = CARTESIAN_POINT('',(4.161376470797E-02,9.269790008416));
#1291 = CARTESIAN_POINT('',(8.322828422365E-02,9.278201730149));
#1292 = CARTESIAN_POINT('',(0.124842516437,9.286613448173));
#1293 = CARTESIAN_POINT('',(0.166456367654,9.295025009561));
#1294 = CARTESIAN_POINT('',(0.208070219697,9.303436447093));
#1295 = CARTESIAN_POINT('',(0.249684457002,9.311847848608));
#1296 = CARTESIAN_POINT('',(0.291298993716,9.320259226369));
#1297 = CARTESIAN_POINT('',(0.39459931952,9.341138728491));
#1298 = CARTESIAN_POINT('',(0.456290987205,9.353607963812));
#1299 = CARTESIAN_POINT('',(0.517980342527,9.366076678483));
#1300 = CARTESIAN_POINT('',(0.579666822886,9.378544855125));
#1301 = CARTESIAN_POINT('',(0.641353312406,9.391013133416));
#1302 = CARTESIAN_POINT('',(0.703042686811,9.403482099264));
#1303 = CARTESIAN_POINT('',(0.76473435516,9.415951602607));
#1304 = CARTESIAN_POINT('',(0.894824519898,9.442246348973));
#1305 = CARTESIAN_POINT('',(0.963237127715,9.456074455195));
#1306 = CARTESIAN_POINT('',(1.03164601795,9.469901837587));
#1307 = CARTESIAN_POINT('',(1.100050129709,9.48372823836));
#1308 = CARTESIAN_POINT('',(1.168454218848,9.497554591792));
#1309 = CARTESIAN_POINT('',(1.236863091538,9.51138186692));
#1310 = CARTESIAN_POINT('',(1.305275797696,9.52520988803));
#1311 = CARTESIAN_POINT('',(1.419680626582,9.548334113066));
#1312 = CARTESIAN_POINT('',(1.465682678787,9.557632331607));
#1313 = CARTESIAN_POINT('',(1.511684237052,9.566930449668));
#1314 = CARTESIAN_POINT('',(1.557685151757,9.576228442706));
#1315 = CARTESIAN_POINT('',(1.603686052391,9.585526443105));
#1316 = CARTESIAN_POINT('',(1.649687572415,9.594824582776));
#1317 = CARTESIAN_POINT('',(1.695689574139,9.604122835772));
#1318 = CARTESIAN_POINT('',(1.819438424444,9.629135877537));
#1319 = CARTESIAN_POINT('',(1.897202693833,9.644854215636));
#1320 = CARTESIAN_POINT('',(1.974959701686,9.660571128968));
#1321 = CARTESIAN_POINT('',(2.052707658424,9.676286234932));
#1322 = CARTESIAN_POINT('',(2.130455619076,9.692001333876));
#1323 = CARTESIAN_POINT('',(2.208212637702,9.707718226981));
#1324 = CARTESIAN_POINT('',(2.285976922143,9.723436532712));
#1325 = CARTESIAN_POINT('',(2.477110146266,9.762069682509));
#1326 = CARTESIAN_POINT('',(2.590602657197,9.785009436884));
#1327 = CARTESIAN_POINT('',(2.704034262467,9.807936742787));
#1328 = CARTESIAN_POINT('',(2.817424152994,9.830855524671));
#1329 = CARTESIAN_POINT('',(2.93081410944,9.85377434614));
#1330 = CARTESIAN_POINT('',(3.044245799169,9.876701715791));
#1331 = CARTESIAN_POINT('',(3.157738742369,9.899641598159));
#1332 = CARTESIAN_POINT('',(3.38088367788,9.944745222351));
#1333 = CARTESIAN_POINT('',(3.490735441967,9.966949336526));
#1334 = CARTESIAN_POINT('',(3.600536051716,9.989143194078));
#1335 = CARTESIAN_POINT('',(3.710300303257,10.011329729175));
#1336 = CARTESIAN_POINT('',(3.820064554974,10.033516213855));
#1337 = CARTESIAN_POINT('',(3.92986511735,10.055709954129));
#1338 = CARTESIAN_POINT('',(4.039716950493,10.077913983206));
#1339 = CARTESIAN_POINT('',(4.222951392481,10.114950545761));
#1340 = CARTESIAN_POINT('',(4.296438035103,10.129804133183));
#1341 = CARTESIAN_POINT('',(4.369919313327,10.144656623274));
#1342 = CARTESIAN_POINT('',(4.443393770648,10.159507734214));
#1343 = CARTESIAN_POINT('',(4.516868209345,10.174358853086));
#1344 = CARTESIAN_POINT('',(4.590349484602,10.189211373753));
#1345 = CARTESIAN_POINT('',(4.663836237101,10.204065023886));
#1346 = CARTESIAN_POINT('',(4.806711948073,10.232944086055));
#1347 = CARTESIAN_POINT('',(4.876122761267,10.246973913507));
#1348 = CARTESIAN_POINT('',(4.945529498008,10.261002931077));
#1349 = CARTESIAN_POINT('',(5.014931068056,10.275030910833));
#1350 = CARTESIAN_POINT('',(5.084332607257,10.289058880292));
#1351 = CARTESIAN_POINT('',(5.153739284487,10.303087872965));
#1352 = CARTESIAN_POINT('',(5.22315010489,10.317117678546));
#1353 = CARTESIAN_POINT('',(5.416319208166,10.356162303313));
#1354 = CARTESIAN_POINT('',(5.54025521473,10.381212982555));
#1355 = CARTESIAN_POINT('',(5.664092355,10.406243562564));
#1356 = CARTESIAN_POINT('',(5.787869059966,10.431261828953));
#1357 = CARTESIAN_POINT('',(5.911645529728,10.456280050342));
#1358 = CARTESIAN_POINT('',(6.035481710009,10.48131047031));
#1359 = CARTESIAN_POINT('',(6.159416221246,10.506360928255));
#1360 = CARTESIAN_POINT('',(6.28318530718,10.531378081739));
#1361 = ( GEOMETRIC_REPRESENTATION_CONTEXT(2) 
PARAMETRIC_REPRESENTATION_CONTEXT() REPRESENTATION_CONTEXT('2D SPACE',''
  ) );
#1362 = ORIENTED_EDGE('',*,*,#1363,.T.);
#1363 = EDGE_CURVE('',#1129,#755,#1364,.T.);
#1364 = SURFACE_CURVE('',#1365,(#1440,#1518),.PCURVE_S1.);
#1365 = B_SPLINE_CURVE_WITH_KNOTS('',7,(#1366,#1367,#1368,#1369,#1370,
    #1371,#1372,#1373,#1374,#1375,#1376,#1377,#1378,#1379,#1380,#1381,
    #1382,#1383,#1384,#1385,#1386,#1387,#1388,#1389,#1390,#1391,#1392,
    #1393,#1394,#1395,#1396,#1397,#1398,#1399,#1400,#1401,#1402,#1403,
    #1404,#1405,#1406,#1407,#1408,#1409,#1410,#1411,#1412,#1413,#1414,
    #1415,#1416,#1417,#1418,#1419,#1420,#1421,#1422,#1423,#1424,#1425,
    #1426,#1427,#1428,#1429,#1430,#1431,#1432,#1433,#1434,#1435,#1436,
    #1437,#1438,#1439),.UNSPECIFIED.,.F.,.F.,(8,6,6,6,6,6,6,6,6,6,6,6,8)
  ,(0.,0.12428324692,0.233030484924,0.292323373386,0.374953201241,
    0.458671582842,0.502671302987,0.555693988439,0.630996458002,
    0.720115164155,0.778727008062,0.877726443437,1.),.UNSPECIFIED.);
#1366 = CARTESIAN_POINT('',(3.075,-8.881784197001E-16,-6.137371918261));
#1367 = CARTESIAN_POINT('',(3.075000000004,0.343003082353,
    -6.114825445347));
#1368 = CARTESIAN_POINT('',(3.030361874398,0.686214916453,
    -6.092265131199));
#1369 = CARTESIAN_POINT('',(2.940994111466,1.022282002547,-6.06971620403
    ));
#1370 = CARTESIAN_POINT('',(2.808435189319,1.344320837913,
    -6.047170501765));
#1371 = CARTESIAN_POINT('',(2.635325284496,1.645917508414,
    -6.024621670408));
#1372 = CARTESIAN_POINT('',(2.425417470733,1.921100342114,
    -6.002061490253));
#1373 = CARTESIAN_POINT('',(1.972672522616,2.377869634142,
    -5.959787124453));
#1374 = CARTESIAN_POINT('',(1.73704274933,2.567046875779,-5.940052231634
    ));
#1375 = CARTESIAN_POINT('',(1.480462797511,2.728755554595,
    -5.920322506081));
#1376 = CARTESIAN_POINT('',(1.206805543258,2.860331659389,
    -5.900596044089));
#1377 = CARTESIAN_POINT('',(0.920277672848,2.959752681234,
    -5.880866276763));
#1378 = CARTESIAN_POINT('',(0.625377713371,3.025657614609,
    -5.861131303345));
#1379 = CARTESIAN_POINT('',(0.164239484604,3.074968041777,-5.83064679079
    ));
#1380 = CARTESIAN_POINT('',(4.41140587058E-04,3.082265699758,
    -5.819889959842));
#1381 = CARTESIAN_POINT('',(-0.163681157316,3.079379123452,
    -5.809133360288));
#1382 = CARTESIAN_POINT('',(-0.327368664177,3.066300235589,
    -5.798376916388));
#1383 = CARTESIAN_POINT('',(-0.48986717416,3.043089276731,
    -5.787620322946));
#1384 = CARTESIAN_POINT('',(-0.650428825636,3.009874670687,
    -5.776863505613));
#1385 = CARTESIAN_POINT('',(-1.028341728546,2.906913112035,
    -5.751117060758));
#1386 = CARTESIAN_POINT('',(-1.243209064827,2.82792260668,
    -5.736125302398));
#1387 = CARTESIAN_POINT('',(-1.450889856172,2.730431254678,
    -5.721134911784));
#1388 = CARTESIAN_POINT('',(-1.649491974158,2.615246174726,
    -5.706145395731));
#1389 = CARTESIAN_POINT('',(-1.837244576118,2.483394358833,
    -5.69115502508));
#1390 = CARTESIAN_POINT('',(-2.012507276525,2.336117462706,
    -5.67616324957));
#1391 = CARTESIAN_POINT('',(-2.337220820978,2.011568646403,
    -5.645985601045));
#1392 = CARTESIAN_POINT('',(-2.486342854567,1.833885504136,
    -5.630795959441));
#1393 = CARTESIAN_POINT('',(-2.61961665817,1.643393121643,
    -5.615607555052));
#1394 = CARTESIAN_POINT('',(-2.735753297528,1.441799651112,
    -5.600419854734));
#1395 = CARTESIAN_POINT('',(-2.833690011328,1.230949917118,
    -5.585231240531));
#1396 = CARTESIAN_POINT('',(-2.91259579016,1.012815626989,-5.57004149877
    ));
#1397 = CARTESIAN_POINT('',(-3.003096606345,0.672147161908,
    -5.546871985312));
#1398 = CARTESIAN_POINT('',(-3.028868089979,0.553345972952,
    -5.538889871919));
#1399 = CARTESIAN_POINT('',(-3.049152730862,0.433407673413,
    -5.530907917064));
#1400 = CARTESIAN_POINT('',(-3.063891746241,0.312636861752,
    -5.522926101381));
#1401 = CARTESIAN_POINT('',(-3.073047712402,0.191340716619,
    -5.514944275789));
#1402 = CARTESIAN_POINT('',(-3.076604502296,6.98285459392E-02,
    -5.506962274358));
#1403 = CARTESIAN_POINT('',(-3.07211216185,-0.197904743084,
    -5.489360870994));
#1404 = CARTESIAN_POINT('',(-3.061533219474,-0.344088871487,
    -5.479741112149));
#1405 = CARTESIAN_POINT('',(-3.042839612621,-0.489593726651,
    -5.470121508761));
#1406 = CARTESIAN_POINT('',(-3.016085567141,-0.633878932605,
    -5.460502184217));
#1407 = CARTESIAN_POINT('',(-2.981369914655,-0.776412175373,
    -5.450882969727));
#1408 = CARTESIAN_POINT('',(-2.938835689061,-0.916670318362,
    -5.441263746863));
#1409 = CARTESIAN_POINT('',(-2.817424347661,-1.249374791846,
    -5.417984010891));
#1410 = CARTESIAN_POINT('',(-2.730778647141,-1.439007643234,
    -5.404322262379));
#1411 = CARTESIAN_POINT('',(-2.629270402537,-1.621551631337,
    -5.390661368883));
#1412 = CARTESIAN_POINT('',(-2.513609665493,-1.795622183676,
    -5.377000901113));
#1413 = CARTESIAN_POINT('',(-2.384653898739,-1.959928782888,
    -5.363339763639));
#1414 = CARTESIAN_POINT('',(-2.243404449448,-2.113280325693,
    -5.349677698575));
#1415 = CARTESIAN_POINT('',(-1.910686088986,-2.421858680686,
    -5.31984924067));
#1416 = CARTESIAN_POINT('',(-1.714709608819,-2.57231204221,
    -5.303679008662));
#1417 = CARTESIAN_POINT('',(-1.505024315858,-2.704157368149,
    -5.287510632221));
#1418 = CARTESIAN_POINT('',(-1.283764259651,-2.815939386039,
    -5.271343528393));
#1419 = CARTESIAN_POINT('',(-1.053221858863,-2.906499974059,
    -5.25517528613));
#1420 = CARTESIAN_POINT('',(-0.815833935648,-2.974985100659,
    -5.23900516029));
#1421 = CARTESIAN_POINT('',(-0.415281612519,-3.051120070446,
    -5.212204608989));
#1422 = CARTESIAN_POINT('',(-0.254504117246,-3.071574042534,
    -5.201571200467));
#1423 = CARTESIAN_POINT('',(-9.259456167364E-02,-3.082136233904,
    -5.190938026131));
#1424 = CARTESIAN_POINT('',(6.971723201313E-02,-3.082738536657,
    -5.180305000517));
#1425 = CARTESIAN_POINT('',(0.231700377383,-3.073378283023,
    -5.169671819324));
#1426 = CARTESIAN_POINT('',(0.392624661586,-3.054118227999,
    -5.159038396789));
#1427 = CARTESIAN_POINT('',(0.820556572493,-2.9760655112,-5.13044527941)
  );
#1428 = CARTESIAN_POINT('',(1.084335445498,-2.899161941133,
    -5.112480826304));
#1429 = CARTESIAN_POINT('',(1.339506516214,-2.795012963462,
    -5.094519540758));
#1430 = CARTESIAN_POINT('',(1.582739550657,-2.664828458104,
    -5.076560291061));
#1431 = CARTESIAN_POINT('',(1.810930195618,-2.510269945081,
    -5.058599031673));
#1432 = CARTESIAN_POINT('',(2.021224604345,-2.333437410164,-5.0406346243
    ));
#1433 = CARTESIAN_POINT('',(2.445624864536,-1.89431398657,
    -5.000492439159));
#1434 = CARTESIAN_POINT('',(2.649209038469,-1.621493110933,
    -4.978297727085));
#1435 = CARTESIAN_POINT('',(2.816940422188,-1.323475733554,
    -4.956113679306));
#1436 = CARTESIAN_POINT('',(2.94529342071,-1.005975782469,
    -4.933932760991));
#1437 = CARTESIAN_POINT('',(3.031792449022,-0.67511881919,
    -4.911748733526));
#1438 = CARTESIAN_POINT('',(3.075,-0.337462213827,-4.889553977891));
#1439 = CARTESIAN_POINT('',(3.075,8.881784197001E-16,-4.867371897956));
#1440 = PCURVE('',#573,#1441);
#1441 = DEFINITIONAL_REPRESENTATION('',(#1442),#1517);
#1442 = B_SPLINE_CURVE_WITH_KNOTS('',7,(#1443,#1444,#1445,#1446,#1447,
    #1448,#1449,#1450,#1451,#1452,#1453,#1454,#1455,#1456,#1457,#1458,
    #1459,#1460,#1461,#1462,#1463,#1464,#1465,#1466,#1467,#1468,#1469,
    #1470,#1471,#1472,#1473,#1474,#1475,#1476,#1477,#1478,#1479,#1480,
    #1481,#1482,#1483,#1484,#1485,#1486,#1487,#1488,#1489,#1490,#1491,
    #1492,#1493,#1494,#1495,#1496,#1497,#1498,#1499,#1500,#1501,#1502,
    #1503,#1504,#1505,#1506,#1507,#1508,#1509,#1510,#1511,#1512,#1513,
    #1514,#1515,#1516),.UNSPECIFIED.,.F.,.F.,(8,6,6,6,6,6,6,6,6,6,6,6,8)
  ,(0.,0.12428324692,0.233030484924,0.292323373386,0.374953201241,
    0.458671582842,0.502671302987,0.555693988439,0.630996458002,
    0.720115164155,0.778727008062,0.877726443437,1.),.UNSPECIFIED.);
#1443 = CARTESIAN_POINT('',(12.820502007802,0.649830432593));
#1444 = CARTESIAN_POINT('',(12.706700455134,0.649830590413));
#1445 = CARTESIAN_POINT('',(12.592829603599,0.649830939967));
#1446 = CARTESIAN_POINT('',(12.479016702748,0.649831466064));
#1447 = CARTESIAN_POINT('',(12.36522021362,0.649832022687));
#1448 = CARTESIAN_POINT('',(12.251407458471,0.649832428156));
#1449 = CARTESIAN_POINT('',(12.137536753417,0.649832596756));
#1450 = CARTESIAN_POINT('',(11.924159227124,0.649832552081));
#1451 = CARTESIAN_POINT('',(11.824548022728,0.649832384593));
#1452 = CARTESIAN_POINT('',(11.724962524679,0.649832087062));
#1453 = CARTESIAN_POINT('',(11.625393427527,0.649831764661));
#1454 = CARTESIAN_POINT('',(11.525807897856,0.649831529261));
#1455 = CARTESIAN_POINT('',(11.426196497928,0.649831435018));
#1456 = CARTESIAN_POINT('',(11.272327681536,0.649831429453));
#1457 = CARTESIAN_POINT('',(11.218033277692,0.6498314549));
#1458 = CARTESIAN_POINT('',(11.163740102034,0.64983150123));
#1459 = CARTESIAN_POINT('',(11.109447733288,0.64983155493));
#1460 = CARTESIAN_POINT('',(11.055154579398,0.649831598112));
#1461 = CARTESIAN_POINT('',(11.000860216347,0.649831613877));
#1462 = CARTESIAN_POINT('',(10.870906402121,0.649831567269));
#1463 = CARTESIAN_POINT('',(10.795236098551,0.649831471227));
#1464 = CARTESIAN_POINT('',(10.719572443763,0.649831286845));
#1465 = CARTESIAN_POINT('',(10.643912958284,0.649831017531));
#1466 = CARTESIAN_POINT('',(10.568249152303,0.649830745803));
#1467 = CARTESIAN_POINT('',(10.492578631611,0.649830604502));
#1468 = CARTESIAN_POINT('',(10.340259049091,0.649830722199));
#1469 = CARTESIAN_POINT('',(10.263590998718,0.649830992702));
#1470 = CARTESIAN_POINT('',(10.186929910786,0.649831511999));
#1471 = CARTESIAN_POINT('',(10.110273326578,0.649832360616));
#1472 = CARTESIAN_POINT('',(10.033612339407,0.649833281971));
#1473 = CARTESIAN_POINT('',(9.95694443582,0.649833778613));
#1474 = CARTESIAN_POINT('',(9.83999725434,0.649833635533));
#1475 = CARTESIAN_POINT('',(9.79970744259,0.649833441525));
#1476 = CARTESIAN_POINT('',(9.759417824261,0.649833037165));
#1477 = CARTESIAN_POINT('',(9.719128410173,0.649832460086));
#1478 = CARTESIAN_POINT('',(9.678838855236,0.64983185152));
#1479 = CARTESIAN_POINT('',(9.638549029126,0.649831456625));
#1480 = CARTESIAN_POINT('',(9.54970804135,0.649831827493));
#1481 = CARTESIAN_POINT('',(9.501155108378,0.649832603719));
#1482 = CARTESIAN_POINT('',(9.452602786051,0.64983331962));
#1483 = CARTESIAN_POINT('',(9.404050992114,0.64983373078));
#1484 = CARTESIAN_POINT('',(9.355498872274,0.64983383639));
#1485 = CARTESIAN_POINT('',(9.306946108412,0.649833733391));
#1486 = CARTESIAN_POINT('',(9.189441163502,0.649833097451));
#1487 = CARTESIAN_POINT('',(9.120482313677,0.649832414349));
#1488 = CARTESIAN_POINT('',(9.051527576878,0.649831661007));
#1489 = CARTESIAN_POINT('',(8.982575486818,0.649831080274));
#1490 = CARTESIAN_POINT('',(8.913620766364,0.649830759507));
#1491 = CARTESIAN_POINT('',(8.844661927937,0.649830634252));
#1492 = CARTESIAN_POINT('',(8.694104651314,0.64983067797));
#1493 = CARTESIAN_POINT('',(8.612486994987,0.649830902351));
#1494 = CARTESIAN_POINT('',(8.530878970422,0.64983121891));
#1495 = CARTESIAN_POINT('',(8.449277186273,0.649831472021));
#1496 = CARTESIAN_POINT('',(8.367669277124,0.649831593808));
#1497 = CARTESIAN_POINT('',(8.286051587756,0.649831620964));
#1498 = CARTESIAN_POINT('',(8.150777235822,0.649831575444));
#1499 = CARTESIAN_POINT('',(8.097105607081,0.649831534193));
#1500 = CARTESIAN_POINT('',(8.043435130403,0.64983148255));
#1501 = CARTESIAN_POINT('',(7.989765424556,0.649831437898));
#1502 = CARTESIAN_POINT('',(7.936094995589,0.649831414793));
#1503 = CARTESIAN_POINT('',(7.882423433558,0.649831421188));
#1504 = CARTESIAN_POINT('',(7.738101627815,0.649831520918));
#1505 = CARTESIAN_POINT('',(7.647427528828,0.649831670337));
#1506 = CARTESIAN_POINT('',(7.556769699247,0.649831917281));
#1507 = CARTESIAN_POINT('',(7.466122256709,0.649832202782));
#1508 = CARTESIAN_POINT('',(7.375464539535,0.649832442923));
#1509 = CARTESIAN_POINT('',(7.28479060879,0.649832570641));
#1510 = CARTESIAN_POINT('',(7.08217529422,0.649832579395));
#1511 = CARTESIAN_POINT('',(6.970148244681,0.649832394287));
#1512 = CARTESIAN_POINT('',(6.858174389287,0.649831989651));
#1513 = CARTESIAN_POINT('',(6.746215900676,0.64983143629));
#1514 = CARTESIAN_POINT('',(6.634241859857,0.649830931829));
#1515 = CARTESIAN_POINT('',(6.522214130519,0.64983058728));
#1516 = CARTESIAN_POINT('',(6.410250927021,0.649830432006));
#1517 = ( GEOMETRIC_REPRESENTATION_CONTEXT(2) 
PARAMETRIC_REPRESENTATION_CONTEXT() REPRESENTATION_CONTEXT('2D SPACE',''
  ) );
#1518 = PCURVE('',#770,#1519);
#1519 = DEFINITIONAL_REPRESENTATION('',(#1520),#1595);
#1520 = B_SPLINE_CURVE_WITH_KNOTS('',7,(#1521,#1522,#1523,#1524,#1525,
    #1526,#1527,#1528,#1529,#1530,#1531,#1532,#1533,#1534,#1535,#1536,
    #1537,#1538,#1539,#1540,#1541,#1542,#1543,#1544,#1545,#1546,#1547,
    #1548,#1549,#1550,#1551,#1552,#1553,#1554,#1555,#1556,#1557,#1558,
    #1559,#1560,#1561,#1562,#1563,#1564,#1565,#1566,#1567,#1568,#1569,
    #1570,#1571,#1572,#1573,#1574,#1575,#1576,#1577,#1578,#1579,#1580,
    #1581,#1582,#1583,#1584,#1585,#1586,#1587,#1588,#1589,#1590,#1591,
    #1592,#1593,#1594),.UNSPECIFIED.,.F.,.F.,(8,6,6,6,6,6,6,6,6,6,6,6,8)
  ,(0.,0.12428324692,0.233030484924,0.292323373386,0.374953201241,
    0.458671582842,0.502671302987,0.555693988439,0.630996458002,
    0.720115164155,0.778727008062,0.877726443437,1.),.UNSPECIFIED.);
#1521 = CARTESIAN_POINT('',(0.,10.531378081739));
#1522 = CARTESIAN_POINT('',(0.111545717838,10.553924554653));
#1523 = CARTESIAN_POINT('',(0.223159369416,10.576484868801));
#1524 = CARTESIAN_POINT('',(0.334716258349,10.59903379597));
#1525 = CARTESIAN_POINT('',(0.44625712668,10.621579498235));
#1526 = CARTESIAN_POINT('',(0.557813979858,10.644128329592));
#1527 = CARTESIAN_POINT('',(0.669427606147,10.666688509747));
#1528 = CARTESIAN_POINT('',(0.878575567884,10.708962875547));
#1529 = CARTESIAN_POINT('',(0.976212232062,10.728697768366));
#1530 = CARTESIAN_POINT('',(1.073823626023,10.748427493919));
#1531 = CARTESIAN_POINT('',(1.171418858069,10.768153955911));
#1532 = CARTESIAN_POINT('',(1.269030148111,10.787883723237));
#1533 = CARTESIAN_POINT('',(1.366666821675,10.807618696655));
#1534 = CARTESIAN_POINT('',(1.517485412243,10.83810320921));
#1535 = CARTESIAN_POINT('',(1.570703530722,10.848860040158));
#1536 = CARTESIAN_POINT('',(1.623920475652,10.859616639712));
#1537 = CARTESIAN_POINT('',(1.677136666232,10.870373083612));
#1538 = CARTESIAN_POINT('',(1.730353664393,10.881129677054));
#1539 = CARTESIAN_POINT('',(1.783571881184,10.891886494387));
#1540 = CARTESIAN_POINT('',(1.910949991027,10.917632939242));
#1541 = CARTESIAN_POINT('',(1.985120543418,10.932624697602));
#1542 = CARTESIAN_POINT('',(2.059284600284,10.947615088216));
#1543 = CARTESIAN_POINT('',(2.133444543708,10.962604604269));
#1544 = CARTESIAN_POINT('',(2.207608643893,10.97759497492));
#1545 = CARTESIAN_POINT('',(2.281779217198,10.99258675043));
#1546 = CARTESIAN_POINT('',(2.431079325437,11.022764398955));
#1547 = CARTESIAN_POINT('',(2.50622747047,11.037954040559));
#1548 = CARTESIAN_POINT('',(2.581368710137,11.053142444948));
#1549 = CARTESIAN_POINT('',(2.656505519236,11.068330145266));
#1550 = CARTESIAN_POINT('',(2.731646729744,11.083518759469));
#1551 = CARTESIAN_POINT('',(2.80679488063,11.09870850123));
#1552 = CARTESIAN_POINT('',(2.921424022344,11.121878014688));
#1553 = CARTESIAN_POINT('',(2.960915255315,11.129860128081));
#1554 = CARTESIAN_POINT('',(3.000406343846,11.137842082936));
#1555 = CARTESIAN_POINT('',(3.039897238329,11.145823898619));
#1556 = CARTESIAN_POINT('',(3.079388223434,11.153805724211));
#1557 = CARTESIAN_POINT('',(3.118879412512,11.161787725642));
#1558 = CARTESIAN_POINT('',(3.205959404455,11.179389129006));
#1559 = CARTESIAN_POINT('',(3.253549989011,11.189008887851));
#1560 = CARTESIAN_POINT('',(3.301140010186,11.198628491239));
#1561 = CARTESIAN_POINT('',(3.348729510881,11.208247815783));
#1562 = CARTESIAN_POINT('',(3.396319293584,11.217867030273));
#1563 = CARTESIAN_POINT('',(3.443909651591,11.227486253137));
#1564 = CARTESIAN_POINT('',(3.559085322534,11.250765989109));
#1565 = CARTESIAN_POINT('',(3.626677122517,11.264427737621));
#1566 = CARTESIAN_POINT('',(3.694264803983,11.278088631117));
#1567 = CARTESIAN_POINT('',(3.761849873228,11.291749098887));
#1568 = CARTESIAN_POINT('',(3.829437566978,11.305410236361));
#1569 = CARTESIAN_POINT('',(3.897029372983,11.319072301425));
#1570 = CARTESIAN_POINT('',(4.044602190196,11.34890075933));
#1571 = CARTESIAN_POINT('',(4.124602069629,11.365070991338));
#1572 = CARTESIAN_POINT('',(4.204592626181,11.381239367779));
#1573 = CARTESIAN_POINT('',(4.284577129097,11.397406471607));
#1574 = CARTESIAN_POINT('',(4.364567630158,11.41357471387));
#1575 = CARTESIAN_POINT('',(4.444567662376,11.42974483971));
#1576 = CARTESIAN_POINT('',(4.577160768107,11.456545391011));
#1577 = CARTESIAN_POINT('',(4.629768551255,11.467178799533));
#1578 = CARTESIAN_POINT('',(4.682375169157,11.477811973869));
#1579 = CARTESIAN_POINT('',(4.734980995794,11.488444999483));
#1580 = CARTESIAN_POINT('',(4.787587500711,11.499078180676));
#1581 = CARTESIAN_POINT('',(4.840195094106,11.509711603211));
#1582 = CARTESIAN_POINT('',(4.981655872316,11.53830472059));
#1583 = CARTESIAN_POINT('',(5.070532414563,11.556269173696));
#1584 = CARTESIAN_POINT('',(5.159393013803,11.574230459242));
#1585 = CARTESIAN_POINT('',(5.248243482833,11.592189708939));
#1586 = CARTESIAN_POINT('',(5.337104093003,11.610150968327));
#1587 = CARTESIAN_POINT('',(5.425980653157,11.6281153757));
#1588 = CARTESIAN_POINT('',(5.624579742284,11.668257560841));
#1589 = CARTESIAN_POINT('',(5.734386258966,11.690452272915));
#1590 = CARTESIAN_POINT('',(5.844140658757,11.712636320694));
#1591 = CARTESIAN_POINT('',(5.953879955785,11.734817239009));
#1592 = CARTESIAN_POINT('',(6.063634433106,11.757001266474));
#1593 = CARTESIAN_POINT('',(6.173441497805,11.779196022109));
#1594 = CARTESIAN_POINT('',(6.28318530718,11.801378102044));
#1595 = ( GEOMETRIC_REPRESENTATION_CONTEXT(2) 
PARAMETRIC_REPRESENTATION_CONTEXT() REPRESENTATION_CONTEXT('2D SPACE',''
  ) );
#1596 = ORIENTED_EDGE('',*,*,#782,.T.);
#1597 = ADVANCED_FACE('',(#1598),#490,.F.);
#1598 = FACE_BOUND('',#1599,.F.);
#1599 = EDGE_LOOP('',(#1600,#1601,#1621));
#1600 = ORIENTED_EDGE('',*,*,#731,.F.);
#1601 = ORIENTED_EDGE('',*,*,#1602,.T.);
#1602 = EDGE_CURVE('',#732,#475,#1603,.T.);
#1603 = SURFACE_CURVE('',#1604,(#1608,#1615),.PCURVE_S1.);
#1604 = LINE('',#1605,#1606);
#1605 = CARTESIAN_POINT('',(3.5195,0.,-4.54025));
#1606 = VECTOR('',#1607,1.);
#1607 = DIRECTION('',(-0.911847603309,0.,0.410528864197));
#1608 = PCURVE('',#490,#1609);
#1609 = DEFINITIONAL_REPRESENTATION('',(#1610),#1614);
#1610 = LINE('',#1611,#1612);
#1611 = CARTESIAN_POINT('',(-0.5715,0.449969238233));
#1612 = VECTOR('',#1613,1.);
#1613 = DIRECTION('',(0.410528864197,-0.911847603309));
#1614 = ( GEOMETRIC_REPRESENTATION_CONTEXT(2) 
PARAMETRIC_REPRESENTATION_CONTEXT() REPRESENTATION_CONTEXT('2D SPACE',''
  ) );
#1615 = PCURVE('',#986,#1616);
#1616 = DEFINITIONAL_REPRESENTATION('',(#1617),#1620);
#1617 = B_SPLINE_CURVE_WITH_KNOTS('',1,(#1618,#1619),.UNSPECIFIED.,.F.,
  .F.,(2,2),(0.,1.392106742891),.PIECEWISE_BEZIER_KNOTS.);
#1618 = CARTESIAN_POINT('',(0.,0.));
#1619 = CARTESIAN_POINT('',(0.,1.));
#1620 = ( GEOMETRIC_REPRESENTATION_CONTEXT(2) 
PARAMETRIC_REPRESENTATION_CONTEXT() REPRESENTATION_CONTEXT('2D SPACE',''
  ) );
#1621 = ORIENTED_EDGE('',*,*,#474,.F.);
#1622 = ADVANCED_FACE('',(#1623),#770,.T.);
#1623 = FACE_BOUND('',#1624,.T.);
#1624 = EDGE_LOOP('',(#1625,#1626,#1856,#1877));
#1625 = ORIENTED_EDGE('',*,*,#754,.T.);
#1626 = ORIENTED_EDGE('',*,*,#1627,.F.);
#1627 = EDGE_CURVE('',#1628,#732,#1630,.T.);
#1628 = VERTEX_POINT('',#1629);
#1629 = CARTESIAN_POINT('',(3.075,-7.531577814756E-16,-5.610128081739));
#1630 = SURFACE_CURVE('',#1631,(#1704,#1780),.PCURVE_S1.);
#1631 = B_SPLINE_CURVE_WITH_KNOTS('',8,(#1632,#1633,#1634,#1635,#1636,
    #1637,#1638,#1639,#1640,#1641,#1642,#1643,#1644,#1645,#1646,#1647,
    #1648,#1649,#1650,#1651,#1652,#1653,#1654,#1655,#1656,#1657,#1658,
    #1659,#1660,#1661,#1662,#1663,#1664,#1665,#1666,#1667,#1668,#1669,
    #1670,#1671,#1672,#1673,#1674,#1675,#1676,#1677,#1678,#1679,#1680,
    #1681,#1682,#1683,#1684,#1685,#1686,#1687,#1688,#1689,#1690,#1691,
    #1692,#1693,#1694,#1695,#1696,#1697,#1698,#1699,#1700,#1701,#1702,
    #1703),.UNSPECIFIED.,.F.,.F.,(9,7,7,7,7,7,7,7,7,7,9),(0.,
    0.162028093541,0.248667025829,0.340171077494,0.411307707917,
    0.493529944478,0.625521203279,0.733252766949,0.788231576623,
    0.875703309151,1.),.UNSPECIFIED.);
#1632 = CARTESIAN_POINT('',(3.075,-8.881784197001E-16,-5.610128081739));
#1633 = CARTESIAN_POINT('',(3.075,0.391246267168,-5.584410460463));
#1634 = CARTESIAN_POINT('',(3.018108119134,0.783079372293,
    -5.558654504952));
#1635 = CARTESIAN_POINT('',(2.904029498361,1.164899658563,
    -5.532921774163));
#1636 = CARTESIAN_POINT('',(2.735182563686,1.527129242142,
    -5.507202620593));
#1637 = CARTESIAN_POINT('',(2.515416484328,1.860930442799,
    -5.481483410884));
#1638 = CARTESIAN_POINT('',(2.250234351052,2.158387850543,
    -5.455750552253));
#1639 = CARTESIAN_POINT('',(1.946522273778,2.412415404691,
    -5.429994554756));
#1640 = CARTESIAN_POINT('',(1.435369196237,2.727472590397,
    -5.390525693534));
#1641 = CARTESIAN_POINT('',(1.248719084641,2.82340931495,-5.376772477729
    ));
#1642 = CARTESIAN_POINT('',(1.054797689901,2.904711857037,
    -5.363019995396));
#1643 = CARTESIAN_POINT('',(0.854950848451,2.970749838561,
    -5.349268448026));
#1644 = CARTESIAN_POINT('',(0.650573003755,3.021043497273,
    -5.335516902168));
#1645 = CARTESIAN_POINT('',(0.443100273,3.055258024635,-5.321764421098)
  );
#1646 = CARTESIAN_POINT('',(0.234007580246,3.073211998749,
    -5.308011196753));
#1647 = CARTESIAN_POINT('',(-0.196135149387,3.076682609013,
    -5.279735965072));
#1648 = CARTESIAN_POINT('',(-0.417260287462,3.06032164748,
    -5.265210091801));
#1649 = CARTESIAN_POINT('',(-0.636776118236,3.025793434308,
    -5.250685232642));
#1650 = CARTESIAN_POINT('',(-0.852942194932,2.973296086683,
    -5.236161612795));
#1651 = CARTESIAN_POINT('',(-1.06406549198,2.903218185886,
    -5.221637971961));
#1652 = CARTESIAN_POINT('',(-1.26850418482,2.816127313458,
    -5.207113052055));
#1653 = CARTESIAN_POINT('',(-1.46467678147,2.712778370093,
    -5.192587112832));
#1654 = CARTESIAN_POINT('',(-1.795986641826,2.501911722168,
    -5.166772580528));
#1655 = CARTESIAN_POINT('',(-1.935017069173,2.400425266177,
    -5.155481025305));
#1656 = CARTESIAN_POINT('',(-2.067465453305,2.290126830692,
    -5.144189726343));
#1657 = CARTESIAN_POINT('',(-2.192682968459,2.171519158694,
    -5.132898751037));
#1658 = CARTESIAN_POINT('',(-2.310070810079,2.04515709726,
    -5.121607743732));
#1659 = CARTESIAN_POINT('',(-2.419079840773,1.911644755656,
    -5.110316354615));
#1660 = CARTESIAN_POINT('',(-2.519213469848,1.771635938965,
    -5.099024671356));
#1661 = CARTESIAN_POINT('',(-2.715007081358,1.457319271405,
    -5.074683095207));
#1662 = CARTESIAN_POINT('',(-2.807556236935,1.281037479956,
    -5.061631212195));
#1663 = CARTESIAN_POINT('',(-2.886994114934,1.098086148576,
    -5.048579915228));
#1664 = CARTESIAN_POINT('',(-2.952769618367,0.909608789056,
    -5.035529361016));
#1665 = CARTESIAN_POINT('',(-3.00445330609,0.716790410491,
    -5.022478830406));
#1666 = CARTESIAN_POINT('',(-3.041733359964,0.520852304423,
    -5.009427604721));
#1667 = CARTESIAN_POINT('',(-3.064421884536,0.323049963985,
    -4.996375840247));
#1668 = CARTESIAN_POINT('',(-3.085393640433,-0.193778342582,
    -4.962375650202));
#1669 = CARTESIAN_POINT('',(-3.060601398715,-0.513971739978,
    -4.941412116405));
#1670 = CARTESIAN_POINT('',(-2.997789138564,-0.830372818635,
    -4.920456166608));
#1671 = CARTESIAN_POINT('',(-2.897720131485,-1.137725117174,
    -4.899506143896));
#1672 = CARTESIAN_POINT('',(-2.761943642056,-1.431057681909,
    -4.878556110111));
#1673 = CARTESIAN_POINT('',(-2.592706353282,-1.705673376123,
    -4.857600126836));
#1674 = CARTESIAN_POINT('',(-2.393025246365,-1.957200587789,
    -4.836636539505));
#1675 = CARTESIAN_POINT('',(-1.982316102874,-2.365104304133,
    -4.798587374771));
#1676 = CARTESIAN_POINT('',(-1.779964728557,-2.530626052703,
    -4.781483014052));
#1677 = CARTESIAN_POINT('',(-1.561915227341,-2.676257472654,
    -4.764380814368));
#1678 = CARTESIAN_POINT('',(-1.330472995378,-2.800295014723,
    -4.747281356676));
#1679 = CARTESIAN_POINT('',(-1.088119353841,-2.90136681855,
    -4.730181906148));
#1680 = CARTESIAN_POINT('',(-0.837485176717,-2.978415880935,
    -4.713079722725));
#1681 = CARTESIAN_POINT('',(-0.581347277223,-3.030731084719,
    -4.695975372039));
#1682 = CARTESIAN_POINT('',(-0.19062493639,-3.071955588196,
    -4.670149707386));
#1683 = CARTESIAN_POINT('',(-5.791211940893E-02,-3.079371188017,
    -4.661423198386));
#1684 = CARTESIAN_POINT('',(7.511204367088E-02,-3.080233092167,
    -4.652696766432));
#1685 = CARTESIAN_POINT('',(0.208069447663,-3.074527640268,
    -4.643970434296));
#1686 = CARTESIAN_POINT('',(0.340583256651,-3.06226725805,
    -4.635244106515));
#1687 = CARTESIAN_POINT('',(0.472278424013,-3.043490408231,
    -4.626517685116));
#1688 = CARTESIAN_POINT('',(0.602782212446,-3.018261541417,
    -4.617791185343));
#1689 = CARTESIAN_POINT('',(0.936873280735,-2.936410313899,
    -4.595181183201));
#1690 = CARTESIAN_POINT('',(1.138103809746,-2.870038499735,
    -4.581295666005));
#1691 = CARTESIAN_POINT('',(1.333899149976,-2.787919708164,
    -4.567410880102));
#1692 = CARTESIAN_POINT('',(1.522825226549,-2.690586822568,
    -4.553527032241));
#1693 = CARTESIAN_POINT('',(1.703524370303,-2.578718315344,
    -4.539643150971));
#1694 = CARTESIAN_POINT('',(1.874716151161,-2.453128784427,
    -4.525758279581));
#1695 = CARTESIAN_POINT('',(2.035205715341,-2.314773217053,
    -4.511872666609));
#1696 = CARTESIAN_POINT('',(2.395192584221,-1.95160437635,-4.47826029993
    ));
#1697 = CARTESIAN_POINT('',(2.582817872984,-1.714762138691,
    -4.458521466677));
#1698 = CARTESIAN_POINT('',(2.743498494516,-1.457462614479,
    -4.438788365976));
#1699 = CARTESIAN_POINT('',(2.874702242378,-1.183337220702,
    -4.419059972889));
#1700 = CARTESIAN_POINT('',(2.974500733761,-0.896284486122,
    -4.399331705428));
#1701 = CARTESIAN_POINT('',(3.041519300747,-0.600430700794,
    -4.379598184043));
#1702 = CARTESIAN_POINT('',(3.075,-0.300137161373,-4.359857453809));
#1703 = CARTESIAN_POINT('',(3.075,-4.884981308351E-15,-4.340128752246));
#1704 = PCURVE('',#770,#1705);
#1705 = DEFINITIONAL_REPRESENTATION('',(#1706),#1779);
#1706 = B_SPLINE_CURVE_WITH_KNOTS('',8,(#1707,#1708,#1709,#1710,#1711,
    #1712,#1713,#1714,#1715,#1716,#1717,#1718,#1719,#1720,#1721,#1722,
    #1723,#1724,#1725,#1726,#1727,#1728,#1729,#1730,#1731,#1732,#1733,
    #1734,#1735,#1736,#1737,#1738,#1739,#1740,#1741,#1742,#1743,#1744,
    #1745,#1746,#1747,#1748,#1749,#1750,#1751,#1752,#1753,#1754,#1755,
    #1756,#1757,#1758,#1759,#1760,#1761,#1762,#1763,#1764,#1765,#1766,
    #1767,#1768,#1769,#1770,#1771,#1772,#1773,#1774,#1775,#1776,#1777,
    #1778),.UNSPECIFIED.,.F.,.F.,(9,7,7,7,7,7,7,7,7,7,9),(0.,
    0.162028093541,0.248667025829,0.340171077494,0.411307707917,
    0.493529944478,0.625521203279,0.733252766949,0.788231576623,
    0.875703309151,1.),.UNSPECIFIED.);
#1707 = CARTESIAN_POINT('',(0.,11.058621918261));
#1708 = CARTESIAN_POINT('',(0.127234558429,11.084339539537));
#1709 = CARTESIAN_POINT('',(0.25465946387,11.110095495048));
#1710 = CARTESIAN_POINT('',(0.381970321589,11.135828225837));
#1711 = CARTESIAN_POINT('',(0.509214677112,11.161547379407));
#1712 = CARTESIAN_POINT('',(0.636459262694,11.187266589116));
#1713 = CARTESIAN_POINT('',(0.763770807448,11.212999447747));
#1714 = CARTESIAN_POINT('',(0.891196212877,11.238755445244));
#1715 = CARTESIAN_POINT('',(1.086464044237,11.278224306466));
#1716 = CARTESIAN_POINT('',(1.154506431267,11.291977522271));
#1717 = CARTESIAN_POINT('',(1.222545084465,11.305730004604));
#1718 = CARTESIAN_POINT('',(1.290579052677,11.319481551974));
#1719 = CARTESIAN_POINT('',(1.358613006643,11.333233097832));
#1720 = CARTESIAN_POINT('',(1.42665162789,11.346985578902));
#1721 = CARTESIAN_POINT('',(1.494693998734,11.360738803247));
#1722 = CARTESIAN_POINT('',(1.63458236645,11.389014034928));
#1723 = CARTESIAN_POINT('',(1.706447498984,11.403539908199));
#1724 = CARTESIAN_POINT('',(1.778307718552,11.418064767358));
#1725 = CARTESIAN_POINT('',(1.85016189637,11.432588387205));
#1726 = CARTESIAN_POINT('',(1.922016227488,11.447112028039));
#1727 = CARTESIAN_POINT('',(1.993876879522,11.461636947945));
#1728 = CARTESIAN_POINT('',(2.065742509941,11.476162887168));
#1729 = CARTESIAN_POINT('',(2.193457146062,11.501977419472));
#1730 = CARTESIAN_POINT('',(2.249320846209,11.513268974695));
#1731 = CARTESIAN_POINT('',(2.305183199979,11.524560273657));
#1732 = CARTESIAN_POINT('',(2.361043862351,11.535851248963));
#1733 = CARTESIAN_POINT('',(2.416904591736,11.547142256268));
#1734 = CARTESIAN_POINT('',(2.472767129619,11.558433645385));
#1735 = CARTESIAN_POINT('',(2.528631063779,11.569725328644));
#1736 = CARTESIAN_POINT('',(2.649057347762,11.594066904793));
#1737 = CARTESIAN_POINT('',(2.713629533224,11.607118787805));
#1738 = CARTESIAN_POINT('',(2.778198820451,11.620170084772));
#1739 = CARTESIAN_POINT('',(2.84276449064,11.633220638984));
#1740 = CARTESIAN_POINT('',(2.907330158882,11.646271169594));
#1741 = CARTESIAN_POINT('',(2.971899427133,11.659322395279));
#1742 = CARTESIAN_POINT('',(3.03647154843,11.672374159753));
#1743 = CARTESIAN_POINT('',(3.204684109543,11.706374349798));
#1744 = CARTESIAN_POINT('',(3.308399590714,11.727337883595));
#1745 = CARTESIAN_POINT('',(3.412078028706,11.748293833392));
#1746 = CARTESIAN_POINT('',(3.515727466313,11.769243856104));
#1747 = CARTESIAN_POINT('',(3.619376907209,11.790193889889));
#1748 = CARTESIAN_POINT('',(3.723055353125,11.811149873164));
#1749 = CARTESIAN_POINT('',(3.826770842209,11.832113460495));
#1750 = CARTESIAN_POINT('',(4.015014778316,11.870162625229));
#1751 = CARTESIAN_POINT('',(4.09963632782,11.887266985948));
#1752 = CARTESIAN_POINT('',(4.184246865903,11.904369185632));
#1753 = CARTESIAN_POINT('',(4.268843663008,11.921468643324));
#1754 = CARTESIAN_POINT('',(4.353440447827,11.938568093852));
#1755 = CARTESIAN_POINT('',(4.438050958349,11.955670277275));
#1756 = CARTESIAN_POINT('',(4.522672492268,11.972774627961));
#1757 = CARTESIAN_POINT('',(4.650441951897,11.998600292614));
#1758 = CARTESIAN_POINT('',(4.693615399872,12.007326801614));
#1759 = CARTESIAN_POINT('',(4.73678852629,12.016053233568));
#1760 = CARTESIAN_POINT('',(4.77996120433,12.024779565704));
#1761 = CARTESIAN_POINT('',(4.823133885638,12.033505893485));
#1762 = CARTESIAN_POINT('',(4.866307031234,12.042232314884));
#1763 = CARTESIAN_POINT('',(4.909480542418,12.050958814657));
#1764 = CARTESIAN_POINT('',(5.021341227117,12.073568816799));
#1765 = CARTESIAN_POINT('',(5.090038304249,12.087454333995));
#1766 = CARTESIAN_POINT('',(5.158731591124,12.101339119898));
#1767 = CARTESIAN_POINT('',(5.227420010883,12.115222967759));
#1768 = CARTESIAN_POINT('',(5.296108424893,12.129106849029));
#1769 = CARTESIAN_POINT('',(5.364801746957,12.142991720419));
#1770 = CARTESIAN_POINT('',(5.433498988577,12.156877333391));
#1771 = CARTESIAN_POINT('',(5.59979273043,12.19048970007));
#1772 = CARTESIAN_POINT('',(5.697449380467,12.210228533323));
#1773 = CARTESIAN_POINT('',(5.795079056226,12.229961634024));
#1774 = CARTESIAN_POINT('',(5.892686441574,12.249690027111));
#1775 = CARTESIAN_POINT('',(5.990293758261,12.269418294572));
#1776 = CARTESIAN_POINT('',(6.087923255676,12.289151815957));
#1777 = CARTESIAN_POINT('',(6.185579726245,12.308892546191));
#1778 = CARTESIAN_POINT('',(6.28318530718,12.328621247754));
#1779 = ( GEOMETRIC_REPRESENTATION_CONTEXT(2) 
PARAMETRIC_REPRESENTATION_CONTEXT() REPRESENTATION_CONTEXT('2D SPACE',''
  ) );
#1780 = PCURVE('',#986,#1781);
#1781 = DEFINITIONAL_REPRESENTATION('',(#1782),#1855);
#1782 = B_SPLINE_CURVE_WITH_KNOTS('',8,(#1783,#1784,#1785,#1786,#1787,
    #1788,#1789,#1790,#1791,#1792,#1793,#1794,#1795,#1796,#1797,#1798,
    #1799,#1800,#1801,#1802,#1803,#1804,#1805,#1806,#1807,#1808,#1809,
    #1810,#1811,#1812,#1813,#1814,#1815,#1816,#1817,#1818,#1819,#1820,
    #1821,#1822,#1823,#1824,#1825,#1826,#1827,#1828,#1829,#1830,#1831,
    #1832,#1833,#1834,#1835,#1836,#1837,#1838,#1839,#1840,#1841,#1842,
    #1843,#1844,#1845,#1846,#1847,#1848,#1849,#1850,#1851,#1852,#1853,
    #1854),.UNSPECIFIED.,.F.,.F.,(9,7,7,7,7,7,7,7,7,7,9),(0.,
    0.162028093541,0.248667025829,0.340171077494,0.411307707917,
    0.493529944478,0.625521203279,0.733252766949,0.788231576623,
    0.875703309151,1.),.UNSPECIFIED.);
#1783 = CARTESIAN_POINT('',(6.410250927021,0.350169567994));
#1784 = CARTESIAN_POINT('',(6.28044325187,0.350169748016));
#1785 = CARTESIAN_POINT('',(6.150441368976,0.350169679155));
#1786 = CARTESIAN_POINT('',(6.020555871914,0.350169319235));
#1787 = CARTESIAN_POINT('',(5.890738308386,0.350168752462));
#1788 = CARTESIAN_POINT('',(5.760920604049,0.350168235105));
#1789 = CARTESIAN_POINT('',(5.631034599256,0.350167922867));
#1790 = CARTESIAN_POINT('',(5.50103238075,0.350167811128));
#1791 = CARTESIAN_POINT('',(5.301815697376,0.35016784344));
#1792 = CARTESIAN_POINT('',(5.232397283876,0.350167892554));
#1793 = CARTESIAN_POINT('',(5.162982652881,0.35016796952));
#1794 = CARTESIAN_POINT('',(5.093572773529,0.350168057745));
#1795 = CARTESIAN_POINT('',(5.024162883418,0.350168139592));
#1796 = CARTESIAN_POINT('',(4.954748212953,0.350168200666));
#1797 = CARTESIAN_POINT('',(4.885329707393,0.350168232808));
#1798 = CARTESIAN_POINT('',(4.742612141474,0.350168239039));
#1799 = CARTESIAN_POINT('',(4.669293558397,0.350168209788));
#1800 = CARTESIAN_POINT('',(4.595979997188,0.350168146978));
#1801 = CARTESIAN_POINT('',(4.522672620416,0.350168059582));
#1802 = CARTESIAN_POINT('',(4.449365115772,0.350167964581));
#1803 = CARTESIAN_POINT('',(4.37605119413,0.350167883114));
#1804 = CARTESIAN_POINT('',(4.302732223305,0.350167834845));
#1805 = CARTESIAN_POINT('',(4.17243485408,0.350167827213));
#1806 = CARTESIAN_POINT('',(4.115441454479,0.350167850529));
#1807 = CARTESIAN_POINT('',(4.058449440602,0.350167905832));
#1808 = CARTESIAN_POINT('',(4.001459160482,0.350167995842));
#1809 = CARTESIAN_POINT('',(3.94446881546,0.350168119344));
#1810 = CARTESIAN_POINT('',(3.887476624116,0.350168270875));
#1811 = CARTESIAN_POINT('',(3.830483002959,0.35016844142));
#1812 = CARTESIAN_POINT('',(3.707621427399,0.350168826674));
#1813 = CARTESIAN_POINT('',(3.641743435769,0.350169044084));
#1814 = CARTESIAN_POINT('',(3.575868386064,0.350169255912));
#1815 = CARTESIAN_POINT('',(3.509997009642,0.350169441488));
#1816 = CARTESIAN_POINT('',(3.444125619462,0.350169580996));
#1817 = CARTESIAN_POINT('',(3.378250544891,0.350169659476));
#1818 = CARTESIAN_POINT('',(3.312372554021,0.350169669736));
#1819 = CARTESIAN_POINT('',(3.140758158971,0.350169525003));
#1820 = CARTESIAN_POINT('',(3.034945196345,0.350169265822));
#1821 = CARTESIAN_POINT('',(2.929170049719,0.350168845855));
#1822 = CARTESIAN_POINT('',(2.823424539953,0.350168328906));
#1823 = CARTESIAN_POINT('',(2.717679077756,0.350167847824));
#1824 = CARTESIAN_POINT('',(2.611904042991,0.350167525216));
#1825 = CARTESIAN_POINT('',(2.506091185703,0.350167396224));
#1826 = CARTESIAN_POINT('',(2.314040416937,0.350167456039));
#1827 = CARTESIAN_POINT('',(2.227707538877,0.350167589763));
#1828 = CARTESIAN_POINT('',(2.141385842305,0.350167818401));
#1829 = CARTESIAN_POINT('',(2.055078103598,0.350168087884));
#1830 = CARTESIAN_POINT('',(1.968770327975,0.350168332034));
#1831 = CARTESIAN_POINT('',(1.882448532443,0.350168497914));
#1832 = CARTESIAN_POINT('',(1.796115517102,0.350168566492));
#1833 = CARTESIAN_POINT('',(1.665761989315,0.350168569717));
#1834 = CARTESIAN_POINT('',(1.621715396446,0.350168553316));
#1835 = CARTESIAN_POINT('',(1.577669150617,0.350168522407));
#1836 = CARTESIAN_POINT('',(1.533623384415,0.350168483109));
#1837 = CARTESIAN_POINT('',(1.489577638859,0.350168443349));
#1838 = CARTESIAN_POINT('',(1.445531443664,0.350168411524));
#1839 = CARTESIAN_POINT('',(1.401484897501,0.350168395168));
#1840 = CARTESIAN_POINT('',(1.287362262753,0.350168406692));
#1841 = CARTESIAN_POINT('',(1.217276097028,0.350168466669));
#1842 = CARTESIAN_POINT('',(1.147193827206,0.350168597621));
#1843 = CARTESIAN_POINT('',(1.077116520277,0.350168807678));
#1844 = CARTESIAN_POINT('',(1.007039178122,0.350169063982));
#1845 = CARTESIAN_POINT('',(0.936956753511,0.350169290859));
#1846 = CARTESIAN_POINT('',(0.866870238095,0.350169397196));
#1847 = CARTESIAN_POINT('',(0.697213328246,0.350169241845));
#1848 = CARTESIAN_POINT('',(0.597581479122,0.35016881241));
#1849 = CARTESIAN_POINT('',(0.497977073211,0.350167865917));
#1850 = CARTESIAN_POINT('',(0.398395336366,0.350166540747));
#1851 = CARTESIAN_POINT('',(0.298814033072,0.350165146056));
#1852 = CARTESIAN_POINT('',(0.199210591587,0.350165270003));
#1853 = CARTESIAN_POINT('',(9.957947125222E-02,0.350168412517));
#1854 = CARTESIAN_POINT('',(0.,0.350168412518));
#1855 = ( GEOMETRIC_REPRESENTATION_CONTEXT(2) 
PARAMETRIC_REPRESENTATION_CONTEXT() REPRESENTATION_CONTEXT('2D SPACE',''
  ) );
#1856 = ORIENTED_EDGE('',*,*,#1857,.F.);
#1857 = EDGE_CURVE('',#1129,#1628,#1858,.T.);
#1858 = SURFACE_CURVE('',#1859,(#1863,#1870),.PCURVE_S1.);
#1859 = LINE('',#1860,#1861);
#1860 = CARTESIAN_POINT('',(3.075,-7.531577814756E-16,-16.66875));
#1861 = VECTOR('',#1862,1.);
#1862 = DIRECTION('',(0.,0.,1.));
#1863 = PCURVE('',#770,#1864);
#1864 = DEFINITIONAL_REPRESENTATION('',(#1865),#1869);
#1865 = LINE('',#1866,#1867);
#1866 = CARTESIAN_POINT('',(0.,-0.));
#1867 = VECTOR('',#1868,1.);
#1868 = DIRECTION('',(0.,1.));
#1869 = ( GEOMETRIC_REPRESENTATION_CONTEXT(2) 
PARAMETRIC_REPRESENTATION_CONTEXT() REPRESENTATION_CONTEXT('2D SPACE',''
  ) );
#1870 = PCURVE('',#1282,#1871);
#1871 = DEFINITIONAL_REPRESENTATION('',(#1872),#1876);
#1872 = LINE('',#1873,#1874);
#1873 = CARTESIAN_POINT('',(6.28318530718,-0.));
#1874 = VECTOR('',#1875,1.);
#1875 = DIRECTION('',(0.,1.));
#1876 = ( GEOMETRIC_REPRESENTATION_CONTEXT(2) 
PARAMETRIC_REPRESENTATION_CONTEXT() REPRESENTATION_CONTEXT('2D SPACE',''
  ) );
#1877 = ORIENTED_EDGE('',*,*,#1363,.T.);
#1878 = ADVANCED_FACE('',(#1879),#1282,.T.);
#1879 = FACE_BOUND('',#1880,.T.);
#1880 = EDGE_LOOP('',(#1881,#1882,#2118,#2144));
#1881 = ORIENTED_EDGE('',*,*,#1857,.T.);
#1882 = ORIENTED_EDGE('',*,*,#1883,.F.);
#1883 = EDGE_CURVE('',#1884,#1628,#1886,.T.);
#1884 = VERTEX_POINT('',#1885);
#1885 = CARTESIAN_POINT('',(3.075,-7.531577814756E-16,-6.880128102044));
#1886 = SURFACE_CURVE('',#1887,(#1962,#2040),.PCURVE_S1.);
#1887 = B_SPLINE_CURVE_WITH_KNOTS('',7,(#1888,#1889,#1890,#1891,#1892,
    #1893,#1894,#1895,#1896,#1897,#1898,#1899,#1900,#1901,#1902,#1903,
    #1904,#1905,#1906,#1907,#1908,#1909,#1910,#1911,#1912,#1913,#1914,
    #1915,#1916,#1917,#1918,#1919,#1920,#1921,#1922,#1923,#1924,#1925,
    #1926,#1927,#1928,#1929,#1930,#1931,#1932,#1933,#1934,#1935,#1936,
    #1937,#1938,#1939,#1940,#1941,#1942,#1943,#1944,#1945,#1946,#1947,
    #1948,#1949,#1950,#1951,#1952,#1953,#1954,#1955,#1956,#1957,#1958,
    #1959,#1960,#1961),.UNSPECIFIED.,.F.,.F.,(8,6,6,6,6,6,6,6,6,6,6,6,8)
  ,(0.,0.125589113827,0.231788563081,0.291509582611,0.372744264643,
    0.455623660565,0.519950143163,0.58546194555,0.631737911661,
    0.715518253788,0.767879028945,0.878730931328,1.),.UNSPECIFIED.);
#1888 = CARTESIAN_POINT('',(3.075,-8.881784197001E-16,-6.880128102044));
#1889 = CARTESIAN_POINT('',(3.075000000004,0.346606397463,
    -6.857344956263));
#1890 = CARTESIAN_POINT('',(3.029419032564,0.693432461136,
    -6.834547476883));
#1891 = CARTESIAN_POINT('',(2.938159902651,1.032882160017,-6.81176220979
    ));
#1892 = CARTESIAN_POINT('',(2.80283041802,1.357855263555,-6.788980323558
    ));
#1893 = CARTESIAN_POINT('',(2.626181433313,1.661745878931,
    -6.766195001226));
#1894 = CARTESIAN_POINT('',(2.412120050728,1.938411157719,
    -6.743397430294));
#1895 = CARTESIAN_POINT('',(1.958074499156,2.389031872299,
    -6.701348444108));
#1896 = CARTESIAN_POINT('',(1.727014661262,2.572429205779,
    -6.682076392303));
#1897 = CARTESIAN_POINT('',(1.476114565572,2.729547411685,
    -6.662808804285));
#1898 = CARTESIAN_POINT('',(1.208988012005,2.857917258209,
    -6.643544093124));
#1899 = CARTESIAN_POINT('',(0.929552998566,2.955656030976,
    -6.624276532693));
#1900 = CARTESIAN_POINT('',(0.641994797491,3.021485079315,
    -6.605004492322));
#1901 = CARTESIAN_POINT('',(0.187068997932,3.073726755429,
    -6.574904605112));
#1902 = CARTESIAN_POINT('',(2.214244701244E-02,3.082291578169,
    -6.564070165042));
#1903 = CARTESIAN_POINT('',(-0.143187803654,3.080526861656,
    -6.55323599048));
#1904 = CARTESIAN_POINT('',(-0.308146562179,3.068418859041,
    -6.542401984551));
#1905 = CARTESIAN_POINT('',(-0.471962791303,3.04602412716,
    -6.531567810336));
#1906 = CARTESIAN_POINT('',(-0.63387149103,3.013469425579,
    -6.520733373835));
#1907 = CARTESIAN_POINT('',(-1.009726250867,2.913132619472,
    -6.49516242476));
#1908 = CARTESIAN_POINT('',(-1.22144252172,2.83687546893,-6.480423852314
    ));
#1909 = CARTESIAN_POINT('',(-1.426338082129,2.742693284811,
    -6.46568644044));
#1910 = CARTESIAN_POINT('',(-1.622609332483,2.631339149093,
    -6.450949745345));
#1911 = CARTESIAN_POINT('',(-1.808564467281,2.503772910942,
    -6.436212262761));
#1912 = CARTESIAN_POINT('',(-1.982631846965,2.361156432371,
    -6.421473619131));
#1913 = CARTESIAN_POINT('',(-2.307399166806,2.04544707883,
    -6.391701455627));
#1914 = CARTESIAN_POINT('',(-2.457594836155,1.871756555478,
    -6.376664381786));
#1915 = CARTESIAN_POINT('',(-2.592449970384,1.685282621032,
    -6.361628742645));
#1916 = CARTESIAN_POINT('',(-2.710688470028,1.487663320328,
    -6.346594146336));
#1917 = CARTESIAN_POINT('',(-2.811249834582,1.28067135704,
    -6.331558793137));
#1918 = CARTESIAN_POINT('',(-2.893294395699,1.066204887871,
    -6.316521940124));
#1919 = CARTESIAN_POINT('',(-3.005107847639,0.675625410253,
    -6.289816994325));
#1920 = CARTESIAN_POINT('',(-3.042474629207,0.501649339526,
    -6.278146705396));
#1921 = CARTESIAN_POINT('',(-3.068075580344,0.325316502659,
    -6.266476412559));
#1922 = CARTESIAN_POINT('',(-3.081742703999,0.14758177601,
    -6.254806069385));
#1923 = CARTESIAN_POINT('',(-3.083402003607,-3.059174476242E-02,
    -6.243135940947));
#1924 = CARTESIAN_POINT('',(-3.073073570698,-0.208235437982,
    -6.231466505869));
#1925 = CARTESIAN_POINT('',(-3.028281078905,-0.563763358299,
    -6.207912924179));
#1926 = CARTESIAN_POINT('',(-2.993373708298,-0.741608259723,
    -6.196027984231));
#1927 = CARTESIAN_POINT('',(-2.94628719505,-0.916882808611,
    -6.184143146451));
#1928 = CARTESIAN_POINT('',(-2.887256925267,-1.088590737942,
    -6.172258329332));
#1929 = CARTESIAN_POINT('',(-2.816614575633,-1.255767221573,
    -6.160373135325));
#1930 = CARTESIAN_POINT('',(-2.734787146292,-1.417481778066,
    -6.148487497158));
#1931 = CARTESIAN_POINT('',(-2.576980559825,-1.682589549205,
    -6.128207165734));
#1932 = CARTESIAN_POINT('',(-2.506335986426,-1.789169893843,
    -6.11981179777));
#1933 = CARTESIAN_POINT('',(-2.430558275342,-1.892274731335,
    -6.111416538109));
#1934 = CARTESIAN_POINT('',(-2.349853690728,-1.991608627745,
    -6.103021363822));
#1935 = CARTESIAN_POINT('',(-2.264449067963,-2.086892316931,
    -6.094626187186));
#1936 = CARTESIAN_POINT('',(-2.174591516323,-2.177863178371,
    -6.086230989411));
#1937 = CARTESIAN_POINT('',(-1.910287218597,-2.420721327906,
    -6.062637159648));
#1938 = CARTESIAN_POINT('',(-1.726279209067,-2.562251193973,
    -6.04743649921));
#1939 = CARTESIAN_POINT('',(-1.530130017009,-2.687377209703,
    -6.032237295993));
#1940 = CARTESIAN_POINT('',(-1.323605372985,-2.79488152592,
    -6.017038983715));
#1941 = CARTESIAN_POINT('',(-1.108598121651,-2.883778953625,
    -6.001839727726));
#1942 = CARTESIAN_POINT('',(-0.887118105511,-2.953322016464,
    -5.986639006973));
#1943 = CARTESIAN_POINT('',(-0.52017642494,-3.034126644945,
    -5.961941227552));
#1944 = CARTESIAN_POINT('',(-0.377340042183,-3.057467655064,
    -5.952441996802));
#1945 = CARTESIAN_POINT('',(-0.233310316254,-3.072958281827,
    -5.942942856375));
#1946 = CARTESIAN_POINT('',(-8.860550893527E-02,-3.080528371264,
    -5.933443806554));
#1947 = CARTESIAN_POINT('',(5.625376576447E-02,-3.080150826316,
    -5.923944697845));
#1948 = CARTESIAN_POINT('',(0.200745611598,-3.071841419394,
    -5.914445472504));
#1949 = CARTESIAN_POINT('',(0.64836536507,-3.021398306789,
    -5.884836131073));
#1950 = CARTESIAN_POINT('',(0.94852354531,-2.951835433343,-5.86471811584
    ));
#1951 = CARTESIAN_POINT('',(1.239688842261,-2.847501462818,
    -5.844606506068));
#1952 = CARTESIAN_POINT('',(1.51709794384,-2.709890304339,
    -5.824497122931));
#1953 = CARTESIAN_POINT('',(1.776335637939,-2.541193346114,
    -5.804385569312));
#1954 = CARTESIAN_POINT('',(2.013330862482,-2.344296103813,
    -5.784267479712));
#1955 = CARTESIAN_POINT('',(2.455622171327,-1.880841216124,
    -5.742157147612));
#1956 = CARTESIAN_POINT('',(2.656073135844,-1.609238228923,
    -5.72014483613));
#1957 = CARTESIAN_POINT('',(2.821143271076,-1.313034034613,
    -5.698142511919));
#1958 = CARTESIAN_POINT('',(2.947417603333,-0.997816171688,
    -5.676143075762));
#1959 = CARTESIAN_POINT('',(3.032499001068,-0.669568857829,
    -5.654140673543));
#1960 = CARTESIAN_POINT('',(3.075,-0.334691835973,-5.632128235105));
#1961 = CARTESIAN_POINT('',(3.075,-8.881784197001E-16,-5.610128081739));
#1962 = PCURVE('',#1282,#1963);
#1963 = DEFINITIONAL_REPRESENTATION('',(#1964),#2039);
#1964 = B_SPLINE_CURVE_WITH_KNOTS('',7,(#1965,#1966,#1967,#1968,#1969,
    #1970,#1971,#1972,#1973,#1974,#1975,#1976,#1977,#1978,#1979,#1980,
    #1981,#1982,#1983,#1984,#1985,#1986,#1987,#1988,#1989,#1990,#1991,
    #1992,#1993,#1994,#1995,#1996,#1997,#1998,#1999,#2000,#2001,#2002,
    #2003,#2004,#2005,#2006,#2007,#2008,#2009,#2010,#2011,#2012,#2013,
    #2014,#2015,#2016,#2017,#2018,#2019,#2020,#2021,#2022,#2023,#2024,
    #2025,#2026,#2027,#2028,#2029,#2030,#2031,#2032,#2033,#2034,#2035,
    #2036,#2037,#2038),.UNSPECIFIED.,.F.,.F.,(8,6,6,6,6,6,6,6,6,6,6,6,8)
  ,(0.,0.125589113827,0.231788563081,0.291509582611,0.372744264643,
    0.455623660565,0.519950143163,0.58546194555,0.631737911661,
    0.715518253788,0.767879028945,0.878730931328,1.),.UNSPECIFIED.);
#1965 = CARTESIAN_POINT('',(0.,9.788621897956));
#1966 = CARTESIAN_POINT('',(0.11271752763,9.811405043737));
#1967 = CARTESIAN_POINT('',(0.225506542691,9.834202523117));
#1968 = CARTESIAN_POINT('',(0.338235653243,9.85698779021));
#1969 = CARTESIAN_POINT('',(0.450948233872,9.879769676442));
#1970 = CARTESIAN_POINT('',(0.563677362316,9.902554998774));
#1971 = CARTESIAN_POINT('',(0.676466382428,9.925352569706));
#1972 = CARTESIAN_POINT('',(0.884498979342,9.967401555892));
#1973 = CARTESIAN_POINT('',(0.97984483318,9.986673607697));
#1974 = CARTESIAN_POINT('',(1.075168194421,10.005941195715));
#1975 = CARTESIAN_POINT('',(1.170477179006,10.025205906876));
#1976 = CARTESIAN_POINT('',(1.265800442206,10.044473467307));
#1977 = CARTESIAN_POINT('',(1.361146264615,10.063745507678));
#1978 = CARTESIAN_POINT('',(1.510061899471,10.093845394888));
#1979 = CARTESIAN_POINT('',(1.563664113689,10.104679834958));
#1980 = CARTESIAN_POINT('',(1.617265107693,10.11551400952));
#1981 = CARTESIAN_POINT('',(1.67086532965,10.126348015449));
#1982 = CARTESIAN_POINT('',(1.724466396884,10.137182189664));
#1983 = CARTESIAN_POINT('',(1.778068720577,10.148016626165));
#1984 = CARTESIAN_POINT('',(1.904578334497,10.17358757524));
#1985 = CARTESIAN_POINT('',(1.977495750652,10.188326147686));
#1986 = CARTESIAN_POINT('',(2.050407207197,10.20306355956));
#1987 = CARTESIAN_POINT('',(2.123314857268,10.217800254655));
#1988 = CARTESIAN_POINT('',(2.196226301721,10.232537737239));
#1989 = CARTESIAN_POINT('',(2.269143703829,10.247276380869));
#1990 = CARTESIAN_POINT('',(2.416438236447,10.277048544373));
#1991 = CARTESIAN_POINT('',(2.490832982927,10.292085618214));
#1992 = CARTESIAN_POINT('',(2.565221232414,10.307121257355));
#1993 = CARTESIAN_POINT('',(2.639605225546,10.322155853664));
#1994 = CARTESIAN_POINT('',(2.713993361948,10.337191206863));
#1995 = CARTESIAN_POINT('',(2.788388128263,10.352228059876));
#1996 = CARTESIAN_POINT('',(2.920508158685,10.378933005675));
#1997 = CARTESIAN_POINT('',(2.97824518096,10.390603294604));
#1998 = CARTESIAN_POINT('',(3.035980396968,10.402273587441));
#1999 = CARTESIAN_POINT('',(3.093714362865,10.413943930615));
#2000 = CARTESIAN_POINT('',(3.151449473292,10.425614059053));
#2001 = CARTESIAN_POINT('',(3.209186500142,10.437283494131));
#2002 = CARTESIAN_POINT('',(3.325719340617,10.460837075821));
#2003 = CARTESIAN_POINT('',(3.384520432723,10.472722015769));
#2004 = CARTESIAN_POINT('',(3.443319436046,10.484606853549));
#2005 = CARTESIAN_POINT('',(3.502117125302,10.496491670668));
#2006 = CARTESIAN_POINT('',(3.56091613815,10.508376864675));
#2007 = CARTESIAN_POINT('',(3.619717224112,10.520262502842));
#2008 = CARTESIAN_POINT('',(3.720049173155,10.540542834266));
#2009 = CARTESIAN_POINT('',(3.761583278984,10.54893820223));
#2010 = CARTESIAN_POINT('',(3.803117042783,10.557333461891));
#2011 = CARTESIAN_POINT('',(3.844650626892,10.565728636178));
#2012 = CARTESIAN_POINT('',(3.886184470635,10.574123812814));
#2013 = CARTESIAN_POINT('',(3.927718641304,10.582519010589));
#2014 = CARTESIAN_POINT('',(4.044446606885,10.606112840352));
#2015 = CARTESIAN_POINT('',(4.119650846179,10.62131350079));
#2016 = CARTESIAN_POINT('',(4.194848211227,10.636512704007));
#2017 = CARTESIAN_POINT('',(4.270041102989,10.651711016285));
#2018 = CARTESIAN_POINT('',(4.345238367453,10.666910272274));
#2019 = CARTESIAN_POINT('',(4.420442590699,10.682110993027));
#2020 = CARTESIAN_POINT('',(4.542632312999,10.706808772448));
#2021 = CARTESIAN_POINT('',(4.589628693491,10.716308003198));
#2022 = CARTESIAN_POINT('',(4.636624559894,10.725807143625));
#2023 = CARTESIAN_POINT('',(4.683619941669,10.735306193446));
#2024 = CARTESIAN_POINT('',(4.730615612842,10.744805302155));
#2025 = CARTESIAN_POINT('',(4.777611888779,10.754304527496));
#2026 = CARTESIAN_POINT('',(4.924100685908,10.783913868927));
#2027 = CARTESIAN_POINT('',(5.023632442989,10.80403188416));
#2028 = CARTESIAN_POINT('',(5.123132879746,10.824143493932));
#2029 = CARTESIAN_POINT('',(5.222622636564,10.844252877069));
#2030 = CARTESIAN_POINT('',(5.322123071495,10.864364430688));
#2031 = CARTESIAN_POINT('',(5.421655529172,10.884482520288));
#2032 = CARTESIAN_POINT('',(5.629991817977,10.926592852388));
#2033 = CARTESIAN_POINT('',(5.738894860283,10.94860516387));
#2034 = CARTESIAN_POINT('',(5.847747908147,10.970607488081));
#2035 = CARTESIAN_POINT('',(5.956586227046,10.992606924238));
#2036 = CARTESIAN_POINT('',(6.065439299183,11.014609326457));
#2037 = CARTESIAN_POINT('',(6.174342433692,11.036621764895));
#2038 = CARTESIAN_POINT('',(6.28318530718,11.058621918261));
#2039 = ( GEOMETRIC_REPRESENTATION_CONTEXT(2) 
PARAMETRIC_REPRESENTATION_CONTEXT() REPRESENTATION_CONTEXT('2D SPACE',''
  ) );
#2040 = PCURVE('',#986,#2041);
#2041 = DEFINITIONAL_REPRESENTATION('',(#2042),#2117);
#2042 = B_SPLINE_CURVE_WITH_KNOTS('',7,(#2043,#2044,#2045,#2046,#2047,
    #2048,#2049,#2050,#2051,#2052,#2053,#2054,#2055,#2056,#2057,#2058,
    #2059,#2060,#2061,#2062,#2063,#2064,#2065,#2066,#2067,#2068,#2069,
    #2070,#2071,#2072,#2073,#2074,#2075,#2076,#2077,#2078,#2079,#2080,
    #2081,#2082,#2083,#2084,#2085,#2086,#2087,#2088,#2089,#2090,#2091,
    #2092,#2093,#2094,#2095,#2096,#2097,#2098,#2099,#2100,#2101,#2102,
    #2103,#2104,#2105,#2106,#2107,#2108,#2109,#2110,#2111,#2112,#2113,
    #2114,#2115,#2116),.UNSPECIFIED.,.F.,.F.,(8,6,6,6,6,6,6,6,6,6,6,6,8)
  ,(0.,0.125589113827,0.231788563081,0.291509582611,0.372744264643,
    0.455623660565,0.519950143163,0.58546194555,0.631737911661,
    0.715518253788,0.767879028945,0.878730931328,1.),.UNSPECIFIED.);
#2043 = CARTESIAN_POINT('',(12.8205020078,0.350169567448));
#2044 = CARTESIAN_POINT('',(12.705504947347,0.35016940797));
#2045 = CARTESIAN_POINT('',(12.590434962694,0.350169052355));
#2046 = CARTESIAN_POINT('',(12.475426135163,0.350168517875));
#2047 = CARTESIAN_POINT('',(12.360434241257,0.350167953281));
#2048 = CARTESIAN_POINT('',(12.245425506717,0.350167551036));
#2049 = CARTESIAN_POINT('',(12.130355637205,0.350167392923));
#2050 = CARTESIAN_POINT('',(11.91811602377,0.35016746001));
#2051 = CARTESIAN_POINT('',(11.820841953708,0.350167629238));
#2052 = CARTESIAN_POINT('',(11.72359075943,0.350167918093));
#2053 = CARTESIAN_POINT('',(11.626354150305,0.350168229267));
#2054 = CARTESIAN_POINT('',(11.5291029268,0.35016845972));
#2055 = CARTESIAN_POINT('',(11.431828710559,0.350168558265));
#2056 = CARTESIAN_POINT('',(11.279901328285,0.350168573537));
#2057 = CARTESIAN_POINT('',(11.22521505719,0.350168550544));
#2058 = CARTESIAN_POINT('',(11.170530061681,0.350168505174));
#2059 = CARTESIAN_POINT('',(11.115845891382,0.350168450805));
#2060 = CARTESIAN_POINT('',(11.061160898156,0.35016840562));
#2061 = CARTESIAN_POINT('',(11.006474658139,0.350168387155));
#2062 = CARTESIAN_POINT('',(10.877406896822,0.350168426586));
#2063 = CARTESIAN_POINT('',(10.803015066026,0.350168514843));
#2064 = CARTESIAN_POINT('',(10.728629338743,0.35016868824));
#2065 = CARTESIAN_POINT('',(10.654247472723,0.350168946004));
#2066 = CARTESIAN_POINT('',(10.579861663406,0.350169214689));
#2067 = CARTESIAN_POINT('',(10.505469671804,0.350169371757));
#2068 = CARTESIAN_POINT('',(10.355196256026,0.350169317762));
#2069 = CARTESIAN_POINT('',(10.279296856098,0.350169093763));
#2070 = CARTESIAN_POINT('',(10.203403998168,0.350168627248));
#2071 = CARTESIAN_POINT('',(10.127515453142,0.350167831147));
#2072 = CARTESIAN_POINT('',(10.051622750794,0.35016691823));
#2073 = CARTESIAN_POINT('',(9.975723437041,0.350166337704));
#2074 = CARTESIAN_POINT('',(9.840931623683,0.350166283648));
#2075 = CARTESIAN_POINT('',(9.782027030827,0.350166460557));
#2076 = CARTESIAN_POINT('',(9.723124538592,0.350167372518));
#2077 = CARTESIAN_POINT('',(9.664223078785,0.350168730469));
#2078 = CARTESIAN_POINT('',(9.605320223743,0.350169228996));
#2079 = CARTESIAN_POINT('',(9.546415698086,0.350167935147));
#2080 = CARTESIAN_POINT('',(9.427526429581,0.350166570064));
#2081 = CARTESIAN_POINT('',(9.367536330654,0.350166030216));
#2082 = CARTESIAN_POINT('',(9.307548310329,0.350166032179));
#2083 = CARTESIAN_POINT('',(9.247561534433,0.350166429393));
#2084 = CARTESIAN_POINT('',(9.187573318158,0.350166986747));
#2085 = CARTESIAN_POINT('',(9.127582939793,0.350167571758));
#2086 = CARTESIAN_POINT('',(9.025221680407,0.350168449324));
#2087 = CARTESIAN_POINT('',(8.982847499373,0.350168778465));
#2088 = CARTESIAN_POINT('',(8.940473672292,0.350169040802));
#2089 = CARTESIAN_POINT('',(8.898100045029,0.350169223024));
#2090 = CARTESIAN_POINT('',(8.855726178221,0.350169326314));
#2091 = CARTESIAN_POINT('',(8.813352008188,0.350169361474));
#2092 = CARTESIAN_POINT('',(8.6942633865,0.350169312551));
#2093 = CARTESIAN_POINT('',(8.617538348137,0.350169107751));
#2094 = CARTESIAN_POINT('',(8.540820427271,0.350168820533));
#2095 = CARTESIAN_POINT('',(8.464107130731,0.350168577469));
#2096 = CARTESIAN_POINT('',(8.387389376939,0.350168440511));
#2097 = CARTESIAN_POINT('',(8.310664482817,0.35016839125));
#2098 = CARTESIAN_POINT('',(8.186003920713,0.350168405123));
#2099 = CARTESIAN_POINT('',(8.138057187302,0.350168432905));
#2100 = CARTESIAN_POINT('',(8.090110950051,0.350168474643));
#2101 = CARTESIAN_POINT('',(8.042165177721,0.350168519014));
#2102 = CARTESIAN_POINT('',(7.994219082625,0.350168554532));
#2103 = CARTESIAN_POINT('',(7.946272347382,0.350168572214));
#2104 = CARTESIAN_POINT('',(7.796820886534,0.350168559821));
#2105 = CARTESIAN_POINT('',(7.695276071444,0.350168453818));
#2106 = CARTESIAN_POINT('',(7.59376318619,0.350168208679));
#2107 = CARTESIAN_POINT('',(7.492261254599,0.350167864688));
#2108 = CARTESIAN_POINT('',(7.390748522396,0.350167574352));
#2109 = CARTESIAN_POINT('',(7.28920319623,0.350167421301));
#2110 = CARTESIAN_POINT('',(7.076653774307,0.350167429955));
#2111 = CARTESIAN_POINT('',(6.965548470289,0.350167622425));
#2112 = CARTESIAN_POINT('',(6.854494192677,0.350168028524));
#2113 = CARTESIAN_POINT('',(6.743454900492,0.350168576114));
#2114 = CARTESIAN_POINT('',(6.632400493383,0.35016907382));
#2115 = CARTESIAN_POINT('',(6.521294974635,0.350169413995));
#2116 = CARTESIAN_POINT('',(6.410250927021,0.350169567994));
#2117 = ( GEOMETRIC_REPRESENTATION_CONTEXT(2) 
PARAMETRIC_REPRESENTATION_CONTEXT() REPRESENTATION_CONTEXT('2D SPACE',''
  ) );
#2118 = ORIENTED_EDGE('',*,*,#2119,.F.);
#2119 = EDGE_CURVE('',#1051,#1884,#2120,.T.);
#2120 = SURFACE_CURVE('',#2121,(#2125,#2132),.PCURVE_S1.);
#2121 = LINE('',#2122,#2123);
#2122 = CARTESIAN_POINT('',(3.075,-7.531577814756E-16,-16.66875));
#2123 = VECTOR('',#2124,1.);
#2124 = DIRECTION('',(0.,0.,1.));
#2125 = PCURVE('',#1282,#2126);
#2126 = DEFINITIONAL_REPRESENTATION('',(#2127),#2131);
#2127 = LINE('',#2128,#2129);
#2128 = CARTESIAN_POINT('',(0.,-0.));
#2129 = VECTOR('',#2130,1.);
#2130 = DIRECTION('',(0.,1.));
#2131 = ( GEOMETRIC_REPRESENTATION_CONTEXT(2) 
PARAMETRIC_REPRESENTATION_CONTEXT() REPRESENTATION_CONTEXT('2D SPACE',''
  ) );
#2132 = PCURVE('',#2133,#2138);
#2133 = CYLINDRICAL_SURFACE('',#2134,3.075);
#2134 = AXIS2_PLACEMENT_3D('',#2135,#2136,#2137);
#2135 = CARTESIAN_POINT('',(0.,0.,-16.66875));
#2136 = DIRECTION('',(0.,0.,1.));
#2137 = DIRECTION('',(1.,0.,-0.));
#2138 = DEFINITIONAL_REPRESENTATION('',(#2139),#2143);
#2139 = LINE('',#2140,#2141);
#2140 = CARTESIAN_POINT('',(6.28318530718,-0.));
#2141 = VECTOR('',#2142,1.);
#2142 = DIRECTION('',(0.,1.));
#2143 = ( GEOMETRIC_REPRESENTATION_CONTEXT(2) 
PARAMETRIC_REPRESENTATION_CONTEXT() REPRESENTATION_CONTEXT('2D SPACE',''
  ) );
#2144 = ORIENTED_EDGE('',*,*,#1128,.T.);
#2145 = ADVANCED_FACE('',(#2146),#1065,.F.);
#2146 = FACE_BOUND('',#2147,.F.);
#2147 = EDGE_LOOP('',(#2148,#2149,#2254,#2332,#2588,#2829));
#2148 = ORIENTED_EDGE('',*,*,#1050,.F.);
#2149 = ORIENTED_EDGE('',*,*,#2150,.T.);
#2150 = EDGE_CURVE('',#946,#2151,#2153,.T.);
#2151 = VERTEX_POINT('',#2152);
#2152 = CARTESIAN_POINT('',(2.250110802944,3.306709191063E-15,-11.58875)
  );
#2153 = SURFACE_CURVE('',#2154,(#2183,#2190),.PCURVE_S1.);
#2154 = B_SPLINE_CURVE_WITH_KNOTS('',14,(#2155,#2156,#2157,#2158,#2159,
    #2160,#2161,#2162,#2163,#2164,#2165,#2166,#2167,#2168,#2169,#2170,
    #2171,#2172,#2173,#2174,#2175,#2176,#2177,#2178,#2179,#2180,#2181,
    #2182),.UNSPECIFIED.,.F.,.F.,(15,13,15),(0.,9.615376467399,
    19.230752934797),.UNSPECIFIED.);
#2155 = CARTESIAN_POINT('',(2.250110802944,-3.552713678801E-15,-7.77875)
  );
#2156 = CARTESIAN_POINT('',(2.250110802943,-1.514771050349,
    -7.91482142857));
#2157 = CARTESIAN_POINT('',(1.151796741378,-3.029567681241,
    -8.050892857148));
#2158 = CARTESIAN_POINT('',(-1.043340588117,-3.681546416912,
    -8.186964285697));
#2159 = CARTESIAN_POINT('',(-3.604804934269,-2.610417242541,
    -8.323035714328));
#2160 = CARTESIAN_POINT('',(-5.02254449393,0.359954596004,
    -8.459107142779));
#2161 = CARTESIAN_POINT('',(-3.897992832761,3.967342962522,
    -8.595178571544));
#2162 = CARTESIAN_POINT('',(-3.934630399272E-11,5.855684350973,
    -8.731249999863));
#2163 = CARTESIAN_POINT('',(3.897992832833,3.96734296252,-8.867321428701
    ));
#2164 = CARTESIAN_POINT('',(5.022544493875,0.359954596006,
    -9.003392857044));
#2165 = CARTESIAN_POINT('',(3.604804934303,-2.610417242543,
    -9.139464285774));
#2166 = CARTESIAN_POINT('',(1.0433405881,-3.681546416911,-9.275535714258
    ));
#2167 = CARTESIAN_POINT('',(-1.151796741372,-3.029567681241,
    -9.411607142866));
#2168 = CARTESIAN_POINT('',(-2.250110802944,-1.514771050349,
    -9.547678571428));
#2169 = CARTESIAN_POINT('',(-2.250110802944,1.514771050349,
    -9.819821428571));
#2170 = CARTESIAN_POINT('',(-1.151796741371,3.02956768124,
    -9.955892857149));
#2171 = CARTESIAN_POINT('',(1.043340588099,3.681546416916,
    -10.09196428569));
#2172 = CARTESIAN_POINT('',(3.604804934306,2.610417242533,
    -10.22803571433));
#2173 = CARTESIAN_POINT('',(5.02254449387,-0.35995459599,-10.36410714277
    ));
#2174 = CARTESIAN_POINT('',(3.897992832838,-3.967342962539,
    -10.50017857153));
#2175 = CARTESIAN_POINT('',(-4.15887950905E-11,-5.855684350955,
    -10.63624999988));
#2176 = CARTESIAN_POINT('',(-3.897992832764,-3.967342962536,
    -10.77232142866));
#2177 = CARTESIAN_POINT('',(-5.022544493923,-0.359954595994,
    -10.90839285707));
#2178 = CARTESIAN_POINT('',(-3.604804934276,2.610417242536,
    -11.04446428575));
#2179 = CARTESIAN_POINT('',(-1.043340588112,3.681546416915,
    -11.18053571426));
#2180 = CARTESIAN_POINT('',(1.151796741375,3.02956768124,-11.31660714286
    ));
#2181 = CARTESIAN_POINT('',(2.250110802944,1.514771050349,
    -11.45267857142));
#2182 = CARTESIAN_POINT('',(2.250110802944,-1.33226762955E-15,-11.58875)
  );
#2183 = PCURVE('',#1065,#2184);
#2184 = DEFINITIONAL_REPRESENTATION('',(#2185),#2189);
#2185 = LINE('',#2186,#2187);
#2186 = CARTESIAN_POINT('',(0.,0.));
#2187 = VECTOR('',#2188,1.);
#2188 = DIRECTION('',(1.,0.));
#2189 = ( GEOMETRIC_REPRESENTATION_CONTEXT(2) 
PARAMETRIC_REPRESENTATION_CONTEXT() REPRESENTATION_CONTEXT('2D SPACE',''
  ) );
#2190 = PCURVE('',#2191,#2248);
#2191 = B_SPLINE_SURFACE_WITH_KNOTS('',14,1,(
    (#2192,#2193)
    ,(#2194,#2195)
    ,(#2196,#2197)
    ,(#2198,#2199)
    ,(#2200,#2201)
    ,(#2202,#2203)
    ,(#2204,#2205)
    ,(#2206,#2207)
    ,(#2208,#2209)
    ,(#2210,#2211)
    ,(#2212,#2213)
    ,(#2214,#2215)
    ,(#2216,#2217)
    ,(#2218,#2219)
    ,(#2220,#2221)
    ,(#2222,#2223)
    ,(#2224,#2225)
    ,(#2226,#2227)
    ,(#2228,#2229)
    ,(#2230,#2231)
    ,(#2232,#2233)
    ,(#2234,#2235)
    ,(#2236,#2237)
    ,(#2238,#2239)
    ,(#2240,#2241)
    ,(#2242,#2243)
    ,(#2244,#2245)
    ,(#2246,#2247
    )),.UNSPECIFIED.,.F.,.F.,.F.,(15,13,15),(2,2),(0.,9.615376467399,
    19.230752934797),(0.,1.),.UNSPECIFIED.);
#2192 = CARTESIAN_POINT('',(3.5195,3.552713678801E-15,-8.35025));
#2193 = CARTESIAN_POINT('',(2.250110802944,-3.552713678801E-15,-7.77875)
  );
#2194 = CARTESIAN_POINT('',(3.519499999999,-2.369321859496,
    -8.486321428569));
#2195 = CARTESIAN_POINT('',(2.250110802943,-1.514771050349,
    -7.91482142857));
#2196 = CARTESIAN_POINT('',(1.801577338311,-4.738683730676,
    -8.622392857153));
#2197 = CARTESIAN_POINT('',(1.151796741378,-3.029567681241,
    -8.050892857148));
#2198 = CARTESIAN_POINT('',(-1.631936167346,-5.758473137131,
    -8.758464285683));
#2199 = CARTESIAN_POINT('',(-1.043340588117,-3.681546416912,
    -8.186964285697));
#2200 = CARTESIAN_POINT('',(-5.638438315835,-4.083071586122,
    -8.894535714358));
#2201 = CARTESIAN_POINT('',(-3.604804934269,-2.610417242541,
    -8.323035714328));
#2202 = CARTESIAN_POINT('',(-7.855988835396,0.563021251658,
    -9.03060714273));
#2203 = CARTESIAN_POINT('',(-5.02254449393,0.359954596004,
    -8.459107142779));
#2204 = CARTESIAN_POINT('',(-6.097026758426,6.205500430607,
    -9.166678571609));
#2205 = CARTESIAN_POINT('',(-3.897992832761,3.967342962522,
    -8.595178571544));
#2206 = CARTESIAN_POINT('',(-2.776801011351E-11,9.159140539347,
    -9.302749999795));
#2207 = CARTESIAN_POINT('',(-3.934630399272E-11,5.855684350973,
    -8.731249999863));
#2208 = CARTESIAN_POINT('',(6.097026758477,6.205500430602,-9.43882142876
    ));
#2209 = CARTESIAN_POINT('',(3.897992832833,3.96734296252,-8.867321428701
    ));
#2210 = CARTESIAN_POINT('',(7.855988835357,0.563021251666,
    -9.574892857003));
#2211 = CARTESIAN_POINT('',(5.022544493875,0.359954596006,
    -9.003392857044));
#2212 = CARTESIAN_POINT('',(5.638438315859,-4.083071586129,
    -9.710964285797));
#2213 = CARTESIAN_POINT('',(3.604804934303,-2.610417242543,
    -9.139464285774));
#2214 = CARTESIAN_POINT('',(1.631936167334,-5.758473137127,
    -9.847035714248));
#2215 = CARTESIAN_POINT('',(1.0433405881,-3.681546416911,-9.275535714258
    ));
#2216 = CARTESIAN_POINT('',(-1.801577338307,-4.738683730677,
    -9.983107142869));
#2217 = CARTESIAN_POINT('',(-1.151796741372,-3.029567681241,
    -9.411607142866));
#2218 = CARTESIAN_POINT('',(-3.5195,-2.369321859496,-10.11917857142));
#2219 = CARTESIAN_POINT('',(-2.250110802944,-1.514771050349,
    -9.547678571428));
#2220 = CARTESIAN_POINT('',(-3.519500000001,2.369321859496,
    -10.39132142857));
#2221 = CARTESIAN_POINT('',(-2.250110802944,1.514771050349,
    -9.819821428571));
#2222 = CARTESIAN_POINT('',(-1.801577338302,4.738683730672,
    -10.52739285715));
#2223 = CARTESIAN_POINT('',(-1.151796741371,3.02956768124,
    -9.955892857149));
#2224 = CARTESIAN_POINT('',(1.63193616732,5.758473137144,-10.66346428568
    ));
#2225 = CARTESIAN_POINT('',(1.043340588099,3.681546416916,
    -10.09196428569));
#2226 = CARTESIAN_POINT('',(5.63843831589,4.083071586093,-10.79953571434
    ));
#2227 = CARTESIAN_POINT('',(3.604804934306,2.610417242533,
    -10.22803571433));
#2228 = CARTESIAN_POINT('',(7.855988835305,-0.563021251608,
    -10.93560714276));
#2229 = CARTESIAN_POINT('',(5.02254449387,-0.35995459599,-10.36410714277
    ));
#2230 = CARTESIAN_POINT('',(6.097026758545,-6.205500430676,
    -11.07167857154));
#2231 = CARTESIAN_POINT('',(3.897992832838,-3.967342962539,
    -10.50017857153));
#2232 = CARTESIAN_POINT('',(-9.941336119399E-11,-9.15914053927,
    -11.20774999987));
#2233 = CARTESIAN_POINT('',(-4.15887950905E-11,-5.855684350955,
    -10.63624999988));
#2234 = CARTESIAN_POINT('',(-6.097026758366,-6.205500430673,
    -11.34382142867));
#2235 = CARTESIAN_POINT('',(-3.897992832764,-3.967342962536,
    -10.77232142866));
#2236 = CARTESIAN_POINT('',(-7.855988835435,-0.563021251612,
    -11.47989285706));
#2237 = CARTESIAN_POINT('',(-5.022544493923,-0.359954595994,
    -10.90839285707));
#2238 = CARTESIAN_POINT('',(-5.638438315814,4.083071586096,
    -11.61596428575));
#2239 = CARTESIAN_POINT('',(-3.604804934276,2.610417242536,
    -11.04446428575));
#2240 = CARTESIAN_POINT('',(-1.631936167354,5.758473137142,
    -11.75203571426));
#2241 = CARTESIAN_POINT('',(-1.043340588112,3.681546416915,
    -11.18053571426));
#2242 = CARTESIAN_POINT('',(1.801577338314,4.738683730672,
    -11.88810714286));
#2243 = CARTESIAN_POINT('',(1.151796741375,3.02956768124,-11.31660714286
    ));
#2244 = CARTESIAN_POINT('',(3.519499999999,2.369321859497,
    -12.02417857142));
#2245 = CARTESIAN_POINT('',(2.250110802944,1.514771050349,
    -11.45267857142));
#2246 = CARTESIAN_POINT('',(3.5195,-1.33226762955E-14,-12.16025));
#2247 = CARTESIAN_POINT('',(2.250110802944,-1.33226762955E-15,-11.58875)
  );
#2248 = DEFINITIONAL_REPRESENTATION('',(#2249),#2253);
#2249 = LINE('',#2250,#2251);
#2250 = CARTESIAN_POINT('',(0.,1.));
#2251 = VECTOR('',#2252,1.);
#2252 = DIRECTION('',(1.,0.));
#2253 = ( GEOMETRIC_REPRESENTATION_CONTEXT(2) 
PARAMETRIC_REPRESENTATION_CONTEXT() REPRESENTATION_CONTEXT('2D SPACE',''
  ) );
#2254 = ORIENTED_EDGE('',*,*,#2255,.T.);
#2255 = EDGE_CURVE('',#2151,#2256,#2258,.T.);
#2256 = VERTEX_POINT('',#2257);
#2257 = CARTESIAN_POINT('',(3.075,2.442714480174E-15,-11.21737124775));
#2258 = SURFACE_CURVE('',#2259,(#2262,#2268),.PCURVE_S1.);
#2259 = B_SPLINE_CURVE_WITH_KNOTS('',1,(#2260,#2261),.UNSPECIFIED.,.F.,
  .F.,(2,2),(0.,1.),.PIECEWISE_BEZIER_KNOTS.);
#2260 = CARTESIAN_POINT('',(2.250110802944,4.440892098501E-16,-11.58875)
  );
#2261 = CARTESIAN_POINT('',(3.5195,8.437694987151E-15,-11.01725));
#2262 = PCURVE('',#1065,#2263);
#2263 = DEFINITIONAL_REPRESENTATION('',(#2264),#2267);
#2264 = B_SPLINE_CURVE_WITH_KNOTS('',1,(#2265,#2266),.UNSPECIFIED.,.F.,
  .F.,(2,2),(0.,0.649831587482),.PIECEWISE_BEZIER_KNOTS.);
#2265 = CARTESIAN_POINT('',(19.230752934797,0.));
#2266 = CARTESIAN_POINT('',(19.230752934797,0.649831587482));
#2267 = ( GEOMETRIC_REPRESENTATION_CONTEXT(2) 
PARAMETRIC_REPRESENTATION_CONTEXT() REPRESENTATION_CONTEXT('2D SPACE',''
  ) );
#2268 = PCURVE('',#2269,#2326);
#2269 = B_SPLINE_SURFACE_WITH_KNOTS('',14,1,(
    (#2270,#2271)
    ,(#2272,#2273)
    ,(#2274,#2275)
    ,(#2276,#2277)
    ,(#2278,#2279)
    ,(#2280,#2281)
    ,(#2282,#2283)
    ,(#2284,#2285)
    ,(#2286,#2287)
    ,(#2288,#2289)
    ,(#2290,#2291)
    ,(#2292,#2293)
    ,(#2294,#2295)
    ,(#2296,#2297)
    ,(#2298,#2299)
    ,(#2300,#2301)
    ,(#2302,#2303)
    ,(#2304,#2305)
    ,(#2306,#2307)
    ,(#2308,#2309)
    ,(#2310,#2311)
    ,(#2312,#2313)
    ,(#2314,#2315)
    ,(#2316,#2317)
    ,(#2318,#2319)
    ,(#2320,#2321)
    ,(#2322,#2323)
    ,(#2324,#2325
    )),.UNSPECIFIED.,.F.,.F.,.F.,(15,13,15),(2,2),(0.,9.615376467399,
    19.230752934797),(0.,1.),.UNSPECIFIED.);
#2270 = CARTESIAN_POINT('',(2.250110802944,4.440892098501E-16,-11.58875)
  );
#2271 = CARTESIAN_POINT('',(3.5195,8.437694987151E-15,-11.01725));
#2272 = CARTESIAN_POINT('',(2.250110802943,-1.514771050349,
    -11.72482142857));
#2273 = CARTESIAN_POINT('',(3.5195,-2.369321859497,-11.15332142856));
#2274 = CARTESIAN_POINT('',(1.151796741377,-3.02956768124,
    -11.86089285714));
#2275 = CARTESIAN_POINT('',(1.801577338309,-4.738683730672,
    -11.28939285715));
#2276 = CARTESIAN_POINT('',(-1.043340588115,-3.681546416915,
    -11.99696428571));
#2277 = CARTESIAN_POINT('',(-1.631936167342,-5.75847313714,
    -11.42546428567));
#2278 = CARTESIAN_POINT('',(-3.604804934273,-2.610417242536,
    -12.13303571428));
#2279 = CARTESIAN_POINT('',(-5.638438315842,-4.083071586104,
    -11.56153571437));
#2280 = CARTESIAN_POINT('',(-5.022544493923,0.359954595997,
    -12.26910714284));
#2281 = CARTESIAN_POINT('',(-7.855988835385,0.563021251629,
    -11.69760714269));
#2282 = CARTESIAN_POINT('',(-3.89799283277,3.967342962531,
    -12.40517857146));
#2283 = CARTESIAN_POINT('',(-6.097026758437,6.205500430645,
    -11.83367857166));
#2284 = CARTESIAN_POINT('',(-2.971134449581E-11,5.855684350964,
    -12.54124999994));
#2285 = CARTESIAN_POINT('',(-1.897859647215E-11,9.159140539306,
    -11.96974999972));
#2286 = CARTESIAN_POINT('',(3.897992832824,3.967342962528,
    -12.67732142862));
#2287 = CARTESIAN_POINT('',(6.097026758472,6.205500430638,
    -12.10582142882));
#2288 = CARTESIAN_POINT('',(5.022544493882,0.359954596001,
    -12.81339285709));
#2289 = CARTESIAN_POINT('',(7.855988835359,0.56302125164,-12.24189285694
    ));
#2290 = CARTESIAN_POINT('',(3.604804934299,-2.61041724254,
    -12.94946428574));
#2291 = CARTESIAN_POINT('',(5.638438315859,-4.083071586114,
    -12.37796428583));
#2292 = CARTESIAN_POINT('',(1.043340588102,-3.681546416912,
    -13.08553571427));
#2293 = CARTESIAN_POINT('',(1.631936167334,-5.758473137134,
    -12.51403571423));
#2294 = CARTESIAN_POINT('',(-1.151796741373,-3.029567681241,
    -13.22160714285));
#2295 = CARTESIAN_POINT('',(-1.801577338307,-4.738683730675,
    -12.65010714287));
#2296 = CARTESIAN_POINT('',(-2.250110802944,-1.514771050349,
    -13.35767857143));
#2297 = CARTESIAN_POINT('',(-3.5195,-2.369321859496,-12.78617857142));
#2298 = CARTESIAN_POINT('',(-2.250110802944,1.514771050349,
    -13.62982142856));
#2299 = CARTESIAN_POINT('',(-3.5195,2.369321859496,-13.05832142857));
#2300 = CARTESIAN_POINT('',(-1.151796741371,3.029567681241,
    -13.76589285716));
#2301 = CARTESIAN_POINT('',(-1.801577338304,4.738683730674,
    -13.19439285715));
#2302 = CARTESIAN_POINT('',(1.043340588098,3.681546416913,
    -13.90196428565));
#2303 = CARTESIAN_POINT('',(1.631936167325,5.758473137135,
    -13.33046428567));
#2304 = CARTESIAN_POINT('',(3.604804934307,2.610417242539,
    -14.03803571442));
#2305 = CARTESIAN_POINT('',(5.638438315879,4.083071586113,
    -13.46653571437));
#2306 = CARTESIAN_POINT('',(5.022544493869,-0.359954595999,
    -14.17410714262));
#2307 = CARTESIAN_POINT('',(7.855988835324,-0.563021251643,
    -13.6026071427));
#2308 = CARTESIAN_POINT('',(3.89799283284,-3.967342962529,
    -14.31017857173));
#2309 = CARTESIAN_POINT('',(6.097026758519,-6.205500430627,
    -13.73867857163));
#2310 = CARTESIAN_POINT('',(-4.395812169116E-11,-5.855684350964,
    -14.44624999967));
#2311 = CARTESIAN_POINT('',(-7.009272496607E-11,-9.159140539324,
    -13.87474999976));
#2312 = CARTESIAN_POINT('',(-3.897992832761,-3.967342962528,
    -14.58232142886));
#2313 = CARTESIAN_POINT('',(-6.097026758394,-6.205500430622,
    -14.01082142878));
#2314 = CARTESIAN_POINT('',(-5.022544493925,-0.359954596,-14.71839285693
    ));
#2315 = CARTESIAN_POINT('',(-7.855988835413,-0.563021251651,
    -14.14689285698));
#2316 = CARTESIAN_POINT('',(-3.604804934275,2.61041724254,
    -14.85446428583));
#2317 = CARTESIAN_POINT('',(-5.638438315828,4.08307158612,-14.2829642858
    ));
#2318 = CARTESIAN_POINT('',(-1.043340588112,3.681546416913,
    -14.99053571422));
#2319 = CARTESIAN_POINT('',(-1.631936167347,5.758473137131,
    -14.41903571424));
#2320 = CARTESIAN_POINT('',(1.151796741376,3.029567681241,
    -15.12660714287));
#2321 = CARTESIAN_POINT('',(1.801577338311,4.738683730676,
    -14.55510714287));
#2322 = CARTESIAN_POINT('',(2.250110802944,1.514771050349,
    -15.26267857142));
#2323 = CARTESIAN_POINT('',(3.519499999999,2.369321859496,
    -14.69117857142));
#2324 = CARTESIAN_POINT('',(2.250110802944,2.6645352591E-15,-15.39875));
#2325 = CARTESIAN_POINT('',(3.5195,1.68753899743E-14,-14.82725));
#2326 = DEFINITIONAL_REPRESENTATION('',(#2327),#2331);
#2327 = LINE('',#2328,#2329);
#2328 = CARTESIAN_POINT('',(0.,0.));
#2329 = VECTOR('',#2330,1.);
#2330 = DIRECTION('',(0.,1.));
#2331 = ( GEOMETRIC_REPRESENTATION_CONTEXT(2) 
PARAMETRIC_REPRESENTATION_CONTEXT() REPRESENTATION_CONTEXT('2D SPACE',''
  ) );
#2332 = ORIENTED_EDGE('',*,*,#2333,.T.);
#2333 = EDGE_CURVE('',#2256,#2334,#2336,.T.);
#2334 = VERTEX_POINT('',#2335);
#2335 = CARTESIAN_POINT('',(3.075,-7.531577814756E-16,-9.947371918261));
#2336 = SURFACE_CURVE('',#2337,(#2417,#2500),.PCURVE_S1.);
#2337 = B_SPLINE_CURVE_WITH_KNOTS('',8,(#2338,#2339,#2340,#2341,#2342,
    #2343,#2344,#2345,#2346,#2347,#2348,#2349,#2350,#2351,#2352,#2353,
    #2354,#2355,#2356,#2357,#2358,#2359,#2360,#2361,#2362,#2363,#2364,
    #2365,#2366,#2367,#2368,#2369,#2370,#2371,#2372,#2373,#2374,#2375,
    #2376,#2377,#2378,#2379,#2380,#2381,#2382,#2383,#2384,#2385,#2386,
    #2387,#2388,#2389,#2390,#2391,#2392,#2393,#2394,#2395,#2396,#2397,
    #2398,#2399,#2400,#2401,#2402,#2403,#2404,#2405,#2406,#2407,#2408,
    #2409,#2410,#2411,#2412,#2413,#2414,#2415,#2416),.UNSPECIFIED.,.F.,
  .F.,(9,7,7,7,7,7,7,7,7,7,7,9),(0.,5.299112689224E-02,0.131542917816,
    0.218648976799,0.277227913729,0.376232302077,0.520539265279,
    0.66020809296,0.752184041696,0.839885987952,0.914148858271,1.),
  .UNSPECIFIED.);
#2338 = CARTESIAN_POINT('',(3.075,4.942712905631E-13,-11.21737124775));
#2339 = CARTESIAN_POINT('',(3.075,0.127962333038,-11.20895999115));
#2340 = CARTESIAN_POINT('',(3.068914120873,0.255926973325,
    -11.20054826898));
#2341 = CARTESIAN_POINT('',(3.056742524838,0.383553074616,
    -11.19213655053));
#2342 = CARTESIAN_POINT('',(3.038507734042,0.510502674507,
    -11.18372498871));
#2343 = CARTESIAN_POINT('',(3.0142545552,0.636441122069,-11.17531355075)
  );
#2344 = CARTESIAN_POINT('',(2.984050004241,0.761037505486,-11.1669021488
    ));
#2345 = CARTESIAN_POINT('',(2.947983230941,0.88396507969,-11.15849077061
    ));
#2346 = CARTESIAN_POINT('',(2.844176535553,1.184172983358,
    -11.13761126386));
#2347 = CARTESIAN_POINT('',(2.769543918789,1.359089294123,
    -11.12514202434));
#2348 = CARTESIAN_POINT('',(2.682631311594,1.528587211097,
    -11.11267330548));
#2349 = CARTESIAN_POINT('',(2.583905703833,1.691663693713,
    -11.10020512464));
#2350 = CARTESIAN_POINT('',(2.473925406752,1.847371851763,
    -11.08773684216));
#2351 = CARTESIAN_POINT('',(2.353334980829,1.994821224482,
    -11.07526787211));
#2352 = CARTESIAN_POINT('',(2.222867041655,2.133182562987,
    -11.06279836457));
#2353 = CARTESIAN_POINT('',(1.928641581977,2.404206868038,
    -11.03650353695));
#2354 = CARTESIAN_POINT('',(1.762770870135,2.534640828391,
    -11.02267535361));
#2355 = CARTESIAN_POINT('',(1.586867128821,2.651949858061,
    -11.00884789412));
#2356 = CARTESIAN_POINT('',(1.402151768527,2.755244538811,
    -10.99502141628));
#2357 = CARTESIAN_POINT('',(1.209924082872,2.843777247923,
    -10.98119498578));
#2358 = CARTESIAN_POINT('',(1.011553081389,2.916937727591,
    -10.96736763356));
#2359 = CARTESIAN_POINT('',(0.808476361954,2.974262149045,
    -10.95353953534));
#2360 = CARTESIAN_POINT('',(0.463488953949,3.043158368239,
    -10.93041499406));
#2361 = CARTESIAN_POINT('',(0.323311768281,3.063568608688,
    -10.92111653633));
#2362 = CARTESIAN_POINT('',(0.182126933764,3.076596347302,
    -10.91181817909));
#2363 = CARTESIAN_POINT('',(4.038882412893E-02,3.082185166758,
    -10.90251994688));
#2364 = CARTESIAN_POINT('',(-0.101447019946,3.080312283188,
    -10.89322170732));
#2365 = CARTESIAN_POINT('',(-0.242924629712,3.07098855154,
    -10.88392332847));
#2366 = CARTESIAN_POINT('',(-0.383588347217,3.054258470934,
    -10.87462483627));
#2367 = CARTESIAN_POINT('',(-0.758575722672,2.989539237273,
    -10.84961155531));
#2368 = CARTESIAN_POINT('',(-0.990605189223,2.927935889833,
    -10.8338932172));
#2369 = CARTESIAN_POINT('',(-1.216823096132,2.845763397698,
    -10.81817630387));
#2370 = CARTESIAN_POINT('',(-1.435108878424,2.743685496583,
    -10.8024611979));
#2371 = CARTESIAN_POINT('',(-1.643457138517,2.62260870599,
    -10.78674609896));
#2372 = CARTESIAN_POINT('',(-1.839979455146,2.483663193632,
    -10.77102920586));
#2373 = CARTESIAN_POINT('',(-2.022921136546,2.328212206217,
    -10.75531090013));
#2374 = CARTESIAN_POINT('',(-2.43523395978,1.909631669701,
    -10.71669008302));
#2375 = CARTESIAN_POINT('',(-2.647853563927,1.629466931199,
    -10.69376272062));
#2376 = CARTESIAN_POINT('',(-2.823295364454,1.322520820097,
    -10.67084777051));
#2377 = CARTESIAN_POINT('',(-2.957828447725,0.994658795008,
    -10.6479413256));
#2378 = CARTESIAN_POINT('',(-3.048735698064,0.652126210834,
    -10.62503484094));
#2379 = CARTESIAN_POINT('',(-3.094408842732,0.301540968913,
    -10.60211982708));
#2380 = CARTESIAN_POINT('',(-3.094275314519,-5.016954635431E-02,
    -10.57919233484));
#2381 = CARTESIAN_POINT('',(-3.006022754581,-0.730207869094,
    -10.53411695916));
#2382 = CARTESIAN_POINT('',(-2.920655570813,-1.059511396482,
    -10.51192882411));
#2383 = CARTESIAN_POINT('',(-2.794057766388,-1.377068689591,
    -10.48975090491));
#2384 = CARTESIAN_POINT('',(-2.628278914738,-1.6769268004,
    -10.46758028595));
#2385 = CARTESIAN_POINT('',(-2.426197623009,-1.953622724539,
    -10.4454097169));
#2386 = CARTESIAN_POINT('',(-2.191555356202,-2.202244015686,
    -10.42323191477));
#2387 = CARTESIAN_POINT('',(-1.928886586533,-2.418423690342,
    -10.40104386248));
#2388 = CARTESIAN_POINT('',(-1.456152548529,-2.71745732303,
    -10.36427499535));
#2389 = CARTESIAN_POINT('',(-1.258619086952,-2.820715424505,
    -10.3496733907));
#2390 = CARTESIAN_POINT('',(-1.052786308334,-2.907517669557,
    -10.33507279135));
#2391 = CARTESIAN_POINT('',(-0.840263186439,-2.977102738498,
    -10.32047345905));
#2392 = CARTESIAN_POINT('',(-0.622719793785,-3.028900498583,
    -10.30587411939));
#2393 = CARTESIAN_POINT('',(-0.401877642646,-3.062523802759,
    -10.29127348883));
#2394 = CARTESIAN_POINT('',(-0.179505984522,-3.077780439864,
    -10.27667181636));
#2395 = CARTESIAN_POINT('',(0.254337991126,-3.071772933403,
    -10.2481514768));
#2396 = CARTESIAN_POINT('',(0.46589801028,-3.05217211188,-10.23422863878
    ));
#2397 = CARTESIAN_POINT('',(0.675682813302,-3.01591706521,
    -10.22030656832));
#2398 = CARTESIAN_POINT('',(0.882163029491,-2.963207267638,
    -10.20638549477));
#2399 = CARTESIAN_POINT('',(1.083851664567,-2.894402941423,
    -10.19246443254));
#2400 = CARTESIAN_POINT('',(1.279307057784,-2.810015830702,
    -10.17854238466));
#2401 = CARTESIAN_POINT('',(1.467140225119,-2.710715181957,
    -10.16461955119));
#2402 = CARTESIAN_POINT('',(1.797501160949,-2.50135444583,
    -10.13891073085));
#2403 = CARTESIAN_POINT('',(1.942587556265,-2.395257878499,
    -10.12712217938));
#2404 = CARTESIAN_POINT('',(2.080484512339,-2.279563893801,
    -10.11533399854));
#2405 = CARTESIAN_POINT('',(2.210455021668,-2.154846417855,
    -10.10354625831));
#2406 = CARTESIAN_POINT('',(2.331821659877,-2.021740850506,
    -10.09175850845));
#2407 = CARTESIAN_POINT('',(2.443966115765,-1.880940514485,
    -10.07997030829));
#2408 = CARTESIAN_POINT('',(2.546332922904,-1.73319734141,
    -10.06818176625));
#2409 = CARTESIAN_POINT('',(2.74491420773,-1.401445680403,
    -10.04276701624));
#2410 = CARTESIAN_POINT('',(2.837698157318,-1.215338726137,
    -10.02913830986));
#2411 = CARTESIAN_POINT('',(2.916026800236,-1.022267127999,
    -10.01551031366));
#2412 = CARTESIAN_POINT('',(2.979302323845,-0.82354765048,
    -10.00188320287));
#2413 = CARTESIAN_POINT('',(3.027072724389,-0.620542353934,
    -9.988256067017));
#2414 = CARTESIAN_POINT('',(3.059026377643,-0.414652041044,
    -9.974627994844));
#2415 = CARTESIAN_POINT('',(3.074999999997,-0.20731342223,
    -9.960999161571));
#2416 = CARTESIAN_POINT('',(3.075,-1.33226762955E-15,-9.947371918261));
#2417 = PCURVE('',#1065,#2418);
#2418 = DEFINITIONAL_REPRESENTATION('',(#2419),#2499);
#2419 = B_SPLINE_CURVE_WITH_KNOTS('',8,(#2420,#2421,#2422,#2423,#2424,
    #2425,#2426,#2427,#2428,#2429,#2430,#2431,#2432,#2433,#2434,#2435,
    #2436,#2437,#2438,#2439,#2440,#2441,#2442,#2443,#2444,#2445,#2446,
    #2447,#2448,#2449,#2450,#2451,#2452,#2453,#2454,#2455,#2456,#2457,
    #2458,#2459,#2460,#2461,#2462,#2463,#2464,#2465,#2466,#2467,#2468,
    #2469,#2470,#2471,#2472,#2473,#2474,#2475,#2476,#2477,#2478,#2479,
    #2480,#2481,#2482,#2483,#2484,#2485,#2486,#2487,#2488,#2489,#2490,
    #2491,#2492,#2493,#2494,#2495,#2496,#2497,#2498),.UNSPECIFIED.,.F.,
  .F.,(9,7,7,7,7,7,7,7,7,7,7,9),(0.,5.299112689224E-02,0.131542917816,
    0.218648976799,0.277227913729,0.376232302077,0.520539265279,
    0.66020809296,0.752184041696,0.839885987952,0.914148858271,1.),
  .UNSPECIFIED.);
#2420 = CARTESIAN_POINT('',(19.230752934797,0.649831587481));
#2421 = CARTESIAN_POINT('',(19.188297607354,0.649831587481));
#2422 = CARTESIAN_POINT('',(19.145841559466,0.649832152361));
#2423 = CARTESIAN_POINT('',(19.103385842422,0.649832825444));
#2424 = CARTESIAN_POINT('',(19.060930530169,0.649833364776));
#2425 = CARTESIAN_POINT('',(19.018475208471,0.649833684111));
#2426 = CARTESIAN_POINT('',(18.976019464057,0.649833793885));
#2427 = CARTESIAN_POINT('',(18.933563373782,0.649833742195));
#2428 = CARTESIAN_POINT('',(18.828173945577,0.649833279444));
#2429 = CARTESIAN_POINT('',(18.765234565246,0.649832717624));
#2430 = CARTESIAN_POINT('',(18.70229746384,0.649832034806));
#2431 = CARTESIAN_POINT('',(18.639363255367,0.649831413437));
#2432 = CARTESIAN_POINT('',(18.576429046389,0.649830969758));
#2433 = CARTESIAN_POINT('',(18.513491940663,0.649830724948));
#2434 = CARTESIAN_POINT('',(18.450552558832,0.649830631587));
#2435 = CARTESIAN_POINT('',(18.317831094041,0.649830681876));
#2436 = CARTESIAN_POINT('',(18.24803462883,0.649830849738));
#2437 = CARTESIAN_POINT('',(18.178242040819,0.649831095115));
#2438 = CARTESIAN_POINT('',(18.108454387492,0.649831333518));
#2439 = CARTESIAN_POINT('',(18.038666779562,0.649831504817));
#2440 = CARTESIAN_POINT('',(17.968874277216,0.649831592197));
#2441 = CARTESIAN_POINT('',(17.899077823561,0.649831615135));
#2442 = CARTESIAN_POINT('',(17.782357958759,0.649831583755));
#2443 = CARTESIAN_POINT('',(17.735424444752,0.649831552368));
#2444 = CARTESIAN_POINT('',(17.688491407918,0.649831510555));
#2445 = CARTESIAN_POINT('',(17.64155900024,0.649831468057));
#2446 = CARTESIAN_POINT('',(17.594626581287,0.64983143453));
#2447 = CARTESIAN_POINT('',(17.54769350848,0.649831418067));
#2448 = CARTESIAN_POINT('',(17.500759927357,0.649831423717));
#2449 = CARTESIAN_POINT('',(17.374507069106,0.649831499809));
#2450 = CARTESIAN_POINT('',(17.295169997999,0.649831612249));
#2451 = CARTESIAN_POINT('',(17.215840330163,0.649831798121));
#2452 = CARTESIAN_POINT('',(17.136519921344,0.649832031286));
#2453 = CARTESIAN_POINT('',(17.05719955376,0.649832266456));
#2454 = CARTESIAN_POINT('',(16.977869995521,0.649832454911));
#2455 = CARTESIAN_POINT('',(16.898533067121,0.649832560161));
#2456 = CARTESIAN_POINT('',(16.703596838504,0.649832593017));
#2457 = CARTESIAN_POINT('',(16.587871802553,0.649832416014));
#2458 = CARTESIAN_POINT('',(16.472208749981,0.649832007825));
#2459 = CARTESIAN_POINT('',(16.35658812637,0.649831426114));
#2460 = CARTESIAN_POINT('',(16.24096735717,0.649830863481));
#2461 = CARTESIAN_POINT('',(16.125304054962,0.649830480289));
#2462 = CARTESIAN_POINT('',(16.009578420888,0.649830323128));
#2463 = CARTESIAN_POINT('',(15.782063320681,0.649830403337));
#2464 = CARTESIAN_POINT('',(15.670070650939,0.649830628216));
#2465 = CARTESIAN_POINT('',(15.558130007214,0.649831013287));
#2466 = CARTESIAN_POINT('',(15.446226407453,0.649831466461));
#2467 = CARTESIAN_POINT('',(15.334322854673,0.649831848588));
#2468 = CARTESIAN_POINT('',(15.222382372765,0.64983208491));
#2469 = CARTESIAN_POINT('',(15.11038974078,0.649832178079));
#2470 = CARTESIAN_POINT('',(14.924800984825,0.649832163442));
#2471 = CARTESIAN_POINT('',(14.851100092429,0.649832113531));
#2472 = CARTESIAN_POINT('',(14.777404179082,0.649832030646));
#2473 = CARTESIAN_POINT('',(14.703714624067,0.649831934902));
#2474 = CARTESIAN_POINT('',(14.630025056636,0.649831847749));
#2475 = CARTESIAN_POINT('',(14.556329047361,0.649831786208));
#2476 = CARTESIAN_POINT('',(14.482627878104,0.649831758993));
#2477 = CARTESIAN_POINT('',(14.338673157582,0.649831769773));
#2478 = CARTESIAN_POINT('',(14.268398545253,0.649831804816));
#2479 = CARTESIAN_POINT('',(14.198127891443,0.649831869088));
#2480 = CARTESIAN_POINT('',(14.127862327887,0.649831953611));
#2481 = CARTESIAN_POINT('',(14.05759683563,0.649832043025));
#2482 = CARTESIAN_POINT('',(13.987326329191,0.64983211888));
#2483 = CARTESIAN_POINT('',(13.917051769481,0.649832164204));
#2484 = CARTESIAN_POINT('',(13.787288024522,0.649832173649));
#2485 = CARTESIAN_POINT('',(13.727785927175,0.649832149081));
#2486 = CARTESIAN_POINT('',(13.668285599547,0.64983208948));
#2487 = CARTESIAN_POINT('',(13.608787385989,0.64983199179));
#2488 = CARTESIAN_POINT('',(13.549289018785,0.64983185769));
#2489 = CARTESIAN_POINT('',(13.489788293192,0.649831693938));
#2490 = CARTESIAN_POINT('',(13.43028578783,0.649831511414));
#2491 = CARTESIAN_POINT('',(13.30200514572,0.649831104879));
#2492 = CARTESIAN_POINT('',(13.233214392704,0.649830878348));
#2493 = CARTESIAN_POINT('',(13.164427256849,0.649830664539));
#2494 = CARTESIAN_POINT('',(13.0956446914,0.64983048531));
#2495 = CARTESIAN_POINT('',(13.026862163542,0.649830361609));
#2496 = CARTESIAN_POINT('',(12.958075116701,0.649830310003));
#2497 = CARTESIAN_POINT('',(12.88928444899,0.649830337202));
#2498 = CARTESIAN_POINT('',(12.820502007803,0.649830432589));
#2499 = ( GEOMETRIC_REPRESENTATION_CONTEXT(2) 
PARAMETRIC_REPRESENTATION_CONTEXT() REPRESENTATION_CONTEXT('2D SPACE',''
  ) );
#2500 = PCURVE('',#2501,#2506);
#2501 = CYLINDRICAL_SURFACE('',#2502,3.075);
#2502 = AXIS2_PLACEMENT_3D('',#2503,#2504,#2505);
#2503 = CARTESIAN_POINT('',(0.,0.,-16.66875));
#2504 = DIRECTION('',(0.,0.,1.));
#2505 = DIRECTION('',(1.,0.,-0.));
#2506 = DEFINITIONAL_REPRESENTATION('',(#2507),#2587);
#2507 = B_SPLINE_CURVE_WITH_KNOTS('',8,(#2508,#2509,#2510,#2511,#2512,
    #2513,#2514,#2515,#2516,#2517,#2518,#2519,#2520,#2521,#2522,#2523,
    #2524,#2525,#2526,#2527,#2528,#2529,#2530,#2531,#2532,#2533,#2534,
    #2535,#2536,#2537,#2538,#2539,#2540,#2541,#2542,#2543,#2544,#2545,
    #2546,#2547,#2548,#2549,#2550,#2551,#2552,#2553,#2554,#2555,#2556,
    #2557,#2558,#2559,#2560,#2561,#2562,#2563,#2564,#2565,#2566,#2567,
    #2568,#2569,#2570,#2571,#2572,#2573,#2574,#2575,#2576,#2577,#2578,
    #2579,#2580,#2581,#2582,#2583,#2584,#2585,#2586),.UNSPECIFIED.,.F.,
  .F.,(9,7,7,7,7,7,7,7,7,7,7,9),(0.,5.299112689224E-02,0.131542917816,
    0.218648976799,0.277227913729,0.376232302077,0.520539265279,
    0.66020809296,0.752184041696,0.839885987952,0.914148858271,1.),
  .UNSPECIFIED.);
#2508 = CARTESIAN_POINT('',(0.,5.451378752245));
#2509 = CARTESIAN_POINT('',(4.161376684135E-02,5.459790008846));
#2510 = CARTESIAN_POINT('',(8.322828848983E-02,5.468201731011));
#2511 = CARTESIAN_POINT('',(0.124842522836,5.476613449466));
#2512 = CARTESIAN_POINT('',(0.166456376186,5.485025011285));
#2513 = CARTESIAN_POINT('',(0.208070230363,5.493436449248));
#2514 = CARTESIAN_POINT('',(0.249684469801,5.501847851194));
#2515 = CARTESIAN_POINT('',(0.291299008648,5.510259229387));
#2516 = CARTESIAN_POINT('',(0.394599357337,5.531138736134));
#2517 = CARTESIAN_POINT('',(0.456291045781,5.543607975651));
#2518 = CARTESIAN_POINT('',(0.517980421859,5.556076694518));
#2519 = CARTESIAN_POINT('',(0.579666922969,5.568544875354));
#2520 = CARTESIAN_POINT('',(0.641353433241,5.581013157839));
#2521 = CARTESIAN_POINT('',(0.703042828403,5.593482127883));
#2522 = CARTESIAN_POINT('',(0.764734517512,5.605951635422));
#2523 = CARTESIAN_POINT('',(0.894825084276,5.632246463049));
#2524 = CARTESIAN_POINT('',(0.963238073614,5.646074646387));
#2525 = CARTESIAN_POINT('',(1.031647345263,5.659902105874));
#2526 = CARTESIAN_POINT('',(1.1000518383,5.673728583715));
#2527 = CARTESIAN_POINT('',(1.168456308716,5.687555014211));
#2528 = CARTESIAN_POINT('',(1.236865562814,5.701382366432));
#2529 = CARTESIAN_POINT('',(1.305278650492,5.715210464656));
#2530 = CARTESIAN_POINT('',(1.419685043953,5.738335005933));
#2531 = CARTESIAN_POINT('',(1.465688279558,5.747633463669));
#2532 = CARTESIAN_POINT('',(1.511691021141,5.75693182091));
#2533 = CARTESIAN_POINT('',(1.557693119075,5.766230053111));
#2534 = CARTESIAN_POINT('',(1.603695202936,5.775528292673));
#2535 = CARTESIAN_POINT('',(1.649697906283,5.784826671528));
#2536 = CARTESIAN_POINT('',(1.695701091426,5.794125163728));
#2537 = CARTESIAN_POINT('',(1.819451125067,5.819138444688));
#2538 = CARTESIAN_POINT('',(1.89721539446,5.834856782794));
#2539 = CARTESIAN_POINT('',(1.974972402315,5.85057369613));
#2540 = CARTESIAN_POINT('',(2.052720359057,5.866288802096));
#2541 = CARTESIAN_POINT('',(2.130468319712,5.882003901038));
#2542 = CARTESIAN_POINT('',(2.208225338342,5.897720794137));
#2543 = CARTESIAN_POINT('',(2.285989622786,5.913439099861));
#2544 = CARTESIAN_POINT('',(2.477061832449,5.952059916979));
#2545 = CARTESIAN_POINT('',(2.590493034825,5.974987279373));
#2546 = CARTESIAN_POINT('',(2.703863509816,5.997902229487));
#2547 = CARTESIAN_POINT('',(2.817192362863,6.020808674399));
#2548 = CARTESIAN_POINT('',(2.930521283701,6.04371515906));
#2549 = CARTESIAN_POINT('',(3.043891845372,6.066630172917));
#2550 = CARTESIAN_POINT('',(3.157323491573,6.089557665151));
#2551 = CARTESIAN_POINT('',(3.380328674823,6.13463304084));
#2552 = CARTESIAN_POINT('',(3.490101386387,6.156821175889));
#2553 = CARTESIAN_POINT('',(3.599823145029,6.178999095085));
#2554 = CARTESIAN_POINT('',(3.709508654058,6.201169714046));
#2555 = CARTESIAN_POINT('',(3.81919416368,6.223340283095));
#2556 = CARTESIAN_POINT('',(3.928915871202,6.245518085222));
#2557 = CARTESIAN_POINT('',(4.038688658188,6.267706137519));
#2558 = CARTESIAN_POINT('',(4.220598702183,6.304475004641));
#2559 = CARTESIAN_POINT('',(4.292838682568,6.319076609291));
#2560 = CARTESIAN_POINT('',(4.365073752902,6.333677208648));
#2561 = CARTESIAN_POINT('',(4.437302559527,6.348276540941));
#2562 = CARTESIAN_POINT('',(4.509531350285,6.362875880604));
#2563 = CARTESIAN_POINT('',(4.581766435315,6.377476511163));
#2564 = CARTESIAN_POINT('',(4.654006569182,6.392078183636));
#2565 = CARTESIAN_POINT('',(4.795107566613,6.420598523194));
#2566 = CARTESIAN_POINT('',(4.863989073646,6.434521361214));
#2567 = CARTESIAN_POINT('',(4.932866711013,6.448443431676));
#2568 = CARTESIAN_POINT('',(5.00173937849,6.46236450523));
#2569 = CARTESIAN_POINT('',(5.070612002026,6.476285567452));
#2570 = CARTESIAN_POINT('',(5.139489568776,6.490207615336));
#2571 = CARTESIAN_POINT('',(5.208371135182,6.504130448807));
#2572 = CARTESIAN_POINT('',(5.33556272345,6.529839269141));
#2573 = CARTESIAN_POINT('',(5.393885395253,6.541627820616));
#2574 = CARTESIAN_POINT('',(5.452206345352,6.553416001453));
#2575 = CARTESIAN_POINT('',(5.510525231746,6.565203741683));
#2576 = CARTESIAN_POINT('',(5.568844271903,6.576991491544));
#2577 = CARTESIAN_POINT('',(5.627165621607,6.588779691703));
#2578 = CARTESIAN_POINT('',(5.685488709313,6.600568233743));
#2579 = CARTESIAN_POINT('',(5.811226641133,6.625982983759));
#2580 = CARTESIAN_POINT('',(5.878653848331,6.63961169014));
#2581 = CARTESIAN_POINT('',(5.946077493487,6.653239686338));
#2582 = CARTESIAN_POINT('',(6.01349664071,6.666866797122));
#2583 = CARTESIAN_POINT('',(6.08091573514,6.680493932983));
#2584 = CARTESIAN_POINT('',(6.148339248594,6.694122005156));
#2585 = CARTESIAN_POINT('',(6.21576630808,6.707750838429));
#2586 = CARTESIAN_POINT('',(6.28318530718,6.721378081739));
#2587 = ( GEOMETRIC_REPRESENTATION_CONTEXT(2) 
PARAMETRIC_REPRESENTATION_CONTEXT() REPRESENTATION_CONTEXT('2D SPACE',''
  ) );
#2588 = ORIENTED_EDGE('',*,*,#2589,.T.);
#2589 = EDGE_CURVE('',#2334,#2590,#2592,.T.);
#2590 = VERTEX_POINT('',#2591);
#2591 = CARTESIAN_POINT('',(3.075,-7.531577814756E-16,-8.677371897956));
#2592 = SURFACE_CURVE('',#2593,(#2668,#2746),.PCURVE_S1.);
#2593 = B_SPLINE_CURVE_WITH_KNOTS('',7,(#2594,#2595,#2596,#2597,#2598,
    #2599,#2600,#2601,#2602,#2603,#2604,#2605,#2606,#2607,#2608,#2609,
    #2610,#2611,#2612,#2613,#2614,#2615,#2616,#2617,#2618,#2619,#2620,
    #2621,#2622,#2623,#2624,#2625,#2626,#2627,#2628,#2629,#2630,#2631,
    #2632,#2633,#2634,#2635,#2636,#2637,#2638,#2639,#2640,#2641,#2642,
    #2643,#2644,#2645,#2646,#2647,#2648,#2649,#2650,#2651,#2652,#2653,
    #2654,#2655,#2656,#2657,#2658,#2659,#2660,#2661,#2662,#2663,#2664,
    #2665,#2666,#2667),.UNSPECIFIED.,.F.,.F.,(8,6,6,6,6,6,6,6,6,6,6,6,8)
  ,(0.,0.124715762538,0.234574056658,0.289231639208,0.376180218292,
    0.459891771416,0.501612358835,0.55863390397,0.631154464271,
    0.715408202087,0.779037167685,0.878035753431,1.),.UNSPECIFIED.);
#2594 = CARTESIAN_POINT('',(3.075,-1.33226762955E-15,-9.947371918261));
#2595 = CARTESIAN_POINT('',(3.075000000005,0.344196017753,
    -9.924747030641));
#2596 = CARTESIAN_POINT('',(3.030050822791,0.688604419377,
    -9.902108061977));
#2597 = CARTESIAN_POINT('',(2.940059075235,1.025791952225,
    -9.879480687063));
#2598 = CARTESIAN_POINT('',(2.806585942457,1.348803791621,
    -9.856856574115));
#2599 = CARTESIAN_POINT('',(2.632307925828,1.651162872359,
    -9.834229298505));
#2600 = CARTESIAN_POINT('',(2.421028522504,1.926841230066,
    -9.811590465941));
#2601 = CARTESIAN_POINT('',(1.964037423956,2.385394617131,
    -9.769036171826));
#2602 = CARTESIAN_POINT('',(1.725230179575,2.575610048106,
    -9.749099282456));
#2603 = CARTESIAN_POINT('',(1.465150899086,2.73769891227,-9.729168517144
    ));
#2604 = CARTESIAN_POINT('',(1.187815978008,2.86892930186,-9.709239852403
    ));
#2605 = CARTESIAN_POINT('',(0.897562520783,2.967249168807,
    -9.689309033645));
#2606 = CARTESIAN_POINT('',(0.599049301577,3.031285321337,
    -9.669372062515));
#2607 = CARTESIAN_POINT('',(0.147136586065,3.075179765783,
    -9.639526970868));
#2608 = CARTESIAN_POINT('',(-3.841622880538E-03,3.081170184662,
    -9.629611221921));
#2609 = CARTESIAN_POINT('',(-0.155061929262,3.078510338136,
    -9.61969562746));
#2610 = CARTESIAN_POINT('',(-0.3059301749,3.067193653605,-9.609780132947
    ));
#2611 = CARTESIAN_POINT('',(-0.455855253437,3.047264438764,
    -9.599864541554));
#2612 = CARTESIAN_POINT('',(-0.604250469163,3.018817827654,
    -9.589948809265));
#2613 = CARTESIAN_POINT('',(-0.983242279685,2.923429965446,
    -9.564259939012));
#2614 = CARTESIAN_POINT('',(-1.210652839147,2.843664643184,
    -9.548484218079));
#2615 = CARTESIAN_POINT('',(-1.43038614619,2.743291152023,
    -9.532710230246));
#2616 = CARTESIAN_POINT('',(-1.640225682558,2.623225199349,
    -9.516937380299));
#2617 = CARTESIAN_POINT('',(-1.838101227663,2.484651405172,
    -9.501163452228));
#2618 = CARTESIAN_POINT('',(-2.02210073131,2.329016347102,
    -9.485387723948));
#2619 = CARTESIAN_POINT('',(-2.35265280683,1.993495803494,
    -9.454427851384));
#2620 = CARTESIAN_POINT('',(-2.500388723342,1.814683973168,
    -9.439239471136));
#2621 = CARTESIAN_POINT('',(-2.632180815807,1.623187663867,
    -9.42405233808));
#2622 = CARTESIAN_POINT('',(-2.74675376024,1.42072437929,-9.408865916141
    ));
#2623 = CARTESIAN_POINT('',(-2.843059325095,1.209146517621,
    -9.393678592873));
#2624 = CARTESIAN_POINT('',(-2.920281878007,0.990431535646,
    -9.378490156845));
#2625 = CARTESIAN_POINT('',(-3.006594416233,0.655189228467,
    -9.355735421059));
#2626 = CARTESIAN_POINT('',(-3.030432240696,0.542427365992,
    -9.348166866389));
#2627 = CARTESIAN_POINT('',(-3.049332912855,0.428667239403,
    -9.340598451106));
#2628 = CARTESIAN_POINT('',(-3.063247456883,0.314168413044,
    -9.333030148578));
#2629 = CARTESIAN_POINT('',(-3.072144080653,0.199192640535,
    -9.325461842072));
#2630 = CARTESIAN_POINT('',(-3.076008186875,8.400353222748E-02,
    -9.317893393245));
#2631 = CARTESIAN_POINT('',(-3.073249025377,-0.188497508303,
    -9.299980225996));
#2632 = CARTESIAN_POINT('',(-3.06225943726,-0.345772353118,
    -9.289634921871));
#2633 = CARTESIAN_POINT('',(-3.041880598255,-0.502276321842,
    -9.27928984163));
#2634 = CARTESIAN_POINT('',(-3.012179753548,-0.657336930975,
    -9.268945136634));
#2635 = CARTESIAN_POINT('',(-2.973283773847,-0.810292869474,
    -9.258600550413));
#2636 = CARTESIAN_POINT('',(-2.925378514087,-0.960495664772,
    -9.248255902817));
#2637 = CARTESIAN_POINT('',(-2.796634275475,-1.294032975507,
    -9.224755555569));
#2638 = CARTESIAN_POINT('',(-2.710376052978,-1.47529489836,
    -9.211598727742));
#2639 = CARTESIAN_POINT('',(-2.610437967403,-1.649779751616,
    -9.198442591731));
#2640 = CARTESIAN_POINT('',(-2.497470719195,-1.816259805345,
    -9.185286793461));
#2641 = CARTESIAN_POINT('',(-2.372251384123,-1.973589832695,
    -9.172130428385));
#2642 = CARTESIAN_POINT('',(-2.235680503269,-2.12071148445,
    -9.15897328602));
#2643 = CARTESIAN_POINT('',(-1.918147169852,-2.414623593974,
    -9.13053221898));
#2644 = CARTESIAN_POINT('',(-1.733539642204,-2.557544340147,
    -9.11524526814));
#2645 = CARTESIAN_POINT('',(-1.536601716333,-2.683911286919,
    -9.099959710479));
#2646 = CARTESIAN_POINT('',(-1.329126003394,-2.792480717363,
    -9.084675119406));
#2647 = CARTESIAN_POINT('',(-1.113035469773,-2.882246461652,
    -9.069389679588));
#2648 = CARTESIAN_POINT('',(-0.890373099487,-2.952445091967,
    -9.054102829588));
#2649 = CARTESIAN_POINT('',(-0.491839788722,-3.040486385425,
    -9.027274764308));
#2650 = CARTESIAN_POINT('',(-0.317831340833,-3.066944675955,
    -9.015730957591));
#2651 = CARTESIAN_POINT('',(-0.142217182616,-3.081772991445,
    -9.004187483128));
#2652 = CARTESIAN_POINT('',(3.407009713027E-02,-3.084864555351,
    -8.992644242043));
#2653 = CARTESIAN_POINT('',(0.210095497773,-3.07620314155,
    -8.981100780019));
#2654 = CARTESIAN_POINT('',(0.384924218406,-3.055862836458,
    -8.969556950453));
#2655 = CARTESIAN_POINT('',(0.82632273624,-2.974469658927,
    -8.940053548829));
#2656 = CARTESIAN_POINT('',(1.089952073866,-2.897055021457,
    -8.922089094625));
#2657 = CARTESIAN_POINT('',(1.344920823091,-2.792411709355,
    -8.90412780845));
#2658 = CARTESIAN_POINT('',(1.587901100824,-2.661756054295,
    -8.886168558897));
#2659 = CARTESIAN_POINT('',(1.815791779581,-2.506755589535,
    -8.868207300391));
#2660 = CARTESIAN_POINT('',(2.025743087645,-2.329515827866,
    -8.850242894288));
#2661 = CARTESIAN_POINT('',(2.448701457431,-1.890183626947,
    -8.810156635664));
#2662 = CARTESIAN_POINT('',(2.651321817215,-1.617733976152,
    -8.788017980903));
#2663 = CARTESIAN_POINT('',(2.818234258829,-1.320271461188,
    -8.765889854462));
#2664 = CARTESIAN_POINT('',(2.945947378174,-1.003471184521,
    -8.743764840123));
#2665 = CARTESIAN_POINT('',(3.032009888016,-0.67341515113,
    -8.721636748496));
#2666 = CARTESIAN_POINT('',(3.075,-0.336612078414,-8.699498096755));
#2667 = CARTESIAN_POINT('',(3.075,-4.440892098501E-16,-8.677371897956));
#2668 = PCURVE('',#1065,#2669);
#2669 = DEFINITIONAL_REPRESENTATION('',(#2670),#2745);
#2670 = B_SPLINE_CURVE_WITH_KNOTS('',7,(#2671,#2672,#2673,#2674,#2675,
    #2676,#2677,#2678,#2679,#2680,#2681,#2682,#2683,#2684,#2685,#2686,
    #2687,#2688,#2689,#2690,#2691,#2692,#2693,#2694,#2695,#2696,#2697,
    #2698,#2699,#2700,#2701,#2702,#2703,#2704,#2705,#2706,#2707,#2708,
    #2709,#2710,#2711,#2712,#2713,#2714,#2715,#2716,#2717,#2718,#2719,
    #2720,#2721,#2722,#2723,#2724,#2725,#2726,#2727,#2728,#2729,#2730,
    #2731,#2732,#2733,#2734,#2735,#2736,#2737,#2738,#2739,#2740,#2741,
    #2742,#2743,#2744),.UNSPECIFIED.,.F.,.F.,(8,6,6,6,6,6,6,6,6,6,6,6,8)
  ,(0.,0.124715762538,0.234574056658,0.289231639208,0.376180218292,
    0.459891771416,0.501612358835,0.55863390397,0.631154464271,
    0.715408202087,0.779037167685,0.878035753431,1.),.UNSPECIFIED.);
#2671 = CARTESIAN_POINT('',(12.820502007803,0.649830432589));
#2672 = CARTESIAN_POINT('',(12.706304663062,0.649830590958));
#2673 = CARTESIAN_POINT('',(12.592036812952,0.649830942449));
#2674 = CARTESIAN_POINT('',(12.477827960219,0.649831471451));
#2675 = CARTESIAN_POINT('',(12.363635704801,0.649832030578));
#2676 = CARTESIAN_POINT('',(12.249427004221,0.649832435104));
#2677 = CARTESIAN_POINT('',(12.135159295756,0.649832600258));
#2678 = CARTESIAN_POINT('',(11.920368824788,0.649832547671));
#2679 = CARTESIAN_POINT('',(11.819738031706,0.649832372255));
#2680 = CARTESIAN_POINT('',(11.719137793318,0.649832073381));
#2681 = CARTESIAN_POINT('',(11.618548055225,0.649831739071));
#2682 = CARTESIAN_POINT('',(11.517947760298,0.649831514117));
#2683 = CARTESIAN_POINT('',(11.417316810027,0.64983142727));
#2684 = CARTESIAN_POINT('',(11.266675467488,0.649831433522));
#2685 = CARTESIAN_POINT('',(11.216626373199,0.649831457991));
#2686 = CARTESIAN_POINT('',(11.166578108363,0.649831499688));
#2687 = CARTESIAN_POINT('',(11.116530365486,0.649831547443));
#2688 = CARTESIAN_POINT('',(11.066482111747,0.649831587618));
#2689 = CARTESIAN_POINT('',(11.01643308871,0.64983160764));
#2690 = CARTESIAN_POINT('',(10.886769952848,0.649831586656));
#2691 = CARTESIAN_POINT('',(10.80714267759,0.649831502299));
#2692 = CARTESIAN_POINT('',(10.727523865818,0.649831319409));
#2693 = CARTESIAN_POINT('',(10.647910497046,0.649831032374));
#2694 = CARTESIAN_POINT('',(10.568291658952,0.649830735787));
#2695 = CARTESIAN_POINT('',(10.48866416796,0.649830589501));
#2696 = CARTESIAN_POINT('',(10.332396471336,0.64983074746));
#2697 = CARTESIAN_POINT('',(10.255734855253,0.649831041421));
#2698 = CARTESIAN_POINT('',(10.179080252963,0.649831584521));
#2699 = CARTESIAN_POINT('',(10.102430170101,0.649832450057));
#2700 = CARTESIAN_POINT('',(10.025775678745,0.649833364442));
#2701 = CARTESIAN_POINT('',(9.94911424089,0.649833817792));
#2702 = CARTESIAN_POINT('',(9.834260410872,0.649833600294));
#2703 = CARTESIAN_POINT('',(9.79605795502,0.649833386301));
#2704 = CARTESIAN_POINT('',(9.75785571974,0.649833004877));
#2705 = CARTESIAN_POINT('',(9.719653635475,0.649832478506));
#2706 = CARTESIAN_POINT('',(9.681451402679,0.649831907608));
#2707 = CARTESIAN_POINT('',(9.643248923128,0.649831500196));
#2708 = CARTESIAN_POINT('',(9.552833947446,0.64983174007));
#2709 = CARTESIAN_POINT('',(9.500619158537,0.649832617375));
#2710 = CARTESIAN_POINT('',(9.448405253527,0.649833409353));
#2711 = CARTESIAN_POINT('',(9.396192134525,0.649833817215));
#2712 = CARTESIAN_POINT('',(9.343978574105,0.649833864223));
#2713 = CARTESIAN_POINT('',(9.291764072676,0.649833692407));
#2714 = CARTESIAN_POINT('',(9.173145256628,0.649832935624));
#2715 = CARTESIAN_POINT('',(9.10673500382,0.649832266142));
#2716 = CARTESIAN_POINT('',(9.040328161535,0.649831568449));
#2717 = CARTESIAN_POINT('',(8.973923511145,0.649831039642));
#2718 = CARTESIAN_POINT('',(8.907516678899,0.649830746244));
#2719 = CARTESIAN_POINT('',(8.841106444676,0.649830633578));
#2720 = CARTESIAN_POINT('',(8.697551947435,0.649830678978));
#2721 = CARTESIAN_POINT('',(8.620392538908,0.649830881722));
#2722 = CARTESIAN_POINT('',(8.543240413741,0.64983117161));
#2723 = CARTESIAN_POINT('',(8.466093043185,0.649831418445));
#2724 = CARTESIAN_POINT('',(8.388941078884,0.649831557898));
#2725 = CARTESIAN_POINT('',(8.311781740268,0.649831608432));
#2726 = CARTESIAN_POINT('',(8.176368603196,0.649831594135));
#2727 = CARTESIAN_POINT('',(8.118101798459,0.649831554905));
#2728 = CARTESIAN_POINT('',(8.059836616535,0.64983149688));
#2729 = CARTESIAN_POINT('',(8.001572624564,0.649831443012));
#2730 = CARTESIAN_POINT('',(7.943307586881,0.649831413224));
#2731 = CARTESIAN_POINT('',(7.88504079475,0.649831418344));
#2732 = CARTESIAN_POINT('',(7.736124399254,0.649831523941));
#2733 = CARTESIAN_POINT('',(7.645450299721,0.649831675089));
#2734 = CARTESIAN_POINT('',(7.554792470254,0.649831923175));
#2735 = CARTESIAN_POINT('',(7.464145028238,0.649832208602));
#2736 = CARTESIAN_POINT('',(7.373487311648,0.649832447405));
#2737 = CARTESIAN_POINT('',(7.282813381279,0.649832573032));
#2738 = CARTESIAN_POINT('',(7.080480337508,0.649832576572));
#2739 = CARTESIAN_POINT('',(6.968736227392,0.649832389178));
#2740 = CARTESIAN_POINT('',(6.857044630325,0.649831984067));
#2741 = CARTESIAN_POINT('',(6.745368318877,0.649831432475));
#2742 = CARTESIAN_POINT('',(6.633676616936,0.649830930092));
#2743 = CARTESIAN_POINT('',(6.521932072616,0.649830586889));
#2744 = CARTESIAN_POINT('',(6.410250927021,0.649830432006));
#2745 = ( GEOMETRIC_REPRESENTATION_CONTEXT(2) 
PARAMETRIC_REPRESENTATION_CONTEXT() REPRESENTATION_CONTEXT('2D SPACE',''
  ) );
#2746 = PCURVE('',#2747,#2752);
#2747 = CYLINDRICAL_SURFACE('',#2748,3.075);
#2748 = AXIS2_PLACEMENT_3D('',#2749,#2750,#2751);
#2749 = CARTESIAN_POINT('',(0.,0.,-16.66875));
#2750 = DIRECTION('',(0.,0.,1.));
#2751 = DIRECTION('',(1.,0.,-0.));
#2752 = DEFINITIONAL_REPRESENTATION('',(#2753),#2828);
#2753 = B_SPLINE_CURVE_WITH_KNOTS('',7,(#2754,#2755,#2756,#2757,#2758,
    #2759,#2760,#2761,#2762,#2763,#2764,#2765,#2766,#2767,#2768,#2769,
    #2770,#2771,#2772,#2773,#2774,#2775,#2776,#2777,#2778,#2779,#2780,
    #2781,#2782,#2783,#2784,#2785,#2786,#2787,#2788,#2789,#2790,#2791,
    #2792,#2793,#2794,#2795,#2796,#2797,#2798,#2799,#2800,#2801,#2802,
    #2803,#2804,#2805,#2806,#2807,#2808,#2809,#2810,#2811,#2812,#2813,
    #2814,#2815,#2816,#2817,#2818,#2819,#2820,#2821,#2822,#2823,#2824,
    #2825,#2826,#2827),.UNSPECIFIED.,.F.,.F.,(8,6,6,6,6,6,6,6,6,6,6,6,8)
  ,(0.,0.124715762538,0.234574056658,0.289231639208,0.376180218292,
    0.459891771416,0.501612358835,0.55863390397,0.631154464271,
    0.715408202087,0.779037167685,0.878035753431,1.),.UNSPECIFIED.);
#2754 = CARTESIAN_POINT('',(0.,6.721378081739));
#2755 = CARTESIAN_POINT('',(0.11193366431,6.744002969359));
#2756 = CARTESIAN_POINT('',(0.223936445005,6.766641938023));
#2757 = CARTESIAN_POINT('',(0.335881437486,6.789269312937));
#2758 = CARTESIAN_POINT('',(0.447810228128,6.811893425885));
#2759 = CARTESIAN_POINT('',(0.559755179178,6.834520701495));
#2760 = CARTESIAN_POINT('',(0.671757939227,6.857159534059));
#2761 = CARTESIAN_POINT('',(0.882290835745,6.899713828174));
#2762 = CARTESIAN_POINT('',(0.980926875673,6.919650717544));
#2763 = CARTESIAN_POINT('',(1.07953289098,6.939581482856));
#2764 = CARTESIAN_POINT('',(1.178128526547,6.959510147597));
#2765 = CARTESIAN_POINT('',(1.276734461989,6.979440966355));
#2766 = CARTESIAN_POINT('',(1.375370476369,6.999377937485));
#2767 = CARTESIAN_POINT('',(1.523025582969,7.029223029132));
#2768 = CARTESIAN_POINT('',(1.572082549706,7.039138778079));
#2769 = CARTESIAN_POINT('',(1.621138729623,7.04905437254));
#2770 = CARTESIAN_POINT('',(1.670194428385,7.058969867053));
#2771 = CARTESIAN_POINT('',(1.719250659619,7.068885458446));
#2772 = CARTESIAN_POINT('',(1.768307674118,7.078801190735));
#2773 = CARTESIAN_POINT('',(1.895400848248,7.104490060988));
#2774 = CARTESIAN_POINT('',(1.973449943028,7.120265781921));
#2775 = CARTESIAN_POINT('',(2.051490773109,7.136039769754));
#2776 = CARTESIAN_POINT('',(2.129526243336,7.151812619701));
#2777 = CARTESIAN_POINT('',(2.207566988185,7.167586547772));
#2778 = CARTESIAN_POINT('',(2.285616091406,7.183362276052));
#2779 = CARTESIAN_POINT('',(2.438786032478,7.214322148616));
#2780 = CARTESIAN_POINT('',(2.513927863937,7.229510528864));
#2781 = CARTESIAN_POINT('',(2.589062743062,7.24469766192));
#2782 = CARTESIAN_POINT('',(2.66419318312,7.259884083859));
#2783 = CARTESIAN_POINT('',(2.739328036988,7.275071407127));
#2784 = CARTESIAN_POINT('',(2.814469863135,7.290259843155));
#2785 = CARTESIAN_POINT('',(2.927047159101,7.313014578941));
#2786 = CARTESIAN_POINT('',(2.964492414494,7.320583133611));
#2787 = CARTESIAN_POINT('',(3.001937487013,7.328151548894));
#2788 = CARTESIAN_POINT('',(3.039382415692,7.335719851422));
#2789 = CARTESIAN_POINT('',(3.076827454446,7.343288157928));
#2790 = CARTESIAN_POINT('',(3.114272685399,7.350856606755));
#2791 = CARTESIAN_POINT('',(3.202895452513,7.368769774004));
#2792 = CARTESIAN_POINT('',(3.254075312904,7.379115078129));
#2793 = CARTESIAN_POINT('',(3.305254348355,7.38946015837));
#2794 = CARTESIAN_POINT('',(3.356432608051,7.399804863366));
#2795 = CARTESIAN_POINT('',(3.407611252532,7.410149449587));
#2796 = CARTESIAN_POINT('',(3.458790750812,7.420494097183));
#2797 = CARTESIAN_POINT('',(3.575058175284,7.443994444431));
#2798 = CARTESIAN_POINT('',(3.640151886586,7.457151272258));
#2799 = CARTESIAN_POINT('',(3.705242184007,7.470307408269));
#2800 = CARTESIAN_POINT('',(3.770330323511,7.483463206539));
#2801 = CARTESIAN_POINT('',(3.835420647122,7.496619571615));
#2802 = CARTESIAN_POINT('',(3.900514375844,7.50977671398));
#2803 = CARTESIAN_POINT('',(4.041223230077,7.53821778102));
#2804 = CARTESIAN_POINT('',(4.116853226046,7.55350473186));
#2805 = CARTESIAN_POINT('',(4.19247618745,7.568790289521));
#2806 = CARTESIAN_POINT('',(4.268094549849,7.584074880594));
#2807 = CARTESIAN_POINT('',(4.343717419664,7.599360320412));
#2808 = CARTESIAN_POINT('',(4.419347477446,7.614647170412));
#2809 = CARTESIAN_POINT('',(4.552076653644,7.641475235692));
#2810 = CARTESIAN_POINT('',(4.609188545569,7.653019042409));
#2811 = CARTESIAN_POINT('',(4.666298804537,7.664562516872));
#2812 = CARTESIAN_POINT('',(4.723407853618,7.676105757957));
#2813 = CARTESIAN_POINT('',(4.780517890196,7.687649219981));
#2814 = CARTESIAN_POINT('',(4.837629619788,7.699193049547));
#2815 = CARTESIAN_POINT('',(4.983593903688,7.728696451171));
#2816 = CARTESIAN_POINT('',(5.072470446415,7.746660905375));
#2817 = CARTESIAN_POINT('',(5.161331046212,7.76462219155));
#2818 = CARTESIAN_POINT('',(5.250181515864,7.782581441103));
#2819 = CARTESIAN_POINT('',(5.33904212669,7.800542699609));
#2820 = CARTESIAN_POINT('',(5.427918687502,7.818507105712));
#2821 = CARTESIAN_POINT('',(5.626241102587,7.858593364336));
#2822 = CARTESIAN_POINT('',(5.735770288376,7.880732019097));
#2823 = CARTESIAN_POINT('',(5.845248024146,7.902860145538));
#2824 = CARTESIAN_POINT('',(5.954710736702,7.924985159877));
#2825 = CARTESIAN_POINT('',(6.064188471527,7.947113251504));
#2826 = CARTESIAN_POINT('',(6.173717964606,7.969251903245));
#2827 = CARTESIAN_POINT('',(6.28318530718,7.991378102044));
#2828 = ( GEOMETRIC_REPRESENTATION_CONTEXT(2) 
PARAMETRIC_REPRESENTATION_CONTEXT() REPRESENTATION_CONTEXT('2D SPACE',''
  ) );
#2829 = ORIENTED_EDGE('',*,*,#2830,.T.);
#2830 = EDGE_CURVE('',#2590,#1051,#2831,.T.);
#2831 = SURFACE_CURVE('',#2832,(#2912,#2995),.PCURVE_S1.);
#2832 = B_SPLINE_CURVE_WITH_KNOTS('',8,(#2833,#2834,#2835,#2836,#2837,
    #2838,#2839,#2840,#2841,#2842,#2843,#2844,#2845,#2846,#2847,#2848,
    #2849,#2850,#2851,#2852,#2853,#2854,#2855,#2856,#2857,#2858,#2859,
    #2860,#2861,#2862,#2863,#2864,#2865,#2866,#2867,#2868,#2869,#2870,
    #2871,#2872,#2873,#2874,#2875,#2876,#2877,#2878,#2879,#2880,#2881,
    #2882,#2883,#2884,#2885,#2886,#2887,#2888,#2889,#2890,#2891,#2892,
    #2893,#2894,#2895,#2896,#2897,#2898,#2899,#2900,#2901,#2902,#2903,
    #2904,#2905,#2906,#2907,#2908,#2909,#2910,#2911),.UNSPECIFIED.,.F.,
  .F.,(9,7,7,7,7,7,7,7,7,7,7,9),(0.,0.161002708586,0.252744808074,
    0.340770037911,0.486536746849,0.568687591532,0.633326755842,
    0.732335561758,0.791384778459,0.873312457642,0.957197717679,1.),
  .UNSPECIFIED.);
#2833 = CARTESIAN_POINT('',(3.075,-4.440892098501E-16,-8.677371897956));
#2834 = CARTESIAN_POINT('',(3.075,0.388782589537,-8.651816425003));
#2835 = CARTESIAN_POINT('',(3.018822385128,0.778122948999,
    -8.626224235451));
#2836 = CARTESIAN_POINT('',(2.906188613985,1.157642209218,
    -8.600654307901));
#2837 = CARTESIAN_POINT('',(2.7394490674,1.517944689667,-8.575097269322)
  );
#2838 = CARTESIAN_POINT('',(2.522356587809,1.850352089252,
    -8.549540048585));
#2839 = CARTESIAN_POINT('',(2.260276364313,2.147074576257,
    -8.523969488041));
#2840 = CARTESIAN_POINT('',(1.959936180298,2.401128341279,
    -8.498376795796));
#2841 = CARTESIAN_POINT('',(1.442473756627,2.724696136752,
    -8.458260552224));
#2842 = CARTESIAN_POINT('',(1.24494353979,2.826699811322,-8.443696769216
    ));
#2843 = CARTESIAN_POINT('',(1.039238495207,2.912292489172,
    -8.429133989219));
#2844 = CARTESIAN_POINT('',(0.826958613541,2.980726572523,-8.41457246263
    ));
#2845 = CARTESIAN_POINT('',(0.609763571147,3.03144396167,-8.400010929516
    ));
#2846 = CARTESIAN_POINT('',(0.389363267632,3.064067956415,
    -8.385448127703));
#2847 = CARTESIAN_POINT('',(0.167513942837,3.078414985788,
    -8.370884303012));
#2848 = CARTESIAN_POINT('',(-0.266500512551,3.070794899298,
    -8.342351092952));
#2849 = CARTESIAN_POINT('',(-0.478755397005,3.050274426695,
    -8.328377557154));
#2850 = CARTESIAN_POINT('',(-0.689154120583,3.012985033702,
    -8.314404804226));
#2851 = CARTESIAN_POINT('',(-0.896151345511,2.95913483394,
    -8.300433066911));
#2852 = CARTESIAN_POINT('',(-1.098245459564,2.88909482829,
    -8.286461341493));
#2853 = CARTESIAN_POINT('',(-1.29398154277,2.803389471347,
    -8.272488613077));
#2854 = CARTESIAN_POINT('',(-1.481958897015,2.702702745258,
    -8.258515085366));
#2855 = CARTESIAN_POINT('',(-1.957069200265,2.397789971893,
    -8.221406816234));
#2856 = CARTESIAN_POINT('',(-2.228716537308,2.168741521247,
    -8.19824759518));
#2857 = CARTESIAN_POINT('',(-2.469325572928,1.904713281522,
    -8.17510140741));
#2858 = CARTESIAN_POINT('',(-2.673825141914,1.61076898925,
    -8.151964097592));
#2859 = CARTESIAN_POINT('',(-2.838085377037,1.292583582404,
    -8.128826780939));
#2860 = CARTESIAN_POINT('',(-2.959020854191,0.956460586792,
    -8.105680611664));
#2861 = CARTESIAN_POINT('',(-3.0345233891,0.609247816051,-8.082521223755
    ));
#2862 = CARTESIAN_POINT('',(-3.080790887199,6.084768081333E-02,
    -8.046345527805));
#2863 = CARTESIAN_POINT('',(-3.082896235965,-0.138068411363,
    -8.033304941216));
#2864 = CARTESIAN_POINT('',(-3.070316845471,-0.336951208252,
    -8.020264885234));
#2865 = CARTESIAN_POINT('',(-3.043082754174,-0.534534729445,
    -8.007225524411));
#2866 = CARTESIAN_POINT('',(-3.001350839032,-0.729571505865,
    -7.994186148471));
#2867 = CARTESIAN_POINT('',(-2.945398803801,-0.92083542404,
    -7.981146043224));
#2868 = CARTESIAN_POINT('',(-2.875629737559,-1.107126384168,
    -7.968105360792));
#2869 = CARTESIAN_POINT('',(-2.727246498127,-1.429025412101,
    -7.944806154438));
#2870 = CARTESIAN_POINT('',(-2.653680296351,-1.56698923707,
    -7.934545927616));
#2871 = CARTESIAN_POINT('',(-2.572147861631,-1.700602992075,
    -7.924285891918));
#2872 = CARTESIAN_POINT('',(-2.482952540935,-1.829331262794,
    -7.914026098353));
#2873 = CARTESIAN_POINT('',(-2.386438044295,-1.952667038774,
    -7.903766330116));
#2874 = CARTESIAN_POINT('',(-2.282986767005,-2.070131811084,
    -7.893506367873));
#2875 = CARTESIAN_POINT('',(-2.173020194444,-2.181277204214,
    -7.883246255895));
#2876 = CARTESIAN_POINT('',(-1.879293594767,-2.445615988013,
    -7.857271648313));
#2877 = CARTESIAN_POINT('',(-1.687337369326,-2.589787601611,
    -7.841553488736));
#2878 = CARTESIAN_POINT('',(-1.48281735456,-2.716667158134,
    -7.825836824891));
#2879 = CARTESIAN_POINT('',(-1.267567025301,-2.824999362706,
    -7.810121993279));
#2880 = CARTESIAN_POINT('',(-1.043539333117,-2.913769618519,
    -7.794407138147));
#2881 = CARTESIAN_POINT('',(-0.812790549264,-2.982193606785,
    -7.778690413374));
#2882 = CARTESIAN_POINT('',(-0.577477307291,-3.029736278613,
    -7.762972180411));
#2883 = CARTESIAN_POINT('',(-0.19815509015,-3.071919617958,
    -7.737884731424));
#2884 = CARTESIAN_POINT('',(-5.56043781532E-02,-3.080169612871,
    -7.728512001608));
#2885 = CARTESIAN_POINT('',(8.731566189457E-02,-3.080857316297,
    -7.719139364764));
#2886 = CARTESIAN_POINT('',(0.230136639391,-3.073966375206,
    -7.70976684612));
#2887 = CARTESIAN_POINT('',(0.372391908134,-3.059514761924,
    -7.700394311784));
#2888 = CARTESIAN_POINT('',(0.513617176314,-3.037554043483,
    -7.691021637695));
#2889 = CARTESIAN_POINT('',(0.653351220301,-3.008170169164,
    -7.681648879945));
#2890 = CARTESIAN_POINT('',(0.982306803881,-2.920588112519,
    -7.659272688512));
#2891 = CARTESIAN_POINT('',(1.169753965666,-2.855629367589,
    -7.646267670127));
#2892 = CARTESIAN_POINT('',(1.352242444815,-2.776933493007,
    -7.633263259588));
#2893 = CARTESIAN_POINT('',(1.528600410778,-2.68495200255,
    -7.620259598038));
#2894 = CARTESIAN_POINT('',(1.697715408513,-2.58024837455,
    -7.607255948976));
#2895 = CARTESIAN_POINT('',(1.858535038709,-2.463491614168,
    -7.594251559679));
#2896 = CARTESIAN_POINT('',(2.010072854948,-2.335458975628,
    -7.581246534586));
#2897 = CARTESIAN_POINT('',(2.296143438389,-2.055329516085,
    -7.554928193403));
#2898 = CARTESIAN_POINT('',(2.430214972811,-1.902699849885,
    -7.541612070814));
#2899 = CARTESIAN_POINT('',(2.552648862097,-1.740115527066,-7.5282964609
    ));
#2900 = CARTESIAN_POINT('',(2.662591313262,-1.568620517129,
    -7.514981520109));
#2901 = CARTESIAN_POINT('',(2.759306402406,-1.389333005206,
    -7.501666498028));
#2902 = CARTESIAN_POINT('',(2.842172947261,-1.20343856175,
    -7.488350717028));
#2903 = CARTESIAN_POINT('',(2.91069180918,-1.012189554526,-7.47503448683
    ));
#2904 = CARTESIAN_POINT('',(2.991960993296,-0.717270219359,
    -7.454926240834));
#2905 = CARTESIAN_POINT('',(3.015591028742,-0.616574219155,
    -7.448132549436));
#2906 = CARTESIAN_POINT('',(3.035346256205,-0.514995308747,
    -7.441338949801));
#2907 = CARTESIAN_POINT('',(3.051188618698,-0.412707604421,
    -7.434545444704));
#2908 = CARTESIAN_POINT('',(3.063089514464,-0.309886698043,
    -7.427751990682));
#2909 = CARTESIAN_POINT('',(3.071029834486,-0.206709522823,
    -7.420958519026));
#2910 = CARTESIAN_POINT('',(3.075,-0.103354219078,-7.414164956783));
#2911 = CARTESIAN_POINT('',(3.075,6.217248937901E-15,-7.407371247754));
#2912 = PCURVE('',#1065,#2913);
#2913 = DEFINITIONAL_REPRESENTATION('',(#2914),#2994);
#2914 = B_SPLINE_CURVE_WITH_KNOTS('',8,(#2915,#2916,#2917,#2918,#2919,
    #2920,#2921,#2922,#2923,#2924,#2925,#2926,#2927,#2928,#2929,#2930,
    #2931,#2932,#2933,#2934,#2935,#2936,#2937,#2938,#2939,#2940,#2941,
    #2942,#2943,#2944,#2945,#2946,#2947,#2948,#2949,#2950,#2951,#2952,
    #2953,#2954,#2955,#2956,#2957,#2958,#2959,#2960,#2961,#2962,#2963,
    #2964,#2965,#2966,#2967,#2968,#2969,#2970,#2971,#2972,#2973,#2974,
    #2975,#2976,#2977,#2978,#2979,#2980,#2981,#2982,#2983,#2984,#2985,
    #2986,#2987,#2988,#2989,#2990,#2991,#2992,#2993),.UNSPECIFIED.,.F.,
  .F.,(9,7,7,7,7,7,7,7,7,7,7,9),(0.,0.161002708586,0.252744808074,
    0.340770037911,0.486536746849,0.568687591532,0.633326755842,
    0.732335561758,0.791384778459,0.873312457642,0.957197717679,1.),
  .UNSPECIFIED.);
#2915 = CARTESIAN_POINT('',(6.410250927021,0.649830432006));
#2916 = CARTESIAN_POINT('',(6.281260650763,0.649830253118));
#2917 = CARTESIAN_POINT('',(6.152085758521,0.649830319984));
#2918 = CARTESIAN_POINT('',(6.023024060783,0.649830674012));
#2919 = CARTESIAN_POINT('',(5.894028011027,0.649831233144));
#2920 = CARTESIAN_POINT('',(5.76503091574,0.649831748566));
#2921 = CARTESIAN_POINT('',(5.635965914951,0.649832065133));
#2922 = CARTESIAN_POINT('',(5.506788634685,0.649832183754));
#2923 = CARTESIAN_POINT('',(5.304304165408,0.649832160177));
#2924 = CARTESIAN_POINT('',(5.230794170122,0.649832108384));
#2925 = CARTESIAN_POINT('',(5.157289145567,0.64983202473));
#2926 = CARTESIAN_POINT('',(5.083790413572,0.649831929308));
#2927 = CARTESIAN_POINT('',(5.010291675855,0.649831843321));
#2928 = CARTESIAN_POINT('',(4.936786609651,0.649831783403));
#2929 = CARTESIAN_POINT('',(4.863276479686,0.649831757858));
#2930 = CARTESIAN_POINT('',(4.719256804385,0.649831771524));
#2931 = CARTESIAN_POINT('',(4.648726302601,0.64983180817));
#2932 = CARTESIAN_POINT('',(4.578199836395,0.649831873967));
#2933 = CARTESIAN_POINT('',(4.507678553512,0.64983195955));
#2934 = CARTESIAN_POINT('',(4.437157342343,0.649832049178));
#2935 = CARTESIAN_POINT('',(4.366631026324,0.649832124149));
#2936 = CARTESIAN_POINT('',(4.296100584548,0.649832167448));
#2937 = CARTESIAN_POINT('',(4.108798775606,0.64983217322));
#2938 = CARTESIAN_POINT('',(3.99190364137,0.649832063744));
#2939 = CARTESIAN_POINT('',(3.875073835812,0.649831796164));
#2940 = CARTESIAN_POINT('',(3.758288389182,0.649831371888));
#2941 = CARTESIAN_POINT('',(3.641502735303,0.649830887722));
#2942 = CARTESIAN_POINT('',(3.52467270688,0.649830510521));
#2943 = CARTESIAN_POINT('',(3.40777653203,0.649830332259));
#2944 = CARTESIAN_POINT('',(3.225181947027,0.649830377953));
#2945 = CARTESIAN_POINT('',(3.159360583737,0.64983046027));
#2946 = CARTESIAN_POINT('',(3.093542093803,0.649830610237));
#2947 = CARTESIAN_POINT('',(3.027727286964,0.649830820634));
#2948 = CARTESIAN_POINT('',(2.961912530976,0.649831075113));
#2949 = CARTESIAN_POINT('',(2.896094153909,0.64983135041));
#2950 = CARTESIAN_POINT('',(2.830272849654,0.649831620896));
#2951 = CARTESIAN_POINT('',(2.712672724003,0.649832057845));
#2952 = CARTESIAN_POINT('',(2.660885335742,0.649832234163));
#2953 = CARTESIAN_POINT('',(2.609098835811,0.649832384009));
#2954 = CARTESIAN_POINT('',(2.557313455276,0.649832498235));
#2955 = CARTESIAN_POINT('',(2.505528082375,0.649832570787));
#2956 = CARTESIAN_POINT('',(2.453741604435,0.649832599727));
#2957 = CARTESIAN_POINT('',(2.401954251639,0.649832587388));
#2958 = CARTESIAN_POINT('',(2.270848585338,0.649832466589));
#2959 = CARTESIAN_POINT('',(2.191511642459,0.649832311094));
#2960 = CARTESIAN_POINT('',(2.112182063812,0.64983209133));
#2961 = CARTESIAN_POINT('',(2.032861676755,0.649831851981));
#2962 = CARTESIAN_POINT('',(1.953541257434,0.649831642601));
#2963 = CARTESIAN_POINT('',(1.874211594904,0.649831500369));
#2964 = CARTESIAN_POINT('',(1.79487454812,0.649831437263));
#2965 = CARTESIAN_POINT('',(1.668247085714,0.649831428298));
#2966 = CARTESIAN_POINT('',(1.620938828209,0.649831445613));
#2967 = CARTESIAN_POINT('',(1.573631088457,0.649831479738));
#2968 = CARTESIAN_POINT('',(1.526323972754,0.649831523376));
#2969 = CARTESIAN_POINT('',(1.479016776906,0.649831566687));
#2970 = CARTESIAN_POINT('',(1.431708843572,0.649831598873));
#2971 = CARTESIAN_POINT('',(1.384400428577,0.649831610473));
#2972 = CARTESIAN_POINT('',(1.271457809213,0.649831576742));
#2973 = CARTESIAN_POINT('',(1.205815536472,0.649831507256));
#2974 = CARTESIAN_POINT('',(1.140176151464,0.649831375256));
#2975 = CARTESIAN_POINT('',(1.074540360209,0.649831178523));
#2976 = CARTESIAN_POINT('',(1.008904528212,0.649830945816));
#2977 = CARTESIAN_POINT('',(0.943265030152,0.649830737454));
#2978 = CARTESIAN_POINT('',(0.877622602269,0.649830625924));
#2979 = CARTESIAN_POINT('',(0.744782487651,0.649830687818));
#2980 = CARTESIAN_POINT('',(0.677570668205,0.649830872659));
#2981 = CARTESIAN_POINT('',(0.610361957775,0.649831238224));
#2982 = CARTESIAN_POINT('',(0.543157292381,0.64983183525));
#2983 = CARTESIAN_POINT('',(0.475952693524,0.649832597582));
#2984 = CARTESIAN_POINT('',(0.408744135429,0.649833315319));
#2985 = CARTESIAN_POINT('',(0.341532411421,0.649833721539));
#2986 = CARTESIAN_POINT('',(0.2400370857,0.649833677836));
#2987 = CARTESIAN_POINT('',(0.205745953703,0.649833549349));
#2988 = CARTESIAN_POINT('',(0.171454936005,0.649833299921));
#2989 = CARTESIAN_POINT('',(0.137164038487,0.649832926734));
#2990 = CARTESIAN_POINT('',(0.102873112956,0.649832454467));
#2991 = CARTESIAN_POINT('',(6.858202975251E-02,0.649831958395));
#2992 = CARTESIAN_POINT('',(3.429085035769E-02,0.649831587483));
#2993 = CARTESIAN_POINT('',(0.,0.649831587482));
#2994 = ( GEOMETRIC_REPRESENTATION_CONTEXT(2) 
PARAMETRIC_REPRESENTATION_CONTEXT() REPRESENTATION_CONTEXT('2D SPACE',''
  ) );
#2995 = PCURVE('',#2133,#2996);
#2996 = DEFINITIONAL_REPRESENTATION('',(#2997),#3077);
#2997 = B_SPLINE_CURVE_WITH_KNOTS('',8,(#2998,#2999,#3000,#3001,#3002,
    #3003,#3004,#3005,#3006,#3007,#3008,#3009,#3010,#3011,#3012,#3013,
    #3014,#3015,#3016,#3017,#3018,#3019,#3020,#3021,#3022,#3023,#3024,
    #3025,#3026,#3027,#3028,#3029,#3030,#3031,#3032,#3033,#3034,#3035,
    #3036,#3037,#3038,#3039,#3040,#3041,#3042,#3043,#3044,#3045,#3046,
    #3047,#3048,#3049,#3050,#3051,#3052,#3053,#3054,#3055,#3056,#3057,
    #3058,#3059,#3060,#3061,#3062,#3063,#3064,#3065,#3066,#3067,#3068,
    #3069,#3070,#3071,#3072,#3073,#3074,#3075,#3076),.UNSPECIFIED.,.F.,
  .F.,(9,7,7,7,7,7,7,7,7,7,7,9),(0.,0.161002708586,0.252744808074,
    0.340770037911,0.486536746849,0.568687591532,0.633326755842,
    0.732335561758,0.791384778459,0.873312457642,0.957197717679,1.),
  .UNSPECIFIED.);
#2998 = CARTESIAN_POINT('',(0.,7.991378102044));
#2999 = CARTESIAN_POINT('',(0.126433362451,8.016933574997));
#3000 = CARTESIAN_POINT('',(0.253047670423,8.042525764549));
#3001 = CARTESIAN_POINT('',(0.379551058115,8.068095692099));
#3002 = CARTESIAN_POINT('',(0.505990182046,8.093652730678));
#3003 = CARTESIAN_POINT('',(0.632430421607,8.119209951415));
#3004 = CARTESIAN_POINT('',(0.758937234967,8.144780511959));
#3005 = CARTESIAN_POINT('',(0.88555405534,8.170373204204));
#3006 = CARTESIAN_POINT('',(1.084024904189,8.210489447776));
#3007 = CARTESIAN_POINT('',(1.156077769704,8.225053230784));
#3008 = CARTESIAN_POINT('',(1.228125733362,8.239616010781));
#3009 = CARTESIAN_POINT('',(1.300167498045,8.25417753737));
#3010 = CARTESIAN_POINT('',(1.372209240738,8.268739070484));
#3011 = CARTESIAN_POINT('',(1.444257167104,8.283301872297));
#3012 = CARTESIAN_POINT('',(1.516310048479,8.297865696988));
#3013 = CARTESIAN_POINT('',(1.657474713192,8.326398907048));
#3014 = CARTESIAN_POINT('',(1.726607037443,8.340372442846));
#3015 = CARTESIAN_POINT('',(1.795735416968,8.354345195774));
#3016 = CARTESIAN_POINT('',(1.864858735884,8.368316933089));
#3017 = CARTESIAN_POINT('',(1.933982010896,8.382288658507));
#3018 = CARTESIAN_POINT('',(2.003110318275,8.396261386923));
#3019 = CARTESIAN_POINT('',(2.072242696423,8.410234914634));
#3020 = CARTESIAN_POINT('',(2.255831842376,8.447343183766));
#3021 = CARTESIAN_POINT('',(2.370409962027,8.47050240482));
#3022 = CARTESIAN_POINT('',(2.48492408548,8.49364859259));
#3023 = CARTESIAN_POINT('',(2.599394722797,8.516785902408));
#3024 = CARTESIAN_POINT('',(2.713865504266,8.539923219061));
#3025 = CARTESIAN_POINT('',(2.828379713553,8.563069388336));
#3026 = CARTESIAN_POINT('',(2.942958718541,8.586228776245));
#3027 = CARTESIAN_POINT('',(3.121933816341,8.622404472195));
#3028 = CARTESIAN_POINT('',(3.186450430839,8.635445058784));
#3029 = CARTESIAN_POINT('',(3.250964231751,8.648485114766));
#3030 = CARTESIAN_POINT('',(3.315474431705,8.661524475589));
#3031 = CARTESIAN_POINT('',(3.37998459573,8.674563851529));
#3032 = CARTESIAN_POINT('',(3.44449832474,8.687603956776));
#3033 = CARTESIAN_POINT('',(3.509014936801,8.700644639208));
#3034 = CARTESIAN_POINT('',(3.624284040278,8.723943845562));
#3035 = CARTESIAN_POINT('',(3.67504492537,8.734204072384));
#3036 = CARTESIAN_POINT('',(3.725804942922,8.744464108082));
#3037 = CARTESIAN_POINT('',(3.776563862918,8.754723901647));
#3038 = CARTESIAN_POINT('',(3.827322770796,8.764983669884));
#3039 = CARTESIAN_POINT('',(3.878082752716,8.775243632127));
#3040 = CARTESIAN_POINT('',(3.928843579164,8.785503744105));
#3041 = CARTESIAN_POINT('',(4.057350436354,8.811478351687));
#3042 = CARTESIAN_POINT('',(4.135114706377,8.827196511264));
#3043 = CARTESIAN_POINT('',(4.212871713061,8.842913175109));
#3044 = CARTESIAN_POINT('',(4.290619663217,8.858628006721));
#3045 = CARTESIAN_POINT('',(4.368367609755,8.874342861853));
#3046 = CARTESIAN_POINT('',(4.446124606707,8.890059586626));
#3047 = CARTESIAN_POINT('',(4.523888863899,8.905777819589));
#3048 = CARTESIAN_POINT('',(4.648006117256,8.930865268576));
#3049 = CARTESIAN_POINT('',(4.694376572223,8.940237998392));
#3050 = CARTESIAN_POINT('',(4.740746540939,8.949610635236));
#3051 = CARTESIAN_POINT('',(4.787115923388,8.95898315388));
#3052 = CARTESIAN_POINT('',(4.833485412034,8.968355688216));
#3053 = CARTESIAN_POINT('',(4.879855650785,8.977728362305));
#3054 = CARTESIAN_POINT('',(4.926226385649,8.987101120055));
#3055 = CARTESIAN_POINT('',(5.036930460429,9.009477311488));
#3056 = CARTESIAN_POINT('',(5.101271725421,9.022482329873));
#3057 = CARTESIAN_POINT('',(5.165610180357,9.035486740412));
#3058 = CARTESIAN_POINT('',(5.229945107322,9.048490401962));
#3059 = CARTESIAN_POINT('',(5.294280038383,9.061494051024));
#3060 = CARTESIAN_POINT('',(5.358618500194,9.074498440321));
#3061 = CARTESIAN_POINT('',(5.422959757008,9.087503465414));
#3062 = CARTESIAN_POINT('',(5.553166563461,9.113821806597));
#3063 = CARTESIAN_POINT('',(5.619045962601,9.127137929186));
#3064 = CARTESIAN_POINT('',(5.684922249107,9.1404535391));
#3065 = CARTESIAN_POINT('',(5.750794536955,9.153768479891));
#3066 = CARTESIAN_POINT('',(5.816666779194,9.167083501972));
#3067 = CARTESIAN_POINT('',(5.882542980349,9.180399282972));
#3068 = CARTESIAN_POINT('',(5.948422396548,9.19371551317));
#3069 = CARTESIAN_POINT('',(6.047905943379,9.213823759166));
#3070 = CARTESIAN_POINT('',(6.081517397134,9.220617450564));
#3071 = CARTESIAN_POINT('',(6.115128756892,9.227411050199));
#3072 = CARTESIAN_POINT('',(6.148740008138,9.234204555296));
#3073 = CARTESIAN_POINT('',(6.182351283633,9.240998009318));
#3074 = CARTESIAN_POINT('',(6.215962697451,9.247791480974));
#3075 = CARTESIAN_POINT('',(6.249574179024,9.254585043217));
#3076 = CARTESIAN_POINT('',(6.28318530718,9.261378752246));
#3077 = ( GEOMETRIC_REPRESENTATION_CONTEXT(2) 
PARAMETRIC_REPRESENTATION_CONTEXT() REPRESENTATION_CONTEXT('2D SPACE',''
  ) );
#3078 = ADVANCED_FACE('',(#3079),#986,.F.);
#3079 = FACE_BOUND('',#3080,.F.);
#3080 = EDGE_LOOP('',(#3081,#3082,#3083,#3084,#3356,#3375));
#3081 = ORIENTED_EDGE('',*,*,#1602,.F.);
#3082 = ORIENTED_EDGE('',*,*,#1627,.F.);
#3083 = ORIENTED_EDGE('',*,*,#1883,.F.);
#3084 = ORIENTED_EDGE('',*,*,#3085,.F.);
#3085 = EDGE_CURVE('',#3086,#1884,#3088,.T.);
#3086 = VERTEX_POINT('',#3087);
#3087 = CARTESIAN_POINT('',(3.075,7.531577814756E-16,-8.150128752246));
#3088 = SURFACE_CURVE('',#3089,(#3176,#3266),.PCURVE_S1.);
#3089 = B_SPLINE_CURVE_WITH_KNOTS('',8,(#3090,#3091,#3092,#3093,#3094,
    #3095,#3096,#3097,#3098,#3099,#3100,#3101,#3102,#3103,#3104,#3105,
    #3106,#3107,#3108,#3109,#3110,#3111,#3112,#3113,#3114,#3115,#3116,
    #3117,#3118,#3119,#3120,#3121,#3122,#3123,#3124,#3125,#3126,#3127,
    #3128,#3129,#3130,#3131,#3132,#3133,#3134,#3135,#3136,#3137,#3138,
    #3139,#3140,#3141,#3142,#3143,#3144,#3145,#3146,#3147,#3148,#3149,
    #3150,#3151,#3152,#3153,#3154,#3155,#3156,#3157,#3158,#3159,#3160,
    #3161,#3162,#3163,#3164,#3165,#3166,#3167,#3168,#3169,#3170,#3171,
    #3172,#3173,#3174,#3175),.UNSPECIFIED.,.F.,.F.,(9,7,7,7,7,7,7,7,7,7,
    7,7,9),(0.,8.598882949618E-02,0.131537302728,0.218640048915,
    0.277215630153,0.376216782722,0.422847068701,0.515849662386,
    0.661277411482,0.749221850534,0.841586931572,0.912638202613,1.),
  .UNSPECIFIED.);
#3090 = CARTESIAN_POINT('',(3.075,1.866506949E-12,-8.150128752246));
#3091 = CARTESIAN_POINT('',(3.075,0.207651682262,-8.136479332596));
#3092 = CARTESIAN_POINT('',(3.058974208204,0.41532898528,-8.122829138576
    ));
#3093 = CARTESIAN_POINT('',(3.026916093874,0.621550723827,
    -8.109179397894));
#3094 = CARTESIAN_POINT('',(2.978990123838,0.824872994609,
    -8.095530076145));
#3095 = CARTESIAN_POINT('',(2.915510065753,1.023888264462,
    -8.081880418734));
#3096 = CARTESIAN_POINT('',(2.836930863219,1.217228181839,
    -8.068229705271));
#3097 = CARTESIAN_POINT('',(2.743854082739,1.403570111581,
    -8.054578216419));
#3098 = CARTESIAN_POINT('',(2.580470948742,1.675975322911,-8.03369808225
    ));
#3099 = CARTESIAN_POINT('',(2.520038256299,1.767991191281,
    -8.026467701987));
#3100 = CARTESIAN_POINT('',(2.455859962574,1.857509921817,
    -8.019237378058));
#3101 = CARTESIAN_POINT('',(2.388056951154,1.944353853825,
    -8.012007122349));
#3102 = CARTESIAN_POINT('',(2.316759770395,2.028352899958,
    -8.004776899323));
#3103 = CARTESIAN_POINT('',(2.242108521986,2.10934470399,-7.99754667235)
  );
#3104 = CARTESIAN_POINT('',(2.164252749509,2.187174798594,
    -7.990316450034));
#3105 = CARTESIAN_POINT('',(1.928642824807,2.404205771661,
    -7.969260115249));
#3106 = CARTESIAN_POINT('',(1.762773078744,2.534639132494,-7.95543219735
    ));
#3107 = CARTESIAN_POINT('',(1.586870393628,2.65194771373,-7.941605091328
    ));
#3108 = CARTESIAN_POINT('',(1.402156167042,2.755242103641,
    -7.927778959013));
#3109 = CARTESIAN_POINT('',(1.209929677625,2.843774687367,
    -7.913952797821));
#3110 = CARTESIAN_POINT('',(1.011559915276,2.916935216111,
    -7.900125619637));
#3111 = CARTESIAN_POINT('',(0.808484453292,2.974259868792,
    -7.886297622358));
#3112 = CARTESIAN_POINT('',(0.463501803814,3.043156248787,
    -7.863173349878));
#3113 = CARTESIAN_POINT('',(0.323328180429,3.063566599054,-7.85387508599
    ));
#3114 = CARTESIAN_POINT('',(0.182146925157,3.076594817566,
    -7.844576910746));
#3115 = CARTESIAN_POINT('',(4.041237654464E-02,3.082184489224,
    -7.835278859744));
#3116 = CARTESIAN_POINT('',(-0.10141995978,3.080312828707,
    -7.825980811563));
#3117 = CARTESIAN_POINT('',(-0.242894149695,3.070990685926,
    -7.816682643477));
#3118 = CARTESIAN_POINT('',(-0.383554569169,3.054262551468,
    -7.807384387162));
#3119 = CARTESIAN_POINT('',(-0.758539285064,2.989548481889,
    -7.782371423171));
#3120 = CARTESIAN_POINT('',(-0.99056949989,2.927947964159,
    -7.766653213753));
#3121 = CARTESIAN_POINT('',(-1.216788414495,2.845778228587,
    -7.750936512476));
#3122 = CARTESIAN_POINT('',(-1.435075451215,2.743702983297,
    -7.735221672292));
#3123 = CARTESIAN_POINT('',(-1.643425195774,2.622628724416,
    -7.71950684142));
#3124 = CARTESIAN_POINT('',(-1.839949208638,2.483685600671,
    -7.703790163338));
#3125 = CARTESIAN_POINT('',(-2.022892779516,2.328236842947,
    -7.688071978158));
#3126 = CARTESIAN_POINT('',(-2.269689365562,2.077694720784,
    -7.664955164645));
#3127 = CARTESIAN_POINT('',(-2.34535557289,1.994164482057,
    -7.657553206722));
#3128 = CARTESIAN_POINT('',(-2.417502605164,1.907491243651,
    -7.650151264377));
#3129 = CARTESIAN_POINT('',(-2.485978471343,1.817848530176,
    -7.642749348544));
#3130 = CARTESIAN_POINT('',(-2.550641957779,1.725418011905,
    -7.635347419339));
#3131 = CARTESIAN_POINT('',(-2.611362754832,1.630389326812,
    -7.627945437086));
#3132 = CARTESIAN_POINT('',(-2.668021583486,1.532959902612,
    -7.62054341334));
#3133 = CARTESIAN_POINT('',(-2.825197409216,1.234635699092,
    -7.598378509758));
#3134 = CARTESIAN_POINT('',(-2.913316135918,1.027165112126,
    -7.583613119124));
#3135 = CARTESIAN_POINT('',(-2.983980199942,0.81258337862,
    -7.568848790065));
#3136 = CARTESIAN_POINT('',(-3.036538983547,0.592612066681,
    -7.554085809875));
#3137 = CARTESIAN_POINT('',(-3.070546149338,0.369020216739,
    -7.539322855845));
#3138 = CARTESIAN_POINT('',(-3.085750125193,0.143614878705,
    -7.524558600157));
#3139 = CARTESIAN_POINT('',(-3.082106478137,-8.176407863897E-02,
    -7.509793316937));
#3140 = CARTESIAN_POINT('',(-3.024950676227,-0.654700847386,
    -7.471945925768));
#3141 = CARTESIAN_POINT('',(-2.944442744587,-0.999947249884,
    -7.44883901263));
#3142 = CARTESIAN_POINT('',(-2.818880604064,-1.33348455209,
    -7.425744997704));
#3143 = CARTESIAN_POINT('',(-2.650455199103,-1.648540710293,
    -7.402659752461));
#3144 = CARTESIAN_POINT('',(-2.442322143134,-1.938899428845,
    -7.379574452855));
#3145 = CARTESIAN_POINT('',(-2.198662412428,-2.198982601941,
    -7.35648037044));
#3146 = CARTESIAN_POINT('',(-1.924579170406,-2.423830383674,
    -7.33337327452));
#3147 = CARTESIAN_POINT('',(-1.44631197555,-2.721931211726,
    -7.296328970747));
#3148 = CARTESIAN_POINT('',(-1.257189156898,-2.820057605962,
    -7.282367212225));
#3149 = CARTESIAN_POINT('',(-1.06051720143,-2.903127742295,
    -7.268406226068));
#3150 = CARTESIAN_POINT('',(-0.857702536051,-2.970477500003,
    -7.254446246831));
#3151 = CARTESIAN_POINT('',(-0.650203320625,-3.021602692673,
    -7.240486276007));
#3152 = CARTESIAN_POINT('',(-0.43952186123,-3.056152796511,
    -7.226525301749));
#3153 = CARTESIAN_POINT('',(-0.227201608717,-3.073940095732,
    -7.212563524076));
#3154 = CARTESIAN_POINT('',(0.208219322794,-3.076039874589,
    -7.183941932513));
#3155 = CARTESIAN_POINT('',(0.431392752832,-3.058625067378,
    -7.169277965352));
#3156 = CARTESIAN_POINT('',(0.652848826357,-3.022701080005,
    -7.154615051738));
#3157 = CARTESIAN_POINT('',(0.870797365819,-2.968479830975,
    -7.139953448362));
#3158 = CARTESIAN_POINT('',(1.083498721331,-2.89637090182,
    -7.125291846651));
#3159 = CARTESIAN_POINT('',(1.289267654329,-2.806969246081,
    -7.110628931854));
#3160 = CARTESIAN_POINT('',(1.486483120845,-2.701063606149,
    -7.095964955503));
#3161 = CARTESIAN_POINT('',(1.817545505809,-2.486280996936,
    -7.070024949209));
#3162 = CARTESIAN_POINT('',(1.955540344333,-2.383711771362,
    -7.058745913044));
#3163 = CARTESIAN_POINT('',(2.086892095292,-2.272407181042,
    -7.047467137923));
#3164 = CARTESIAN_POINT('',(2.210958367395,-2.152873916495,
    -7.036188697523));
#3165 = CARTESIAN_POINT('',(2.327147103447,-2.02567009754,
    -7.024910240096));
#3166 = CARTESIAN_POINT('',(2.434916176136,-1.891402409485,
    -7.013631414151));
#3167 = CARTESIAN_POINT('',(2.533776228871,-1.750726416958,
    -7.00235229378));
#3168 = CARTESIAN_POINT('',(2.733367623667,-1.424371543298,
    -6.977206223825));
#3169 = CARTESIAN_POINT('',(2.829340867792,-1.235738986122,
    -6.963336858899));
#3170 = CARTESIAN_POINT('',(2.910399423351,-1.039774765576,
    -6.949468282375));
#3171 = CARTESIAN_POINT('',(2.975903014986,-0.83786212092,
    -6.935600710114));
#3172 = CARTESIAN_POINT('',(3.025367353415,-0.631433735629,
    -6.921733174356));
#3173 = CARTESIAN_POINT('',(3.058458156403,-0.421964504284,
    -6.907864701086));
#3174 = CARTESIAN_POINT('',(3.074999999998,-0.210968479656,
    -6.893995490708));
#3175 = CARTESIAN_POINT('',(3.075,-8.881784197001E-16,-6.880128102044));
#3176 = PCURVE('',#986,#3177);
#3177 = DEFINITIONAL_REPRESENTATION('',(#3178),#3265);
#3178 = B_SPLINE_CURVE_WITH_KNOTS('',8,(#3179,#3180,#3181,#3182,#3183,
    #3184,#3185,#3186,#3187,#3188,#3189,#3190,#3191,#3192,#3193,#3194,
    #3195,#3196,#3197,#3198,#3199,#3200,#3201,#3202,#3203,#3204,#3205,
    #3206,#3207,#3208,#3209,#3210,#3211,#3212,#3213,#3214,#3215,#3216,
    #3217,#3218,#3219,#3220,#3221,#3222,#3223,#3224,#3225,#3226,#3227,
    #3228,#3229,#3230,#3231,#3232,#3233,#3234,#3235,#3236,#3237,#3238,
    #3239,#3240,#3241,#3242,#3243,#3244,#3245,#3246,#3247,#3248,#3249,
    #3250,#3251,#3252,#3253,#3254,#3255,#3256,#3257,#3258,#3259,#3260,
    #3261,#3262,#3263,#3264),.UNSPECIFIED.,.F.,.F.,(9,7,7,7,7,7,7,7,7,7,
    7,7,9),(0.,8.598882949618E-02,0.131537302728,0.218640048915,
    0.277215630153,0.376216782722,0.422847068701,0.515849662386,
    0.661277411482,0.749221850534,0.841586931572,0.912638202613,1.),
  .UNSPECIFIED.);
#3179 = CARTESIAN_POINT('',(19.230752934797,0.350168412517));
#3180 = CARTESIAN_POINT('',(19.161858284666,0.350168412517));
#3181 = CARTESIAN_POINT('',(19.092955407873,0.350166915583));
#3182 = CARTESIAN_POINT('',(19.024056290101,0.350165928534));
#3183 = CARTESIAN_POINT('',(18.955161747606,0.350165794542));
#3184 = CARTESIAN_POINT('',(18.886267095779,0.350166209983));
#3185 = CARTESIAN_POINT('',(18.817367730757,0.350166839375));
#3186 = CARTESIAN_POINT('',(18.748464624073,0.350167528419));
#3187 = CARTESIAN_POINT('',(18.643075952714,0.350168425892));
#3188 = CARTESIAN_POINT('',(18.60658185089,0.350168710552));
#3189 = CARTESIAN_POINT('',(18.570087903334,0.350168950119));
#3190 = CARTESIAN_POINT('',(18.533594141348,0.350169134646));
#3191 = CARTESIAN_POINT('',(18.497100378035,0.350169261525));
#3192 = CARTESIAN_POINT('',(18.460606437238,0.350169333784));
#3193 = CARTESIAN_POINT('',(18.424112382499,0.350169358394));
#3194 = CARTESIAN_POINT('',(18.317831643776,0.350169318124));
#3195 = CARTESIAN_POINT('',(18.248035549926,0.350169150264));
#3196 = CARTESIAN_POINT('',(18.178243330378,0.350168904889));
#3197 = CARTESIAN_POINT('',(18.108456045678,0.350168666487));
#3198 = CARTESIAN_POINT('',(18.038668808784,0.350168495188));
#3199 = CARTESIAN_POINT('',(17.96887668075,0.350168407806));
#3200 = CARTESIAN_POINT('',(17.899080604276,0.350168384866));
#3201 = CARTESIAN_POINT('',(17.782362277238,0.350168416243));
#3202 = CARTESIAN_POINT('',(17.735429922744,0.350168447628));
#3203 = CARTESIAN_POINT('',(17.688498045753,0.350168489439));
#3204 = CARTESIAN_POINT('',(17.641566797844,0.350168531937));
#3205 = CARTESIAN_POINT('',(17.594635538301,0.350168565464));
#3206 = CARTESIAN_POINT('',(17.547703624322,0.35016858193));
#3207 = CARTESIAN_POINT('',(17.500771201236,0.350168576285));
#3208 = CARTESIAN_POINT('',(17.374519503914,0.350168500207));
#3209 = CARTESIAN_POINT('',(17.295182433694,0.350168387778));
#3210 = CARTESIAN_POINT('',(17.215852763895,0.350168201913));
#3211 = CARTESIAN_POINT('',(17.136532351423,0.350167968751));
#3212 = CARTESIAN_POINT('',(17.05721198015,0.350167733579));
#3213 = CARTESIAN_POINT('',(16.977882419929,0.350167545115));
#3214 = CARTESIAN_POINT('',(16.898545492727,0.350167439853));
#3215 = CARTESIAN_POINT('',(16.781864667099,0.350167420169));
#3216 = CARTESIAN_POINT('',(16.744503756802,0.350167434346));
#3217 = CARTESIAN_POINT('',(16.707142987875,0.350167470274));
#3218 = CARTESIAN_POINT('',(16.669782415679,0.350167528013));
#3219 = CARTESIAN_POINT('',(16.632421835932,0.350167606531));
#3220 = CARTESIAN_POINT('',(16.595061042609,0.350167703833));
#3221 = CARTESIAN_POINT('',(16.557700085835,0.350167817075));
#3222 = CARTESIAN_POINT('',(16.445825111946,0.35016819323));
#3223 = CARTESIAN_POINT('',(16.371298527988,0.350168492982));
#3224 = CARTESIAN_POINT('',(16.296777366731,0.350168815082));
#3225 = CARTESIAN_POINT('',(16.222262967686,0.35016912119));
#3226 = CARTESIAN_POINT('',(16.147748549438,0.350169374868));
#3227 = CARTESIAN_POINT('',(16.073227335936,0.350169550472));
#3228 = CARTESIAN_POINT('',(15.998700680679,0.350169637557));
#3229 = CARTESIAN_POINT('',(15.807668203687,0.350169645878));
#3230 = CARTESIAN_POINT('',(15.69103682869,0.350169445603));
#3231 = CARTESIAN_POINT('',(15.574470008766,0.350169055389));
#3232 = CARTESIAN_POINT('',(15.457947185106,0.3501685722));
#3233 = CARTESIAN_POINT('',(15.341424294171,0.35016816081));
#3234 = CARTESIAN_POINT('',(15.22485753699,0.35016791044));
#3235 = CARTESIAN_POINT('',(15.108225546656,0.350167816676));
#3236 = CARTESIAN_POINT('',(14.921246650843,0.350167840375));
#3237 = CARTESIAN_POINT('',(14.850775628427,0.350167888895));
#3238 = CARTESIAN_POINT('',(14.780308589335,0.350167966833));
#3239 = CARTESIAN_POINT('',(14.709846667406,0.350168056834));
#3240 = CARTESIAN_POINT('',(14.639384769241,0.350168140351));
#3241 = CARTESIAN_POINT('',(14.568917743987,0.350168202266));
#3242 = CARTESIAN_POINT('',(14.498446576814,0.350168234115));
#3243 = CARTESIAN_POINT('',(14.353980772481,0.350168237885));
#3244 = CARTESIAN_POINT('',(14.279965163078,0.350168206738));
#3245 = CARTESIAN_POINT('',(14.20595477332,0.350168141594));
#3246 = CARTESIAN_POINT('',(14.131950926617,0.350168052081));
#3247 = CARTESIAN_POINT('',(14.057947069418,0.350167956015));
#3248 = CARTESIAN_POINT('',(13.983936628692,0.350167875271));
#3249 = CARTESIAN_POINT('',(13.909920931797,0.350167829876));
#3250 = CARTESIAN_POINT('',(13.778990264187,0.350167830656));
#3251 = CARTESIAN_POINT('',(13.722060065988,0.350167858197));
#3252 = CARTESIAN_POINT('',(13.665131278441,0.350167917996));
#3253 = CARTESIAN_POINT('',(13.608204280233,0.350168012409));
#3254 = CARTESIAN_POINT('',(13.551277291301,0.350168139833));
#3255 = CARTESIAN_POINT('',(13.494348520741,0.350168294451));
#3256 = CARTESIAN_POINT('',(13.437418315778,0.35016846699));
#3257 = CARTESIAN_POINT('',(13.310496147604,0.350168867144));
#3258 = CARTESIAN_POINT('',(13.24049200312,0.350169098741));
#3259 = CARTESIAN_POINT('',(13.170491810659,0.350169319487));
#3260 = CARTESIAN_POINT('',(13.10049658678,0.350169505957));
#3261 = CARTESIAN_POINT('',(13.03050137946,0.350169635598));
#3262 = CARTESIAN_POINT('',(12.960501226307,0.350169690799));
#3263 = CARTESIAN_POINT('',(12.890497123833,0.350169664518));
#3264 = CARTESIAN_POINT('',(12.8205020078,0.350169567448));
#3265 = ( GEOMETRIC_REPRESENTATION_CONTEXT(2) 
PARAMETRIC_REPRESENTATION_CONTEXT() REPRESENTATION_CONTEXT('2D SPACE',''
  ) );
#3266 = PCURVE('',#2133,#3267);
#3267 = DEFINITIONAL_REPRESENTATION('',(#3268),#3355);
#3268 = B_SPLINE_CURVE_WITH_KNOTS('',8,(#3269,#3270,#3271,#3272,#3273,
    #3274,#3275,#3276,#3277,#3278,#3279,#3280,#3281,#3282,#3283,#3284,
    #3285,#3286,#3287,#3288,#3289,#3290,#3291,#3292,#3293,#3294,#3295,
    #3296,#3297,#3298,#3299,#3300,#3301,#3302,#3303,#3304,#3305,#3306,
    #3307,#3308,#3309,#3310,#3311,#3312,#3313,#3314,#3315,#3316,#3317,
    #3318,#3319,#3320,#3321,#3322,#3323,#3324,#3325,#3326,#3327,#3328,
    #3329,#3330,#3331,#3332,#3333,#3334,#3335,#3336,#3337,#3338,#3339,
    #3340,#3341,#3342,#3343,#3344,#3345,#3346,#3347,#3348,#3349,#3350,
    #3351,#3352,#3353,#3354),.UNSPECIFIED.,.F.,.F.,(9,7,7,7,7,7,7,7,7,7,
    7,7,9),(0.,8.598882949618E-02,0.131537302728,0.218640048915,
    0.277215630153,0.376216782722,0.422847068701,0.515849662386,
    0.661277411482,0.749221850534,0.841586931572,0.912638202613,1.),
  .UNSPECIFIED.);
#3269 = CARTESIAN_POINT('',(0.,8.518621247754));
#3270 = CARTESIAN_POINT('',(6.752900236116E-02,8.532270667404));
#3271 = CARTESIAN_POINT('',(0.135066196097,8.545920861424));
#3272 = CARTESIAN_POINT('',(0.202599789458,8.559570602106));
#3273 = CARTESIAN_POINT('',(0.270128844169,8.573219923855));
#3274 = CARTESIAN_POINT('',(0.337657862307,8.586869581266));
#3275 = CARTESIAN_POINT('',(0.405191369619,8.600520294729));
#3276 = CARTESIAN_POINT('',(0.472728495267,8.614171783581));
#3277 = CARTESIAN_POINT('',(0.576027836652,8.63505191775));
#3278 = CARTESIAN_POINT('',(0.611798437943,8.642282298013));
#3279 = CARTESIAN_POINT('',(0.647568890427,8.649512621942));
#3280 = CARTESIAN_POINT('',(0.683339170255,8.656742877651));
#3281 = CARTESIAN_POINT('',(0.719109466361,8.663973100677));
#3282 = CARTESIAN_POINT('',(0.754879955636,8.67120332765));
#3283 = CARTESIAN_POINT('',(0.790650578113,8.678433549966));
#3284 = CARTESIAN_POINT('',(0.894824545439,8.699489884751));
#3285 = CARTESIAN_POINT('',(0.963237170776,8.71331780265));
#3286 = CARTESIAN_POINT('',(1.031646081263,8.727144908672));
#3287 = CARTESIAN_POINT('',(1.100050212979,8.740971040987));
#3288 = CARTESIAN_POINT('',(1.168454319711,8.754797202179));
#3289 = CARTESIAN_POINT('',(1.236863206917,8.768624380363));
#3290 = CARTESIAN_POINT('',(1.305275924891,8.782452377642));
#3291 = CARTESIAN_POINT('',(1.419680811071,8.805576650122));
#3292 = CARTESIAN_POINT('',(1.465682910149,8.81487491401));
#3293 = CARTESIAN_POINT('',(1.511684514882,8.824173089254));
#3294 = CARTESIAN_POINT('',(1.557685476039,8.833471140256));
#3295 = CARTESIAN_POINT('',(1.603686423477,8.842769188436));
#3296 = CARTESIAN_POINT('',(1.649687990971,8.852067356523));
#3297 = CARTESIAN_POINT('',(1.695690041037,8.861365612838));
#3298 = CARTESIAN_POINT('',(1.819438936769,8.886378576829));
#3299 = CARTESIAN_POINT('',(1.897203205295,8.902096786247));
#3300 = CARTESIAN_POINT('',(1.974960215071,8.917813487524));
#3301 = CARTESIAN_POINT('',(2.052708175389,8.933528327708));
#3302 = CARTESIAN_POINT('',(2.130456139654,8.94924315858));
#3303 = CARTESIAN_POINT('',(2.208213160219,8.964959836662));
#3304 = CARTESIAN_POINT('',(2.285977443483,8.980678021842));
#3305 = CARTESIAN_POINT('',(2.400345425952,9.003794835355));
#3306 = CARTESIAN_POINT('',(2.436965776305,9.011196793278));
#3307 = CARTESIAN_POINT('',(2.473585993513,9.018598735623));
#3308 = CARTESIAN_POINT('',(2.510206021821,9.026000651456));
#3309 = CARTESIAN_POINT('',(2.546826059863,9.033402580661));
#3310 = CARTESIAN_POINT('',(2.583446308014,9.040804562914));
#3311 = CARTESIAN_POINT('',(2.620066715731,9.04820658666));
#3312 = CARTESIAN_POINT('',(2.729724157981,9.070371490242));
#3313 = CARTESIAN_POINT('',(2.802773505042,9.085136880876));
#3314 = CARTESIAN_POINT('',(2.8758175206,9.099901209935));
#3315 = CARTESIAN_POINT('',(2.948854886997,9.114664190125));
#3316 = CARTESIAN_POINT('',(3.02189225262,9.129427144155));
#3317 = CARTESIAN_POINT('',(3.094936266079,9.144191399843));
#3318 = CARTESIAN_POINT('',(3.167985610372,9.158956683063));
#3319 = CARTESIAN_POINT('',(3.355231341669,9.196804074232));
#3320 = CARTESIAN_POINT('',(3.469550800021,9.21991098737));
#3321 = CARTESIAN_POINT('',(3.583807024877,9.243005002296));
#3322 = CARTESIAN_POINT('',(3.698020192622,9.266090247539));
#3323 = CARTESIAN_POINT('',(3.812233481825,9.289175547144));
#3324 = CARTESIAN_POINT('',(3.926489769803,9.31226962956));
#3325 = CARTESIAN_POINT('',(4.040809957003,9.33537672548));
#3326 = CARTESIAN_POINT('',(4.224082580732,9.372421029253));
#3327 = CARTESIAN_POINT('',(4.29315671298,9.386382787775));
#3328 = CARTESIAN_POINT('',(4.362226913789,9.400343773932));
#3329 = CARTESIAN_POINT('',(4.43129207038,9.414303753169));
#3330 = CARTESIAN_POINT('',(4.500357177995,9.428263723993));
#3331 = CARTESIAN_POINT('',(4.569427292183,9.442224698251));
#3332 = CARTESIAN_POINT('',(4.638501456608,9.456186475924));
#3333 = CARTESIAN_POINT('',(4.780103406033,9.484808067487));
#3334 = CARTESIAN_POINT('',(4.852651747527,9.499472034648));
#3335 = CARTESIAN_POINT('',(4.925194982833,9.514134948262));
#3336 = CARTESIAN_POINT('',(4.997731825777,9.528796551638));
#3337 = CARTESIAN_POINT('',(5.070268707925,9.543458153349));
#3338 = CARTESIAN_POINT('',(5.142812074974,9.558121068146));
#3339 = CARTESIAN_POINT('',(5.215360623653,9.572785044497));
#3340 = CARTESIAN_POINT('',(5.343696009482,9.598725050791));
#3341 = CARTESIAN_POINT('',(5.399497762598,9.610004086956));
#3342 = CARTESIAN_POINT('',(5.455298144456,9.621282862077));
#3343 = CARTESIAN_POINT('',(5.511096779916,9.632561302477));
#3344 = CARTESIAN_POINT('',(5.566895409143,9.643839759904));
#3345 = CARTESIAN_POINT('',(5.622695782971,9.655118585849));
#3346 = CARTESIAN_POINT('',(5.678497557182,9.66639770622));
#3347 = CARTESIAN_POINT('',(5.802903944758,9.691543776175));
#3348 = CARTESIAN_POINT('',(5.87152049379,9.705413141101));
#3349 = CARTESIAN_POINT('',(5.940133152111,9.719281717625));
#3350 = CARTESIAN_POINT('',(6.008740921422,9.733149289886));
#3351 = CARTESIAN_POINT('',(6.077348657692,9.747016825644));
#3352 = CARTESIAN_POINT('',(6.145961230737,9.760885298914));
#3353 = CARTESIAN_POINT('',(6.214577671519,9.774754509292));
#3354 = CARTESIAN_POINT('',(6.28318530718,9.788621897956));
#3355 = ( GEOMETRIC_REPRESENTATION_CONTEXT(2) 
PARAMETRIC_REPRESENTATION_CONTEXT() REPRESENTATION_CONTEXT('2D SPACE',''
  ) );
#3356 = ORIENTED_EDGE('',*,*,#3357,.T.);
#3357 = EDGE_CURVE('',#3086,#946,#3358,.T.);
#3358 = SURFACE_CURVE('',#3359,(#3363,#3369),.PCURVE_S1.);
#3359 = LINE('',#3360,#3361);
#3360 = CARTESIAN_POINT('',(3.5195,2.586086645759E-15,-8.35025));
#3361 = VECTOR('',#3362,1.);
#3362 = DIRECTION('',(-0.911847603309,-6.700147492218E-16,0.410528864197
    ));
#3363 = PCURVE('',#986,#3364);
#3364 = DEFINITIONAL_REPRESENTATION('',(#3365),#3368);
#3365 = B_SPLINE_CURVE_WITH_KNOTS('',1,(#3366,#3367),.UNSPECIFIED.,.F.,
  .F.,(2,2),(0.,1.392106742891),.PIECEWISE_BEZIER_KNOTS.);
#3366 = CARTESIAN_POINT('',(19.230752934797,0.));
#3367 = CARTESIAN_POINT('',(19.230752934797,1.));
#3368 = ( GEOMETRIC_REPRESENTATION_CONTEXT(2) 
PARAMETRIC_REPRESENTATION_CONTEXT() REPRESENTATION_CONTEXT('2D SPACE',''
  ) );
#3369 = PCURVE('',#2191,#3370);
#3370 = DEFINITIONAL_REPRESENTATION('',(#3371),#3374);
#3371 = B_SPLINE_CURVE_WITH_KNOTS('',1,(#3372,#3373),.UNSPECIFIED.,.F.,
  .F.,(2,2),(0.487471808213,1.392106742891),.PIECEWISE_BEZIER_KNOTS.);
#3372 = CARTESIAN_POINT('',(0.,0.350168412518));
#3373 = CARTESIAN_POINT('',(0.,1.));
#3374 = ( GEOMETRIC_REPRESENTATION_CONTEXT(2) 
PARAMETRIC_REPRESENTATION_CONTEXT() REPRESENTATION_CONTEXT('2D SPACE',''
  ) );
#3375 = ORIENTED_EDGE('',*,*,#945,.F.);
#3376 = ADVANCED_FACE('',(#3377),#2133,.T.);
#3377 = FACE_BOUND('',#3378,.T.);
#3378 = EDGE_LOOP('',(#3379,#3380,#3381,#3382));
#3379 = ORIENTED_EDGE('',*,*,#2830,.T.);
#3380 = ORIENTED_EDGE('',*,*,#2119,.T.);
#3381 = ORIENTED_EDGE('',*,*,#3085,.F.);
#3382 = ORIENTED_EDGE('',*,*,#3383,.F.);
#3383 = EDGE_CURVE('',#2590,#3086,#3384,.T.);
#3384 = SURFACE_CURVE('',#3385,(#3389,#3396),.PCURVE_S1.);
#3385 = LINE('',#3386,#3387);
#3386 = CARTESIAN_POINT('',(3.075,-7.531577814756E-16,-16.66875));
#3387 = VECTOR('',#3388,1.);
#3388 = DIRECTION('',(0.,0.,1.));
#3389 = PCURVE('',#2133,#3390);
#3390 = DEFINITIONAL_REPRESENTATION('',(#3391),#3395);
#3391 = LINE('',#3392,#3393);
#3392 = CARTESIAN_POINT('',(0.,-0.));
#3393 = VECTOR('',#3394,1.);
#3394 = DIRECTION('',(0.,1.));
#3395 = ( GEOMETRIC_REPRESENTATION_CONTEXT(2) 
PARAMETRIC_REPRESENTATION_CONTEXT() REPRESENTATION_CONTEXT('2D SPACE',''
  ) );
#3396 = PCURVE('',#2747,#3397);
#3397 = DEFINITIONAL_REPRESENTATION('',(#3398),#3402);
#3398 = LINE('',#3399,#3400);
#3399 = CARTESIAN_POINT('',(6.28318530718,-0.));
#3400 = VECTOR('',#3401,1.);
#3401 = DIRECTION('',(0.,1.));
#3402 = ( GEOMETRIC_REPRESENTATION_CONTEXT(2) 
PARAMETRIC_REPRESENTATION_CONTEXT() REPRESENTATION_CONTEXT('2D SPACE',''
  ) );
#3403 = ADVANCED_FACE('',(#3404),#2747,.T.);
#3404 = FACE_BOUND('',#3405,.T.);
#3405 = EDGE_LOOP('',(#3406,#3407,#3658,#3679));
#3406 = ORIENTED_EDGE('',*,*,#3383,.T.);
#3407 = ORIENTED_EDGE('',*,*,#3408,.F.);
#3408 = EDGE_CURVE('',#3409,#3086,#3411,.T.);
#3409 = VERTEX_POINT('',#3410);
#3410 = CARTESIAN_POINT('',(3.075,-7.531577814756E-16,-9.420128081739));
#3411 = SURFACE_CURVE('',#3412,(#3492,#3575),.PCURVE_S1.);
#3412 = B_SPLINE_CURVE_WITH_KNOTS('',8,(#3413,#3414,#3415,#3416,#3417,
    #3418,#3419,#3420,#3421,#3422,#3423,#3424,#3425,#3426,#3427,#3428,
    #3429,#3430,#3431,#3432,#3433,#3434,#3435,#3436,#3437,#3438,#3439,
    #3440,#3441,#3442,#3443,#3444,#3445,#3446,#3447,#3448,#3449,#3450,
    #3451,#3452,#3453,#3454,#3455,#3456,#3457,#3458,#3459,#3460,#3461,
    #3462,#3463,#3464,#3465,#3466,#3467,#3468,#3469,#3470,#3471,#3472,
    #3473,#3474,#3475,#3476,#3477,#3478,#3479,#3480,#3481,#3482,#3483,
    #3484,#3485,#3486,#3487,#3488,#3489,#3490,#3491),.UNSPECIFIED.,.F.,
  .F.,(9,7,7,7,7,7,7,7,7,7,7,9),(0.,0.161830642576,0.248353703912,
    0.340806392401,0.412890388335,0.485742179487,0.624133861365,
    0.733967280483,0.790359823054,0.876550817581,0.959277106587,1.),
  .UNSPECIFIED.);
#3413 = CARTESIAN_POINT('',(3.075,-4.440892098501E-16,-9.420128081739));
#3414 = CARTESIAN_POINT('',(3.075,0.390780559834,-9.394441072601));
#3415 = CARTESIAN_POINT('',(3.018243482815,0.782139073326,
    -9.368716309328));
#3416 = CARTESIAN_POINT('',(2.904440409547,1.163520612822,-9.3430146957)
  );
#3417 = CARTESIAN_POINT('',(2.735995695426,1.525383617831,
    -9.317326529843));
#3418 = CARTESIAN_POINT('',(2.516739266548,1.858921400737,
    -9.291638219348));
#3419 = CARTESIAN_POINT('',(2.252146857198,2.156241692674,
    -9.265936198493));
#3420 = CARTESIAN_POINT('',(1.949075412572,2.410276716683,
    -9.240211202346));
#3421 = CARTESIAN_POINT('',(1.438944516884,2.725566816082,
    -9.200791477718));
#3422 = CARTESIAN_POINT('',(1.252670094975,2.821623171822,
    -9.187056454431));
#3423 = CARTESIAN_POINT('',(1.059124030932,2.903093995756,-9.17332215866
    ));
#3424 = CARTESIAN_POINT('',(0.859645948864,2.969349546013,
    -9.159588791644));
#3425 = CARTESIAN_POINT('',(0.655624047593,3.019909842605,
    -9.145855426532));
#3426 = CARTESIAN_POINT('',(0.448488206428,3.054439055933,
    -9.132121132742));
#3427 = CARTESIAN_POINT('',(0.23970715008,3.072753874118,-9.118386100528
    ));
#3428 = CARTESIAN_POINT('',(-0.192445406517,3.077081192116,
    -9.089978253487));
#3429 = CARTESIAN_POINT('',(-0.415900832296,3.060794560553,
    -9.075301513375));
#3430 = CARTESIAN_POINT('',(-0.637730274304,3.025957893725,
    -9.060625848704));
#3431 = CARTESIAN_POINT('',(-0.856138424854,2.972774581092,
    -9.045951481252));
#3432 = CARTESIAN_POINT('',(-1.069379330253,2.901646283247,
    -9.031277076557));
#3433 = CARTESIAN_POINT('',(-1.275760372126,2.813160862401,
    -9.01660130846));
#3434 = CARTESIAN_POINT('',(-1.473651898678,2.708101422419,
    -9.001924462909));
#3435 = CARTESIAN_POINT('',(-1.807966850334,2.49342695528,
    -8.975808682164));
#3436 = CARTESIAN_POINT('',(-1.948356132813,2.389896558962,
    -8.964366563709));
#3437 = CARTESIAN_POINT('',(-2.081940677968,2.277351000195,
    -8.952924721445));
#3438 = CARTESIAN_POINT('',(-2.208047986906,2.156317153314,
    -8.941483236232));
#3439 = CARTESIAN_POINT('',(-2.326058758672,2.027376445487,
    -8.93004173134));
#3440 = CARTESIAN_POINT('',(-2.435406438076,1.891161750633,
    -8.918599830101));
#3441 = CARTESIAN_POINT('',(-2.535580289911,1.748357768021,
    -8.907157613924));
#3442 = CARTESIAN_POINT('',(-2.717648211362,1.449468642326,
    -8.884152679014));
#3443 = CARTESIAN_POINT('',(-2.799347561859,1.293239603985,
    -8.872588558356));
#3444 = CARTESIAN_POINT('',(-2.870763079756,1.131779734197,
    -8.861024759102));
#3445 = CARTESIAN_POINT('',(-2.931509389897,0.965882182113,
    -8.849461365636));
#3446 = CARTESIAN_POINT('',(-2.981275880065,0.7963669088,-8.837897984791
    ));
#3447 = CARTESIAN_POINT('',(-3.019824862813,0.624077956292,
    -8.826334225174));
#3448 = CARTESIAN_POINT('',(-3.046994732357,0.449882359275,
    -8.814770177319));
#3449 = CARTESIAN_POINT('',(-3.092557782867,-5.816718846892E-02,
    -8.781240898881));
#3450 = CARTESIAN_POINT('',(-3.081093083591,-0.3949793287,
    -8.759257417029));
#3451 = CARTESIAN_POINT('',(-3.027624091937,-0.729368500399,
    -8.737283818913));
#3452 = CARTESIAN_POINT('',(-2.932826744146,-1.055249283488,
    -8.715317369602));
#3453 = CARTESIAN_POINT('',(-2.798264135055,-1.36682223796,
    -8.693350914545));
#3454 = CARTESIAN_POINT('',(-2.626427008753,-1.658621925726,
    -8.671377337108));
#3455 = CARTESIAN_POINT('',(-2.420669232587,-1.925527798044,
    -8.649393740123));
#3456 = CARTESIAN_POINT('',(-1.999042380794,-2.351551188445,
    -8.609994632133));
#3457 = CARTESIAN_POINT('',(-1.793842021371,-2.521727241661,
    -8.592555830206));
#3458 = CARTESIAN_POINT('',(-1.57218587408,-2.671327046723,
    -8.575119804401));
#3459 = CARTESIAN_POINT('',(-1.336512602222,-2.798529038471,
    -8.55768629578));
#3460 = CARTESIAN_POINT('',(-1.089445290887,-2.901872712588,
    -8.540252800274));
#3461 = CARTESIAN_POINT('',(-0.83376840167,-2.980236281746,
    -8.522816786693));
#3462 = CARTESIAN_POINT('',(-0.572430783863,-3.032867743978,
    -8.505377947783));
#3463 = CARTESIAN_POINT('',(-0.173071107522,-3.073143980201,
    -8.47899392838));
#3464 = CARTESIAN_POINT('',(-3.689277621999E-02,-3.079951102264,
    -8.470042896403));
#3465 = CARTESIAN_POINT('',(9.957100245319E-02,-3.079860511507,
    -8.461091958326));
#3466 = CARTESIAN_POINT('',(0.235912078547,-3.072860088505,
    -8.452141136468));
#3467 = CARTESIAN_POINT('',(0.371723939475,-3.058966564943,
    -8.443190320046));
#3468 = CARTESIAN_POINT('',(0.506602308724,-3.038225465696,
    -8.434239395943));
#3469 = CARTESIAN_POINT('',(0.640145744564,-3.010711050924,
    -8.425288379469));
#3470 = CARTESIAN_POINT('',(0.973416876386,-2.924277837474,
    -8.402656989521));
#3471 = CARTESIAN_POINT('',(1.170860821679,-2.856439491579,
    -8.388974752171));
#3472 = CARTESIAN_POINT('',(1.362842908353,-2.773379253737,
    -8.375293215236));
#3473 = CARTESIAN_POINT('',(1.547997661688,-2.675622709068,
    -8.361612554654));
#3474 = CARTESIAN_POINT('',(1.72503290052,-2.563832050307,
    -8.347931863058));
#3475 = CARTESIAN_POINT('',(1.892730467284,-2.438797448023,
    -8.334250257531));
#3476 = CARTESIAN_POINT('',(2.049954086142,-2.301440735276,
    -8.320567972206));
#3477 = CARTESIAN_POINT('',(2.335517351165,-2.010195875841,
    -8.293756829431));
#3478 = CARTESIAN_POINT('',(2.464795238545,-1.857162391728,
    -8.280624954837));
#3479 = CARTESIAN_POINT('',(2.582573208823,-1.69466684829,
    -8.267493772474));
#3480 = CARTESIAN_POINT('',(2.688051565453,-1.523725231172,
    -8.254363456516));
#3481 = CARTESIAN_POINT('',(2.78054312426,-1.345421939379,
    -8.241233218516));
#3482 = CARTESIAN_POINT('',(2.859470343871,-1.16090360254,
    -8.228102195379));
#3483 = CARTESIAN_POINT('',(2.924372180152,-0.971378393807,
    -8.214970401565));
#3484 = CARTESIAN_POINT('',(2.999803692386,-0.682987756476,
    -8.195376040791));
#3485 = CARTESIAN_POINT('',(3.021210165757,-0.58694420024,
    -8.188912206171));
#3486 = CARTESIAN_POINT('',(3.039100998627,-0.4901395032,-8.182448313632
    ));
#3487 = CARTESIAN_POINT('',(3.053444933479,-0.392724150275,
    -8.175984380322));
#3488 = CARTESIAN_POINT('',(3.064218531694,-0.294849667481,
    -8.169520405864));
#3489 = CARTESIAN_POINT('',(3.071406163847,-0.196668511623,
    -8.163056409657));
#3490 = CARTESIAN_POINT('',(3.075,-9.833395998173E-02,-8.156592468172));
#3491 = CARTESIAN_POINT('',(3.075,6.217248937901E-15,-8.150128752246));
#3492 = PCURVE('',#2747,#3493);
#3493 = DEFINITIONAL_REPRESENTATION('',(#3494),#3574);
#3494 = B_SPLINE_CURVE_WITH_KNOTS('',8,(#3495,#3496,#3497,#3498,#3499,
    #3500,#3501,#3502,#3503,#3504,#3505,#3506,#3507,#3508,#3509,#3510,
    #3511,#3512,#3513,#3514,#3515,#3516,#3517,#3518,#3519,#3520,#3521,
    #3522,#3523,#3524,#3525,#3526,#3527,#3528,#3529,#3530,#3531,#3532,
    #3533,#3534,#3535,#3536,#3537,#3538,#3539,#3540,#3541,#3542,#3543,
    #3544,#3545,#3546,#3547,#3548,#3549,#3550,#3551,#3552,#3553,#3554,
    #3555,#3556,#3557,#3558,#3559,#3560,#3561,#3562,#3563,#3564,#3565,
    #3566,#3567,#3568,#3569,#3570,#3571,#3572,#3573),.UNSPECIFIED.,.F.,
  .F.,(9,7,7,7,7,7,7,7,7,7,7,9),(0.,0.161830642576,0.248353703912,
    0.340806392401,0.412890388335,0.485742179487,0.624133861365,
    0.733967280483,0.790359823054,0.876550817581,0.959277106587,1.),
  .UNSPECIFIED.);
#3495 = CARTESIAN_POINT('',(0.,7.248621918261));
#3496 = CARTESIAN_POINT('',(0.127083108889,7.274308927399));
#3497 = CARTESIAN_POINT('',(0.254353693162,7.300033690672));
#3498 = CARTESIAN_POINT('',(0.381510598943,7.3257353043));
#3499 = CARTESIAN_POINT('',(0.508601641603,7.351423470157));
#3500 = CARTESIAN_POINT('',(0.635693355127,7.377111780652));
#3501 = CARTESIAN_POINT('',(0.762852335444,7.402813801507));
#3502 = CARTESIAN_POINT('',(0.890124369029,7.428538797654));
#3503 = CARTESIAN_POINT('',(1.085149108367,7.467958522282));
#3504 = CARTESIAN_POINT('',(1.153101491955,7.481693545569));
#3505 = CARTESIAN_POINT('',(1.221050170893,7.49542784134));
#3506 = CARTESIAN_POINT('',(1.288994194911,7.509161208356));
#3507 = CARTESIAN_POINT('',(1.356938201869,7.522894573468));
#3508 = CARTESIAN_POINT('',(1.424886842853,7.536628867258));
#3509 = CARTESIAN_POINT('',(1.492839208674,7.550363899472));
#3510 = CARTESIAN_POINT('',(1.633383670998,7.578771746513));
#3511 = CARTESIAN_POINT('',(1.705995198851,7.593448486625));
#3512 = CARTESIAN_POINT('',(1.77860151285,7.608124151296));
#3513 = CARTESIAN_POINT('',(1.851201500814,7.622798518748));
#3514 = CARTESIAN_POINT('',(1.923801723244,7.637472923443));
#3515 = CARTESIAN_POINT('',(1.996408682449,7.65214869154));
#3516 = CARTESIAN_POINT('',(2.069020904419,7.666825537091));
#3517 = CARTESIAN_POINT('',(2.198225926002,7.692941317836));
#3518 = CARTESIAN_POINT('',(2.254834515098,7.704383436291));
#3519 = CARTESIAN_POINT('',(2.311441656185,7.715825278555));
#3520 = CARTESIAN_POINT('',(2.368046937684,7.727266763768));
#3521 = CARTESIAN_POINT('',(2.424652223059,7.73870826866));
#3522 = CARTESIAN_POINT('',(2.481259388124,7.750150169899));
#3523 = CARTESIAN_POINT('',(2.537868053573,7.761592386076));
#3524 = CARTESIAN_POINT('',(2.651681496974,7.784597320986));
#3525 = CARTESIAN_POINT('',(2.708893210226,7.796161441644));
#3526 = CARTESIAN_POINT('',(2.766103335427,7.807725240898));
#3527 = CARTESIAN_POINT('',(2.823311493372,7.819288634364));
#3528 = CARTESIAN_POINT('',(2.880519668404,7.830852015209));
#3529 = CARTESIAN_POINT('',(2.937729830753,7.842415774826));
#3530 = CARTESIAN_POINT('',(2.994941555543,7.853979822681));
#3531 = CARTESIAN_POINT('',(3.160824012642,7.887509101119));
#3532 = CARTESIAN_POINT('',(3.269585416757,7.909492582971));
#3533 = CARTESIAN_POINT('',(3.378298495659,7.931466181087));
#3534 = CARTESIAN_POINT('',(3.486976648805,7.953432630398));
#3535 = CARTESIAN_POINT('',(3.595654875274,7.975399085455));
#3536 = CARTESIAN_POINT('',(3.704367897236,7.997372662892));
#3537 = CARTESIAN_POINT('',(3.813129863349,8.019356259877));
#3538 = CARTESIAN_POINT('',(4.00805256143,8.058755367867));
#3539 = CARTESIAN_POINT('',(4.094328733024,8.076194169794));
#3540 = CARTESIAN_POINT('',(4.18059084185,8.093630195599));
#3541 = CARTESIAN_POINT('',(4.266840291435,8.11106370422));
#3542 = CARTESIAN_POINT('',(4.35308969696,8.128497199726));
#3543 = CARTESIAN_POINT('',(4.439351791142,8.145933213307));
#3544 = CARTESIAN_POINT('',(4.525628167372,8.163372052217));
#3545 = CARTESIAN_POINT('',(4.656160039997,8.18975607162));
#3546 = CARTESIAN_POINT('',(4.700444298118,8.198707103597));
#3547 = CARTESIAN_POINT('',(4.744728153307,8.207658041674));
#3548 = CARTESIAN_POINT('',(4.789011479073,8.216608863532));
#3549 = CARTESIAN_POINT('',(4.833294800426,8.225559679954));
#3550 = CARTESIAN_POINT('',(4.877578650994,8.234510604057));
#3551 = CARTESIAN_POINT('',(4.921862930126,8.243461620531));
#3552 = CARTESIAN_POINT('',(5.033829398054,8.266093010479));
#3553 = CARTESIAN_POINT('',(5.101520743204,8.279775247829));
#3554 = CARTESIAN_POINT('',(5.169208450374,8.293456784764));
#3555 = CARTESIAN_POINT('',(5.236891607131,8.307137445346));
#3556 = CARTESIAN_POINT('',(5.304574765558,8.320818136942));
#3557 = CARTESIAN_POINT('',(5.372262473276,8.334499742469));
#3558 = CARTESIAN_POINT('',(5.439953803602,8.348182027794));
#3559 = CARTESIAN_POINT('',(5.572599241665,8.374993170569));
#3560 = CARTESIAN_POINT('',(5.637568257139,8.388125045163));
#3561 = CARTESIAN_POINT('',(5.70253429699,8.401256227526));
#3562 = CARTESIAN_POINT('',(5.767496637778,8.414386543484));
#3563 = CARTESIAN_POINT('',(5.832459003241,8.427516781484));
#3564 = CARTESIAN_POINT('',(5.897425098562,8.440647804621));
#3565 = CARTESIAN_POINT('',(5.962394142546,8.453779598435));
#3566 = CARTESIAN_POINT('',(6.05933475705,8.473373959209));
#3567 = CARTESIAN_POINT('',(6.09131347723,8.479837793829));
#3568 = CARTESIAN_POINT('',(6.123292189692,8.486301686368));
#3569 = CARTESIAN_POINT('',(6.155270809126,8.492765619678));
#3570 = CARTESIAN_POINT('',(6.187249403895,8.499229594136));
#3571 = CARTESIAN_POINT('',(6.219228066427,8.505693590343));
#3572 = CARTESIAN_POINT('',(6.251206783608,8.512157531828));
#3573 = CARTESIAN_POINT('',(6.28318530718,8.518621247754));
#3574 = ( GEOMETRIC_REPRESENTATION_CONTEXT(2) 
PARAMETRIC_REPRESENTATION_CONTEXT() REPRESENTATION_CONTEXT('2D SPACE',''
  ) );
#3575 = PCURVE('',#2191,#3576);
#3576 = DEFINITIONAL_REPRESENTATION('',(#3577),#3657);
#3577 = B_SPLINE_CURVE_WITH_KNOTS('',8,(#3578,#3579,#3580,#3581,#3582,
    #3583,#3584,#3585,#3586,#3587,#3588,#3589,#3590,#3591,#3592,#3593,
    #3594,#3595,#3596,#3597,#3598,#3599,#3600,#3601,#3602,#3603,#3604,
    #3605,#3606,#3607,#3608,#3609,#3610,#3611,#3612,#3613,#3614,#3615,
    #3616,#3617,#3618,#3619,#3620,#3621,#3622,#3623,#3624,#3625,#3626,
    #3627,#3628,#3629,#3630,#3631,#3632,#3633,#3634,#3635,#3636,#3637,
    #3638,#3639,#3640,#3641,#3642,#3643,#3644,#3645,#3646,#3647,#3648,
    #3649,#3650,#3651,#3652,#3653,#3654,#3655,#3656),.UNSPECIFIED.,.F.,
  .F.,(9,7,7,7,7,7,7,7,7,7,7,9),(0.,0.161830642576,0.248353703912,
    0.340806392401,0.412890388335,0.485742179487,0.624133861365,
    0.733967280483,0.790359823054,0.876550817581,0.959277106587,1.),
  .UNSPECIFIED.);
#3578 = CARTESIAN_POINT('',(6.410250927021,0.350169567994));
#3579 = CARTESIAN_POINT('',(6.280597764235,0.350169747801));
#3580 = CARTESIAN_POINT('',(6.150753323436,0.35016967932));
#3581 = CARTESIAN_POINT('',(6.021024891652,0.350169320516));
#3582 = CARTESIAN_POINT('',(5.891363741043,0.350168755214));
#3583 = CARTESIAN_POINT('',(5.761701999674,0.350168238201));
#3584 = CARTESIAN_POINT('',(5.631971644356,0.350167925129));
#3585 = CARTESIAN_POINT('',(5.502125899562,0.350167812075));
#3586 = CARTESIAN_POINT('',(5.303157225212,0.35016784263));
#3587 = CARTESIAN_POINT('',(5.233830635741,0.350167891171));
#3588 = CARTESIAN_POINT('',(5.164507799106,0.350167967704));
#3589 = CARTESIAN_POINT('',(5.095189683498,0.350168055743));
#3590 = CARTESIAN_POINT('',(5.025871559994,0.350168137714));
#3591 = CARTESIAN_POINT('',(4.956548689978,0.350168199208));
#3592 = CARTESIAN_POINT('',(4.887222009975,0.350168231986));
#3593 = CARTESIAN_POINT('',(4.743835080188,0.350168239754));
#3594 = CARTESIAN_POINT('',(4.669755005971,0.350168210657));
#3595 = CARTESIAN_POINT('',(4.595680260678,0.350168147136));
#3596 = CARTESIAN_POINT('',(4.521611990332,0.350168058415));
#3597 = CARTESIAN_POINT('',(4.447543510043,0.35016796208));
#3598 = CARTESIAN_POINT('',(4.373468189252,0.350167880025));
#3599 = CARTESIAN_POINT('',(4.299387529718,0.350167832514));
#3600 = CARTESIAN_POINT('',(4.167569637562,0.350167828701));
#3601 = CARTESIAN_POINT('',(4.109816286537,0.350167854692));
#3602 = CARTESIAN_POINT('',(4.052064425009,0.35016791377));
#3603 = CARTESIAN_POINT('',(3.994314468691,0.350168008558));
#3604 = CARTESIAN_POINT('',(3.936564511517,0.350168137485));
#3605 = CARTESIAN_POINT('',(3.878812634852,0.350168294506));
#3606 = CARTESIAN_POINT('',(3.821059221541,0.350168469899));
#3607 = CARTESIAN_POINT('',(3.704944210539,0.350168836367));
#3608 = CARTESIAN_POINT('',(3.646575537106,0.350169027578));
#3609 = CARTESIAN_POINT('',(3.588208472291,0.35016921406));
#3610 = CARTESIAN_POINT('',(3.529843401594,0.350169381795));
#3611 = CARTESIAN_POINT('',(3.471478301058,0.350169517103));
#3612 = CARTESIAN_POINT('',(3.413111162974,0.350169608828));
#3613 = CARTESIAN_POINT('',(3.354742424488,0.3501696501));
#3614 = CARTESIAN_POINT('',(3.185505258591,0.35016961986));
#3615 = CARTESIAN_POINT('',(3.074544319358,0.350169413286));
#3616 = CARTESIAN_POINT('',(2.963632701217,0.350169010328));
#3617 = CARTESIAN_POINT('',(2.852756764741,0.350168468177));
#3618 = CARTESIAN_POINT('',(2.741880818914,0.350167932844));
#3619 = CARTESIAN_POINT('',(2.630969400272,0.35016756286));
#3620 = CARTESIAN_POINT('',(2.520008019868,0.350167404803));
#3621 = CARTESIAN_POINT('',(2.321143433048,0.350167444459));
#3622 = CARTESIAN_POINT('',(2.233122474811,0.350167575523));
#3623 = CARTESIAN_POINT('',(2.145115809406,0.350167803835));
#3624 = CARTESIAN_POINT('',(2.057121995228,0.35016808272));
#3625 = CARTESIAN_POINT('',(1.96912817355,0.350168336059));
#3626 = CARTESIAN_POINT('',(1.881121389006,0.350168501678));
#3627 = CARTESIAN_POINT('',(1.793100062355,0.350168569739));
#3628 = CARTESIAN_POINT('',(1.659928257483,0.350168568101));
#3629 = CARTESIAN_POINT('',(1.614748391463,0.350168549442));
#3630 = CARTESIAN_POINT('',(1.56956895691,0.350168516053));
#3631 = CARTESIAN_POINT('',(1.524390086198,0.350168474772));
#3632 = CARTESIAN_POINT('',(1.479211245416,0.350168434354));
#3633 = CARTESIAN_POINT('',(1.434031889905,0.350168403915));
#3634 = CARTESIAN_POINT('',(1.388852119788,0.350168391375));
#3635 = CARTESIAN_POINT('',(1.274621574907,0.350168418004));
#3636 = CARTESIAN_POINT('',(1.20556148175,0.350168488169));
#3637 = CARTESIAN_POINT('',(1.136505124556,0.350168627898));
#3638 = CARTESIAN_POINT('',(1.067453402951,0.350168841204));
#3639 = CARTESIAN_POINT('',(0.99840163607,0.350169093082));
#3640 = CARTESIAN_POINT('',(0.929345152854,0.350169309144));
#3641 = CARTESIAN_POINT('',(0.860284884276,0.350169402442));
#3642 = CARTESIAN_POINT('',(0.724956779936,0.350169255502));
#3643 = CARTESIAN_POINT('',(0.658673741006,0.350169024169));
#3644 = CARTESIAN_POINT('',(0.592393678973,0.350168613575));
#3645 = CARTESIAN_POINT('',(0.526117367317,0.350167987094));
#3646 = CARTESIAN_POINT('',(0.459841061167,0.350167226111));
#3647 = CARTESIAN_POINT('',(0.393561035292,0.350166549442));
#3648 = CARTESIAN_POINT('',(0.327278113621,0.350166217411));
#3649 = CARTESIAN_POINT('',(0.228377163881,0.350166371406));
#3650 = CARTESIAN_POINT('',(0.195751786553,0.350166527812));
#3651 = CARTESIAN_POINT('',(0.163126431831,0.3501667934));
#3652 = CARTESIAN_POINT('',(0.130501178549,0.350167165496));
#3653 = CARTESIAN_POINT('',(9.787594579668E-02,0.350167616709));
#3654 = CARTESIAN_POINT('',(6.525062790252E-02,0.350168076461));
#3655 = CARTESIAN_POINT('',(3.26252293995E-02,0.350168412517));
#3656 = CARTESIAN_POINT('',(0.,0.350168412518));
#3657 = ( GEOMETRIC_REPRESENTATION_CONTEXT(2) 
PARAMETRIC_REPRESENTATION_CONTEXT() REPRESENTATION_CONTEXT('2D SPACE',''
  ) );
#3658 = ORIENTED_EDGE('',*,*,#3659,.F.);
#3659 = EDGE_CURVE('',#2334,#3409,#3660,.T.);
#3660 = SURFACE_CURVE('',#3661,(#3665,#3672),.PCURVE_S1.);
#3661 = LINE('',#3662,#3663);
#3662 = CARTESIAN_POINT('',(3.075,-7.531577814756E-16,-16.66875));
#3663 = VECTOR('',#3664,1.);
#3664 = DIRECTION('',(0.,0.,1.));
#3665 = PCURVE('',#2747,#3666);
#3666 = DEFINITIONAL_REPRESENTATION('',(#3667),#3671);
#3667 = LINE('',#3668,#3669);
#3668 = CARTESIAN_POINT('',(0.,-0.));
#3669 = VECTOR('',#3670,1.);
#3670 = DIRECTION('',(0.,1.));
#3671 = ( GEOMETRIC_REPRESENTATION_CONTEXT(2) 
PARAMETRIC_REPRESENTATION_CONTEXT() REPRESENTATION_CONTEXT('2D SPACE',''
  ) );
#3672 = PCURVE('',#2501,#3673);
#3673 = DEFINITIONAL_REPRESENTATION('',(#3674),#3678);
#3674 = LINE('',#3675,#3676);
#3675 = CARTESIAN_POINT('',(6.28318530718,-0.));
#3676 = VECTOR('',#3677,1.);
#3677 = DIRECTION('',(0.,1.));
#3678 = ( GEOMETRIC_REPRESENTATION_CONTEXT(2) 
PARAMETRIC_REPRESENTATION_CONTEXT() REPRESENTATION_CONTEXT('2D SPACE',''
  ) );
#3679 = ORIENTED_EDGE('',*,*,#2589,.T.);
#3680 = ADVANCED_FACE('',(#3681),#2501,.T.);
#3681 = FACE_BOUND('',#3682,.T.);
#3682 = EDGE_LOOP('',(#3683,#3684,#3920,#3946));
#3683 = ORIENTED_EDGE('',*,*,#3659,.T.);
#3684 = ORIENTED_EDGE('',*,*,#3685,.F.);
#3685 = EDGE_CURVE('',#3686,#3409,#3688,.T.);
#3686 = VERTEX_POINT('',#3687);
#3687 = CARTESIAN_POINT('',(3.075,-7.531577814756E-16,-10.69012810204));
#3688 = SURFACE_CURVE('',#3689,(#3764,#3842),.PCURVE_S1.);
#3689 = B_SPLINE_CURVE_WITH_KNOTS('',7,(#3690,#3691,#3692,#3693,#3694,
    #3695,#3696,#3697,#3698,#3699,#3700,#3701,#3702,#3703,#3704,#3705,
    #3706,#3707,#3708,#3709,#3710,#3711,#3712,#3713,#3714,#3715,#3716,
    #3717,#3718,#3719,#3720,#3721,#3722,#3723,#3724,#3725,#3726,#3727,
    #3728,#3729,#3730,#3731,#3732,#3733,#3734,#3735,#3736,#3737,#3738,
    #3739,#3740,#3741,#3742,#3743,#3744,#3745,#3746,#3747,#3748,#3749,
    #3750,#3751,#3752,#3753,#3754,#3755,#3756,#3757,#3758,#3759,#3760,
    #3761,#3762,#3763),.UNSPECIFIED.,.F.,.F.,(8,6,6,6,6,6,6,6,6,6,6,6,8)
  ,(0.,0.124541566201,0.234088519935,0.28910646776,0.374529479953,
    0.456495367533,0.518256913043,0.556252184513,0.63234385929,
    0.717127913626,0.779420134758,0.878419606791,1.),.UNSPECIFIED.);
#3690 = CARTESIAN_POINT('',(3.075,-1.33226762955E-15,-10.69012810204));
#3691 = CARTESIAN_POINT('',(3.075000000005,0.343717614282,
    -10.66753484187));
#3692 = CARTESIAN_POINT('',(3.030175693661,0.687646186107,-10.6449278193
    ));
#3693 = CARTESIAN_POINT('',(2.940434429574,1.024384501144,
    -10.62233249491));
#3694 = CARTESIAN_POINT('',(2.807328250241,1.34700637081,-10.59974047061
    ));
#3695 = CARTESIAN_POINT('',(2.633519063068,1.649060075442,
    -10.57714510872));
#3696 = CARTESIAN_POINT('',(2.422790105165,1.924540262452,
    -10.55453800934));
#3697 = CARTESIAN_POINT('',(1.967240918411,2.382644453249,
    -10.51207145123));
#3698 = CARTESIAN_POINT('',(1.729386317758,2.572650048618,
    -10.49219080868));
#3699 = CARTESIAN_POINT('',(1.47033952353,2.734721475493,-10.47231606066
    ));
#3700 = CARTESIAN_POINT('',(1.194078106645,2.866143214489,
    -10.45244335066));
#3701 = CARTESIAN_POINT('',(0.904898410888,2.964871666446,
    -10.43256863338));
#3702 = CARTESIAN_POINT('',(0.607416191275,3.029534176125,
    -10.41268800594));
#3703 = CARTESIAN_POINT('',(0.155501300269,3.074817145389,
    -10.38283381457));
#3704 = CARTESIAN_POINT('',(3.53979970531E-03,3.081252380878,
    -10.37285263815));
#3705 = CARTESIAN_POINT('',(-0.148689718197,3.078923171631,
    -10.36287163899));
#3706 = CARTESIAN_POINT('',(-0.30058123994,3.067821302099,
    -10.35289074845));
#3707 = CARTESIAN_POINT('',(-0.451531765324,3.047990807375,
    -10.34290974877));
#3708 = CARTESIAN_POINT('',(-0.600942712346,3.019527929263,
    -10.33292858254));
#3709 = CARTESIAN_POINT('',(-0.976891837305,2.925215940925,
    -10.3074508955));
#3710 = CARTESIAN_POINT('',(-1.200463682941,2.847388744492,
    -10.29195193588));
#3711 = CARTESIAN_POINT('',(-1.416681424814,2.749654768844,
    -10.27645446147));
#3712 = CARTESIAN_POINT('',(-1.623440386787,2.632874627258,
    -10.26095791595));
#3713 = CARTESIAN_POINT('',(-1.818771150109,2.498160736732,
    -10.24546036852));
#3714 = CARTESIAN_POINT('',(-2.000850428607,2.346871057627,
    -10.22996132951));
#3715 = CARTESIAN_POINT('',(-2.328460008614,2.021156205696,
    -10.19959487908));
#3716 = CARTESIAN_POINT('',(-2.475212196102,1.847874453452,
    -10.18472356004));
#3717 = CARTESIAN_POINT('',(-2.60683688967,1.662243066767,
    -10.16985361597));
#3718 = CARTESIAN_POINT('',(-2.722115129304,1.465857970589,
    -10.15498465885));
#3719 = CARTESIAN_POINT('',(-2.820035468896,1.260442431523,
    -10.14011497394));
#3720 = CARTESIAN_POINT('',(-2.899798913619,1.047838292454,
    -10.1252438528));
#3721 = CARTESIAN_POINT('',(-3.006870263498,0.665891147171,
    -10.09916977721));
#3722 = CARTESIAN_POINT('',(-3.042267743089,0.498781360816,
    -10.08796482891));
#3723 = CARTESIAN_POINT('',(-3.066817141669,0.329524046767,
    -10.07675993183));
#3724 = CARTESIAN_POINT('',(-3.080370719937,0.158964263184,
    -10.06555489115));
#3725 = CARTESIAN_POINT('',(-3.082860790423,-1.20457432397E-02,
    -10.05434999456));
#3726 = CARTESIAN_POINT('',(-3.074299823049,-0.182648715447,
    -10.04314586548));
#3727 = CARTESIAN_POINT('',(-3.042785230642,-0.456157044946,
    -10.02504923677));
#3728 = CARTESIAN_POINT('',(-3.026637115508,-0.559854494848,
    -10.01815652661));
#3729 = CARTESIAN_POINT('',(-3.006367296951,-0.662875964896,
    -10.01126374913));
#3730 = CARTESIAN_POINT('',(-2.982010444133,-0.7650247084,
    -10.00437091649));
#3731 = CARTESIAN_POINT('',(-2.953612728452,-0.866107097031,
    -9.997478035028));
#3732 = CARTESIAN_POINT('',(-2.921231823545,-0.965932620819,
    -9.990585105283));
#3733 = CARTESIAN_POINT('',(-2.812250462753,-1.261338283788,
    -9.969887808376));
#3734 = CARTESIAN_POINT('',(-2.723859478824,-1.452588307521,
    -9.956082121442));
#3735 = CARTESIAN_POINT('',(-2.620324297631,-1.636530719681,
    -9.942277258662));
#3736 = CARTESIAN_POINT('',(-2.50238454784,-1.81174058487,
    -9.928473049177));
#3737 = CARTESIAN_POINT('',(-2.370932863252,-1.976891704235,
    -9.914668439776));
#3738 = CARTESIAN_POINT('',(-2.227011180505,-2.130762298064,
    -9.90086308532));
#3739 = CARTESIAN_POINT('',(-1.89892078502,-2.429913192922,
    -9.87167808867));
#3740 = CARTESIAN_POINT('',(-1.71199145225,-2.572241649102,
    -9.856295160446));
#3741 = CARTESIAN_POINT('',(-1.512712595494,-2.697704453242,
    -9.840913771806));
#3742 = CARTESIAN_POINT('',(-1.302921432101,-2.80504979376,
    -9.825533319421));
#3743 = CARTESIAN_POINT('',(-1.084586784459,-2.893270332826,
    -9.810151861737));
#3744 = CARTESIAN_POINT('',(-0.859798296104,-2.961608595676,
    -9.794768856525));
#3745 = CARTESIAN_POINT('',(-0.462515666232,-3.044874493001,
    -9.768087188705));
#3746 = CARTESIAN_POINT('',(-0.291943942075,-3.069166901886,
    -9.756785990395));
#3747 = CARTESIAN_POINT('',(-0.119935512114,-3.082301143994,
    -9.74548508539));
#3748 = CARTESIAN_POINT('',(5.263412886086E-02,-3.084184530677,
    -9.734184395141));
#3749 = CARTESIAN_POINT('',(0.224887699185,-3.074807608623,
    -9.722883526853));
#3750 = CARTESIAN_POINT('',(0.395948490453,-3.054244003039,
    -9.71158236136));
#3751 = CARTESIAN_POINT('',(0.833520637084,-2.972460657134,
    -9.682321691501));
#3752 = CARTESIAN_POINT('',(1.096961806354,-2.894408077723,
    -9.66435741113));
#3753 = CARTESIAN_POINT('',(1.351676510826,-2.789147863476,
    -9.646396408619));
#3754 = CARTESIAN_POINT('',(1.594339811988,-2.657904396561,
    -9.628437484406));
#3755 = CARTESIAN_POINT('',(1.821854618978,-2.502352717296,
    -9.610476497407));
#3756 = CARTESIAN_POINT('',(2.031376261412,-2.324605240542,
    -9.59251223371));
#3757 = CARTESIAN_POINT('',(2.452534880578,-1.885017639957,
    -9.552495813112));
#3758 = CARTESIAN_POINT('',(2.653953826241,-1.613034952731,
    -9.530426964584));
#3759 = CARTESIAN_POINT('',(2.819845791173,-1.316267720126,
    -9.508368236028));
#3760 = CARTESIAN_POINT('',(2.946761881357,-1.000342497788,
    -9.486312420922));
#3761 = CARTESIAN_POINT('',(3.032280842041,-0.671287047265,
    -9.464253615173));
#3762 = CARTESIAN_POINT('',(3.075,-0.335549680057,-9.442184623399));
#3763 = CARTESIAN_POINT('',(3.075,-4.440892098501E-16,-9.420128081739));
#3764 = PCURVE('',#2501,#3765);
#3765 = DEFINITIONAL_REPRESENTATION('',(#3766),#3841);
#3766 = B_SPLINE_CURVE_WITH_KNOTS('',7,(#3767,#3768,#3769,#3770,#3771,
    #3772,#3773,#3774,#3775,#3776,#3777,#3778,#3779,#3780,#3781,#3782,
    #3783,#3784,#3785,#3786,#3787,#3788,#3789,#3790,#3791,#3792,#3793,
    #3794,#3795,#3796,#3797,#3798,#3799,#3800,#3801,#3802,#3803,#3804,
    #3805,#3806,#3807,#3808,#3809,#3810,#3811,#3812,#3813,#3814,#3815,
    #3816,#3817,#3818,#3819,#3820,#3821,#3822,#3823,#3824,#3825,#3826,
    #3827,#3828,#3829,#3830,#3831,#3832,#3833,#3834,#3835,#3836,#3837,
    #3838,#3839,#3840),.UNSPECIFIED.,.F.,.F.,(8,6,6,6,6,6,6,6,6,6,6,6,8)
  ,(0.,0.124541566201,0.234088519935,0.28910646776,0.374529479953,
    0.456495367533,0.518256913043,0.556252184513,0.63234385929,
    0.717127913626,0.779420134758,0.878419606791,1.),.UNSPECIFIED.);
#3767 = CARTESIAN_POINT('',(0.,5.978621897956));
#3768 = CARTESIAN_POINT('',(0.111778085945,6.001215158124));
#3769 = CARTESIAN_POINT('',(0.223624823843,6.023822180692));
#3770 = CARTESIAN_POINT('',(0.335414192716,6.046417505085));
#3771 = CARTESIAN_POINT('',(0.447187433067,6.069009529382));
#3772 = CARTESIAN_POINT('',(0.55897675749,6.091604891276));
#3773 = CARTESIAN_POINT('',(0.670823464963,6.114211990651));
#3774 = CARTESIAN_POINT('',(0.880922009695,6.156678548763));
#3775 = CARTESIAN_POINT('',(0.979278789651,6.176559191314));
#3776 = CARTESIAN_POINT('',(1.077605983035,6.196433939333));
#3777 = CARTESIAN_POINT('',(1.17592290276,6.216306649334));
#3778 = CARTESIAN_POINT('',(1.274250006772,6.236181366618));
#3779 = CARTESIAN_POINT('',(1.372606767343,6.256061994053));
#3780 = CARTESIAN_POINT('',(1.520306915744,6.28591618543));
#3781 = CARTESIAN_POINT('',(1.569687712752,6.29589736185));
#3782 = CARTESIAN_POINT('',(1.619067709593,6.305878361001));
#3783 = CARTESIAN_POINT('',(1.668447218444,6.31585925155));
#3784 = CARTESIAN_POINT('',(1.717827278599,6.325840251229));
#3785 = CARTESIAN_POINT('',(1.767208135251,6.335821417455));
#3786 = CARTESIAN_POINT('',(1.893256385354,6.361299104491));
#3787 = CARTESIAN_POINT('',(1.969935762054,6.376798064116));
#3788 = CARTESIAN_POINT('',(2.046607553577,6.392295538521));
#3789 = CARTESIAN_POINT('',(2.12327444368,6.407792084041));
#3790 = CARTESIAN_POINT('',(2.199946169424,6.423289631473));
#3791 = CARTESIAN_POINT('',(2.276625535021,6.438788670489));
#3792 = CARTESIAN_POINT('',(2.426860357426,6.469155120917));
#3793 = CARTESIAN_POINT('',(2.500435121654,6.484026439952));
#3794 = CARTESIAN_POINT('',(2.574003682883,6.498896384027));
#3795 = CARTESIAN_POINT('',(2.647568223427,6.51376534115));
#3796 = CARTESIAN_POINT('',(2.721136694962,6.528635026056));
#3797 = CARTESIAN_POINT('',(2.794711423793,6.543506147192));
#3798 = CARTESIAN_POINT('',(2.92371012852,6.569580222785));
#3799 = CARTESIAN_POINT('',(2.979144764182,6.580785171083));
#3800 = CARTESIAN_POINT('',(3.034577903163,6.591990068162));
#3801 = CARTESIAN_POINT('',(3.090010017615,6.603195108846));
#3802 = CARTESIAN_POINT('',(3.14544307433,6.614400005437));
#3803 = CARTESIAN_POINT('',(3.200877710714,6.625604134516));
#3804 = CARTESIAN_POINT('',(3.290412004724,6.643700763222));
#3805 = CARTESIAN_POINT('',(3.324514040446,6.650593473387));
#3806 = CARTESIAN_POINT('',(3.358616112945,6.657486250867));
#3807 = CARTESIAN_POINT('',(3.392718060859,6.66437908351));
#3808 = CARTESIAN_POINT('',(3.426819832729,6.671271964972));
#3809 = CARTESIAN_POINT('',(3.460921486998,6.678164894717));
#3810 = CARTESIAN_POINT('',(3.563317370398,6.698862191624));
#3811 = CARTESIAN_POINT('',(3.631617376415,6.712667878558));
#3812 = CARTESIAN_POINT('',(3.699913052764,6.726472741338));
#3813 = CARTESIAN_POINT('',(3.76820600857,6.740276950823));
#3814 = CARTESIAN_POINT('',(3.836501752556,6.754081560224));
#3815 = CARTESIAN_POINT('',(3.904801816517,6.76788691468));
#3816 = CARTESIAN_POINT('',(4.049191535078,6.79707191133));
#3817 = CARTESIAN_POINT('',(4.125297555593,6.812454839554));
#3818 = CARTESIAN_POINT('',(4.201396284825,6.827836228194));
#3819 = CARTESIAN_POINT('',(4.277490294653,6.843216680579));
#3820 = CARTESIAN_POINT('',(4.353588961924,6.858598138263));
#3821 = CARTESIAN_POINT('',(4.429694991247,6.873981143475));
#3822 = CARTESIAN_POINT('',(4.5616997533,6.900662811295));
#3823 = CARTESIAN_POINT('',(4.617611133031,6.911964009605));
#3824 = CARTESIAN_POINT('',(4.673520976886,6.92326491461));
#3825 = CARTESIAN_POINT('',(4.729429733409,6.934565604859));
#3826 = CARTESIAN_POINT('',(4.785339403342,6.945866473147));
#3827 = CARTESIAN_POINT('',(4.841250613951,6.95716763864));
#3828 = CARTESIAN_POINT('',(4.986014613909,6.986428308499));
#3829 = CARTESIAN_POINT('',(5.074891157362,7.00439258887));
#3830 = CARTESIAN_POINT('',(5.163751761465,7.022353591381));
#3831 = CARTESIAN_POINT('',(5.25260223666,7.040312515594));
#3832 = CARTESIAN_POINT('',(5.341462851353,7.058273502593));
#3833 = CARTESIAN_POINT('',(5.430339411873,7.07623776629));
#3834 = CARTESIAN_POINT('',(5.628316314495,7.116254186888));
#3835 = CARTESIAN_POINT('',(5.737499073981,7.138323035416));
#3836 = CARTESIAN_POINT('',(5.846631178044,7.160381763972));
#3837 = CARTESIAN_POINT('',(5.955748421226,7.182437579078));
#3838 = CARTESIAN_POINT('',(6.064880537934,7.204496384827));
#3839 = CARTESIAN_POINT('',(6.174063460006,7.226565376601));
#3840 = CARTESIAN_POINT('',(6.28318530718,7.248621918261));
#3841 = ( GEOMETRIC_REPRESENTATION_CONTEXT(2) 
PARAMETRIC_REPRESENTATION_CONTEXT() REPRESENTATION_CONTEXT('2D SPACE',''
  ) );
#3842 = PCURVE('',#2191,#3843);
#3843 = DEFINITIONAL_REPRESENTATION('',(#3844),#3919);
#3844 = B_SPLINE_CURVE_WITH_KNOTS('',7,(#3845,#3846,#3847,#3848,#3849,
    #3850,#3851,#3852,#3853,#3854,#3855,#3856,#3857,#3858,#3859,#3860,
    #3861,#3862,#3863,#3864,#3865,#3866,#3867,#3868,#3869,#3870,#3871,
    #3872,#3873,#3874,#3875,#3876,#3877,#3878,#3879,#3880,#3881,#3882,
    #3883,#3884,#3885,#3886,#3887,#3888,#3889,#3890,#3891,#3892,#3893,
    #3894,#3895,#3896,#3897,#3898,#3899,#3900,#3901,#3902,#3903,#3904,
    #3905,#3906,#3907,#3908,#3909,#3910,#3911,#3912,#3913,#3914,#3915,
    #3916,#3917,#3918),.UNSPECIFIED.,.F.,.F.,(8,6,6,6,6,6,6,6,6,6,6,6,8)
  ,(0.,0.124541566201,0.234088519935,0.28910646776,0.374529479953,
    0.456495367533,0.518256913043,0.556252184513,0.63234385929,
    0.717127913626,0.779420134758,0.878419606791,1.),.UNSPECIFIED.);
#3845 = CARTESIAN_POINT('',(12.820502007803,0.350169567397));
#3846 = CARTESIAN_POINT('',(12.706463387753,0.350169409249));
#3847 = CARTESIAN_POINT('',(12.592354736128,0.350169058613));
#3848 = CARTESIAN_POINT('',(12.478304654075,0.350168530613));
#3849 = CARTESIAN_POINT('',(12.364271094241,0.350167972657));
#3850 = CARTESIAN_POINT('',(12.250221167152,0.350167567656));
#3851 = CARTESIAN_POINT('',(12.136112667195,0.350167401136));
#3852 = CARTESIAN_POINT('',(11.92176533288,0.35016745057));
#3853 = CARTESIAN_POINT('',(11.821419448187,0.350167623848));
#3854 = CARTESIAN_POINT('',(11.72110367188,0.35016792057));
#3855 = CARTESIAN_POINT('',(11.620798288117,0.350168253955));
#3856 = CARTESIAN_POINT('',(11.520482464874,0.350168480625));
#3857 = CARTESIAN_POINT('',(11.420136415586,0.350168570394));
#3858 = CARTESIAN_POINT('',(11.269449117085,0.350168567769));
#3859 = CARTESIAN_POINT('',(11.219069642157,0.350168543953));
#3860 = CARTESIAN_POINT('',(11.168691010478,0.350168502282));
#3861 = CARTESIAN_POINT('',(11.118312908076,0.350168454065));
#3862 = CARTESIAN_POINT('',(11.067934276069,0.350168413204));
#3863 = CARTESIAN_POINT('',(11.017554861757,0.350168392563));
#3864 = CARTESIAN_POINT('',(10.888957778628,0.350168412401));
#3865 = CARTESIAN_POINT('',(10.810727916415,0.350168493223));
#3866 = CARTESIAN_POINT('',(10.732505823902,0.350168668733));
#3867 = CARTESIAN_POINT('',(10.654288710062,0.350168944838));
#3868 = CARTESIAN_POINT('',(10.576066581468,0.350169235622));
#3869 = CARTESIAN_POINT('',(10.497836539854,0.350169393168));
#3870 = CARTESIAN_POINT('',(10.344563345106,0.350169287048));
#3871 = CARTESIAN_POINT('',(10.269500502113,0.350169035044));
#3872 = CARTESIAN_POINT('',(10.19444390753,0.350168543276));
#3873 = CARTESIAN_POINT('',(10.1193913939,0.350167739292));
#3874 = CARTESIAN_POINT('',(10.044334944817,0.350166844475));
#3875 = CARTESIAN_POINT('',(9.969272262866,0.350166302019));
#3876 = CARTESIAN_POINT('',(9.837664907694,0.350166309526));
#3877 = CARTESIAN_POINT('',(9.781109263531,0.350166545016));
#3878 = CARTESIAN_POINT('',(9.724555378469,0.350167300704));
#3879 = CARTESIAN_POINT('',(9.668002329286,0.35016859744));
#3880 = CARTESIAN_POINT('',(9.611448107755,0.350169235632));
#3881 = CARTESIAN_POINT('',(9.554892504323,0.350168051788));
#3882 = CARTESIAN_POINT('',(9.463547718702,0.350166974697));
#3883 = CARTESIAN_POINT('',(9.428756108197,0.350166608033));
#3884 = CARTESIAN_POINT('',(9.393964454732,0.350166344261));
#3885 = CARTESIAN_POINT('',(9.359172912006,0.350166215402));
#3886 = CARTESIAN_POINT('',(9.324381525691,0.350166226189));
#3887 = CARTESIAN_POINT('',(9.289590233434,0.350166354066));
#3888 = CARTESIAN_POINT('',(9.185123523673,0.350166939947));
#3889 = CARTESIAN_POINT('',(9.115442139297,0.350167638745));
#3890 = CARTESIAN_POINT('',(9.045765083708,0.350168396101));
#3891 = CARTESIAN_POINT('',(8.976090789124,0.350168967483));
#3892 = CARTESIAN_POINT('',(8.906413702229,0.350169270629));
#3893 = CARTESIAN_POINT('',(8.836732289121,0.350169377702));
#3894 = CARTESIAN_POINT('',(8.689422503447,0.350169302778));
#3895 = CARTESIAN_POINT('',(8.611777453503,0.350169089119));
#3896 = CARTESIAN_POINT('',(8.534139947995,0.350168796932));
#3897 = CARTESIAN_POINT('',(8.456507316214,0.350168556062));
#3898 = CARTESIAN_POINT('',(8.378869932646,0.350168426958));
#3899 = CARTESIAN_POINT('',(8.30122499295,0.350168386231));
#3900 = CARTESIAN_POINT('',(8.166550905565,0.350168412508));
#3901 = CARTESIAN_POINT('',(8.109508883773,0.35016845341));
#3902 = CARTESIAN_POINT('',(8.052468387376,0.350168509897));
#3903 = CARTESIAN_POINT('',(7.995428958238,0.350168560594));
#3904 = CARTESIAN_POINT('',(7.938388561264,0.350168587301));
#3905 = CARTESIAN_POINT('',(7.881346566925,0.350168580297));
#3906 = CARTESIAN_POINT('',(7.733654729536,0.350168472231));
#3907 = CARTESIAN_POINT('',(7.642980629206,0.350168318935));
#3908 = CARTESIAN_POINT('',(7.552322796217,0.350168069449));
#3909 = CARTESIAN_POINT('',(7.461675349998,0.350167784146));
#3910 = CARTESIAN_POINT('',(7.371017631027,0.350167547045));
#3911 = CARTESIAN_POINT('',(7.280343702258,0.350167424048));
#3912 = CARTESIAN_POINT('',(7.078363160196,0.350167427013));
#3913 = CARTESIAN_POINT('',(6.96697248223,0.35016761723));
#3914 = CARTESIAN_POINT('',(6.855633505743,0.350168022902));
#3915 = CARTESIAN_POINT('',(6.744309649259,0.350168572281));
#3916 = CARTESIAN_POINT('',(6.632970554644,0.350169072074));
#3917 = CARTESIAN_POINT('',(6.52157959012,0.3501694136));
#3918 = CARTESIAN_POINT('',(6.410250927021,0.350169567994));
#3919 = ( GEOMETRIC_REPRESENTATION_CONTEXT(2) 
PARAMETRIC_REPRESENTATION_CONTEXT() REPRESENTATION_CONTEXT('2D SPACE',''
  ) );
#3920 = ORIENTED_EDGE('',*,*,#3921,.F.);
#3921 = EDGE_CURVE('',#2256,#3686,#3922,.T.);
#3922 = SURFACE_CURVE('',#3923,(#3927,#3934),.PCURVE_S1.);
#3923 = LINE('',#3924,#3925);
#3924 = CARTESIAN_POINT('',(3.075,-7.531577814756E-16,-16.66875));
#3925 = VECTOR('',#3926,1.);
#3926 = DIRECTION('',(0.,0.,1.));
#3927 = PCURVE('',#2501,#3928);
#3928 = DEFINITIONAL_REPRESENTATION('',(#3929),#3933);
#3929 = LINE('',#3930,#3931);
#3930 = CARTESIAN_POINT('',(0.,-0.));
#3931 = VECTOR('',#3932,1.);
#3932 = DIRECTION('',(0.,1.));
#3933 = ( GEOMETRIC_REPRESENTATION_CONTEXT(2) 
PARAMETRIC_REPRESENTATION_CONTEXT() REPRESENTATION_CONTEXT('2D SPACE',''
  ) );
#3934 = PCURVE('',#3935,#3940);
#3935 = CYLINDRICAL_SURFACE('',#3936,3.075);
#3936 = AXIS2_PLACEMENT_3D('',#3937,#3938,#3939);
#3937 = CARTESIAN_POINT('',(0.,0.,-16.66875));
#3938 = DIRECTION('',(0.,0.,1.));
#3939 = DIRECTION('',(1.,0.,-0.));
#3940 = DEFINITIONAL_REPRESENTATION('',(#3941),#3945);
#3941 = LINE('',#3942,#3943);
#3942 = CARTESIAN_POINT('',(6.28318530718,-0.));
#3943 = VECTOR('',#3944,1.);
#3944 = DIRECTION('',(0.,1.));
#3945 = ( GEOMETRIC_REPRESENTATION_CONTEXT(2) 
PARAMETRIC_REPRESENTATION_CONTEXT() REPRESENTATION_CONTEXT('2D SPACE',''
  ) );
#3946 = ORIENTED_EDGE('',*,*,#2333,.T.);
#3947 = ADVANCED_FACE('',(#3948),#2269,.F.);
#3948 = FACE_BOUND('',#3949,.F.);
#3949 = EDGE_LOOP('',(#3950,#3951,#4056,#4102,#4274,#4530,#4789));
#3950 = ORIENTED_EDGE('',*,*,#2255,.F.);
#3951 = ORIENTED_EDGE('',*,*,#3952,.T.);
#3952 = EDGE_CURVE('',#2151,#3953,#3955,.T.);
#3953 = VERTEX_POINT('',#3954);
#3954 = CARTESIAN_POINT('',(2.250110802944,4.960063786594E-15,-15.39875)
  );
#3955 = SURFACE_CURVE('',#3956,(#3985,#3992),.PCURVE_S1.);
#3956 = B_SPLINE_CURVE_WITH_KNOTS('',14,(#3957,#3958,#3959,#3960,#3961,
    #3962,#3963,#3964,#3965,#3966,#3967,#3968,#3969,#3970,#3971,#3972,
    #3973,#3974,#3975,#3976,#3977,#3978,#3979,#3980,#3981,#3982,#3983,
    #3984),.UNSPECIFIED.,.F.,.F.,(15,13,15),(0.,9.615376467399,
    19.230752934797),.UNSPECIFIED.);
#3957 = CARTESIAN_POINT('',(2.250110802944,4.440892098501E-16,-11.58875)
  );
#3958 = CARTESIAN_POINT('',(2.250110802943,-1.514771050349,
    -11.72482142857));
#3959 = CARTESIAN_POINT('',(1.151796741377,-3.02956768124,
    -11.86089285714));
#3960 = CARTESIAN_POINT('',(-1.043340588115,-3.681546416915,
    -11.99696428571));
#3961 = CARTESIAN_POINT('',(-3.604804934273,-2.610417242536,
    -12.13303571428));
#3962 = CARTESIAN_POINT('',(-5.022544493923,0.359954595997,
    -12.26910714284));
#3963 = CARTESIAN_POINT('',(-3.89799283277,3.967342962531,
    -12.40517857146));
#3964 = CARTESIAN_POINT('',(-2.971134449581E-11,5.855684350964,
    -12.54124999994));
#3965 = CARTESIAN_POINT('',(3.897992832824,3.967342962528,
    -12.67732142862));
#3966 = CARTESIAN_POINT('',(5.022544493882,0.359954596001,
    -12.81339285709));
#3967 = CARTESIAN_POINT('',(3.604804934299,-2.61041724254,
    -12.94946428574));
#3968 = CARTESIAN_POINT('',(1.043340588102,-3.681546416912,
    -13.08553571427));
#3969 = CARTESIAN_POINT('',(-1.151796741373,-3.029567681241,
    -13.22160714285));
#3970 = CARTESIAN_POINT('',(-2.250110802944,-1.514771050349,
    -13.35767857143));
#3971 = CARTESIAN_POINT('',(-2.250110802944,1.514771050349,
    -13.62982142856));
#3972 = CARTESIAN_POINT('',(-1.151796741371,3.029567681241,
    -13.76589285716));
#3973 = CARTESIAN_POINT('',(1.043340588098,3.681546416913,
    -13.90196428565));
#3974 = CARTESIAN_POINT('',(3.604804934307,2.610417242539,
    -14.03803571442));
#3975 = CARTESIAN_POINT('',(5.022544493869,-0.359954595999,
    -14.17410714262));
#3976 = CARTESIAN_POINT('',(3.89799283284,-3.967342962529,
    -14.31017857173));
#3977 = CARTESIAN_POINT('',(-4.395812169116E-11,-5.855684350964,
    -14.44624999967));
#3978 = CARTESIAN_POINT('',(-3.897992832761,-3.967342962528,
    -14.58232142886));
#3979 = CARTESIAN_POINT('',(-5.022544493925,-0.359954596,-14.71839285693
    ));
#3980 = CARTESIAN_POINT('',(-3.604804934275,2.61041724254,
    -14.85446428583));
#3981 = CARTESIAN_POINT('',(-1.043340588112,3.681546416913,
    -14.99053571422));
#3982 = CARTESIAN_POINT('',(1.151796741376,3.029567681241,
    -15.12660714287));
#3983 = CARTESIAN_POINT('',(2.250110802944,1.514771050349,
    -15.26267857142));
#3984 = CARTESIAN_POINT('',(2.250110802944,2.6645352591E-15,-15.39875));
#3985 = PCURVE('',#2269,#3986);
#3986 = DEFINITIONAL_REPRESENTATION('',(#3987),#3991);
#3987 = LINE('',#3988,#3989);
#3988 = CARTESIAN_POINT('',(0.,0.));
#3989 = VECTOR('',#3990,1.);
#3990 = DIRECTION('',(1.,0.));
#3991 = ( GEOMETRIC_REPRESENTATION_CONTEXT(2) 
PARAMETRIC_REPRESENTATION_CONTEXT() REPRESENTATION_CONTEXT('2D SPACE',''
  ) );
#3992 = PCURVE('',#3993,#4050);
#3993 = B_SPLINE_SURFACE_WITH_KNOTS('',14,1,(
    (#3994,#3995)
    ,(#3996,#3997)
    ,(#3998,#3999)
    ,(#4000,#4001)
    ,(#4002,#4003)
    ,(#4004,#4005)
    ,(#4006,#4007)
    ,(#4008,#4009)
    ,(#4010,#4011)
    ,(#4012,#4013)
    ,(#4014,#4015)
    ,(#4016,#4017)
    ,(#4018,#4019)
    ,(#4020,#4021)
    ,(#4022,#4023)
    ,(#4024,#4025)
    ,(#4026,#4027)
    ,(#4028,#4029)
    ,(#4030,#4031)
    ,(#4032,#4033)
    ,(#4034,#4035)
    ,(#4036,#4037)
    ,(#4038,#4039)
    ,(#4040,#4041)
    ,(#4042,#4043)
    ,(#4044,#4045)
    ,(#4046,#4047)
    ,(#4048,#4049
    )),.UNSPECIFIED.,.F.,.F.,.F.,(15,13,15),(2,2),(0.,9.615376467399,
    19.230752934797),(0.,1.),.UNSPECIFIED.);
#3994 = CARTESIAN_POINT('',(3.5195,8.437694987151E-15,-12.16025));
#3995 = CARTESIAN_POINT('',(2.250110802944,4.440892098501E-16,-11.58875)
  );
#3996 = CARTESIAN_POINT('',(3.5195,-2.369321859497,-12.29632142857));
#3997 = CARTESIAN_POINT('',(2.250110802943,-1.514771050349,
    -11.72482142857));
#3998 = CARTESIAN_POINT('',(1.801577338309,-4.738683730672,
    -12.43239285714));
#3999 = CARTESIAN_POINT('',(1.151796741377,-3.02956768124,
    -11.86089285714));
#4000 = CARTESIAN_POINT('',(-1.631936167342,-5.75847313714,
    -12.5684642857));
#4001 = CARTESIAN_POINT('',(-1.043340588115,-3.681546416915,
    -11.99696428571));
#4002 = CARTESIAN_POINT('',(-5.638438315842,-4.083071586104,
    -12.70453571432));
#4003 = CARTESIAN_POINT('',(-3.604804934273,-2.610417242536,
    -12.13303571428));
#4004 = CARTESIAN_POINT('',(-7.855988835385,0.563021251629,
    -12.84060714278));
#4005 = CARTESIAN_POINT('',(-5.022544493923,0.359954595997,
    -12.26910714284));
#4006 = CARTESIAN_POINT('',(-6.097026758437,6.205500430645,
    -12.97667857154));
#4007 = CARTESIAN_POINT('',(-3.89799283277,3.967342962531,
    -12.40517857146));
#4008 = CARTESIAN_POINT('',(-1.897859647215E-11,9.159140539306,
    -13.11274999986));
#4009 = CARTESIAN_POINT('',(-2.971134449581E-11,5.855684350964,
    -12.54124999994));
#4010 = CARTESIAN_POINT('',(6.097026758472,6.205500430638,-13.2488214287
    ));
#4011 = CARTESIAN_POINT('',(3.897992832824,3.967342962528,
    -12.67732142862));
#4012 = CARTESIAN_POINT('',(7.855988835359,0.56302125164,-13.38489285704
    ));
#4013 = CARTESIAN_POINT('',(5.022544493882,0.359954596001,
    -12.81339285709));
#4014 = CARTESIAN_POINT('',(5.638438315859,-4.083071586114,
    -13.52096428577));
#4015 = CARTESIAN_POINT('',(3.604804934299,-2.61041724254,
    -12.94946428574));
#4016 = CARTESIAN_POINT('',(1.631936167334,-5.758473137134,
    -13.65703571425));
#4017 = CARTESIAN_POINT('',(1.043340588102,-3.681546416912,
    -13.08553571427));
#4018 = CARTESIAN_POINT('',(-1.801577338307,-4.738683730675,
    -13.79310714286));
#4019 = CARTESIAN_POINT('',(-1.151796741373,-3.029567681241,
    -13.22160714285));
#4020 = CARTESIAN_POINT('',(-3.5195,-2.369321859496,-13.92917857142));
#4021 = CARTESIAN_POINT('',(-2.250110802944,-1.514771050349,
    -13.35767857143));
#4022 = CARTESIAN_POINT('',(-3.5195,2.369321859496,-14.20132142857));
#4023 = CARTESIAN_POINT('',(-2.250110802944,1.514771050349,
    -13.62982142856));
#4024 = CARTESIAN_POINT('',(-1.801577338304,4.738683730674,
    -14.33739285715));
#4025 = CARTESIAN_POINT('',(-1.151796741371,3.029567681241,
    -13.76589285716));
#4026 = CARTESIAN_POINT('',(1.631936167325,5.758473137135,
    -14.47346428568));
#4027 = CARTESIAN_POINT('',(1.043340588098,3.681546416913,
    -13.90196428565));
#4028 = CARTESIAN_POINT('',(5.638438315879,4.083071586113,
    -14.60953571436));
#4029 = CARTESIAN_POINT('',(3.604804934307,2.610417242539,
    -14.03803571442));
#4030 = CARTESIAN_POINT('',(7.855988835324,-0.563021251643,
    -14.74560714272));
#4031 = CARTESIAN_POINT('',(5.022544493869,-0.359954595999,
    -14.17410714262));
#4032 = CARTESIAN_POINT('',(6.097026758519,-6.205500430627,
    -14.88167857159));
#4033 = CARTESIAN_POINT('',(3.89799283284,-3.967342962529,
    -14.31017857173));
#4034 = CARTESIAN_POINT('',(-7.009272496607E-11,-9.159140539324,
    -15.01774999982));
#4035 = CARTESIAN_POINT('',(-4.395812169116E-11,-5.855684350964,
    -14.44624999967));
#4036 = CARTESIAN_POINT('',(-6.097026758394,-6.205500430622,
    -15.15382142872));
#4037 = CARTESIAN_POINT('',(-3.897992832761,-3.967342962528,
    -14.58232142886));
#4038 = CARTESIAN_POINT('',(-7.855988835413,-0.563021251651,
    -15.28989285703));
#4039 = CARTESIAN_POINT('',(-5.022544493925,-0.359954596,-14.71839285693
    ));
#4040 = CARTESIAN_POINT('',(-5.638438315828,4.08307158612,
    -15.42596428577));
#4041 = CARTESIAN_POINT('',(-3.604804934275,2.61041724254,
    -14.85446428583));
#4042 = CARTESIAN_POINT('',(-1.631936167347,5.758473137131,
    -15.56203571425));
#4043 = CARTESIAN_POINT('',(-1.043340588112,3.681546416913,
    -14.99053571422));
#4044 = CARTESIAN_POINT('',(1.801577338311,4.738683730676,
    -15.69810714286));
#4045 = CARTESIAN_POINT('',(1.151796741376,3.029567681241,
    -15.12660714287));
#4046 = CARTESIAN_POINT('',(3.519499999999,2.369321859496,
    -15.83417857142));
#4047 = CARTESIAN_POINT('',(2.250110802944,1.514771050349,
    -15.26267857142));
#4048 = CARTESIAN_POINT('',(3.5195,1.68753899743E-14,-15.97025));
#4049 = CARTESIAN_POINT('',(2.250110802944,2.6645352591E-15,-15.39875));
#4050 = DEFINITIONAL_REPRESENTATION('',(#4051),#4055);
#4051 = LINE('',#4052,#4053);
#4052 = CARTESIAN_POINT('',(0.,1.));
#4053 = VECTOR('',#4054,1.);
#4054 = DIRECTION('',(1.,0.));
#4055 = ( GEOMETRIC_REPRESENTATION_CONTEXT(2) 
PARAMETRIC_REPRESENTATION_CONTEXT() REPRESENTATION_CONTEXT('2D SPACE',''
  ) );
#4056 = ORIENTED_EDGE('',*,*,#4057,.T.);
#4057 = EDGE_CURVE('',#3953,#4058,#4060,.T.);
#4058 = VERTEX_POINT('',#4059);
#4059 = CARTESIAN_POINT('',(2.89728599924,4.954841664044E-15,
    -15.10738102857));
#4060 = SURFACE_CURVE('',#4061,(#4064,#4071),.PCURVE_S1.);
#4061 = B_SPLINE_CURVE_WITH_KNOTS('',1,(#4062,#4063),.UNSPECIFIED.,.F.,
  .F.,(2,2),(0.,1.),.PIECEWISE_BEZIER_KNOTS.);
#4062 = CARTESIAN_POINT('',(2.250110802944,2.6645352591E-15,-15.39875));
#4063 = CARTESIAN_POINT('',(3.5195,1.68753899743E-14,-14.82725));
#4064 = PCURVE('',#2269,#4065);
#4065 = DEFINITIONAL_REPRESENTATION('',(#4066),#4070);
#4066 = LINE('',#4067,#4068);
#4067 = CARTESIAN_POINT('',(19.230752934797,0.));
#4068 = VECTOR('',#4069,1.);
#4069 = DIRECTION('',(0.,1.));
#4070 = ( GEOMETRIC_REPRESENTATION_CONTEXT(2) 
PARAMETRIC_REPRESENTATION_CONTEXT() REPRESENTATION_CONTEXT('2D SPACE',''
  ) );
#4071 = PCURVE('',#4072,#4097);
#4072 = B_SPLINE_SURFACE_WITH_KNOTS('',11,1,(
    (#4073,#4074)
    ,(#4075,#4076)
    ,(#4077,#4078)
    ,(#4079,#4080)
    ,(#4081,#4082)
    ,(#4083,#4084)
    ,(#4085,#4086)
    ,(#4087,#4088)
    ,(#4089,#4090)
    ,(#4091,#4092)
    ,(#4093,#4094)
    ,(#4095,#4096
    )),.UNSPECIFIED.,.F.,.F.,.F.,(12,12),(2,2),(0.,6.410250978266),(0.,
    1.),.PIECEWISE_BEZIER_KNOTS.);
#4073 = CARTESIAN_POINT('',(2.250110802944,4.676321412843E-15,-15.39875)
  );
#4074 = CARTESIAN_POINT('',(3.5195,8.842746604343E-15,-14.82725));
#4075 = CARTESIAN_POINT('',(2.250110802944,-1.285260285144,
    -15.51420454545));
#4076 = CARTESIAN_POINT('',(3.5195,-2.010333698965,-14.94270454545));
#4077 = CARTESIAN_POINT('',(1.442731641683,-2.570491443441,
    -15.6296590909));
#4078 = CARTESIAN_POINT('',(2.256641764601,-4.020621839313,
    -15.0581590909));
#4079 = CARTESIAN_POINT('',(-0.173701659172,-3.292246871385,
    -15.74511363636));
#4080 = CARTESIAN_POINT('',(-0.271694615508,-5.149552123691,
    -15.17361363636));
#4081 = CARTESIAN_POINT('',(-2.148422045077,-2.88480673179,
    -15.86056818181));
#4082 = CARTESIAN_POINT('',(-3.360444018025,-4.512256587209,
    -15.28906818181));
#4083 = CARTESIAN_POINT('',(-3.620827928539,-1.189696731642,
    -15.97602272727));
#4084 = CARTESIAN_POINT('',(-5.663500605314,-1.860858425966,
    -15.40452272727));
#4085 = CARTESIAN_POINT('',(-3.62082792854,1.189696731642,
    -16.09147727272));
#4086 = CARTESIAN_POINT('',(-5.663500605311,1.860858425966,
    -15.51997727272));
#4087 = CARTESIAN_POINT('',(-2.148422045077,2.884806731789,
    -16.20693181818));
#4088 = CARTESIAN_POINT('',(-3.360444018027,4.512256587209,
    -15.63543181818));
#4089 = CARTESIAN_POINT('',(-0.173701659172,3.292246871386,
    -16.32238636363));
#4090 = CARTESIAN_POINT('',(-0.271694615507,5.149552123691,
    -15.75088636363));
#4091 = CARTESIAN_POINT('',(1.442731641683,2.570491443441,
    -16.43784090909));
#4092 = CARTESIAN_POINT('',(2.2566417646,4.020621839313,-15.86634090909)
  );
#4093 = CARTESIAN_POINT('',(2.250110802944,1.285260285144,
    -16.55329545454));
#4094 = CARTESIAN_POINT('',(3.5195,2.010333698965,-15.98179545454));
#4095 = CARTESIAN_POINT('',(2.250110802944,1.021213065312E-14,-16.66875)
  );
#4096 = CARTESIAN_POINT('',(3.5195,1.34930633262E-14,-16.09725));
#4097 = DEFINITIONAL_REPRESENTATION('',(#4098),#4101);
#4098 = B_SPLINE_CURVE_WITH_KNOTS('',1,(#4099,#4100),.UNSPECIFIED.,.F.,
  .F.,(2,2),(0.,0.649831587482),.PIECEWISE_BEZIER_KNOTS.);
#4099 = CARTESIAN_POINT('',(0.,0.));
#4100 = CARTESIAN_POINT('',(0.,0.649831587482));
#4101 = ( GEOMETRIC_REPRESENTATION_CONTEXT(2) 
PARAMETRIC_REPRESENTATION_CONTEXT() REPRESENTATION_CONTEXT('2D SPACE',''
  ) );
#4102 = ORIENTED_EDGE('',*,*,#4103,.T.);
#4103 = EDGE_CURVE('',#4058,#4104,#4106,.T.);
#4104 = VERTEX_POINT('',#4105);
#4105 = CARTESIAN_POINT('',(-0.809999046733,-2.966399592813,-14.12875));
#4106 = SURFACE_CURVE('',#4107,(#4159,#4214),.PCURVE_S1.);
#4107 = B_SPLINE_CURVE_WITH_KNOTS('',8,(#4108,#4109,#4110,#4111,#4112,
    #4113,#4114,#4115,#4116,#4117,#4118,#4119,#4120,#4121,#4122,#4123,
    #4124,#4125,#4126,#4127,#4128,#4129,#4130,#4131,#4132,#4133,#4134,
    #4135,#4136,#4137,#4138,#4139,#4140,#4141,#4142,#4143,#4144,#4145,
    #4146,#4147,#4148,#4149,#4150,#4151,#4152,#4153,#4154,#4155,#4156,
    #4157,#4158),.UNSPECIFIED.,.F.,.F.,(9,7,7,7,7,7,7,9),(0.,
    0.124554000436,0.245692300662,0.367554664471,0.494380956683,
    0.617719336199,0.746074971109,1.),.UNSPECIFIED.);
#4108 = CARTESIAN_POINT('',(2.89728599924,-8.881784197001E-16,
    -15.10738102857));
#4109 = CARTESIAN_POINT('',(2.900120176362,0.205423237468,
    -15.09177385159));
#4110 = CARTESIAN_POINT('',(2.886306685378,0.411151375729,
    -15.07617751341));
#4111 = CARTESIAN_POINT('',(2.855823915805,0.615566421635,
    -15.06059644688));
#4112 = CARTESIAN_POINT('',(2.808847534182,0.817095418592,-15.0450309523
    ));
#4113 = CARTESIAN_POINT('',(2.745723018322,1.014209874285,
    -15.02947948689));
#4114 = CARTESIAN_POINT('',(2.666954589577,1.205429452101,
    -15.01394059267));
#4115 = CARTESIAN_POINT('',(2.573210543089,1.38932992624,-14.99841446266
    ));
#4116 = CARTESIAN_POINT('',(2.360437454827,1.734975588035,
    -14.96781917485));
#4117 = CARTESIAN_POINT('',(2.24214450542,1.897235213346,-14.95274524464
    ));
#4118 = CARTESIAN_POINT('',(2.111238134713,2.050083161618,
    -14.93768492615));
#4119 = CARTESIAN_POINT('',(1.968615319761,2.19239316331,-14.92263836678
    ));
#4120 = CARTESIAN_POINT('',(1.815279054595,2.323151330701,
    -14.90760452959));
#4121 = CARTESIAN_POINT('',(1.652328996274,2.441453895849,
    -14.89258241527));
#4122 = CARTESIAN_POINT('',(1.480961710193,2.546515150022,
    -14.87757226664));
#4123 = CARTESIAN_POINT('',(1.122932507561,2.729400959824,
    -14.84749161407));
#4124 = CARTESIAN_POINT('',(0.936140078204,2.80708203776,-14.83241755378
    ));
#4125 = CARTESIAN_POINT('',(0.743423033551,2.870056470218,-14.8173572251
    ));
#4126 = CARTESIAN_POINT('',(0.546143273517,2.91782491292,-14.80231074978
    ));
#4127 = CARTESIAN_POINT('',(0.345695021846,2.950040282973,
    -14.78727701824));
#4128 = CARTESIAN_POINT('',(0.143497991397,2.96650087197,-14.77225495524
    ));
#4129 = CARTESIAN_POINT('',(-5.900651619122E-02,2.967157314705,
    -14.75724475416));
#4130 = CARTESIAN_POINT('',(-0.469908408402,2.93649753028,
    -14.72664257308));
#4131 = CARTESIAN_POINT('',(-0.678267374522,2.903873508157,
    -14.71104759186));
#4132 = CARTESIAN_POINT('',(-0.883782718422,2.854385707155,
    -14.69546725526));
#4133 = CARTESIAN_POINT('',(-1.084867915754,2.788355299899,
    -14.67990172574));
#4134 = CARTESIAN_POINT('',(-1.279997220521,2.706272267671,
    -14.66434973173));
#4135 = CARTESIAN_POINT('',(-1.467708174369,2.608783845915,
    -14.64881005214));
#4136 = CARTESIAN_POINT('',(-1.646610078826,2.496699419201,
    -14.63328296281));
#4137 = CARTESIAN_POINT('',(-1.979544850149,2.248780907714,
    -14.60268691136));
#4138 = CARTESIAN_POINT('',(-2.134170179872,2.113652095596,
    -14.58761313755));
#4139 = CARTESIAN_POINT('',(-2.278069478613,1.966524890117,
    -14.57255298733));
#4140 = CARTESIAN_POINT('',(-2.410176575932,1.808414710809,
    -14.55750659876));
#4141 = CARTESIAN_POINT('',(-2.529549405187,1.64043471627,
    -14.54247287452));
#4142 = CARTESIAN_POINT('',(-2.635366713775,1.463786537412,
    -14.52745074535));
#4143 = CARTESIAN_POINT('',(-2.726936150471,1.279759963577,
    -14.51244040632));
#4144 = CARTESIAN_POINT('',(-2.883614527857,0.891993482566,
    -14.48183863153));
#4145 = CARTESIAN_POINT('',(-2.947517587477,0.687701560805,
    -14.46624416425));
#4146 = CARTESIAN_POINT('',(-2.994794621719,0.478424305225,
    -14.45066425106));
#4147 = CARTESIAN_POINT('',(-3.025025505483,0.265749953689,
    -14.43509903029));
#4148 = CARTESIAN_POINT('',(-3.037971041994,5.128714622623E-02,
    -14.41954719343));
#4149 = CARTESIAN_POINT('',(-3.033563503135,-0.163342449845,
    -14.40400748611));
#4150 = CARTESIAN_POINT('',(-3.01191494367,-0.376509542937,
    -14.38848016852));
#4151 = CARTESIAN_POINT('',(-2.897037263205,-1.002162804597,
    -14.34228168475));
#4152 = CARTESIAN_POINT('',(-2.75432140588,-1.406598957245,
    -14.31158464421));
#4153 = CARTESIAN_POINT('',(-2.547323950302,-1.786080673675,
    -14.28098081496));
#4154 = CARTESIAN_POINT('',(-2.281830594637,-2.129197213524,
    -14.25044794505));
#4155 = CARTESIAN_POINT('',(-1.96518548254,-2.425969490156,
    -14.2199657197));
#4156 = CARTESIAN_POINT('',(-1.606709661805,-2.66828048125,
    -14.1895133769));
#4157 = CARTESIAN_POINT('',(-1.217189741844,-2.84950477188,
    -14.15907338948));
#4158 = CARTESIAN_POINT('',(-0.809999046956,-2.966399592761,-14.12875));
#4159 = PCURVE('',#2269,#4160);
#4160 = DEFINITIONAL_REPRESENTATION('',(#4161),#4213);
#4161 = B_SPLINE_CURVE_WITH_KNOTS('',8,(#4162,#4163,#4164,#4165,#4166,
    #4167,#4168,#4169,#4170,#4171,#4172,#4173,#4174,#4175,#4176,#4177,
    #4178,#4179,#4180,#4181,#4182,#4183,#4184,#4185,#4186,#4187,#4188,
    #4189,#4190,#4191,#4192,#4193,#4194,#4195,#4196,#4197,#4198,#4199,
    #4200,#4201,#4202,#4203,#4204,#4205,#4206,#4207,#4208,#4209,#4210,
    #4211,#4212),.UNSPECIFIED.,.F.,.F.,(9,7,7,7,7,7,7,9),(0.,
    0.124554000436,0.245692300662,0.367554664471,0.494380956683,
    0.617719336199,0.746074971109,1.),.UNSPECIFIED.);
#4162 = CARTESIAN_POINT('',(19.230752932874,0.509831971055));
#4163 = CARTESIAN_POINT('',(19.158417119883,0.512064680704));
#4164 = CARTESIAN_POINT('',(19.086136023272,0.514297391251));
#4165 = CARTESIAN_POINT('',(19.013923900056,0.516527293308));
#4166 = CARTESIAN_POINT('',(18.941781302563,0.518754050551));
#4167 = CARTESIAN_POINT('',(18.869702220189,0.520978276743));
#4168 = CARTESIAN_POINT('',(18.797680965942,0.523200552552));
#4169 = CARTESIAN_POINT('',(18.725718807749,0.525420982144));
#4170 = CARTESIAN_POINT('',(18.583913310918,0.529796763375));
#4171 = CARTESIAN_POINT('',(18.514047793233,0.531952777581));
#4172 = CARTESIAN_POINT('',(18.444246021408,0.534107072837));
#4173 = CARTESIAN_POINT('',(18.374508633542,0.536259612427));
#4174 = CARTESIAN_POINT('',(18.304830605664,0.538410469132));
#4175 = CARTESIAN_POINT('',(18.235207055647,0.540559699056));
#4176 = CARTESIAN_POINT('',(18.165638921307,0.542707202426));
#4177 = CARTESIAN_POINT('',(18.026222688652,0.547010763497));
#4178 = CARTESIAN_POINT('',(17.956358104807,0.549167329033));
#4179 = CARTESIAN_POINT('',(17.886556947749,0.551321855234));
#4180 = CARTESIAN_POINT('',(17.81681979356,0.553474328767));
#4181 = CARTESIAN_POINT('',(17.747141579541,0.555624936097));
#4182 = CARTESIAN_POINT('',(17.67751742954,0.557773868227));
#4183 = CARTESIAN_POINT('',(17.607948332861,0.55992112976));
#4184 = CARTESIAN_POINT('',(17.466113947692,0.564298958065));
#4185 = CARTESIAN_POINT('',(17.393834759223,0.566529957646));
#4186 = CARTESIAN_POINT('',(17.321623621374,0.568758923271));
#4187 = CARTESIAN_POINT('',(17.249481282218,0.570985829962));
#4188 = CARTESIAN_POINT('',(17.177401789819,0.573210839361));
#4189 = CARTESIAN_POINT('',(17.105379390419,0.575434093478));
#4190 = CARTESIAN_POINT('',(17.033415262869,0.577655518321));
#4191 = CARTESIAN_POINT('',(16.891610030558,0.582032727451));
#4192 = CARTESIAN_POINT('',(16.821746631838,0.584189202565));
#4193 = CARTESIAN_POINT('',(16.751946177943,0.586343660263));
#4194 = CARTESIAN_POINT('',(16.682209272758,0.588496068336));
#4195 = CARTESIAN_POINT('',(16.612530835397,0.59064658545));
#4196 = CARTESIAN_POINT('',(16.54290595647,0.592795380664));
#4197 = CARTESIAN_POINT('',(16.473335614486,0.594942451872));
#4198 = CARTESIAN_POINT('',(16.331501578026,0.599319690153));
#4199 = CARTESIAN_POINT('',(16.259223831553,0.601550290345));
#4200 = CARTESIAN_POINT('',(16.187013586925,0.60377882474));
#4201 = CARTESIAN_POINT('',(16.114871581107,0.606005306742));
#4202 = CARTESIAN_POINT('',(16.04279182119,0.608229948434));
#4203 = CARTESIAN_POINT('',(15.970768522825,0.610452939434));
#4204 = CARTESIAN_POINT('',(15.898802879972,0.612674238374));
#4205 = CARTESIAN_POINT('',(15.684683838096,0.619283482902));
#4206 = CARTESIAN_POINT('',(15.542411088356,0.623675329233));
#4207 = CARTESIAN_POINT('',(15.400570874298,0.628054014768));
#4208 = CARTESIAN_POINT('',(15.259059248943,0.632422467223));
#4209 = CARTESIAN_POINT('',(15.117781430733,0.636783325502));
#4210 = CARTESIAN_POINT('',(14.976641277177,0.641139649807));
#4211 = CARTESIAN_POINT('',(14.835558188227,0.645494119123));
#4212 = CARTESIAN_POINT('',(14.695015560468,0.649831932736));
#4213 = ( GEOMETRIC_REPRESENTATION_CONTEXT(2) 
PARAMETRIC_REPRESENTATION_CONTEXT() REPRESENTATION_CONTEXT('2D SPACE',''
  ) );
#4214 = PCURVE('',#4215,#4220);
#4215 = CONICAL_SURFACE('',#4216,3.075,0.179636955837);
#4216 = AXIS2_PLACEMENT_3D('',#4217,#4218,#4219);
#4217 = CARTESIAN_POINT('',(0.,0.,-14.12875));
#4218 = DIRECTION('',(0.,0.,1.));
#4219 = DIRECTION('',(1.,0.,0.));
#4220 = DEFINITIONAL_REPRESENTATION('',(#4221),#4273);
#4221 = B_SPLINE_CURVE_WITH_KNOTS('',8,(#4222,#4223,#4224,#4225,#4226,
    #4227,#4228,#4229,#4230,#4231,#4232,#4233,#4234,#4235,#4236,#4237,
    #4238,#4239,#4240,#4241,#4242,#4243,#4244,#4245,#4246,#4247,#4248,
    #4249,#4250,#4251,#4252,#4253,#4254,#4255,#4256,#4257,#4258,#4259,
    #4260,#4261,#4262,#4263,#4264,#4265,#4266,#4267,#4268,#4269,#4270,
    #4271,#4272),.UNSPECIFIED.,.F.,.F.,(9,7,7,7,7,7,7,9),(0.,
    0.124554000436,0.245692300662,0.367554664471,0.494380956683,
    0.617719336199,0.746074971109,1.),.UNSPECIFIED.);
#4222 = CARTESIAN_POINT('',(0.,-0.978631028576));
#4223 = CARTESIAN_POINT('',(7.090195359452E-02,-0.963023851632));
#4224 = CARTESIAN_POINT('',(0.141750422882,-0.947427513387));
#4225 = CARTESIAN_POINT('',(0.212531364209,-0.931846446868));
#4226 = CARTESIAN_POINT('',(0.283244083884,-0.916280952322));
#4227 = CARTESIAN_POINT('',(0.353894384051,-0.900729486911));
#4228 = CARTESIAN_POINT('',(0.424487864278,-0.885190592659));
#4229 = CARTESIAN_POINT('',(0.495023378849,-0.869664462666));
#4230 = CARTESIAN_POINT('',(0.634017574822,-0.839069174853));
#4231 = CARTESIAN_POINT('',(0.702498000097,-0.823995244642));
#4232 = CARTESIAN_POINT('',(0.770915990382,-0.80893492615));
#4233 = CARTESIAN_POINT('',(0.83927095968,-0.793888366782));
#4234 = CARTESIAN_POINT('',(0.907567844101,-0.778854529595));
#4235 = CARTESIAN_POINT('',(0.975811411402,-0.763832415275));
#4236 = CARTESIAN_POINT('',(1.044000707176,-0.748822266644));
#4237 = CARTESIAN_POINT('',(1.180653750218,-0.718741614072));
#4238 = CARTESIAN_POINT('',(1.24913365598,-0.703667553788));
#4239 = CARTESIAN_POINT('',(1.31755137861,-0.688607225109));
#4240 = CARTESIAN_POINT('',(1.385906323177,-0.673560749789));
#4241 = CARTESIAN_POINT('',(1.454203433758,-0.658527018241));
#4242 = CARTESIAN_POINT('',(1.52244748762,-0.643504955241));
#4243 = CARTESIAN_POINT('',(1.590637526022,-0.628494754162));
#4244 = CARTESIAN_POINT('',(1.729660268694,-0.597892573084));
#4245 = CARTESIAN_POINT('',(1.800506594347,-0.582297591869));
#4246 = CARTESIAN_POINT('',(1.871286192839,-0.56671725526));
#4247 = CARTESIAN_POINT('',(1.941998354647,-0.551151725742));
#4248 = CARTESIAN_POINT('',(2.012648934927,-0.535599731735));
#4249 = CARTESIAN_POINT('',(2.083243586587,-0.520060052147));
#4250 = CARTESIAN_POINT('',(2.153781157981,-0.504532962817));
#4251 = CARTESIAN_POINT('',(2.292775429461,-0.473936911367));
#4252 = CARTESIAN_POINT('',(2.361253979694,-0.458863137555));
#4253 = CARTESIAN_POINT('',(2.429670862558,-0.443802987336));
#4254 = CARTESIAN_POINT('',(2.498025477192,-0.42875659876));
#4255 = CARTESIAN_POINT('',(2.566322792142,-0.413722874522));
#4256 = CARTESIAN_POINT('',(2.634567608477,-0.398700745355));
#4257 = CARTESIAN_POINT('',(2.702758959131,-0.383690406326));
#4258 = CARTESIAN_POINT('',(2.841781599935,-0.353088631533));
#4259 = CARTESIAN_POINT('',(2.912626662472,-0.337494164192));
#4260 = CARTESIAN_POINT('',(2.983405542711,-0.321914251115));
#4261 = CARTESIAN_POINT('',(3.054117519472,-0.306349030397));
#4262 = CARTESIAN_POINT('',(3.12476847258,-0.290797193391));
#4263 = CARTESIAN_POINT('',(3.195364080204,-0.275257485919));
#4264 = CARTESIAN_POINT('',(3.265903180713,-0.259730168434));
#4265 = CARTESIAN_POINT('',(3.475777870539,-0.213531684662));
#4266 = CARTESIAN_POINT('',(3.615230473796,-0.182834644235));
#4267 = CARTESIAN_POINT('',(3.754259220992,-0.15223081502));
#4268 = CARTESIAN_POINT('',(3.892965941375,-0.121697945012));
#4269 = CARTESIAN_POINT('',(4.031443563494,-9.121571998376E-02));
#4270 = CARTESIAN_POINT('',(4.169786052369,-6.07633768207E-02));
#4271 = CARTESIAN_POINT('',(4.30807252863,-3.032338954687E-02));
#4272 = CARTESIAN_POINT('',(4.445829155505,0.));
#4273 = ( GEOMETRIC_REPRESENTATION_CONTEXT(2) 
PARAMETRIC_REPRESENTATION_CONTEXT() REPRESENTATION_CONTEXT('2D SPACE',''
  ) );
#4274 = ORIENTED_EDGE('',*,*,#4275,.T.);
#4275 = EDGE_CURVE('',#4104,#4276,#4278,.T.);
#4276 = VERTEX_POINT('',#4277);
#4277 = CARTESIAN_POINT('',(3.075,-7.531577814756E-16,-13.75737191826));
#4278 = SURFACE_CURVE('',#4279,(#4359,#4442),.PCURVE_S1.);
#4279 = B_SPLINE_CURVE_WITH_KNOTS('',8,(#4280,#4281,#4282,#4283,#4284,
    #4285,#4286,#4287,#4288,#4289,#4290,#4291,#4292,#4293,#4294,#4295,
    #4296,#4297,#4298,#4299,#4300,#4301,#4302,#4303,#4304,#4305,#4306,
    #4307,#4308,#4309,#4310,#4311,#4312,#4313,#4314,#4315,#4316,#4317,
    #4318,#4319,#4320,#4321,#4322,#4323,#4324,#4325,#4326,#4327,#4328,
    #4329,#4330,#4331,#4332,#4333,#4334,#4335,#4336,#4337,#4338,#4339,
    #4340,#4341,#4342,#4343,#4344,#4345,#4346,#4347,#4348,#4349,#4350,
    #4351,#4352,#4353,#4354,#4355,#4356,#4357,#4358),.UNSPECIFIED.,.F.,
  .F.,(9,7,7,7,7,7,7,7,7,7,7,9),(0.,5.299422004632E-02,0.131550581092,
    0.21866138591,0.277242681836,0.376252853782,0.520623298769,
    0.660371429904,0.706530359996,0.763743093651,0.847155374166,1.),
  .UNSPECIFIED.);
#4280 = CARTESIAN_POINT('',(3.075,4.489297822374E-12,-15.02737124775));
#4281 = CARTESIAN_POINT('',(3.075,0.12796232722,-15.01895999153));
#4282 = CARTESIAN_POINT('',(3.068914121427,0.255926961686,
    -15.01054826975));
#4283 = CARTESIAN_POINT('',(3.056742526499,0.383553057203,
    -15.00213655168));
#4284 = CARTESIAN_POINT('',(3.038507737359,0.510502651412,
    -14.99372499024));
#4285 = CARTESIAN_POINT('',(3.014254560715,0.63644109343,-14.98531355266
    ));
#4286 = CARTESIAN_POINT('',(2.984050012483,0.761037471485,-14.9769021511
    ));
#4287 = CARTESIAN_POINT('',(2.947983242424,0.883965040554,
    -14.96849077329));
#4288 = CARTESIAN_POINT('',(2.844176568169,1.184172897822,
    -14.94761126988));
#4289 = CARTESIAN_POINT('',(2.769543974733,1.359089169301,
    -14.93514203331));
#4290 = CARTESIAN_POINT('',(2.682631396518,1.528587049995,-14.9226733174
    ));
#4291 = CARTESIAN_POINT('',(2.583905823015,1.691663500033,
    -14.91020513952));
#4292 = CARTESIAN_POINT('',(2.473925565014,1.847371629843,
    -14.89773685999));
#4293 = CARTESIAN_POINT('',(2.353335182461,1.994820979241,-14.8852678929
    ));
#4294 = CARTESIAN_POINT('',(2.222867290333,2.133182299858,
    -14.87279838831));
#4295 = CARTESIAN_POINT('',(1.928642507965,2.404206052838,
    -14.84650361802));
#4296 = CARTESIAN_POINT('',(1.762772509849,2.534639569381,-14.8326754891
    ));
#4297 = CARTESIAN_POINT('',(1.586869555054,2.651948264,-14.81884808401)
  );
#4298 = CARTESIAN_POINT('',(1.40215503904,2.755242728235,-14.80502166055
    ));
#4299 = CARTESIAN_POINT('',(1.209928239326,2.843775346841,
    -14.79119528443));
#4300 = CARTESIAN_POINT('',(1.011558148454,2.916935867313,-14.7773679866
    ));
#4301 = CARTESIAN_POINT('',(0.808482346446,2.9742604638,-14.76353994279)
  );
#4302 = CARTESIAN_POINT('',(0.463498424218,3.043156806541,
    -14.74041562461));
#4303 = CARTESIAN_POINT('',(0.323323855366,3.063567129237,
    -14.73111733561));
#4304 = CARTESIAN_POINT('',(0.182141649126,3.076595221949,-14.7218191471
    ));
#4305 = CARTESIAN_POINT('',(4.040615425546E-02,3.082184668775,
    -14.71252108361));
#4306 = CARTESIAN_POINT('',(-0.101427113456,3.080312684827,
    -14.70322301276));
#4307 = CARTESIAN_POINT('',(-0.242902209982,3.070990121594,
    -14.69392480263));
#4308 = CARTESIAN_POINT('',(-0.383563501852,3.054261472311,
    -14.68462647917));
#4309 = CARTESIAN_POINT('',(-0.758548927861,2.98954603615,
    -14.65961336695));
#4310 = CARTESIAN_POINT('',(-0.990578946539,2.927944768359,
    -14.64389502885));
#4311 = CARTESIAN_POINT('',(-1.216797589932,2.845774303786,
    -14.62817811552));
#4312 = CARTESIAN_POINT('',(-1.435084287117,2.74369835914,
    -14.61246300955));
#4313 = CARTESIAN_POINT('',(-1.643433632389,2.622623435951,
    -14.59674791061));
#4314 = CARTESIAN_POINT('',(-1.839957194353,2.483679685005,
    -14.5810310175));
#4315 = CARTESIAN_POINT('',(-2.022900269025,2.328230337282,
    -14.56531271177));
#4316 = CARTESIAN_POINT('',(-2.435310129363,1.909558794477,
    -14.52668315679));
#4317 = CARTESIAN_POINT('',(-2.648001445455,1.629276633783,
    -14.50374701454));
#4318 = CARTESIAN_POINT('',(-2.823484657791,1.322194205948,
    -14.48082331019));
#4319 = CARTESIAN_POINT('',(-2.958025110827,0.994184121893,
    -14.45790812438));
#4320 = CARTESIAN_POINT('',(-3.048903375485,0.651499237278,
    -14.43499289893));
#4321 = CARTESIAN_POINT('',(-3.094510661278,0.300765359546,
    -14.41206913084));
#4322 = CARTESIAN_POINT('',(-3.094275361506,-5.108196666934E-02,
    -14.38913286004));
#4323 = CARTESIAN_POINT('',(-3.005753983617,-0.731392673268,
    -14.3440374516));
#4324 = CARTESIAN_POINT('',(-2.920210688436,-1.060832882355,
    -14.32183797675));
#4325 = CARTESIAN_POINT('',(-2.793398929726,-1.378497514217,
    -14.29964874667));
#4326 = CARTESIAN_POINT('',(-2.627374256627,-1.678425405757,
    -14.27746683258));
#4327 = CARTESIAN_POINT('',(-2.425022496047,-1.955146686561,
    -14.25528496877));
#4328 = CARTESIAN_POINT('',(-2.190093813143,-2.203743670369,
    -14.2330958559));
#4329 = CARTESIAN_POINT('',(-1.927132551356,-2.419845584388,
    -14.21089646545));
#4330 = CARTESIAN_POINT('',(-1.547572600815,-2.659523799541,
    -14.18138924797));
#4331 = CARTESIAN_POINT('',(-1.450864468136,-2.715130815306,
    -14.17406275108));
#4332 = CARTESIAN_POINT('',(-1.35187981408,-2.76671465438,
    -14.16673626166));
#4333 = CARTESIAN_POINT('',(-1.250814697681,-2.814166830636,
    -14.15940981485));
#4334 = CARTESIAN_POINT('',(-1.147870483182,-2.857390789577,
    -14.15208338318));
#4335 = CARTESIAN_POINT('',(-1.043253622929,-2.896301922591,
    -14.1447569256));
#4336 = CARTESIAN_POINT('',(-0.937175440258,-2.930827581203,
    -14.13743043656));
#4337 = CARTESIAN_POINT('',(-0.696827329672,-2.998189822928,
    -14.12102307101));
#4338 = CARTESIAN_POINT('',(-0.56188498348,-3.028643365314,
    -14.11194190811));
#4339 = CARTESIAN_POINT('',(-0.425438700411,-3.052151075936,
    -14.10286082746));
#4340 = CARTESIAN_POINT('',(-0.287906483135,-3.068628313229,
    -14.09377986282));
#4341 = CARTESIAN_POINT('',(-0.149709724958,-3.078020635435,
    -14.08469890252));
#4342 = CARTESIAN_POINT('',(-1.127255110822E-02,-3.080303226236,
    -14.07561783228));
#4343 = CARTESIAN_POINT('',(0.126978713241,-3.07548154721,
    -14.06653667948));
#4344 = CARTESIAN_POINT('',(0.46528169028,-3.046260839136,
    -14.04421639258));
#4345 = CARTESIAN_POINT('',(0.664671555662,-3.013905252507,
    -14.03097561306));
#4346 = CARTESIAN_POINT('',(0.861440869604,-2.966637215704,
    -14.01773545289));
#4347 = CARTESIAN_POINT('',(1.054289505224,-2.90471467157,-14.0044960722
    ));
#4348 = CARTESIAN_POINT('',(1.241959783612,-2.828524838894,
    -13.99125669599));
#4349 = CARTESIAN_POINT('',(1.423238384461,-2.73857731887,
    -13.97801655205));
#4350 = CARTESIAN_POINT('',(1.596962267237,-2.635508216435,
    -13.96477580927));
#4351 = CARTESIAN_POINT('',(2.064496083175,-2.308612656498,
    -13.92727684141));
#4352 = CARTESIAN_POINT('',(2.338327701406,-2.055380120743,
    -13.90298740569));
#4353 = CARTESIAN_POINT('',(2.576168346986,-1.765276399953,
    -13.87871517102));
#4354 = CARTESIAN_POINT('',(2.772487808892,-1.444462525035,
    -13.85445407391));
#4355 = CARTESIAN_POINT('',(2.922910020725,-1.099740253017,
    -13.83019314738));
#4356 = CARTESIAN_POINT('',(3.02437126547,-0.738595018193,
    -13.80592148521));
#4357 = CARTESIAN_POINT('',(3.074999999998,-0.369083164461,
    -13.78163270191));
#4358 = CARTESIAN_POINT('',(3.075,-4.440892098501E-16,-13.75737191826));
#4359 = PCURVE('',#2269,#4360);
#4360 = DEFINITIONAL_REPRESENTATION('',(#4361),#4441);
#4361 = B_SPLINE_CURVE_WITH_KNOTS('',8,(#4362,#4363,#4364,#4365,#4366,
    #4367,#4368,#4369,#4370,#4371,#4372,#4373,#4374,#4375,#4376,#4377,
    #4378,#4379,#4380,#4381,#4382,#4383,#4384,#4385,#4386,#4387,#4388,
    #4389,#4390,#4391,#4392,#4393,#4394,#4395,#4396,#4397,#4398,#4399,
    #4400,#4401,#4402,#4403,#4404,#4405,#4406,#4407,#4408,#4409,#4410,
    #4411,#4412,#4413,#4414,#4415,#4416,#4417,#4418,#4419,#4420,#4421,
    #4422,#4423,#4424,#4425,#4426,#4427,#4428,#4429,#4430,#4431,#4432,
    #4433,#4434,#4435,#4436,#4437,#4438,#4439,#4440),.UNSPECIFIED.,.F.,
  .F.,(9,7,7,7,7,7,7,7,7,7,7,9),(0.,5.299422004632E-02,0.131550581092,
    0.21866138591,0.277242681836,0.376252853782,0.520623298769,
    0.660371429904,0.706530359996,0.763743093651,0.847155374166,1.),
  .UNSPECIFIED.);
#4362 = CARTESIAN_POINT('',(19.230752934797,0.649831587482));
#4363 = CARTESIAN_POINT('',(19.188297609285,0.649831587482));
#4364 = CARTESIAN_POINT('',(19.145841563329,0.649832152362));
#4365 = CARTESIAN_POINT('',(19.103385848216,0.649832825445));
#4366 = CARTESIAN_POINT('',(19.060930537894,0.649833364777));
#4367 = CARTESIAN_POINT('',(19.018475218126,0.649833684111));
#4368 = CARTESIAN_POINT('',(18.976019475644,0.649833793885));
#4369 = CARTESIAN_POINT('',(18.9335633873,0.649833742195));
#4370 = CARTESIAN_POINT('',(18.828173975935,0.649833279445));
#4371 = CARTESIAN_POINT('',(18.765234610519,0.649832717625));
#4372 = CARTESIAN_POINT('',(18.702297524025,0.649832034806));
#4373 = CARTESIAN_POINT('',(18.639363330462,0.649831413438));
#4374 = CARTESIAN_POINT('',(18.576429136394,0.649830969758));
#4375 = CARTESIAN_POINT('',(18.513492045581,0.649830724948));
#4376 = CARTESIAN_POINT('',(18.450552678664,0.649830631587));
#4377 = CARTESIAN_POINT('',(18.317831503253,0.649830681875));
#4378 = CARTESIAN_POINT('',(18.248035312688,0.649830849736));
#4379 = CARTESIAN_POINT('',(18.178242999246,0.649831095111));
#4380 = CARTESIAN_POINT('',(18.108455620391,0.649831333513));
#4381 = CARTESIAN_POINT('',(18.03866828693,0.649831504812));
#4382 = CARTESIAN_POINT('',(17.96887605915,0.649831592195));
#4383 = CARTESIAN_POINT('',(17.899079880143,0.649831615133));
#4384 = CARTESIAN_POINT('',(17.78236114143,0.649831583756));
#4385 = CARTESIAN_POINT('',(17.735428479113,0.64983155237));
#4386 = CARTESIAN_POINT('',(17.688496293911,0.649831510559));
#4387 = CARTESIAN_POINT('',(17.641564737801,0.649831468061));
#4388 = CARTESIAN_POINT('',(17.594633170416,0.649831434534));
#4389 = CARTESIAN_POINT('',(17.547700949245,0.649831418069));
#4390 = CARTESIAN_POINT('',(17.500768219829,0.649831423715));
#4391 = CARTESIAN_POINT('',(17.374516213227,0.649831499797));
#4392 = CARTESIAN_POINT('',(17.295179142124,0.649831612229));
#4393 = CARTESIAN_POINT('',(17.215849474288,0.649831798095));
#4394 = CARTESIAN_POINT('',(17.136529065467,0.649832031259));
#4395 = CARTESIAN_POINT('',(17.057208697881,0.64983226643));
#4396 = CARTESIAN_POINT('',(16.97787913964,0.649832454892));
#4397 = CARTESIAN_POINT('',(16.898542211238,0.64983256015));
#4398 = CARTESIAN_POINT('',(16.703561878852,0.649832593036));
#4399 = CARTESIAN_POINT('',(16.587792526683,0.649832415906));
#4400 = CARTESIAN_POINT('',(16.472085286711,0.649832007398));
#4401 = CARTESIAN_POINT('',(16.356420542719,0.649831425268));
#4402 = CARTESIAN_POINT('',(16.240755654343,0.649830862447));
#4403 = CARTESIAN_POINT('',(16.125048166171,0.649830479437));
#4404 = CARTESIAN_POINT('',(16.009278224094,0.649830322719));
#4405 = CARTESIAN_POINT('',(15.781662012788,0.649830403979));
#4406 = CARTESIAN_POINT('',(15.669612107932,0.649830629507));
#4407 = CARTESIAN_POINT('',(15.557614374919,0.649831015191));
#4408 = CARTESIAN_POINT('',(15.445653764568,0.649831468673));
#4409 = CARTESIAN_POINT('',(15.333693201441,0.649831850566));
#4410 = CARTESIAN_POINT('',(15.221695627395,0.649832086248));
#4411 = CARTESIAN_POINT('',(15.10964576456,0.649832178656));
#4412 = CARTESIAN_POINT('',(14.960709767825,0.649832166061));
#4413 = CARTESIAN_POINT('',(14.923729660722,0.649832151824));
#4414 = CARTESIAN_POINT('',(14.886749563515,0.649832127954));
#4415 = CARTESIAN_POINT('',(14.849769659317,0.649832096417));
#4416 = CARTESIAN_POINT('',(14.812789815951,0.649832059487));
#4417 = CARTESIAN_POINT('',(14.77580983316,0.649832019572));
#4418 = CARTESIAN_POINT('',(14.738829689808,0.649831979026));
#4419 = CARTESIAN_POINT('',(14.656014216235,0.64983189158));
#4420 = CARTESIAN_POINT('',(14.610177442864,0.649831845482));
#4421 = CARTESIAN_POINT('',(14.564341102842,0.649831805726));
#4422 = CARTESIAN_POINT('',(14.51850537696,0.649831775846));
#4423 = CARTESIAN_POINT('',(14.472669708568,0.649831758328));
#4424 = CARTESIAN_POINT('',(14.426833524189,0.649831754297));
#4425 = CARTESIAN_POINT('',(14.380996961114,0.649831763439));
#4426 = CARTESIAN_POINT('',(14.268336760885,0.649831814388));
#4427 = CARTESIAN_POINT('',(14.201504856047,0.649831869178));
#4428 = CARTESIAN_POINT('',(14.13467613492,0.649831943938));
#4429 = CARTESIAN_POINT('',(14.06785137381,0.649832027581));
#4430 = CARTESIAN_POINT('',(14.00102661806,0.649832105239));
#4431 = CARTESIAN_POINT('',(13.934197925153,0.649832161361));
#4432 = CARTESIAN_POINT('',(13.867366110689,0.64983218321));
#4433 = CARTESIAN_POINT('',(13.67809210524,0.649832130929));
#4434 = CARTESIAN_POINT('',(13.555492105061,0.649831960832));
#4435 = CARTESIAN_POINT('',(13.43297842261,0.649831619397));
#4436 = CARTESIAN_POINT('',(13.310520521497,0.649831118603));
#4437 = CARTESIAN_POINT('',(13.188063466986,0.649830626227));
#4438 = CARTESIAN_POINT('',(13.065552776294,0.649830311907));
#4439 = CARTESIAN_POINT('',(12.942956409353,0.649830262421));
#4440 = CARTESIAN_POINT('',(12.820502007785,0.649830432244));
#4441 = ( GEOMETRIC_REPRESENTATION_CONTEXT(2) 
PARAMETRIC_REPRESENTATION_CONTEXT() REPRESENTATION_CONTEXT('2D SPACE',''
  ) );
#4442 = PCURVE('',#4443,#4448);
#4443 = CYLINDRICAL_SURFACE('',#4444,3.075);
#4444 = AXIS2_PLACEMENT_3D('',#4445,#4446,#4447);
#4445 = CARTESIAN_POINT('',(0.,0.,-16.66875));
#4446 = DIRECTION('',(0.,0.,1.));
#4447 = DIRECTION('',(1.,0.,-0.));
#4448 = DEFINITIONAL_REPRESENTATION('',(#4449),#4529);
#4449 = B_SPLINE_CURVE_WITH_KNOTS('',8,(#4450,#4451,#4452,#4453,#4454,
    #4455,#4456,#4457,#4458,#4459,#4460,#4461,#4462,#4463,#4464,#4465,
    #4466,#4467,#4468,#4469,#4470,#4471,#4472,#4473,#4474,#4475,#4476,
    #4477,#4478,#4479,#4480,#4481,#4482,#4483,#4484,#4485,#4486,#4487,
    #4488,#4489,#4490,#4491,#4492,#4493,#4494,#4495,#4496,#4497,#4498,
    #4499,#4500,#4501,#4502,#4503,#4504,#4505,#4506,#4507,#4508,#4509,
    #4510,#4511,#4512,#4513,#4514,#4515,#4516,#4517,#4518,#4519,#4520,
    #4521,#4522,#4523,#4524,#4525,#4526,#4527,#4528),.UNSPECIFIED.,.F.,
  .F.,(9,7,7,7,7,7,7,7,7,7,7,9),(0.,5.299422004632E-02,0.131550581092,
    0.21866138591,0.277242681836,0.376252853782,0.520623298769,
    0.660371429904,0.706530359996,0.763743093651,0.847155374166,1.),
  .UNSPECIFIED.);
#4450 = CARTESIAN_POINT('',(0.,1.641378752246));
#4451 = CARTESIAN_POINT('',(4.161376494821E-02,1.649790008464));
#4452 = CARTESIAN_POINT('',(8.322828470523E-02,1.658201730246));
#4453 = CARTESIAN_POINT('',(0.124842517159,1.666613448318));
#4454 = CARTESIAN_POINT('',(0.166456368616,1.675025009755));
#4455 = CARTESIAN_POINT('',(0.208070220899,1.683436447335));
#4456 = CARTESIAN_POINT('',(0.249684458444,1.691847848899));
#4457 = CARTESIAN_POINT('',(0.291298995399,1.700259226709));
#4458 = CARTESIAN_POINT('',(0.394599327581,1.72113873012));
#4459 = CARTESIAN_POINT('',(0.456291001406,1.733607966682));
#4460 = CARTESIAN_POINT('',(0.517980362867,1.746076682594));
#4461 = CARTESIAN_POINT('',(0.579666849364,1.758544860476));
#4462 = CARTESIAN_POINT('',(0.641353345021,1.771013140008));
#4463 = CARTESIAN_POINT('',(0.703042725566,1.783482107097));
#4464 = CARTESIAN_POINT('',(0.764734400056,1.795951611681));
#4465 = CARTESIAN_POINT('',(0.894824683176,1.822246381975));
#4466 = CARTESIAN_POINT('',(0.963237403311,1.8360745109));
#4467 = CARTESIAN_POINT('',(1.031646405832,1.849901915988));
#4468 = CARTESIAN_POINT('',(1.100050629838,1.86372833945));
#4469 = CARTESIAN_POINT('',(1.168454831222,1.877554715569));
#4470 = CARTESIAN_POINT('',(1.236863816197,1.891382013393));
#4471 = CARTESIAN_POINT('',(1.305276634672,1.905210057205));
#4472 = CARTESIAN_POINT('',(1.419681924367,1.928334375382));
#4473 = CARTESIAN_POINT('',(1.465684325165,1.937632664383));
#4474 = CARTESIAN_POINT('',(1.511686231999,1.946930852899));
#4475 = CARTESIAN_POINT('',(1.557687495248,1.956228916387));
#4476 = CARTESIAN_POINT('',(1.603688744424,1.965526987236));
#4477 = CARTESIAN_POINT('',(1.649690613019,1.974825197364));
#4478 = CARTESIAN_POINT('',(1.695692963342,1.984123520822));
#4479 = CARTESIAN_POINT('',(1.819442162221,2.009136633046));
#4480 = CARTESIAN_POINT('',(1.897206431612,2.024854971148));
#4481 = CARTESIAN_POINT('',(1.974963439465,2.04057188448));
#4482 = CARTESIAN_POINT('',(2.052711396204,2.056286990445));
#4483 = CARTESIAN_POINT('',(2.130459356857,2.072002089389));
#4484 = CARTESIAN_POINT('',(2.208216375484,2.087718982491));
#4485 = CARTESIAN_POINT('',(2.285980659926,2.103437288221));
#4486 = CARTESIAN_POINT('',(2.477096099128,2.142066843202));
#4487 = CARTESIAN_POINT('',(2.590570739334,2.16500298546));
#4488 = CARTESIAN_POINT('',(2.7039845259,2.187926689806));
#4489 = CARTESIAN_POINT('',(2.817356624764,2.210841875617));
#4490 = CARTESIAN_POINT('',(2.93072879013,2.233757101068));
#4491 = CARTESIAN_POINT('',(3.044142661797,2.25668086916));
#4492 = CARTESIAN_POINT('',(3.157617737672,2.279617139956));
#4493 = CARTESIAN_POINT('',(3.380722027835,2.324712548393));
#4494 = CARTESIAN_POINT('',(3.49055084009,2.346912023245));
#4495 = CARTESIAN_POINT('',(3.600328556585,2.36910125333));
#4496 = CARTESIAN_POINT('',(3.71006994641,2.391283167415));
#4497 = CARTESIAN_POINT('',(3.819811336538,2.413465031229));
#4498 = CARTESIAN_POINT('',(3.929589004552,2.435654144095));
#4499 = CARTESIAN_POINT('',(4.039417887775,2.457853534542));
#4500 = CARTESIAN_POINT('',(4.185401697475,2.487360752021));
#4501 = CARTESIAN_POINT('',(4.221648784331,2.494687248913));
#4502 = CARTESIAN_POINT('',(4.257895854684,2.502013738338));
#4503 = CARTESIAN_POINT('',(4.294142728614,2.509340185142));
#4504 = CARTESIAN_POINT('',(4.330389535512,2.516666616813));
#4505 = CARTESIAN_POINT('',(4.366636471783,2.5239930744));
#4506 = CARTESIAN_POINT('',(4.402883558539,2.531319563438));
#4507 = CARTESIAN_POINT('',(4.484057368852,2.54772692899));
#4508 = CARTESIAN_POINT('',(4.528985503616,2.556808091881));
#4509 = CARTESIAN_POINT('',(4.573913205349,2.56588917254));
#4510 = CARTESIAN_POINT('',(4.618840298724,2.574970137171));
#4511 = CARTESIAN_POINT('',(4.6637673317,2.584051097477));
#4512 = CARTESIAN_POINT('',(4.708694868987,2.593132167717));
#4513 = CARTESIAN_POINT('',(4.753622778649,2.602213320514));
#4514 = CARTESIAN_POINT('',(4.864049637917,2.624533607414));
#4515 = CARTESIAN_POINT('',(4.929556695335,2.637774386933));
#4516 = CARTESIAN_POINT('',(4.995060647112,2.651014547108));
#4517 = CARTESIAN_POINT('',(5.060560738807,2.6642539278));
#4518 = CARTESIAN_POINT('',(5.126060850468,2.67749330401));
#4519 = CARTESIAN_POINT('',(5.191564846759,2.690733447942));
#4520 = CARTESIAN_POINT('',(5.25707192527,2.70397419073));
#4521 = CARTESIAN_POINT('',(5.442594203059,2.741473158587));
#4522 = CARTESIAN_POINT('',(5.562764124788,2.76576259431));
#4523 = CARTESIAN_POINT('',(5.682849467748,2.79003482898));
#4524 = CARTESIAN_POINT('',(5.802880109405,2.814295926086));
#4525 = CARTESIAN_POINT('',(5.922909840688,2.838556852615));
#4526 = CARTESIAN_POINT('',(6.042992075039,2.862828514784));
#4527 = CARTESIAN_POINT('',(6.163158261826,2.887117298088));
#4528 = CARTESIAN_POINT('',(6.28318530718,2.911378081739));
#4529 = ( GEOMETRIC_REPRESENTATION_CONTEXT(2) 
PARAMETRIC_REPRESENTATION_CONTEXT() REPRESENTATION_CONTEXT('2D SPACE',''
  ) );
#4530 = ORIENTED_EDGE('',*,*,#4531,.T.);
#4531 = EDGE_CURVE('',#4276,#4532,#4534,.T.);
#4532 = VERTEX_POINT('',#4533);
#4533 = CARTESIAN_POINT('',(3.075,-7.531577814756E-16,-12.48737189795));
#4534 = SURFACE_CURVE('',#4535,(#4616,#4700),.PCURVE_S1.);
#4535 = B_SPLINE_CURVE_WITH_KNOTS('',7,(#4536,#4537,#4538,#4539,#4540,
    #4541,#4542,#4543,#4544,#4545,#4546,#4547,#4548,#4549,#4550,#4551,
    #4552,#4553,#4554,#4555,#4556,#4557,#4558,#4559,#4560,#4561,#4562,
    #4563,#4564,#4565,#4566,#4567,#4568,#4569,#4570,#4571,#4572,#4573,
    #4574,#4575,#4576,#4577,#4578,#4579,#4580,#4581,#4582,#4583,#4584,
    #4585,#4586,#4587,#4588,#4589,#4590,#4591,#4592,#4593,#4594,#4595,
    #4596,#4597,#4598,#4599,#4600,#4601,#4602,#4603,#4604,#4605,#4606,
    #4607,#4608,#4609,#4610,#4611,#4612,#4613,#4614,#4615),
  .UNSPECIFIED.,.F.,.F.,(8,6,6,6,6,6,6,6,6,6,6,6,6,8),(0.,
    6.633751493048E-02,0.13453911267,0.233537472548,0.291012179986,
    0.37634087398,0.460117304559,0.502470262731,0.55308885286,
    0.631832406907,0.717210528623,0.777170925976,0.876167730768,1.),
  .UNSPECIFIED.);
#4536 = CARTESIAN_POINT('',(3.075,-4.440892098501E-16,-13.75737191826));
#4537 = CARTESIAN_POINT('',(3.075000000001,0.183087481623,-13.7453371082
    ));
#4538 = CARTESIAN_POINT('',(3.062281984229,0.366184385577,
    -13.73330165375));
#4539 = CARTESIAN_POINT('',(3.03684367774,0.548214001164,-13.72126661347
    ));
#4540 = CARTESIAN_POINT('',(2.99879980365,0.728119365201,-13.70923183705
    ));
#4541 = CARTESIAN_POINT('',(2.948369565697,0.904863973043,
    -13.69719677174));
#4542 = CARTESIAN_POINT('',(2.885875938585,1.077434986967,-13.6851612665
    ));
#4543 = CARTESIAN_POINT('',(2.735554846408,1.416967225604,
    -13.66075330063));
#4544 = CARTESIAN_POINT('',(2.64705641377,1.583653596712,-13.64837952092
    ));
#4545 = CARTESIAN_POINT('',(2.546733111304,1.743835939225,
    -13.63600626347));
#4546 = CARTESIAN_POINT('',(2.435167396697,1.896515956043,
    -13.62363337752));
#4547 = CARTESIAN_POINT('',(2.313038700657,2.040764013956,
    -13.61126023111));
#4548 = CARTESIAN_POINT('',(2.18112103191,2.175722241856,-13.5988866298)
  );
#4549 = CARTESIAN_POINT('',(1.835871006316,2.48190585146,-13.56855385026
    ));
#4550 = CARTESIAN_POINT('',(1.612605659377,2.642049640265,
    -13.55058962509));
#4551 = CARTESIAN_POINT('',(1.373209247767,2.778609634683,
    -13.53262865463));
#4552 = CARTESIAN_POINT('',(1.120688601904,2.889711434936,
    -13.51466971763));
#4553 = CARTESIAN_POINT('',(0.858266614287,2.973937068935,
    -13.49670868023));
#4554 = CARTESIAN_POINT('',(0.589356671191,3.030336235319,
    -13.47874436201));
#4555 = CARTESIAN_POINT('',(0.159810996657,3.074938659036,
    -13.45035750089));
#4556 = CARTESIAN_POINT('',(1.042468359619E-03,3.081826217648,
    -13.43993030879));
#4557 = CARTESIAN_POINT('',(-0.158023323555,3.079146708547,
    -13.42950330843));
#4558 = CARTESIAN_POINT('',(-0.316695230834,3.066890938519,
    -13.41907643512));
#4559 = CARTESIAN_POINT('',(-0.474285961113,3.045111964262,
    -13.40864943855));
#4560 = CARTESIAN_POINT('',(-0.63011384524,3.013924992213,-13.3982222617
    ));
#4561 = CARTESIAN_POINT('',(-1.011233178621,2.913501914463,
    -13.37231541366));
#4562 = CARTESIAN_POINT('',(-1.233632070599,2.833140501519,
    -13.35683333124));
#4563 = CARTESIAN_POINT('',(-1.448460274624,2.733003194401,
    -13.34135284263));
#4564 = CARTESIAN_POINT('',(-1.653630295398,2.613972151667,
    -13.32587338519));
#4565 = CARTESIAN_POINT('',(-1.847192061639,2.477178753714,
    -13.31039293557));
#4566 = CARTESIAN_POINT('',(-2.027343735094,2.323997284663,
    -13.2949108425));
#4567 = CARTESIAN_POINT('',(-2.354591198836,1.991227459043,
    -13.26423220586));
#4568 = CARTESIAN_POINT('',(-2.502271706889,1.812126468599,
    -13.24903162353));
#4569 = CARTESIAN_POINT('',(-2.633969989761,1.620336377227,
    -13.23383229443));
#4570 = CARTESIAN_POINT('',(-2.748409427701,1.417580141103,
    -13.21863367982));
#4571 = CARTESIAN_POINT('',(-2.844541337268,1.205715791054,
    -13.20343416183));
#4572 = CARTESIAN_POINT('',(-2.921550499894,0.986726553276,
    -13.18823352928));
#4573 = CARTESIAN_POINT('',(-3.007896824944,0.649496199551,
    -13.16535167678));
#4574 = CARTESIAN_POINT('',(-3.03186922356,0.534970770242,-13.1576681952
    ));
#4575 = CARTESIAN_POINT('',(-3.050751016351,0.419427321731,
    -13.14998486953));
#4576 = CARTESIAN_POINT('',(-3.064491592642,0.303137479116,
    -13.14230165674));
#4577 = CARTESIAN_POINT('',(-3.07305857429,0.186375224889,
    -13.13461841818));
#4578 = CARTESIAN_POINT('',(-3.076437866906,6.941653913826E-02,
    -13.12693501256));
#4579 = CARTESIAN_POINT('',(-3.072477454962,-0.187148351457,
    -13.11006822396));
#4580 = CARTESIAN_POINT('',(-3.062916942743,-0.326725104419,
    -13.10088452309));
#4581 = CARTESIAN_POINT('',(-3.045959498884,-0.465715301039,
    -13.09170093097));
#4582 = CARTESIAN_POINT('',(-3.021649894049,-0.603648627323,
    -13.0825175683));
#4583 = CARTESIAN_POINT('',(-2.99006999486,-0.740061222586,
    -13.07333430824));
#4584 = CARTESIAN_POINT('',(-2.951338413661,-0.874496528663,
    -13.06415105294));
#4585 = CARTESIAN_POINT('',(-2.834474132178,-1.211863614882,
    -13.04068263722));
#4586 = CARTESIAN_POINT('',(-2.746398108621,-1.411375983872,
    -13.02639605798));
#4587 = CARTESIAN_POINT('',(-2.641969404798,-1.603329068075,
    -13.01211056114));
#4588 = CARTESIAN_POINT('',(-2.521983926175,-1.786130903353,
    -12.99782560998));
#4589 = CARTESIAN_POINT('',(-2.387413858731,-1.958300260043,
    -12.98353983728));
#4590 = CARTESIAN_POINT('',(-2.239403261104,-2.118473486734,
    -12.96925292554));
#4591 = CARTESIAN_POINT('',(-1.90568958048,-2.424767716666,
    -12.93947818441));
#4592 = CARTESIAN_POINT('',(-1.71781752301,-2.568607941889,
    -12.92398674022));
#4593 = CARTESIAN_POINT('',(-1.517377194994,-2.695374441309,
    -12.90849679214));
#4594 = CARTESIAN_POINT('',(-1.306242221218,-2.803784605459,
    -12.89300787301));
#4595 = CARTESIAN_POINT('',(-1.086421798035,-2.892806840751,
    -12.87751804327));
#4596 = CARTESIAN_POINT('',(-0.860049546109,-2.961666159465,
    -12.86202671133));
#4597 = CARTESIAN_POINT('',(-0.467412273456,-3.043770247552,
    -12.8356595923));
#4598 = CARTESIAN_POINT('',(-0.303294062134,-3.067473575392,
    -12.82478124953));
#4599 = CARTESIAN_POINT('',(-0.137819101465,-3.080843862395,
    -12.81390316243));
#4600 = CARTESIAN_POINT('',(2.823221611244E-02,-3.08379567353,
    -12.80302524383));
#4601 = CARTESIAN_POINT('',(0.194077467173,-3.076315179582,
    -12.79214715189));
#4602 = CARTESIAN_POINT('',(0.358934124362,-3.058460070131,
    -12.78126878216));
#4603 = CARTESIAN_POINT('',(0.791284249518,-2.983981945108,
    -12.7524307368));
#4604 = CARTESIAN_POINT('',(1.055805783932,-2.909673084568,
    -12.73446628935));
#4605 = CARTESIAN_POINT('',(1.311987551613,-2.808035581564,
    -12.71650500718));
#4606 = CARTESIAN_POINT('',(1.556487595766,-2.680246546393,
    -12.69854575695));
#4607 = CARTESIAN_POINT('',(1.786185393398,-2.527936925958,
    -12.68058449326));
#4608 = CARTESIAN_POINT('',(1.998206608889,-2.353178571906,
    -12.66262007955));
#4609 = CARTESIAN_POINT('',(2.429925943013,-1.915174806502,
    -12.62219450861));
#4610 = CARTESIAN_POINT('',(2.638424061278,-1.640507498724,
    -12.59971557562));
#4611 = CARTESIAN_POINT('',(2.810334023697,-1.339699565545,
    -12.57724803785));
#4612 = CARTESIAN_POINT('',(2.941954093999,-1.018664951049,
    -12.55478377365));
#4613 = CARTESIAN_POINT('',(3.030681307384,-0.683752905489,
    -12.5323162681));
#4614 = CARTESIAN_POINT('',(3.075,-0.341773651457,-12.50983737748));
#4615 = CARTESIAN_POINT('',(3.075,-8.881784197001E-16,-12.48737189795));
#4616 = PCURVE('',#2269,#4617);
#4617 = DEFINITIONAL_REPRESENTATION('',(#4618),#4699);
#4618 = B_SPLINE_CURVE_WITH_KNOTS('',7,(#4619,#4620,#4621,#4622,#4623,
    #4624,#4625,#4626,#4627,#4628,#4629,#4630,#4631,#4632,#4633,#4634,
    #4635,#4636,#4637,#4638,#4639,#4640,#4641,#4642,#4643,#4644,#4645,
    #4646,#4647,#4648,#4649,#4650,#4651,#4652,#4653,#4654,#4655,#4656,
    #4657,#4658,#4659,#4660,#4661,#4662,#4663,#4664,#4665,#4666,#4667,
    #4668,#4669,#4670,#4671,#4672,#4673,#4674,#4675,#4676,#4677,#4678,
    #4679,#4680,#4681,#4682,#4683,#4684,#4685,#4686,#4687,#4688,#4689,
    #4690,#4691,#4692,#4693,#4694,#4695,#4696,#4697,#4698),
  .UNSPECIFIED.,.F.,.F.,(8,6,6,6,6,6,6,6,6,6,6,6,6,8),(0.,
    6.633751493048E-02,0.13453911267,0.233537472548,0.291012179986,
    0.37634087398,0.460117304559,0.502470262731,0.55308885286,
    0.631832406907,0.717210528623,0.777170925976,0.876167730768,1.),
  .UNSPECIFIED.);
#4619 = CARTESIAN_POINT('',(12.820502007785,0.649830432244));
#4620 = CARTESIAN_POINT('',(12.759757248459,0.649830516486));
#4621 = CARTESIAN_POINT('',(12.699009397105,0.649830655532));
#4622 = CARTESIAN_POINT('',(12.638263783862,0.649830847323));
#4623 = CARTESIAN_POINT('',(12.577519614826,0.649831077576));
#4624 = CARTESIAN_POINT('',(12.516774046602,0.649831327365));
#4625 = CARTESIAN_POINT('',(12.456026255218,0.649831577178));
#4626 = CARTESIAN_POINT('',(12.332829817179,0.64983204418));
#4627 = CARTESIAN_POINT('',(12.270374509394,0.649832260521));
#4628 = CARTESIAN_POINT('',(12.207921721347,0.649832436546));
#4629 = CARTESIAN_POINT('',(12.145470641506,0.649832554708));
#4630 = CARTESIAN_POINT('',(12.083018056015,0.649832606656));
#4631 = CARTESIAN_POINT('',(12.020562992012,0.649832595361));
#4632 = CARTESIAN_POINT('',(11.867459610742,0.649832441271));
#4633 = CARTESIAN_POINT('',(11.776785656958,0.649832242181));
#4634 = CARTESIAN_POINT('',(11.686127908669,0.649831965986));
#4635 = CARTESIAN_POINT('',(11.595480441926,0.649831695944));
#4636 = CARTESIAN_POINT('',(11.504822611103,0.649831508247));
#4637 = CARTESIAN_POINT('',(11.414148543055,0.649831432374));
#4638 = CARTESIAN_POINT('',(11.27086751139,0.649831430744));
#4639 = CARTESIAN_POINT('',(11.218236938332,0.649831455469));
#4640 = CARTESIAN_POINT('',(11.165607390313,0.649831500034));
#4641 = CARTESIAN_POINT('',(11.112978503045,0.649831551365));
#4642 = CARTESIAN_POINT('',(11.060348966735,0.649831593356));
#4643 = CARTESIAN_POINT('',(11.007718451461,0.649831611428));
#4644 = CARTESIAN_POINT('',(10.876955043198,0.649831575809));
#4645 = CARTESIAN_POINT('',(10.798809866614,0.649831482924));
#4646 = CARTESIAN_POINT('',(10.720672461105,0.649831295198));
#4647 = CARTESIAN_POINT('',(10.642539986972,0.649831012688));
#4648 = CARTESIAN_POINT('',(10.564402497089,0.649830727482));
#4649 = CARTESIAN_POINT('',(10.486257137331,0.649830589728));
#4650 = CARTESIAN_POINT('',(10.331408971183,0.649830750651));
#4651 = CARTESIAN_POINT('',(10.254685775093,0.649831047828));
#4652 = CARTESIAN_POINT('',(10.177969624215,0.649831594475));
#4653 = CARTESIAN_POINT('',(10.101258009433,0.64983246343));
#4654 = CARTESIAN_POINT('',(10.024541965868,0.649833377805));
#4655 = CARTESIAN_POINT('',(9.947818946833,0.649833824244));
#4656 = CARTESIAN_POINT('',(9.832323460078,0.649833592005));
#4657 = CARTESIAN_POINT('',(9.793540911833,0.649833376096));
#4658 = CARTESIAN_POINT('',(9.754758604348,0.649832970849));
#4659 = CARTESIAN_POINT('',(9.715976432966,0.64983241527));
#4660 = CARTESIAN_POINT('',(9.677194074867,0.649831840041));
#4661 = CARTESIAN_POINT('',(9.638411461872,0.649831468779));
#4662 = CARTESIAN_POINT('',(9.553278282592,0.649831799185));
#4663 = CARTESIAN_POINT('',(9.506926154514,0.649832515679));
#4664 = CARTESIAN_POINT('',(9.460574501306,0.649833206494));
#4665 = CARTESIAN_POINT('',(9.4142232681,0.649833641429));
#4666 = CARTESIAN_POINT('',(9.367871760106,0.649833801563));
#4667 = CARTESIAN_POINT('',(9.321519689849,0.649833758446));
#4668 = CARTESIAN_POINT('',(9.203062717003,0.649833234162));
#4669 = CARTESIAN_POINT('',(9.130950020614,0.649832533778));
#4670 = CARTESIAN_POINT('',(9.058842454718,0.64983171799));
#4671 = CARTESIAN_POINT('',(8.986738176334,0.649831087052));
#4672 = CARTESIAN_POINT('',(8.914630600831,0.649830750627));
#4673 = CARTESIAN_POINT('',(8.842517885614,0.649830625522));
#4674 = CARTESIAN_POINT('',(8.692231799485,0.6498306894));
#4675 = CARTESIAN_POINT('',(8.614040251609,0.649830902175));
#4676 = CARTESIAN_POINT('',(8.535856494412,0.649831197857));
#4677 = CARTESIAN_POINT('',(8.457677783266,0.649831442395));
#4678 = CARTESIAN_POINT('',(8.379494147497,0.649831573088));
#4679 = CARTESIAN_POINT('',(8.30130267067,0.649831614071));
#4680 = CARTESIAN_POINT('',(8.168216097839,0.649831587614));
#4681 = CARTESIAN_POINT('',(8.113308185924,0.649831549187));
#4682 = CARTESIAN_POINT('',(8.058401521716,0.649831495946));
#4683 = CARTESIAN_POINT('',(8.003495719515,0.649831446693));
#4684 = CARTESIAN_POINT('',(7.948589101232,0.64983141784));
#4685 = CARTESIAN_POINT('',(7.893681167065,0.649831418878));
#4686 = CARTESIAN_POINT('',(7.74812306578,0.649831506178));
#4687 = CARTESIAN_POINT('',(7.657448969685,0.6498316467));
#4688 = CARTESIAN_POINT('',(7.566791139609,0.649831887566));
#4689 = CARTESIAN_POINT('',(7.476143694433,0.649832173086));
#4690 = CARTESIAN_POINT('',(7.385485974231,0.649832419701));
#4691 = CARTESIAN_POINT('',(7.294812041462,0.649832557819));
#4692 = CARTESIAN_POINT('',(7.09076643001,0.649832593059));
#4693 = CARTESIAN_POINT('',(6.977304826404,0.649832419889));
#4694 = CARTESIAN_POINT('',(6.863900079732,0.649832018005));
#4695 = CARTESIAN_POINT('',(6.750511393525,0.649831455718));
#4696 = CARTESIAN_POINT('',(6.637106483059,0.649830940668));
#4697 = CARTESIAN_POINT('',(6.523644579171,0.649830589264));
#4698 = CARTESIAN_POINT('',(6.410250927022,0.649830432006));
#4699 = ( GEOMETRIC_REPRESENTATION_CONTEXT(2) 
PARAMETRIC_REPRESENTATION_CONTEXT() REPRESENTATION_CONTEXT('2D SPACE',''
  ) );
#4700 = PCURVE('',#4701,#4706);
#4701 = CYLINDRICAL_SURFACE('',#4702,3.075);
#4702 = AXIS2_PLACEMENT_3D('',#4703,#4704,#4705);
#4703 = CARTESIAN_POINT('',(0.,0.,-16.66875));
#4704 = DIRECTION('',(0.,0.,1.));
#4705 = DIRECTION('',(1.,0.,-0.));
#4706 = DEFINITIONAL_REPRESENTATION('',(#4707),#4788);
#4707 = B_SPLINE_CURVE_WITH_KNOTS('',7,(#4708,#4709,#4710,#4711,#4712,
    #4713,#4714,#4715,#4716,#4717,#4718,#4719,#4720,#4721,#4722,#4723,
    #4724,#4725,#4726,#4727,#4728,#4729,#4730,#4731,#4732,#4733,#4734,
    #4735,#4736,#4737,#4738,#4739,#4740,#4741,#4742,#4743,#4744,#4745,
    #4746,#4747,#4748,#4749,#4750,#4751,#4752,#4753,#4754,#4755,#4756,
    #4757,#4758,#4759,#4760,#4761,#4762,#4763,#4764,#4765,#4766,#4767,
    #4768,#4769,#4770,#4771,#4772,#4773,#4774,#4775,#4776,#4777,#4778,
    #4779,#4780,#4781,#4782,#4783,#4784,#4785,#4786,#4787),
  .UNSPECIFIED.,.F.,.F.,(8,6,6,6,6,6,6,6,6,6,6,6,6,8),(0.,
    6.633751493048E-02,0.13453911267,0.233537472548,0.291012179986,
    0.37634087398,0.460117304559,0.502470262731,0.55308885286,
    0.631832406907,0.717210528623,0.777170925976,0.876167730768,1.),
  .UNSPECIFIED.);
#4708 = CARTESIAN_POINT('',(0.,2.911378081739));
#4709 = CARTESIAN_POINT('',(5.954064443025E-02,2.923412891799));
#4710 = CARTESIAN_POINT('',(0.11908432203,2.935448346248));
#4711 = CARTESIAN_POINT('',(0.178625813083,2.947483386521));
#4712 = CARTESIAN_POINT('',(0.238165899923,2.959518162944));
#4713 = CARTESIAN_POINT('',(0.297707371526,2.971553228252));
#4714 = CARTESIAN_POINT('',(0.357251034514,2.983588733492));
#4715 = CARTESIAN_POINT('',(0.478005518945,3.00799669937));
#4716 = CARTESIAN_POINT('',(0.539222869973,3.020370479073));
#4717 = CARTESIAN_POINT('',(0.60043775617,3.032743736524));
#4718 = CARTESIAN_POINT('',(0.661650965903,3.045116622476));
#4719 = CARTESIAN_POINT('',(0.722865640598,3.057489768887));
#4720 = CARTESIAN_POINT('',(0.784082725738,3.069863370197));
#4721 = CARTESIAN_POINT('',(0.934151247937,3.100196149736));
#4722 = CARTESIAN_POINT('',(1.023027787501,3.118160374903));
#4723 = CARTESIAN_POINT('',(1.111888380164,3.136121345368));
#4724 = CARTESIAN_POINT('',(1.20073883321,3.154080282368));
#4725 = CARTESIAN_POINT('',(1.2895994164,3.172041319763));
#4726 = CARTESIAN_POINT('',(1.37847594152,3.190005637985));
#4727 = CARTESIAN_POINT('',(1.518916637744,3.218392499102));
#4728 = CARTESIAN_POINT('',(1.570503908376,3.228819691203));
#4729 = CARTESIAN_POINT('',(1.622090203131,3.239246691561));
#4730 = CARTESIAN_POINT('',(1.673675884131,3.249673564878));
#4731 = CARTESIAN_POINT('',(1.725262236625,3.260100561445));
#4732 = CARTESIAN_POINT('',(1.776849580754,3.270527738295));
#4733 = CARTESIAN_POINT('',(1.905021230493,3.296434586337));
#4734 = CARTESIAN_POINT('',(1.981617604005,3.311916668757));
#4735 = CARTESIAN_POINT('',(2.05820638622,3.32739715737));
#4736 = CARTESIAN_POINT('',(2.134790307121,3.342876614807));
#4737 = CARTESIAN_POINT('',(2.211379059393,3.358357064426));
#4738 = CARTESIAN_POINT('',(2.287975407495,3.373839157494));
#4739 = CARTESIAN_POINT('',(2.439753956068,3.404517794136));
#4740 = CARTESIAN_POINT('',(2.514956145882,3.419718376463));
#4741 = CARTESIAN_POINT('',(2.590151352838,3.434917705563));
#4742 = CARTESIAN_POINT('',(2.665342105329,3.450116320171));
#4743 = CARTESIAN_POINT('',(2.740537292744,3.465315838166));
#4744 = CARTESIAN_POINT('',(2.815739481545,3.480516470718));
#4745 = CARTESIAN_POINT('',(2.928945718067,3.50339832322));
#4746 = CARTESIAN_POINT('',(2.966959566315,3.511081804797));
#4747 = CARTESIAN_POINT('',(3.004973217761,3.518765130469));
#4748 = CARTESIAN_POINT('',(3.042986739681,3.52644834326));
#4749 = CARTESIAN_POINT('',(3.081000400431,3.534131581815));
#4750 = CARTESIAN_POINT('',(3.119014254087,3.541814987436));
#4751 = CARTESIAN_POINT('',(3.202459930777,3.558681776034));
#4752 = CARTESIAN_POINT('',(3.247893327468,3.567865476908));
#4753 = CARTESIAN_POINT('',(3.293326293466,3.577049069023));
#4754 = CARTESIAN_POINT('',(3.338758849613,3.586232431693));
#4755 = CARTESIAN_POINT('',(3.38419164509,3.595415691755));
#4756 = CARTESIAN_POINT('',(3.429624943241,3.604598947055));
#4757 = CARTESIAN_POINT('',(3.545733804321,3.628067362773));
#4758 = CARTESIAN_POINT('',(3.616416943941,3.642353942019));
#4759 = CARTESIAN_POINT('',(3.687094949435,3.656639438857));
#4760 = CARTESIAN_POINT('',(3.757769707103,3.670924390015));
#4761 = CARTESIAN_POINT('',(3.828447747005,3.685210162713));
#4762 = CARTESIAN_POINT('',(3.899130909269,3.69949707446));
#4763 = CARTESIAN_POINT('',(4.046437923023,3.729271815581));
#4764 = CARTESIAN_POINT('',(4.123079606037,3.744763259775));
#4765 = CARTESIAN_POINT('',(4.199713758944,3.760253207859));
#4766 = CARTESIAN_POINT('',(4.276343025382,3.77574212699));
#4767 = CARTESIAN_POINT('',(4.352977119113,3.791231956725));
#4768 = CARTESIAN_POINT('',(4.429618853468,3.806723288663));
#4769 = CARTESIAN_POINT('',(4.56006756596,3.833090407695));
#4770 = CARTESIAN_POINT('',(4.613887137387,3.843968750461));
#4771 = CARTESIAN_POINT('',(4.667705448373,3.854846837565));
#4772 = CARTESIAN_POINT('',(4.721522876286,3.865724756167));
#4773 = CARTESIAN_POINT('',(4.775341070884,3.876602848109));
#4774 = CARTESIAN_POINT('',(4.829160530785,3.887481217838));
#4775 = CARTESIAN_POINT('',(4.97183310237,3.916319263193));
#4776 = CARTESIAN_POINT('',(5.060709642274,3.934283710643));
#4777 = CARTESIAN_POINT('',(5.149570238765,3.952244992813));
#4778 = CARTESIAN_POINT('',(5.238420704719,3.970204243044));
#4779 = CARTESIAN_POINT('',(5.327281311629,3.988165506731));
#4780 = CARTESIAN_POINT('',(5.416157868508,4.006129920448));
#4781 = CARTESIAN_POINT('',(5.616158894869,4.046555491385));
#4782 = CARTESIAN_POINT('',(5.727371529218,4.069034424373));
#4783 = CARTESIAN_POINT('',(5.838528460297,4.091501962147));
#4784 = CARTESIAN_POINT('',(5.949669608751,4.113966226347));
#4785 = CARTESIAN_POINT('',(6.060826593758,4.136433731897));
#4786 = CARTESIAN_POINT('',(6.172039404267,4.158912622516));
#4787 = CARTESIAN_POINT('',(6.28318530718,4.181378102044));
#4788 = ( GEOMETRIC_REPRESENTATION_CONTEXT(2) 
PARAMETRIC_REPRESENTATION_CONTEXT() REPRESENTATION_CONTEXT('2D SPACE',''
  ) );
#4789 = ORIENTED_EDGE('',*,*,#4790,.T.);
#4790 = EDGE_CURVE('',#4532,#2256,#4791,.T.);
#4791 = SURFACE_CURVE('',#4792,(#4858,#4927),.PCURVE_S1.);
#4792 = B_SPLINE_CURVE_WITH_KNOTS('',8,(#4793,#4794,#4795,#4796,#4797,
    #4798,#4799,#4800,#4801,#4802,#4803,#4804,#4805,#4806,#4807,#4808,
    #4809,#4810,#4811,#4812,#4813,#4814,#4815,#4816,#4817,#4818,#4819,
    #4820,#4821,#4822,#4823,#4824,#4825,#4826,#4827,#4828,#4829,#4830,
    #4831,#4832,#4833,#4834,#4835,#4836,#4837,#4838,#4839,#4840,#4841,
    #4842,#4843,#4844,#4845,#4846,#4847,#4848,#4849,#4850,#4851,#4852,
    #4853,#4854,#4855,#4856,#4857),.UNSPECIFIED.,.F.,.F.,(9,7,7,7,7,7,7,
    7,7,9),(0.,0.159882178611,0.253449127464,0.34002835969,
    0.485236851976,0.624467810507,0.733959395316,0.790344779173,
    0.876517682248,1.),.UNSPECIFIED.);
#4793 = CARTESIAN_POINT('',(3.075,-8.881784197001E-16,-12.48737189795));
#4794 = CARTESIAN_POINT('',(3.075,0.386049303826,-12.46199608945));
#4795 = CARTESIAN_POINT('',(3.019609520308,0.772648456699,
    -12.43658408699));
#4796 = CARTESIAN_POINT('',(2.908555780324,1.14964036332,-12.41119334293
    ));
#4797 = CARTESIAN_POINT('',(2.744118918654,1.507817474184,
    -12.38581526221));
#4798 = CARTESIAN_POINT('',(2.529953029631,1.838670514578,
    -12.36043719455));
#4799 = CARTESIAN_POINT('',(2.271281168487,2.134551631253,
    -12.33504643057));
#4800 = CARTESIAN_POINT('',(1.974653530382,2.388598292532,
    -12.30963437075));
#4801 = CARTESIAN_POINT('',(1.458089419215,2.716733759943,-12.2694079895
    ));
#4802 = CARTESIAN_POINT('',(1.257182226352,2.821881142991,
    -12.25455493112));
#4803 = CARTESIAN_POINT('',(1.047682318789,2.909999723738,
    -12.23970296885));
#4804 = CARTESIAN_POINT('',(0.831283940272,2.980288728783,
    -12.22485238773));
#4805 = CARTESIAN_POINT('',(0.609746219205,3.032152105192,
    -12.21000179929));
#4806 = CARTESIAN_POINT('',(0.384882572329,3.065189385074,
    -12.19514980286));
#4807 = CARTESIAN_POINT('',(0.158556678114,3.07920886695,-12.18029666515
    ));
#4808 = CARTESIAN_POINT('',(-0.276318212515,3.069686716912,
    -12.1517044397));
#4809 = CARTESIAN_POINT('',(-0.484992244097,3.048870761563,
    -12.13796114061));
#4810 = CARTESIAN_POINT('',(-0.691825509063,3.011841584742,
    -12.12421857851));
#4811 = CARTESIAN_POINT('',(-0.895348793122,2.958800425666,
    -12.11047695233));
#4812 = CARTESIAN_POINT('',(-1.094133749228,2.890100955122,
    -12.09673533135));
#4813 = CARTESIAN_POINT('',(-1.286795634474,2.806240789299,
    -12.08299278331));
#4814 = CARTESIAN_POINT('',(-1.472000268167,2.707866988203,
    -12.06924950178));
#4815 = CARTESIAN_POINT('',(-1.944454509208,2.407832146039,
    -12.03246092231));
#4816 = CARTESIAN_POINT('',(-2.21622055584,2.181120964783,
    -12.00939217631));
#4817 = CARTESIAN_POINT('',(-2.457382366933,1.9195422361,-11.9863361751)
  );
#4818 = CARTESIAN_POINT('',(-2.662898099603,1.628069883834,
    -11.96328897271));
#4819 = CARTESIAN_POINT('',(-2.828652508565,1.312286622591,
    -11.94024164781));
#4820 = CARTESIAN_POINT('',(-2.951554596935,0.978399464099,
    -11.9171855011));
#4821 = CARTESIAN_POINT('',(-3.029465969422,0.633156728539,
    -11.89411600926));
#4822 = CARTESIAN_POINT('',(-3.092906334461,-5.069155321539E-02,
    -11.84897205462));
#4823 = CARTESIAN_POINT('',(-3.082161861666,-0.389583901701,
    -11.8268562703));
#4824 = CARTESIAN_POINT('',(-3.028894943884,-0.726115345644,
    -11.80475044373));
#4825 = CARTESIAN_POINT('',(-2.933784198245,-1.054087874112,
    -11.78265180761));
#4826 = CARTESIAN_POINT('',(-2.79841529053,-1.367595956281,
    -11.76055315387));
#4827 = CARTESIAN_POINT('',(-2.625324442945,-1.661076089046,
    -11.73844737573));
#4828 = CARTESIAN_POINT('',(-2.417928372709,-1.929316097459,
    -11.7163314113));
#4829 = CARTESIAN_POINT('',(-1.99457064113,-2.355250222717,
    -11.67685639802));
#4830 = CARTESIAN_POINT('',(-1.789719453061,-2.524500686108,
    -11.65947341892));
#4831 = CARTESIAN_POINT('',(-1.568554654476,-2.673277933746,
    -11.64209328935));
#4832 = CARTESIAN_POINT('',(-1.333494321051,-2.799781987341,
    -11.62471570074));
#4833 = CARTESIAN_POINT('',(-1.087138211367,-2.902569349636,
    -11.60733809418));
#4834 = CARTESIAN_POINT('',(-0.832245381304,-2.980531330031,
    -11.58995791489));
#4835 = CARTESIAN_POINT('',(-0.571736899702,-3.032924798128,
    -11.57257486623));
#4836 = CARTESIAN_POINT('',(-0.173248118044,-3.073132779087,
    -11.54624825219));
#4837 = CARTESIAN_POINT('',(-3.709796224793E-02,-3.079946532101,
    -11.53729901986));
#4838 = CARTESIAN_POINT('',(9.933794249995E-02,-3.079865400528,
    -11.52834986456));
#4839 = CARTESIAN_POINT('',(0.23565169675,-3.072877246748,
    -11.51940081638));
#4840 = CARTESIAN_POINT('',(0.371437035297,-3.058998760829,
    -11.5104517746));
#4841 = CARTESIAN_POINT('',(0.506289925013,-3.038275402608,
    -11.50150263657));
#4842 = CARTESIAN_POINT('',(0.639809162685,-3.010781343767,
    -11.49255342658));
#4843 = CARTESIAN_POINT('',(0.973006228488,-2.924410259013,
    -11.46992780463));
#4844 = CARTESIAN_POINT('',(1.170402960869,-2.85661962799,
    -11.45624956627));
#4845 = CARTESIAN_POINT('',(1.362343223241,-2.773615057186,
    -11.44257210611));
#4846 = CARTESIAN_POINT('',(1.54746263365,-2.675921462247,-11.4288956045
    ));
#4847 = CARTESIAN_POINT('',(1.72446999161,-2.564200228139,
    -11.41521911575));
#4848 = CARTESIAN_POINT('',(1.892148010483,-2.439240595609,
    -11.40154167389));
#4849 = CARTESIAN_POINT('',(2.049361165569,-2.301963340109,
    -11.38786341417));
#4850 = CARTESIAN_POINT('',(2.403866522815,-1.940604080209,
    -11.35458854178));
#4851 = CARTESIAN_POINT('',(2.589184460899,-1.704525467872,
    -11.33498013018));
#4852 = CARTESIAN_POINT('',(2.747831249373,-1.448376890869,
    -11.31537669036));
#4853 = CARTESIAN_POINT('',(2.877338851913,-1.175726923136,
    -11.29577741211));
#4854 = CARTESIAN_POINT('',(2.975828300873,-0.890402775875,
    -11.27617820296));
#4855 = CARTESIAN_POINT('',(3.04196113569,-0.596452198079,
    -11.25657559543));
#4856 = CARTESIAN_POINT('',(3.075,-0.298150253745,-11.23696934533));
#4857 = CARTESIAN_POINT('',(3.075,1.68753899743E-14,-11.21737124775));
#4858 = PCURVE('',#2269,#4859);
#4859 = DEFINITIONAL_REPRESENTATION('',(#4860),#4926);
#4860 = B_SPLINE_CURVE_WITH_KNOTS('',8,(#4861,#4862,#4863,#4864,#4865,
    #4866,#4867,#4868,#4869,#4870,#4871,#4872,#4873,#4874,#4875,#4876,
    #4877,#4878,#4879,#4880,#4881,#4882,#4883,#4884,#4885,#4886,#4887,
    #4888,#4889,#4890,#4891,#4892,#4893,#4894,#4895,#4896,#4897,#4898,
    #4899,#4900,#4901,#4902,#4903,#4904,#4905,#4906,#4907,#4908,#4909,
    #4910,#4911,#4912,#4913,#4914,#4915,#4916,#4917,#4918,#4919,#4920,
    #4921,#4922,#4923,#4924,#4925),.UNSPECIFIED.,.F.,.F.,(9,7,7,7,7,7,7,
    7,7,9),(0.,0.159882178611,0.253449127464,0.34002835969,
    0.485236851976,0.624467810507,0.733959395316,0.790344779173,
    0.876517682248,1.),.UNSPECIFIED.);
#4861 = CARTESIAN_POINT('',(6.410250927022,0.649830432006));
#4862 = CARTESIAN_POINT('',(6.282167500216,0.649830254376));
#4863 = CARTESIAN_POINT('',(6.153902085555,0.649830319058));
#4864 = CARTESIAN_POINT('',(6.025744787291,0.649830666592));
#4865 = CARTESIAN_POINT('',(5.89765199309,0.649831217469));
#4866 = CARTESIAN_POINT('',(5.769559155583,0.649831730493));
#4867 = CARTESIAN_POINT('',(5.641401680662,0.649832051632));
#4868 = CARTESIAN_POINT('',(5.513136153587,0.64983217772));
#4869 = CARTESIAN_POINT('',(5.310095800732,0.64983216452));
#4870 = CARTESIAN_POINT('',(5.235125707909,0.649832113789));
#4871 = CARTESIAN_POINT('',(5.160161048687,0.649832028741));
#4872 = CARTESIAN_POINT('',(5.085203323178,0.649831930688));
#4873 = CARTESIAN_POINT('',(5.010245588656,0.649831842296));
#4874 = CARTESIAN_POINT('',(4.935280826392,0.649831781315));
#4875 = CARTESIAN_POINT('',(4.860310407742,0.64983175644));
#4876 = CARTESIAN_POINT('',(4.715992865527,0.649831773506));
#4877 = CARTESIAN_POINT('',(4.646624471498,0.649831810629));
#4878 = CARTESIAN_POINT('',(4.57725987769,0.649831875604));
#4879 = CARTESIAN_POINT('',(4.507900062207,0.649831959406));
#4880 = CARTESIAN_POINT('',(4.438540284208,0.649832047092));
#4881 = CARTESIAN_POINT('',(4.369175787013,0.649832120957));
#4882 = CARTESIAN_POINT('',(4.299807501038,0.649832164814));
#4883 = CARTESIAN_POINT('',(4.114119325669,0.649832177051));
#4884 = CARTESIAN_POINT('',(3.99768087734,0.649832073941));
#4885 = CARTESIAN_POINT('',(3.881306306142,0.649831814311));
#4886 = CARTESIAN_POINT('',(3.764975692647,0.649831397377));
#4887 = CARTESIAN_POINT('',(3.648644273986,0.649830915659));
#4888 = CARTESIAN_POINT('',(3.532268614097,0.649830533218));
#4889 = CARTESIAN_POINT('',(3.415826152444,0.649830343876));
#4890 = CARTESIAN_POINT('',(3.187964762767,0.649830375138));
#4891 = CARTESIAN_POINT('',(3.076337219172,0.649830579228));
#4892 = CARTESIAN_POINT('',(2.964760513037,0.649830983116));
#4893 = CARTESIAN_POINT('',(2.853220511763,0.649831529641));
#4894 = CARTESIAN_POINT('',(2.741680403435,0.649832069882));
#4895 = CARTESIAN_POINT('',(2.630103848758,0.649832441532));
#4896 = CARTESIAN_POINT('',(2.518475258674,0.649832597997));
#4897 = CARTESIAN_POINT('',(2.319227299138,0.649832552662));
#4898 = CARTESIAN_POINT('',(2.231487343243,0.649832420211));
#4899 = CARTESIAN_POINT('',(2.143761493536,0.649832191868));
#4900 = CARTESIAN_POINT('',(2.056048326936,0.649831914202));
#4901 = CARTESIAN_POINT('',(1.968335144558,0.649831662479));
#4902 = CARTESIAN_POINT('',(1.880609228044,0.649831497969));
#4903 = CARTESIAN_POINT('',(1.792869107883,0.649831430298));
#4904 = CARTESIAN_POINT('',(1.659987062516,0.649831431881));
#4905 = CARTESIAN_POINT('',(1.614816387723,0.649831450518));
#4906 = CARTESIAN_POINT('',(1.56964614418,0.649831483885));
#4907 = CARTESIAN_POINT('',(1.524476464094,0.64983152515));
#4908 = CARTESIAN_POINT('',(1.479306813893,0.649831565564));
#4909 = CARTESIAN_POINT('',(1.434136649171,0.649831596019));
#4910 = CARTESIAN_POINT('',(1.388966069621,0.649831608597));
#4911 = CARTESIAN_POINT('',(1.274764485168,0.649831582112));
#4912 = CARTESIAN_POINT('',(1.205724172298,0.64983151209));
#4913 = CARTESIAN_POINT('',(1.136687586786,0.649831372553));
#4914 = CARTESIAN_POINT('',(1.067655627347,0.649831159453));
#4915 = CARTESIAN_POINT('',(0.998623621324,0.649830907703));
#4916 = CARTESIAN_POINT('',(0.929586907199,0.649830691559));
#4917 = CARTESIAN_POINT('',(0.860546418272,0.649830597874));
#4918 = CARTESIAN_POINT('',(0.69259396114,0.649830778781));
#4919 = CARTESIAN_POINT('',(0.59362293323,0.649831224853));
#4920 = CARTESIAN_POINT('',(0.494678464093,0.649832178466));
#4921 = CARTESIAN_POINT('',(0.395756050012,0.649833495985));
#4922 = CARTESIAN_POINT('',(0.296834091772,0.649834850616));
#4923 = CARTESIAN_POINT('',(0.19789060575,0.649834688718));
#4924 = CARTESIAN_POINT('',(9.892025527847E-02,0.649831587483));
#4925 = CARTESIAN_POINT('',(0.,0.649831587482));
#4926 = ( GEOMETRIC_REPRESENTATION_CONTEXT(2) 
PARAMETRIC_REPRESENTATION_CONTEXT() REPRESENTATION_CONTEXT('2D SPACE',''
  ) );
#4927 = PCURVE('',#3935,#4928);
#4928 = DEFINITIONAL_REPRESENTATION('',(#4929),#4995);
#4929 = B_SPLINE_CURVE_WITH_KNOTS('',8,(#4930,#4931,#4932,#4933,#4934,
    #4935,#4936,#4937,#4938,#4939,#4940,#4941,#4942,#4943,#4944,#4945,
    #4946,#4947,#4948,#4949,#4950,#4951,#4952,#4953,#4954,#4955,#4956,
    #4957,#4958,#4959,#4960,#4961,#4962,#4963,#4964,#4965,#4966,#4967,
    #4968,#4969,#4970,#4971,#4972,#4973,#4974,#4975,#4976,#4977,#4978,
    #4979,#4980,#4981,#4982,#4983,#4984,#4985,#4986,#4987,#4988,#4989,
    #4990,#4991,#4992,#4993,#4994),.UNSPECIFIED.,.F.,.F.,(9,7,7,7,7,7,7,
    7,7,9),(0.,0.159882178611,0.253449127464,0.34002835969,
    0.485236851976,0.624467810507,0.733959395316,0.790344779173,
    0.876517682248,1.),.UNSPECIFIED.);
#4930 = CARTESIAN_POINT('',(0.,4.181378102044));
#4931 = CARTESIAN_POINT('',(0.125544489049,4.20675391055));
#4932 = CARTESIAN_POINT('',(0.251267347739,4.232165913002));
#4933 = CARTESIAN_POINT('',(0.376884262896,4.257556657066));
#4934 = CARTESIAN_POINT('',(0.502438033605,4.282934737784));
#4935 = CARTESIAN_POINT('',(0.627991936222,4.30831280545));
#4936 = CARTESIAN_POINT('',(0.753609211152,4.333703569427));
#4937 = CARTESIAN_POINT('',(0.879332352381,4.359115629245));
#4938 = CARTESIAN_POINT('',(1.078348071922,4.399342010496));
#4939 = CARTESIAN_POINT('',(1.151832094676,4.414195068879));
#4940 = CARTESIAN_POINT('',(1.225310760751,4.429047031145));
#4941 = CARTESIAN_POINT('',(1.298782597958,4.44389761227));
#4942 = CARTESIAN_POINT('',(1.372254415058,4.458748200702));
#4943 = CARTESIAN_POINT('',(1.445733100419,4.473600197136));
#4944 = CARTESIAN_POINT('',(1.519217321631,4.488453334849));
#4945 = CARTESIAN_POINT('',(1.660673948639,4.517045560295));
#4946 = CARTESIAN_POINT('',(1.728667202937,4.530788859382));
#4947 = CARTESIAN_POINT('',(1.796656743113,4.544531421486));
#4948 = CARTESIAN_POINT('',(1.864641619039,4.558273047667));
#4949 = CARTESIAN_POINT('',(1.932626483644,4.572014668641));
#4950 = CARTESIAN_POINT('',(2.000616001563,4.585757216684));
#4951 = CARTESIAN_POINT('',(2.068609259119,4.599500498212));
#4952 = CARTESIAN_POINT('',(2.250616753164,4.636289077684));
#4953 = CARTESIAN_POINT('',(2.364747237285,4.659357823687));
#4954 = CARTESIAN_POINT('',(2.478815149035,4.682413824892));
#4955 = CARTESIAN_POINT('',(2.59283996981,4.70546102729));
#4956 = CARTESIAN_POINT('',(2.706865522902,4.728508352184));
#4957 = CARTESIAN_POINT('',(2.820934373639,4.751564498894));
#4958 = CARTESIAN_POINT('',(2.935068661385,4.774633990736));
#4959 = CARTESIAN_POINT('',(3.158413262277,4.81977794538));
#4960 = CARTESIAN_POINT('',(3.267828056515,4.841893729695));
#4961 = CARTESIAN_POINT('',(3.377193038972,4.863999556269));
#4962 = CARTESIAN_POINT('',(3.486522093269,4.886098192385));
#4963 = CARTESIAN_POINT('',(3.595851317962,4.908196846122));
#4964 = CARTESIAN_POINT('',(3.705216292682,4.930302624264));
#4965 = CARTESIAN_POINT('',(3.814632243219,4.952418588692));
#4966 = CARTESIAN_POINT('',(4.009930712954,4.991893601977));
#4967 = CARTESIAN_POINT('',(4.09593145135,5.009276581074));
#4968 = CARTESIAN_POINT('',(4.18191831013,5.026656710648));
#4969 = CARTESIAN_POINT('',(4.267892674987,5.044034299254));
#4970 = CARTESIAN_POINT('',(4.353867004541,5.061411905813));
#4971 = CARTESIAN_POINT('',(4.439853798948,5.078792085103));
#4972 = CARTESIAN_POINT('',(4.525854543546,5.096175133766));
#4973 = CARTESIAN_POINT('',(4.656102400672,5.122501747807));
#4974 = CARTESIAN_POINT('',(4.700377649743,5.131450980131));
#4975 = CARTESIAN_POINT('',(4.744652496083,5.140400135435));
#4976 = CARTESIAN_POINT('',(4.788926813364,5.14934918362));
#4977 = CARTESIAN_POINT('',(4.833201126264,5.158298225398));
#4978 = CARTESIAN_POINT('',(4.877475968167,5.167247363421));
#4979 = CARTESIAN_POINT('',(4.921751238846,5.176196573413));
#4980 = CARTESIAN_POINT('',(5.033689320246,5.198822195362));
#4981 = CARTESIAN_POINT('',(5.101361277099,5.212500433721));
#4982 = CARTESIAN_POINT('',(5.169029604428,5.226177893887));
#4983 = CARTESIAN_POINT('',(5.23669339074,5.239854395494));
#4984 = CARTESIAN_POINT('',(5.304357180108,5.253530884242));
#4985 = CARTESIAN_POINT('',(5.37202551081,5.267208326108));
#4986 = CARTESIAN_POINT('',(5.439697453843,5.280886585824));
#4987 = CARTESIAN_POINT('',(5.604320518983,5.314161458216));
#4988 = CARTESIAN_POINT('',(5.701329444289,5.333769869811));
#4989 = CARTESIAN_POINT('',(5.798312266571,5.353373309638));
#4990 = CARTESIAN_POINT('',(5.895273410116,5.372972587886));
#4991 = CARTESIAN_POINT('',(5.992234460239,5.392571797031));
#4992 = CARTESIAN_POINT('',(6.089217080253,5.412174404568));
#4993 = CARTESIAN_POINT('',(6.186225875068,5.431780654663));
#4994 = CARTESIAN_POINT('',(6.28318530718,5.451378752246));
#4995 = ( GEOMETRIC_REPRESENTATION_CONTEXT(2) 
PARAMETRIC_REPRESENTATION_CONTEXT() REPRESENTATION_CONTEXT('2D SPACE',''
  ) );
#4996 = ADVANCED_FACE('',(#4997),#2191,.F.);
#4997 = FACE_BOUND('',#4998,.F.);
#4998 = EDGE_LOOP('',(#4999,#5000,#5001,#5002,#5274,#5293));
#4999 = ORIENTED_EDGE('',*,*,#3357,.F.);
#5000 = ORIENTED_EDGE('',*,*,#3408,.F.);
#5001 = ORIENTED_EDGE('',*,*,#3685,.F.);
#5002 = ORIENTED_EDGE('',*,*,#5003,.F.);
#5003 = EDGE_CURVE('',#5004,#3686,#5006,.T.);
#5004 = VERTEX_POINT('',#5005);
#5005 = CARTESIAN_POINT('',(3.075,2.442714480174E-15,-11.96012875224));
#5006 = SURFACE_CURVE('',#5007,(#5094,#5184),.PCURVE_S1.);
#5007 = B_SPLINE_CURVE_WITH_KNOTS('',8,(#5008,#5009,#5010,#5011,#5012,
    #5013,#5014,#5015,#5016,#5017,#5018,#5019,#5020,#5021,#5022,#5023,
    #5024,#5025,#5026,#5027,#5028,#5029,#5030,#5031,#5032,#5033,#5034,
    #5035,#5036,#5037,#5038,#5039,#5040,#5041,#5042,#5043,#5044,#5045,
    #5046,#5047,#5048,#5049,#5050,#5051,#5052,#5053,#5054,#5055,#5056,
    #5057,#5058,#5059,#5060,#5061,#5062,#5063,#5064,#5065,#5066,#5067,
    #5068,#5069,#5070,#5071,#5072,#5073,#5074,#5075,#5076,#5077,#5078,
    #5079,#5080,#5081,#5082,#5083,#5084,#5085,#5086,#5087,#5088,#5089,
    #5090,#5091,#5092,#5093),.UNSPECIFIED.,.F.,.F.,(9,7,7,7,7,7,7,7,7,7,
    7,7,9),(0.,8.598849101539E-02,0.131536804732,0.218639655963,
    0.277216392445,0.376217151756,0.422812278619,0.515814498899,
    0.660225074363,0.748472201832,0.839444736596,0.912609603372,1.),
  .UNSPECIFIED.);
#5008 = CARTESIAN_POINT('',(3.075,4.942712905631E-13,-11.96012875224));
#5009 = CARTESIAN_POINT('',(3.075,0.207651689465,-11.94647933212));
#5010 = CARTESIAN_POINT('',(3.058974207093,0.41532899969,-11.93282913762
    ));
#5011 = CARTESIAN_POINT('',(3.026916090538,0.621550745292,
    -11.91917939647));
#5012 = CARTESIAN_POINT('',(2.978990117187,0.824873022825,
    -11.90553007425));
#5013 = CARTESIAN_POINT('',(2.915510054741,1.023888298983,
    -11.89188041636));
#5014 = CARTESIAN_POINT('',(2.836930846864,1.217228222082,
    -11.87822970242));
#5015 = CARTESIAN_POINT('',(2.743854060137,1.403570156831,-11.8645782131
    ));
#5016 = CARTESIAN_POINT('',(2.5804708908,1.675975415508,-11.84369807507)
  );
#5017 = CARTESIAN_POINT('',(2.520038166486,1.767991324809,
    -11.83646769141));
#5018 = CARTESIAN_POINT('',(2.455859837477,1.857510093776,
    -11.82923736409));
#5019 = CARTESIAN_POINT('',(2.388056787536,1.944354061474,
    -11.82200710499));
#5020 = CARTESIAN_POINT('',(2.316759565217,2.028353140323,
    -11.81477687858));
#5021 = CARTESIAN_POINT('',(2.24210827242,2.109344973885,-11.80754664821
    ));
#5022 = CARTESIAN_POINT('',(2.164252452959,2.187175094629,
    -11.80031642251));
#5023 = CARTESIAN_POINT('',(1.928641656219,2.404206804366,
    -11.77926001276));
#5024 = CARTESIAN_POINT('',(1.762770973418,2.534640752847,
    -11.76543202323));
#5025 = CARTESIAN_POINT('',(1.586867255473,2.651949778783,
    -11.75160484561));
#5026 = CARTESIAN_POINT('',(1.402151919735,2.755244457554,
    -11.73777864172));
#5027 = CARTESIAN_POINT('',(1.209924266019,2.843777164431,
    -11.72395240895));
#5028 = CARTESIAN_POINT('',(1.011553306577,2.916937643614,
    -11.71012515916));
#5029 = CARTESIAN_POINT('',(0.808476638198,2.974262070149,
    -11.69629709026));
#5030 = CARTESIAN_POINT('',(0.463489428448,3.043158289435,-11.6731725259
    ));
#5031 = CARTESIAN_POINT('',(0.323312388135,3.063568531867,
    -11.66387404168));
#5032 = CARTESIAN_POINT('',(0.18212770099,3.076596287577,-11.65457564613
    ));
#5033 = CARTESIAN_POINT('',(4.038973817335E-02,3.082185139611,
    -11.64527737483));
#5034 = CARTESIAN_POINT('',(-0.101445962191,3.080312303983,
    -11.63597910635));
#5035 = CARTESIAN_POINT('',(-0.2429234337,3.07098863512,-11.62668071796)
  );
#5036 = CARTESIAN_POINT('',(-0.383587020359,3.054258631298,
    -11.61738224132));
#5037 = CARTESIAN_POINT('',(-0.758574281517,2.989539602008,
    -11.59236905702));
#5038 = CARTESIAN_POINT('',(-0.990603775223,2.927936368068,
    -11.5766508476));
#5039 = CARTESIAN_POINT('',(-1.216821727918,2.845763984316,
    -11.56093414633));
#5040 = CARTESIAN_POINT('',(-1.43510756971,2.743686183696,
    -11.54521930615));
#5041 = CARTESIAN_POINT('',(-1.643455896932,2.622609485815,
    -11.52950447528));
#5042 = CARTESIAN_POINT('',(-1.839978283281,2.483664061505,
    -11.51378779719));
#5043 = CARTESIAN_POINT('',(-2.022920034423,2.328213162193,-11.498069612
    ));
#5044 = CARTESIAN_POINT('',(-2.269654418962,2.077728320443,
    -11.47495835009));
#5045 = CARTESIAN_POINT('',(-2.345265413119,1.994262326285,
    -11.46756194392));
#5046 = CARTESIAN_POINT('',(-2.417362595355,1.907657961206,
    -11.4601655531));
#5047 = CARTESIAN_POINT('',(-2.485794310738,1.818088354367,
    -11.45276918856));
#5048 = CARTESIAN_POINT('',(-2.550419648761,1.72573475726,
    -11.44537281059));
#5049 = CARTESIAN_POINT('',(-2.611108569494,1.630786366479,
    -11.43797637973));
#5050 = CARTESIAN_POINT('',(-2.667742029743,1.53344014649,
    -11.43057990755));
#5051 = CARTESIAN_POINT('',(-2.824940526457,1.2352233533,-11.40842055542
    ));
#5052 = CARTESIAN_POINT('',(-2.913102408098,1.027771100673,
    -11.39365516483));
#5053 = CARTESIAN_POINT('',(-2.983811106642,0.813204070838,
    -11.37889083577));
#5054 = CARTESIAN_POINT('',(-3.036415646249,0.593243696535,
    -11.36412785553));
#5055 = CARTESIAN_POINT('',(-3.070469321551,0.369658925313,
    -11.34936490141));
#5056 = CARTESIAN_POINT('',(-3.085720184541,0.144256754719,
    -11.33460064561));
#5057 = CARTESIAN_POINT('',(-3.082123419529,-8.112295574654E-02,
    -11.31983536226));
#5058 = CARTESIAN_POINT('',(-3.02532998432,-0.651628724236,
    -11.28214934043));
#5059 = CARTESIAN_POINT('',(-2.945773707875,-0.994500562996,
    -11.25920456483));
#5060 = CARTESIAN_POINT('',(-2.821787443345,-1.325888609103,
    -11.23627221365));
#5061 = CARTESIAN_POINT('',(-2.655501622487,-1.639158745144,
    -11.21334838283));
#5062 = CARTESIAN_POINT('',(-2.449989486433,-1.928215744245,
    -11.19042450233));
#5063 = CARTESIAN_POINT('',(-2.20932259738,-2.187581089379,
    -11.16749209129));
#5064 = CARTESIAN_POINT('',(-1.938473981793,-2.412376262131,
    -11.14454713796));
#5065 = CARTESIAN_POINT('',(-1.463642376026,-2.712709029614,
    -11.10761608047));
#5066 = CARTESIAN_POINT('',(-1.274490973617,-2.812376319267,
    -11.09360617709));
#5067 = CARTESIAN_POINT('',(-1.077642871963,-2.896930908969,
    -11.07959705508));
#5068 = CARTESIAN_POINT('',(-0.874515014267,-2.965693003431,
    -11.06558895453));
#5069 = CARTESIAN_POINT('',(-0.666577702903,-3.018144620298,
    -11.05158085957));
#5070 = CARTESIAN_POINT('',(-0.455346827081,-3.053923232958,
    -11.03757173893));
#5071 = CARTESIAN_POINT('',(-0.242380951109,-3.072831140444,
    -11.02356179778));
#5072 = CARTESIAN_POINT('',(0.190395692633,-3.076952664692,
    -10.9951130623));
#5073 = CARTESIAN_POINT('',(0.410276621153,-3.061108261066,
    -10.98067039464));
#5074 = CARTESIAN_POINT('',(0.628602541899,-3.027302158385,
    -10.96622873425));
#5075 = CARTESIAN_POINT('',(0.843663121207,-2.975725281084,
    -10.95178825964));
#5076 = CARTESIAN_POINT('',(1.053793441236,-2.906754549088,
    -10.93734772526));
#5077 = CARTESIAN_POINT('',(1.257377743531,-2.820942088759,
    -10.9229059049));
#5078 = CARTESIAN_POINT('',(1.452858147081,-2.719023778854,
    -10.90846308485));
#5079 = CARTESIAN_POINT('',(1.788250949594,-2.507787973171,
    -10.88240881983));
#5080 = CARTESIAN_POINT('',(1.931580308411,-2.403805326862,
    -10.87079426484));
#5081 = CARTESIAN_POINT('',(2.067968576587,-2.290479758692,
    -10.85918001152));
#5082 = CARTESIAN_POINT('',(2.196708339697,-2.168357258631,
    -10.8475661447));
#5083 = CARTESIAN_POINT('',(2.317148287645,-2.038042050162,
    -10.8359522575));
#5084 = CARTESIAN_POINT('',(2.428692730354,-1.900193212313,
    -10.82433794402));
#5085 = CARTESIAN_POINT('',(2.530804951183,-1.755525114052,
    -10.81272329165));
#5086 = CARTESIAN_POINT('',(2.733152234587,-1.424794816753,
    -10.78723734639));
#5087 = CARTESIAN_POINT('',(2.82918490702,-1.236115939865,
    -10.77336353705));
#5088 = CARTESIAN_POINT('',(2.910294360321,-1.040098512185,
    -10.75949051835));
#5089 = CARTESIAN_POINT('',(2.975839529388,-0.838126981133,
    -10.74561850346));
#5090 = CARTESIAN_POINT('',(3.025335503064,-0.631635334283,
    -10.73174652171));
#5091 = CARTESIAN_POINT('',(3.058447549086,-0.422099861665,
    -10.71787359812));
#5092 = CARTESIAN_POINT('',(3.074999999997,-0.211036105878,
    -10.70399993591));
#5093 = CARTESIAN_POINT('',(3.075,-1.33226762955E-15,-10.69012810204));
#5094 = PCURVE('',#2191,#5095);
#5095 = DEFINITIONAL_REPRESENTATION('',(#5096),#5183);
#5096 = B_SPLINE_CURVE_WITH_KNOTS('',8,(#5097,#5098,#5099,#5100,#5101,
    #5102,#5103,#5104,#5105,#5106,#5107,#5108,#5109,#5110,#5111,#5112,
    #5113,#5114,#5115,#5116,#5117,#5118,#5119,#5120,#5121,#5122,#5123,
    #5124,#5125,#5126,#5127,#5128,#5129,#5130,#5131,#5132,#5133,#5134,
    #5135,#5136,#5137,#5138,#5139,#5140,#5141,#5142,#5143,#5144,#5145,
    #5146,#5147,#5148,#5149,#5150,#5151,#5152,#5153,#5154,#5155,#5156,
    #5157,#5158,#5159,#5160,#5161,#5162,#5163,#5164,#5165,#5166,#5167,
    #5168,#5169,#5170,#5171,#5172,#5173,#5174,#5175,#5176,#5177,#5178,
    #5179,#5180,#5181,#5182),.UNSPECIFIED.,.F.,.F.,(9,7,7,7,7,7,7,7,7,7,
    7,7,9),(0.,8.598849101539E-02,0.131536804732,0.218639655963,
    0.277216392445,0.376217151756,0.422812278619,0.515814498899,
    0.660225074363,0.748472201832,0.839444736596,0.912609603372,1.),
  .UNSPECIFIED.);
#5097 = CARTESIAN_POINT('',(19.230752934797,0.350168412519));
#5098 = CARTESIAN_POINT('',(19.161858282276,0.350168412519));
#5099 = CARTESIAN_POINT('',(19.092955403092,0.350166915584));
#5100 = CARTESIAN_POINT('',(19.02405628293,0.350165928535));
#5101 = CARTESIAN_POINT('',(18.955161738044,0.350165794544));
#5102 = CARTESIAN_POINT('',(18.886267083828,0.350166209984));
#5103 = CARTESIAN_POINT('',(18.817367716416,0.350166839376));
#5104 = CARTESIAN_POINT('',(18.748464607341,0.35016752842));
#5105 = CARTESIAN_POINT('',(18.643075916479,0.350168425893));
#5106 = CARTESIAN_POINT('',(18.606581797543,0.350168710553));
#5107 = CARTESIAN_POINT('',(18.570087832874,0.35016895012));
#5108 = CARTESIAN_POINT('',(18.533594053776,0.350169134647));
#5109 = CARTESIAN_POINT('',(18.49710027335,0.350169261526));
#5110 = CARTESIAN_POINT('',(18.46060631544,0.350169333785));
#5111 = CARTESIAN_POINT('',(18.424112243588,0.350169358394));
#5112 = CARTESIAN_POINT('',(18.317831126471,0.350169318124));
#5113 = CARTESIAN_POINT('',(18.248034671108,0.350169150262));
#5114 = CARTESIAN_POINT('',(18.17824209015,0.350168904885));
#5115 = CARTESIAN_POINT('',(18.108454444167,0.350168666482));
#5116 = CARTESIAN_POINT('',(18.038666845993,0.350168495184));
#5117 = CARTESIAN_POINT('',(17.968874356552,0.350168407803));
#5118 = CARTESIAN_POINT('',(17.899077918565,0.350168384865));
#5119 = CARTESIAN_POINT('',(17.78235811826,0.350168416245));
#5120 = CARTESIAN_POINT('',(17.735424651686,0.350168447632));
#5121 = CARTESIAN_POINT('',(17.68849166269,0.350168489445));
#5122 = CARTESIAN_POINT('',(17.641559302861,0.350168531943));
#5123 = CARTESIAN_POINT('',(17.594626931396,0.35016856547));
#5124 = CARTESIAN_POINT('',(17.547693905406,0.350168581933));
#5125 = CARTESIAN_POINT('',(17.500760370218,0.350168576283));
#5126 = CARTESIAN_POINT('',(17.374507560868,0.350168500191));
#5127 = CARTESIAN_POINT('',(17.295170490643,0.350168387752));
#5128 = CARTESIAN_POINT('',(17.215840820844,0.350168201881));
#5129 = CARTESIAN_POINT('',(17.136520408373,0.350167968715));
#5130 = CARTESIAN_POINT('',(17.057200037103,0.350167733546));
#5131 = CARTESIAN_POINT('',(16.977870476885,0.35016754509));
#5132 = CARTESIAN_POINT('',(16.898533549686,0.350167439839));
#5133 = CARTESIAN_POINT('',(16.78188074547,0.350167420177));
#5134 = CARTESIAN_POINT('',(16.744547857289,0.350167434335));
#5135 = CARTESIAN_POINT('',(16.707215109211,0.350167470209));
#5136 = CARTESIAN_POINT('',(16.669882556572,0.350167527861));
#5137 = CARTESIAN_POINT('',(16.632549996058,0.350167606264));
#5138 = CARTESIAN_POINT('',(16.595217222663,0.350167703427));
#5139 = CARTESIAN_POINT('',(16.557884286642,0.350167816517));
#5140 = CARTESIAN_POINT('',(16.446037332607,0.350168192393));
#5141 = CARTESIAN_POINT('',(16.371510748656,0.350168492081));
#5142 = CARTESIAN_POINT('',(16.296989587418,0.350168814193));
#5143 = CARTESIAN_POINT('',(16.222475188395,0.350169120391));
#5144 = CARTESIAN_POINT('',(16.147960770162,0.350169374228));
#5145 = CARTESIAN_POINT('',(16.07343955666,0.350169550035));
#5146 = CARTESIAN_POINT('',(15.998912901386,0.350169637338));
#5147 = CARTESIAN_POINT('',(15.808694928177,0.350169646158));
#5148 = CARTESIAN_POINT('',(15.692881941963,0.350169449014));
#5149 = CARTESIAN_POINT('',(15.57713112644,0.350169064362));
#5150 = CARTESIAN_POINT('',(15.461423048144,0.35016858654));
#5151 = CARTESIAN_POINT('',(15.345714912783,0.350168175867));
#5152 = CARTESIAN_POINT('',(15.229964170879,0.350167921472));
#5153 = CARTESIAN_POINT('',(15.114150568149,0.350167821589));
#5154 = CARTESIAN_POINT('',(14.927743250568,0.350167836347));
#5155 = CARTESIAN_POINT('',(14.857029213094,0.350167882559));
#5156 = CARTESIAN_POINT('',(14.786319208206,0.350167959483));
#5157 = CARTESIAN_POINT('',(14.71561439748,0.350168049741));
#5158 = CARTESIAN_POINT('',(14.644909599211,0.350168134526));
#5159 = CARTESIAN_POINT('',(14.574199563215,0.350168198292));
#5160 = CARTESIAN_POINT('',(14.503485299424,0.350168232125));
#5161 = CARTESIAN_POINT('',(14.359891986564,0.350168239523));
#5162 = CARTESIAN_POINT('',(14.286993381657,0.350168211202));
#5163 = CARTESIAN_POINT('',(14.214099764946,0.350168149627));
#5164 = CARTESIAN_POINT('',(14.141212062335,0.350168063427));
#5165 = CARTESIAN_POINT('',(14.068324034676,0.350167969119));
#5166 = CARTESIAN_POINT('',(13.995429552442,0.350167887404));
#5167 = CARTESIAN_POINT('',(13.922530116679,0.350167837705));
#5168 = CARTESIAN_POINT('',(13.791022697254,0.350167825461));
#5169 = CARTESIAN_POINT('',(13.732398972411,0.350167847838));
#5170 = CARTESIAN_POINT('',(13.673776867758,0.350167904006));
#5171 = CARTESIAN_POINT('',(13.615156820315,0.350167997055));
#5172 = CARTESIAN_POINT('',(13.556536772533,0.350168125656));
#5173 = CARTESIAN_POINT('',(13.497914658083,0.350168283694));
#5174 = CARTESIAN_POINT('',(13.439290888948,0.350168461106));
#5175 = CARTESIAN_POINT('',(13.310653235437,0.350168866625));
#5176 = CARTESIAN_POINT('',(13.240626658311,0.350169098355));
#5177 = CARTESIAN_POINT('',(13.170604044608,0.350169319159));
#5178 = CARTESIAN_POINT('',(13.100586397193,0.350169505739));
#5179 = CARTESIAN_POINT('',(13.030568749298,0.350169635572));
#5180 = CARTESIAN_POINT('',(12.960546133615,0.350169690892));
#5181 = CARTESIAN_POINT('',(12.890519560862,0.350169664498));
#5182 = CARTESIAN_POINT('',(12.820502007803,0.350169567397));
#5183 = ( GEOMETRIC_REPRESENTATION_CONTEXT(2) 
PARAMETRIC_REPRESENTATION_CONTEXT() REPRESENTATION_CONTEXT('2D SPACE',''
  ) );
#5184 = PCURVE('',#3935,#5185);
#5185 = DEFINITIONAL_REPRESENTATION('',(#5186),#5273);
#5186 = B_SPLINE_CURVE_WITH_KNOTS('',8,(#5187,#5188,#5189,#5190,#5191,
    #5192,#5193,#5194,#5195,#5196,#5197,#5198,#5199,#5200,#5201,#5202,
    #5203,#5204,#5205,#5206,#5207,#5208,#5209,#5210,#5211,#5212,#5213,
    #5214,#5215,#5216,#5217,#5218,#5219,#5220,#5221,#5222,#5223,#5224,
    #5225,#5226,#5227,#5228,#5229,#5230,#5231,#5232,#5233,#5234,#5235,
    #5236,#5237,#5238,#5239,#5240,#5241,#5242,#5243,#5244,#5245,#5246,
    #5247,#5248,#5249,#5250,#5251,#5252,#5253,#5254,#5255,#5256,#5257,
    #5258,#5259,#5260,#5261,#5262,#5263,#5264,#5265,#5266,#5267,#5268,
    #5269,#5270,#5271,#5272),.UNSPECIFIED.,.F.,.F.,(9,7,7,7,7,7,7,7,7,7,
    7,7,9),(0.,8.598849101539E-02,0.131536804732,0.218639655963,
    0.277216392445,0.376217151756,0.422812278619,0.515814498899,
    0.660225074363,0.748472201832,0.839444736596,0.912609603372,1.),
  .UNSPECIFIED.);
#5187 = CARTESIAN_POINT('',(0.,4.708621247755));
#5188 = CARTESIAN_POINT('',(6.752900470379E-02,4.722270667879));
#5189 = CARTESIAN_POINT('',(0.135066200782,4.735920862372));
#5190 = CARTESIAN_POINT('',(0.202599796487,4.749570603527));
#5191 = CARTESIAN_POINT('',(0.270128853541,4.76321992575));
#5192 = CARTESIAN_POINT('',(0.337657874021,4.776869583634));
#5193 = CARTESIAN_POINT('',(0.405191383675,4.790520297571));
#5194 = CARTESIAN_POINT('',(0.472728511668,4.804171786897));
#5195 = CARTESIAN_POINT('',(0.576027872168,4.825051924929));
#5196 = CARTESIAN_POINT('',(0.611798490233,4.832282308583));
#5197 = CARTESIAN_POINT('',(0.64756895949,4.839512635902));
#5198 = CARTESIAN_POINT('',(0.683339256091,4.846742895001));
#5199 = CARTESIAN_POINT('',(0.71910956897,4.853973121418));
#5200 = CARTESIAN_POINT('',(0.75488007502,4.861203351781));
#5201 = CARTESIAN_POINT('',(0.79065071427,4.868433577488));
#5202 = CARTESIAN_POINT('',(0.894825052489,4.889489987239));
#5203 = CARTESIAN_POINT('',(0.963238032174,4.903317976761));
#5204 = CARTESIAN_POINT('',(1.03164729691,4.917145154384));
#5205 = CARTESIAN_POINT('',(1.100051782748,4.930971358275));
#5206 = CARTESIAN_POINT('',(1.168456243601,4.944797591045));
#5207 = CARTESIAN_POINT('',(1.23686548505,4.958624840832));
#5208 = CARTESIAN_POINT('',(1.305278557371,4.972452909735));
#5209 = CARTESIAN_POINT('',(1.419684887614,4.9955774741));
#5210 = CARTESIAN_POINT('',(1.465688076726,5.004875958315));
#5211 = CARTESIAN_POINT('',(1.51169077142,5.01417435387));
#5212 = CARTESIAN_POINT('',(1.557692822454,5.023472625167));
#5213 = CARTESIAN_POINT('',(1.603694859768,5.032770893641));
#5214 = CARTESIAN_POINT('',(1.649697517225,5.042069282038));
#5215 = CARTESIAN_POINT('',(1.695700657344,5.05136775868));
#5216 = CARTESIAN_POINT('',(1.819450643054,5.076380942978));
#5217 = CARTESIAN_POINT('',(1.897214911582,5.092099152392));
#5218 = CARTESIAN_POINT('',(1.974971921361,5.107815853665));
#5219 = CARTESIAN_POINT('',(2.052719881682,5.123530693846));
#5220 = CARTESIAN_POINT('',(2.130467845951,5.13924552472));
#5221 = CARTESIAN_POINT('',(2.208224866519,5.154962202806));
#5222 = CARTESIAN_POINT('',(2.285989149786,5.170680387991));
#5223 = CARTESIAN_POINT('',(2.400329666287,5.19379164991));
#5224 = CARTESIAN_POINT('',(2.436922549969,5.201188056075));
#5225 = CARTESIAN_POINT('',(2.473515301741,5.208584446894));
#5226 = CARTESIAN_POINT('',(2.510107865874,5.215980811439));
#5227 = CARTESIAN_POINT('',(2.54670044006,5.223377189403));
#5228 = CARTESIAN_POINT('',(2.583293223675,5.230773620264));
#5229 = CARTESIAN_POINT('',(2.619886166055,5.238170092447));
#5230 = CARTESIAN_POINT('',(2.729516143872,5.260329444571));
#5231 = CARTESIAN_POINT('',(2.802565490964,5.275094835167));
#5232 = CARTESIAN_POINT('',(2.875609506552,5.289859164229));
#5233 = CARTESIAN_POINT('',(2.948646872979,5.304622144466));
#5234 = CARTESIAN_POINT('',(3.021684238628,5.319385098584));
#5235 = CARTESIAN_POINT('',(3.094728252112,5.334149354388));
#5236 = CARTESIAN_POINT('',(3.167777596426,5.348914637736));
#5237 = CARTESIAN_POINT('',(3.354224969431,5.386600659564));
#5238 = CARTESIAN_POINT('',(3.467742261311,5.409545435168));
#5239 = CARTESIAN_POINT('',(3.581198655986,5.432477786343));
#5240 = CARTESIAN_POINT('',(3.694613226331,5.455401617167));
#5241 = CARTESIAN_POINT('',(3.808027907653,5.478325497669));
#5242 = CARTESIAN_POINT('',(3.921484354501,5.501257908702));
#5243 = CARTESIAN_POINT('',(4.035002377383,5.524202862035));
#5244 = CARTESIAN_POINT('',(4.217714757571,5.561133919523));
#5245 = CARTESIAN_POINT('',(4.287027089915,5.57514382291));
#5246 = CARTESIAN_POINT('',(4.356335442488,5.589152944911));
#5247 = CARTESIAN_POINT('',(4.42563867507,5.603161045465));
#5248 = CARTESIAN_POINT('',(4.494941869264,5.617169140423));
#5249 = CARTESIAN_POINT('',(4.564250177891,5.631178261068));
#5250 = CARTESIAN_POINT('',(4.633562620363,5.645188202217));
#5251 = CARTESIAN_POINT('',(4.774309374461,5.673636937697));
#5252 = CARTESIAN_POINT('',(4.845762854239,5.688079605354));
#5253 = CARTESIAN_POINT('',(4.917211453737,5.702521265744));
#5254 = CARTESIAN_POINT('',(4.988654275978,5.716961740359));
#5255 = CARTESIAN_POINT('',(5.060097444245,5.731402274738));
#5256 = CARTESIAN_POINT('',(5.13154696981,5.745844095097));
#5257 = CARTESIAN_POINT('',(5.203001379756,5.760286915146));
#5258 = CARTESIAN_POINT('',(5.33190207818,5.786341180163));
#5259 = CARTESIAN_POINT('',(5.389363787425,5.79795573516));
#5260 = CARTESIAN_POINT('',(5.446823921335,5.809569988475));
#5261 = CARTESIAN_POINT('',(5.504282047328,5.821183855294));
#5262 = CARTESIAN_POINT('',(5.561740177138,5.832797742497));
#5263 = CARTESIAN_POINT('',(5.619200331092,5.844412055972));
#5264 = CARTESIAN_POINT('',(5.676662101092,5.856026708346));
#5265 = CARTESIAN_POINT('',(5.80274997066,5.88151265361));
#5266 = CARTESIAN_POINT('',(5.871388507713,5.895386462949));
#5267 = CARTESIAN_POINT('',(5.94002314288,5.909259481645));
#5268 = CARTESIAN_POINT('',(6.008652891267,5.923131496538));
#5269 = CARTESIAN_POINT('',(6.077282623294,5.93700347829));
#5270 = CARTESIAN_POINT('',(6.145917213603,5.95087640188));
#5271 = CARTESIAN_POINT('',(6.214555679252,5.964750064082));
#5272 = CARTESIAN_POINT('',(6.28318530718,5.978621897956));
#5273 = ( GEOMETRIC_REPRESENTATION_CONTEXT(2) 
PARAMETRIC_REPRESENTATION_CONTEXT() REPRESENTATION_CONTEXT('2D SPACE',''
  ) );
#5274 = ORIENTED_EDGE('',*,*,#5275,.T.);
#5275 = EDGE_CURVE('',#5004,#2151,#5276,.T.);
#5276 = SURFACE_CURVE('',#5277,(#5280,#5286),.PCURVE_S1.);
#5277 = B_SPLINE_CURVE_WITH_KNOTS('',1,(#5278,#5279),.UNSPECIFIED.,.F.,
  .F.,(2,2),(0.,1.),.PIECEWISE_BEZIER_KNOTS.);
#5278 = CARTESIAN_POINT('',(3.5195,8.437694987151E-15,-12.16025));
#5279 = CARTESIAN_POINT('',(2.250110802944,4.440892098501E-16,-11.58875)
  );
#5280 = PCURVE('',#2191,#5281);
#5281 = DEFINITIONAL_REPRESENTATION('',(#5282),#5285);
#5282 = B_SPLINE_CURVE_WITH_KNOTS('',1,(#5283,#5284),.UNSPECIFIED.,.F.,
  .F.,(2,2),(0.350168412518,1.),.PIECEWISE_BEZIER_KNOTS.);
#5283 = CARTESIAN_POINT('',(19.230752934797,0.350168412518));
#5284 = CARTESIAN_POINT('',(19.230752934797,1.));
#5285 = ( GEOMETRIC_REPRESENTATION_CONTEXT(2) 
PARAMETRIC_REPRESENTATION_CONTEXT() REPRESENTATION_CONTEXT('2D SPACE',''
  ) );
#5286 = PCURVE('',#3993,#5287);
#5287 = DEFINITIONAL_REPRESENTATION('',(#5288),#5292);
#5288 = LINE('',#5289,#5290);
#5289 = CARTESIAN_POINT('',(0.,0.));
#5290 = VECTOR('',#5291,1.);
#5291 = DIRECTION('',(0.,1.));
#5292 = ( GEOMETRIC_REPRESENTATION_CONTEXT(2) 
PARAMETRIC_REPRESENTATION_CONTEXT() REPRESENTATION_CONTEXT('2D SPACE',''
  ) );
#5293 = ORIENTED_EDGE('',*,*,#2150,.F.);
#5294 = ADVANCED_FACE('',(#5295),#3935,.T.);
#5295 = FACE_BOUND('',#5296,.T.);
#5296 = EDGE_LOOP('',(#5297,#5298,#5299,#5320));
#5297 = ORIENTED_EDGE('',*,*,#3921,.T.);
#5298 = ORIENTED_EDGE('',*,*,#5003,.F.);
#5299 = ORIENTED_EDGE('',*,*,#5300,.F.);
#5300 = EDGE_CURVE('',#4532,#5004,#5301,.T.);
#5301 = SURFACE_CURVE('',#5302,(#5306,#5313),.PCURVE_S1.);
#5302 = LINE('',#5303,#5304);
#5303 = CARTESIAN_POINT('',(3.075,-7.531577814756E-16,-16.66875));
#5304 = VECTOR('',#5305,1.);
#5305 = DIRECTION('',(0.,0.,1.));
#5306 = PCURVE('',#3935,#5307);
#5307 = DEFINITIONAL_REPRESENTATION('',(#5308),#5312);
#5308 = LINE('',#5309,#5310);
#5309 = CARTESIAN_POINT('',(0.,-0.));
#5310 = VECTOR('',#5311,1.);
#5311 = DIRECTION('',(0.,1.));
#5312 = ( GEOMETRIC_REPRESENTATION_CONTEXT(2) 
PARAMETRIC_REPRESENTATION_CONTEXT() REPRESENTATION_CONTEXT('2D SPACE',''
  ) );
#5313 = PCURVE('',#4701,#5314);
#5314 = DEFINITIONAL_REPRESENTATION('',(#5315),#5319);
#5315 = LINE('',#5316,#5317);
#5316 = CARTESIAN_POINT('',(6.28318530718,-0.));
#5317 = VECTOR('',#5318,1.);
#5318 = DIRECTION('',(0.,1.));
#5319 = ( GEOMETRIC_REPRESENTATION_CONTEXT(2) 
PARAMETRIC_REPRESENTATION_CONTEXT() REPRESENTATION_CONTEXT('2D SPACE',''
  ) );
#5320 = ORIENTED_EDGE('',*,*,#4790,.T.);
#5321 = ADVANCED_FACE('',(#5322),#4701,.T.);
#5322 = FACE_BOUND('',#5323,.T.);
#5323 = EDGE_LOOP('',(#5324,#5325,#5576,#5597));
#5324 = ORIENTED_EDGE('',*,*,#5300,.T.);
#5325 = ORIENTED_EDGE('',*,*,#5326,.F.);
#5326 = EDGE_CURVE('',#5327,#5004,#5329,.T.);
#5327 = VERTEX_POINT('',#5328);
#5328 = CARTESIAN_POINT('',(3.075,-7.531577814756E-16,-13.23012808173));
#5329 = SURFACE_CURVE('',#5330,(#5410,#5493),.PCURVE_S1.);
#5330 = B_SPLINE_CURVE_WITH_KNOTS('',8,(#5331,#5332,#5333,#5334,#5335,
    #5336,#5337,#5338,#5339,#5340,#5341,#5342,#5343,#5344,#5345,#5346,
    #5347,#5348,#5349,#5350,#5351,#5352,#5353,#5354,#5355,#5356,#5357,
    #5358,#5359,#5360,#5361,#5362,#5363,#5364,#5365,#5366,#5367,#5368,
    #5369,#5370,#5371,#5372,#5373,#5374,#5375,#5376,#5377,#5378,#5379,
    #5380,#5381,#5382,#5383,#5384,#5385,#5386,#5387,#5388,#5389,#5390,
    #5391,#5392,#5393,#5394,#5395,#5396,#5397,#5398,#5399,#5400,#5401,
    #5402,#5403,#5404,#5405,#5406,#5407,#5408,#5409),.UNSPECIFIED.,.F.,
  .F.,(9,7,7,7,7,7,7,7,7,7,7,9),(0.,0.161211309146,0.248738543367,
    0.342046057318,0.413670197816,0.492573738822,0.626681392537,
    0.734196619068,0.788397330055,0.874261804296,0.955631970033,1.),
  .UNSPECIFIED.);
#5331 = CARTESIAN_POINT('',(3.075,-8.881784197001E-16,-13.23012808173));
#5332 = CARTESIAN_POINT('',(3.075,0.389281575006,-13.20453960472));
#5333 = CARTESIAN_POINT('',(3.018678078065,0.779136044812,
    -13.17891370467));
#5334 = CARTESIAN_POINT('',(2.905747760727,1.159132479195,-13.153310391)
  );
#5335 = CARTESIAN_POINT('',(2.738574414692,1.519834006747,
    -13.12772039288));
#5336 = CARTESIAN_POINT('',(2.52093266596,1.852527836389,-13.10213035282
    ));
#5337 = CARTESIAN_POINT('',(2.258218573641,2.149400206045,
    -13.07652695072));
#5338 = CARTESIAN_POINT('',(1.95718993788,2.403449898221,-13.05090104136
    ));
#5339 = CARTESIAN_POINT('',(1.4475007997,2.721219725243,-13.01142002566)
  );
#5340 = CARTESIAN_POINT('',(1.25934152313,2.818964487952,-12.99752541461
    ));
#5341 = CARTESIAN_POINT('',(1.06369748984,2.901802375111,-12.98363156295
    ));
#5342 = CARTESIAN_POINT('',(0.861954305188,2.969077863701,
    -12.96973869482));
#5343 = CARTESIAN_POINT('',(0.655548556374,3.020292242333,
    -12.95584583349));
#5344 = CARTESIAN_POINT('',(0.445960429926,3.055097548725,
    -12.94195199234));
#5345 = CARTESIAN_POINT('',(0.234710750225,3.073305476336,
    -12.92805736815));
#5346 = CARTESIAN_POINT('',(-0.201943269155,3.07662306897,
    -12.89935422592));
#5347 = CARTESIAN_POINT('',(-0.427429729618,3.059468029948,
    -12.88454152471));
#5348 = CARTESIAN_POINT('',(-0.651197037677,3.023421384289,
    -12.86972993723));
#5349 = CARTESIAN_POINT('',(-0.871399732164,2.968699015615,
    -12.8549197176));
#5350 = CARTESIAN_POINT('',(-1.086244716123,2.895722399857,
    -12.84010948098));
#5351 = CARTESIAN_POINT('',(-1.293995346378,2.805105688943,
    -12.82529784208));
#5352 = CARTESIAN_POINT('',(-1.492981691955,2.697664918317,
    -12.81048508099));
#5353 = CARTESIAN_POINT('',(-1.826416007714,2.479867351845,
    -12.78430628767));
#5354 = CARTESIAN_POINT('',(-1.965143988178,2.375972083699,
    -12.77293705568));
#5355 = CARTESIAN_POINT('',(-2.097088956294,2.263225910699,
    -12.76156809908));
#5356 = CARTESIAN_POINT('',(-2.221595002837,2.142150351871,
    -12.75019949212));
#5357 = CARTESIAN_POINT('',(-2.338058398703,2.013319773757,
    -12.73883086772));
#5358 = CARTESIAN_POINT('',(-2.445927157094,1.877358402951,-12.72746186)
  );
#5359 = CARTESIAN_POINT('',(-2.544704014997,1.734940645804,
    -12.71609254623));
#5360 = CARTESIAN_POINT('',(-2.732272308313,1.423592219337,
    -12.69219979601));
#5361 = CARTESIAN_POINT('',(-2.819043540392,1.253413188311,
    -12.67967461928));
#5362 = CARTESIAN_POINT('',(-2.893675209365,1.077231592067,
    -12.66714992204));
#5363 = CARTESIAN_POINT('',(-2.955690811628,0.896062487443,
    -12.65462583256));
#5364 = CARTESIAN_POINT('',(-3.004717339258,0.710955538932,
    -12.64210176471));
#5365 = CARTESIAN_POINT('',(-3.040482109123,0.522990924262,
    -12.62957713569));
#5366 = CARTESIAN_POINT('',(-3.062817742633,0.333277624892,
    -12.61705208055));
#5367 = CARTESIAN_POINT('',(-3.086729952779,-0.180527466761,
    -12.58324200656));
#5368 = CARTESIAN_POINT('',(-3.062862398455,-0.506050007837,
    -12.56194089678));
#5369 = CARTESIAN_POINT('',(-2.999705706428,-0.827793990757,
    -12.54064818704));
#5370 = CARTESIAN_POINT('',(-2.898068156337,-1.140252862521,
    -12.51936169253));
#5371 = CARTESIAN_POINT('',(-2.759540836452,-1.43819741963,
    -12.49807518549));
#5372 = CARTESIAN_POINT('',(-2.586522442965,-1.716716174405,
    -12.47678243115));
#5373 = CARTESIAN_POINT('',(-2.382173831717,-1.971227939488,
    -12.45548126511));
#5374 = CARTESIAN_POINT('',(-1.965178375544,-2.379306752059,
    -12.41712974778));
#5375 = CARTESIAN_POINT('',(-1.762051081112,-2.543039899779,
    -12.40005942473));
#5376 = CARTESIAN_POINT('',(-1.543430531355,-2.686851139244,
    -12.38299124078));
#5377 = CARTESIAN_POINT('',(-1.311620231506,-2.809063300632,
    -12.36592577424));
#5378 = CARTESIAN_POINT('',(-1.06909596967,-2.908329507746,
    -12.34886031825));
#5379 = CARTESIAN_POINT('',(-0.818479842625,-2.983616362788,
    -12.33179215896));
#5380 = CARTESIAN_POINT('',(-0.562536465349,-3.034234583496,
    -12.31472185448));
#5381 = CARTESIAN_POINT('',(-0.173954107548,-3.072864191413,
    -12.28905351407));
#5382 = CARTESIAN_POINT('',(-4.308459355121E-02,-3.079476250073,
    -12.28045036258));
#5383 = CARTESIAN_POINT('',(8.805417922051E-02,-3.079717387914,
    -12.27184728997));
#5384 = CARTESIAN_POINT('',(0.219099974594,-3.073576363589,
    -12.26324431147));
#5385 = CARTESIAN_POINT('',(0.349691804591,-3.061066548245,
    -12.25464133531));
#5386 = CARTESIAN_POINT('',(0.479470415292,-3.042225898654,
    -12.24603827038));
#5387 = CARTESIAN_POINT('',(0.608078772702,-3.017116930347,
    -12.23743513391));
#5388 = CARTESIAN_POINT('',(0.936487981522,-2.936256861779,
    -12.21520337263));
#5389 = CARTESIAN_POINT('',(1.134018764702,-2.871166744532,
    -12.20157288828));
#5390 = CARTESIAN_POINT('',(1.326321567071,-2.790902411844,
    -12.18794306799));
#5391 = CARTESIAN_POINT('',(1.51203954847,-2.695966240226,-12.1743141029
    ));
#5392 = CARTESIAN_POINT('',(1.689886465276,-2.586996114631,
    -12.16068510872));
#5393 = CARTESIAN_POINT('',(1.8586474839,-2.464756909523,-12.14705521476
    ));
#5394 = CARTESIAN_POINT('',(2.017186702192,-2.330144246216,
    -12.13342464648));
#5395 = CARTESIAN_POINT('',(2.304027420976,-2.045895776297,
    -12.10688031647));
#5396 = CARTESIAN_POINT('',(2.433507699833,-1.897384987574,
    -12.09396361182));
#5397 = CARTESIAN_POINT('',(2.552009752498,-1.739545740533,
    -12.08104753232));
#5398 = CARTESIAN_POINT('',(2.658756799437,-1.573332433644,
    -12.06813226204));
#5399 = CARTESIAN_POINT('',(2.753076465036,-1.39976530985,
    -12.05521708991));
#5400 = CARTESIAN_POINT('',(2.834398203909,-1.219924694644,
    -12.04230122651));
#5401 = CARTESIAN_POINT('',(2.902259432906,-1.034950446036,
    -12.02938467281));
#5402 = CARTESIAN_POINT('',(2.985797723307,-0.74304460456,
    -12.00942679614));
#5403 = CARTESIAN_POINT('',(3.0111739378,-0.638867733774,-12.00238431308
    ));
#5404 = CARTESIAN_POINT('',(3.032394138535,-0.533707856277,
    -11.99534177544));
#5405 = CARTESIAN_POINT('',(3.049414372232,-0.427758699286,
    -11.98829918734));
#5406 = CARTESIAN_POINT('',(3.062201627726,-0.321215696339,
    -11.98125652898));
#5407 = CARTESIAN_POINT('',(3.07073385763,-0.214275818628,
    -11.97421381264));
#5408 = CARTESIAN_POINT('',(3.075,-0.107137406341,-11.96717113882));
#5409 = CARTESIAN_POINT('',(3.075,1.68753899743E-14,-11.96012875224));
#5410 = PCURVE('',#4701,#5411);
#5411 = DEFINITIONAL_REPRESENTATION('',(#5412),#5492);
#5412 = B_SPLINE_CURVE_WITH_KNOTS('',8,(#5413,#5414,#5415,#5416,#5417,
    #5418,#5419,#5420,#5421,#5422,#5423,#5424,#5425,#5426,#5427,#5428,
    #5429,#5430,#5431,#5432,#5433,#5434,#5435,#5436,#5437,#5438,#5439,
    #5440,#5441,#5442,#5443,#5444,#5445,#5446,#5447,#5448,#5449,#5450,
    #5451,#5452,#5453,#5454,#5455,#5456,#5457,#5458,#5459,#5460,#5461,
    #5462,#5463,#5464,#5465,#5466,#5467,#5468,#5469,#5470,#5471,#5472,
    #5473,#5474,#5475,#5476,#5477,#5478,#5479,#5480,#5481,#5482,#5483,
    #5484,#5485,#5486,#5487,#5488,#5489,#5490,#5491),.UNSPECIFIED.,.F.,
  .F.,(9,7,7,7,7,7,7,7,7,7,7,9),(0.,0.161211309146,0.248738543367,
    0.342046057318,0.413670197816,0.492573738822,0.626681392537,
    0.734196619068,0.788397330055,0.874261804296,0.955631970033,1.),
  .UNSPECIFIED.);
#5413 = CARTESIAN_POINT('',(0.,3.438621918261));
#5414 = CARTESIAN_POINT('',(0.126595634148,3.464210395279));
#5415 = CARTESIAN_POINT('',(0.253377100261,3.489836295322));
#5416 = CARTESIAN_POINT('',(0.380047667482,3.515439608993));
#5417 = CARTESIAN_POINT('',(0.506653021963,3.541029607117));
#5418 = CARTESIAN_POINT('',(0.633258547874,3.566619647177));
#5419 = CARTESIAN_POINT('',(0.759929629229,3.592223049272));
#5420 = CARTESIAN_POINT('',(0.886711454232,3.617848958633));
#5421 = CARTESIAN_POINT('',(1.082039443159,3.657329974339));
#5422 = CARTESIAN_POINT('',(1.150781372099,3.671224585385));
#5423 = CARTESIAN_POINT('',(1.219519434701,3.685118437042));
#5424 = CARTESIAN_POINT('',(1.288252568903,3.699011305175));
#5425 = CARTESIAN_POINT('',(1.356985661289,3.712904166503));
#5426 = CARTESIAN_POINT('',(1.425723642043,3.726798007656));
#5427 = CARTESIAN_POINT('',(1.494465570684,3.740692631846));
#5428 = CARTESIAN_POINT('',(1.636470976321,3.769395774077));
#5429 = CARTESIAN_POINT('',(1.70975516038,3.784208475289));
#5430 = CARTESIAN_POINT('',(1.783033943084,3.799020062766));
#5431 = CARTESIAN_POINT('',(1.8563060509,3.813830282399));
#5432 = CARTESIAN_POINT('',(1.9295782913,3.828640519012));
#5433 = CARTESIAN_POINT('',(2.002857456984,3.843452157912));
#5434 = CARTESIAN_POINT('',(2.076142101457,3.858264919008));
#5435 = CARTESIAN_POINT('',(2.205658853177,3.884443712321));
#5436 = CARTESIAN_POINT('',(2.261906835593,3.895812944312));
#5437 = CARTESIAN_POINT('',(2.318153373879,3.907181900916));
#5438 = CARTESIAN_POINT('',(2.374398090201,3.918550507879));
#5439 = CARTESIAN_POINT('',(2.430642801098,3.929919132272));
#5440 = CARTESIAN_POINT('',(2.486889329686,3.941288139998));
#5441 = CARTESIAN_POINT('',(2.543137317175,3.95265745377));
#5442 = CARTESIAN_POINT('',(2.661343088537,3.976550203984));
#5443 = CARTESIAN_POINT('',(2.723309476936,3.989075380718));
#5444 = CARTESIAN_POINT('',(2.785273501107,4.001600077959));
#5445 = CARTESIAN_POINT('',(2.847234576304,4.014124167431));
#5446 = CARTESIAN_POINT('',(2.909195652196,4.026648235285));
#5447 = CARTESIAN_POINT('',(2.971159652346,4.039172864308));
#5448 = CARTESIAN_POINT('',(3.033125931821,4.051697919442));
#5449 = CARTESIAN_POINT('',(3.200397873715,4.085507993436));
#5450 = CARTESIAN_POINT('',(3.305783468956,4.106809103216));
#5451 = CARTESIAN_POINT('',(3.411128007775,4.128101812954));
#5452 = CARTESIAN_POINT('',(3.516442133114,4.149388307463));
#5453 = CARTESIAN_POINT('',(3.621756273412,4.170674814504));
#5454 = CARTESIAN_POINT('',(3.72710086014,4.191967568845));
#5455 = CARTESIAN_POINT('',(3.832486462756,4.213268734881));
#5456 = CARTESIAN_POINT('',(4.022226195712,4.251620252212));
#5457 = CARTESIAN_POINT('',(4.106679325392,4.268690575263));
#5458 = CARTESIAN_POINT('',(4.191121560507,4.285758759215));
#5459 = CARTESIAN_POINT('',(4.275550188227,4.302824225756));
#5460 = CARTESIAN_POINT('',(4.359978798798,4.319889681747));
#5461 = CARTESIAN_POINT('',(4.444420996326,4.33695784104));
#5462 = CARTESIAN_POINT('',(4.528874109231,4.354028145518));
#5463 = CARTESIAN_POINT('',(4.655865248545,4.379696485926));
#5464 = CARTESIAN_POINT('',(4.698428405001,4.38829963742));
#5465 = CARTESIAN_POINT('',(4.740991227905,4.396902710023));
#5466 = CARTESIAN_POINT('',(4.783553627981,4.405505688524));
#5467 = CARTESIAN_POINT('',(4.826116039211,4.414108664687));
#5468 = CARTESIAN_POINT('',(4.868678889538,4.422711729611));
#5469 = CARTESIAN_POINT('',(4.91124207157,4.431314866086));
#5470 = CARTESIAN_POINT('',(5.021231445648,4.453546627369));
#5471 = CARTESIAN_POINT('',(5.088666775249,4.467177111712));
#5472 = CARTESIAN_POINT('',(5.156098653889,4.480806932006));
#5473 = CARTESIAN_POINT('',(5.22352608571,4.494435897099));
#5474 = CARTESIAN_POINT('',(5.290953495299,4.508064891272));
#5475 = CARTESIAN_POINT('',(5.358385355442,4.521694785234));
#5476 = CARTESIAN_POINT('',(5.425820774522,4.535325353515));
#5477 = CARTESIAN_POINT('',(5.55714604219,4.561869683528));
#5478 = CARTESIAN_POINT('',(5.621050422266,4.574786388172));
#5479 = CARTESIAN_POINT('',(5.684952136925,4.58770246768));
#5480 = CARTESIAN_POINT('',(5.748850418403,4.600617737952));
#5481 = CARTESIAN_POINT('',(5.812748661413,4.613532910089));
#5482 = CARTESIAN_POINT('',(5.876650302859,4.626448773486));
#5483 = CARTESIAN_POINT('',(5.940554697912,4.63936532719));
#5484 = CARTESIAN_POINT('',(6.039294281266,4.659323203855));
#5485 = CARTESIAN_POINT('',(6.074135941924,4.666365686913));
#5486 = CARTESIAN_POINT('',(6.108977527899,4.673408224555));
#5487 = CARTESIAN_POINT('',(6.143818987582,4.680450812651));
#5488 = CARTESIAN_POINT('',(6.178660467024,4.687493471018));
#5489 = CARTESIAN_POINT('',(6.213502112692,4.694536187356));
#5490 = CARTESIAN_POINT('',(6.248343874223,4.701578861179));
#5491 = CARTESIAN_POINT('',(6.28318530718,4.708621247754));
#5492 = ( GEOMETRIC_REPRESENTATION_CONTEXT(2) 
PARAMETRIC_REPRESENTATION_CONTEXT() REPRESENTATION_CONTEXT('2D SPACE',''
  ) );
#5493 = PCURVE('',#3993,#5494);
#5494 = DEFINITIONAL_REPRESENTATION('',(#5495),#5575);
#5495 = B_SPLINE_CURVE_WITH_KNOTS('',8,(#5496,#5497,#5498,#5499,#5500,
    #5501,#5502,#5503,#5504,#5505,#5506,#5507,#5508,#5509,#5510,#5511,
    #5512,#5513,#5514,#5515,#5516,#5517,#5518,#5519,#5520,#5521,#5522,
    #5523,#5524,#5525,#5526,#5527,#5528,#5529,#5530,#5531,#5532,#5533,
    #5534,#5535,#5536,#5537,#5538,#5539,#5540,#5541,#5542,#5543,#5544,
    #5545,#5546,#5547,#5548,#5549,#5550,#5551,#5552,#5553,#5554,#5555,
    #5556,#5557,#5558,#5559,#5560,#5561,#5562,#5563,#5564,#5565,#5566,
    #5567,#5568,#5569,#5570,#5571,#5572,#5573,#5574),.UNSPECIFIED.,.F.,
  .F.,(9,7,7,7,7,7,7,7,7,7,7,9),(0.,0.161211309146,0.248738543367,
    0.342046057318,0.413670197816,0.492573738822,0.626681392537,
    0.734196619068,0.788397330055,0.874261804296,0.955631970033,1.),
  .UNSPECIFIED.);
#5496 = CARTESIAN_POINT('',(6.410250927022,0.350169567994));
#5497 = CARTESIAN_POINT('',(6.281095097378,0.350169747112));
#5498 = CARTESIAN_POINT('',(6.151749666463,0.350169679841));
#5499 = CARTESIAN_POINT('',(6.022517408347,0.35016932463));
#5500 = CARTESIAN_POINT('',(5.893351766784,0.350168763881));
#5501 = CARTESIAN_POINT('',(5.764186043225,0.350168248088));
#5502 = CARTESIAN_POINT('',(5.634953452755,0.350167932383));
#5503 = CARTESIAN_POINT('',(5.505607830738,0.350167815168));
#5504 = CARTESIAN_POINT('',(5.306329777477,0.350167840257));
#5505 = CARTESIAN_POINT('',(5.236197676684,0.350167888311));
#5506 = CARTESIAN_POINT('',(5.166069493091,0.350167965564));
#5507 = CARTESIAN_POINT('',(5.095946308788,0.350168054953));
#5508 = CARTESIAN_POINT('',(5.02582314115,0.350168138213));
#5509 = CARTESIAN_POINT('',(4.955694967061,0.350168200381));
#5510 = CARTESIAN_POINT('',(4.885562755333,0.350168232976));
#5511 = CARTESIAN_POINT('',(4.740685335058,0.350168238932));
#5512 = CARTESIAN_POINT('',(4.665919000602,0.350168208271));
#5513 = CARTESIAN_POINT('',(4.591158186923,0.350168142688));
#5514 = CARTESIAN_POINT('',(4.516404204939,0.350168052002));
#5515 = CARTESIAN_POINT('',(4.441650117882,0.350167954599));
#5516 = CARTESIAN_POINT('',(4.366888998757,0.350167873109));
#5517 = CARTESIAN_POINT('',(4.292122320877,0.350167828179));
#5518 = CARTESIAN_POINT('',(4.159986398643,0.350167832056));
#5519 = CARTESIAN_POINT('',(4.102600948019,0.350167861592));
#5520 = CARTESIAN_POINT('',(4.0452169824,0.35016792406));
#5521 = CARTESIAN_POINT('',(3.987834883078,0.350168021719));
#5522 = CARTESIAN_POINT('',(3.930452791939,0.350168152714));
#5523 = CARTESIAN_POINT('',(3.873068844236,0.350168310847));
#5524 = CARTESIAN_POINT('',(3.815683402026,0.350168486397));
#5525 = CARTESIAN_POINT('',(3.695087238794,0.350168868038));
#5526 = CARTESIAN_POINT('',(3.631867737392,0.350169075393));
#5527 = CARTESIAN_POINT('',(3.568650634089,0.350169275079));
#5528 = CARTESIAN_POINT('',(3.505436524,0.350169448952));
#5529 = CARTESIAN_POINT('',(3.442222398996,0.350169579829));
#5530 = CARTESIAN_POINT('',(3.379005280074,0.350169654735));
#5531 = CARTESIAN_POINT('',(3.315785830453,0.350169667266));
#5532 = CARTESIAN_POINT('',(3.145131077163,0.350169537121));
#5533 = CARTESIAN_POINT('',(3.037614223804,0.350169279451));
#5534 = CARTESIAN_POINT('',(2.930139281957,0.350168852881));
#5535 = CARTESIAN_POINT('',(2.82269541825,0.350168324788));
#5536 = CARTESIAN_POINT('',(2.715251595782,0.350167832914));
#5537 = CARTESIAN_POINT('',(2.607776727846,0.350167510013));
#5538 = CARTESIAN_POINT('',(2.500259982422,0.350167388198));
#5539 = CARTESIAN_POINT('',(2.306683160934,0.350167466866));
#5540 = CARTESIAN_POINT('',(2.220522104903,0.350167607138));
#5541 = CARTESIAN_POINT('',(2.134372110797,0.350167839258));
#5542 = CARTESIAN_POINT('',(2.048235938903,0.350168108207));
#5543 = CARTESIAN_POINT('',(1.962099736655,0.350168348173));
#5544 = CARTESIAN_POINT('',(1.875949658228,0.350168507912));
#5545 = CARTESIAN_POINT('',(1.789788472334,0.350168570667));
#5546 = CARTESIAN_POINT('',(1.660229011363,0.350168567603));
#5547 = CARTESIAN_POINT('',(1.616805054636,0.350168549924));
#5548 = CARTESIAN_POINT('',(1.573381456941,0.350168518669));
#5549 = CARTESIAN_POINT('',(1.529958312331,0.350168479825));
#5550 = CARTESIAN_POINT('',(1.486535179668,0.350168441032));
#5551 = CARTESIAN_POINT('',(1.443111622316,0.350168410326));
#5552 = CARTESIAN_POINT('',(1.39968774783,0.350168394878));
#5553 = CARTESIAN_POINT('',(1.287474264774,0.350168407444));
#5554 = CARTESIAN_POINT('',(1.218675359408,0.350168466343));
#5555 = CARTESIAN_POINT('',(1.149880002581,0.350168593464));
#5556 = CARTESIAN_POINT('',(1.081089180666,0.350168796275));
#5557 = CARTESIAN_POINT('',(1.012298343506,0.350169044684));
#5558 = CARTESIAN_POINT('',(0.943502895415,0.350169269071));
#5559 = CARTESIAN_POINT('',(0.874703729036,0.350169384359));
#5560 = CARTESIAN_POINT('',(0.740722521932,0.350169298214));
#5561 = CARTESIAN_POINT('',(0.675525663593,0.350169109455));
#5562 = CARTESIAN_POINT('',(0.610331463628,0.350168748416));
#5563 = CARTESIAN_POINT('',(0.545140734881,0.350168174747));
#5564 = CARTESIAN_POINT('',(0.479950063118,0.350167449117));
#5565 = CARTESIAN_POINT('',(0.414755995893,0.350166755948));
#5566 = CARTESIAN_POINT('',(0.349559223624,0.350166332913));
#5567 = CARTESIAN_POINT('',(0.248822889934,0.350166293233));
#5568 = CARTESIAN_POINT('',(0.213276670147,0.350166398266));
#5569 = CARTESIAN_POINT('',(0.177730547907,0.350166632624));
#5570 = CARTESIAN_POINT('',(0.142184566448,0.350167004071));
#5571 = CARTESIAN_POINT('',(0.106638562803,0.350167490785));
#5572 = CARTESIAN_POINT('',(7.109237275057E-02,0.350168014314));
#5573 = CARTESIAN_POINT('',(3.554603577241E-02,0.350168412518));
#5574 = CARTESIAN_POINT('',(0.,0.350168412518));
#5575 = ( GEOMETRIC_REPRESENTATION_CONTEXT(2) 
PARAMETRIC_REPRESENTATION_CONTEXT() REPRESENTATION_CONTEXT('2D SPACE',''
  ) );
#5576 = ORIENTED_EDGE('',*,*,#5577,.F.);
#5577 = EDGE_CURVE('',#4276,#5327,#5578,.T.);
#5578 = SURFACE_CURVE('',#5579,(#5583,#5590),.PCURVE_S1.);
#5579 = LINE('',#5580,#5581);
#5580 = CARTESIAN_POINT('',(3.075,-7.531577814756E-16,-16.66875));
#5581 = VECTOR('',#5582,1.);
#5582 = DIRECTION('',(0.,0.,1.));
#5583 = PCURVE('',#4701,#5584);
#5584 = DEFINITIONAL_REPRESENTATION('',(#5585),#5589);
#5585 = LINE('',#5586,#5587);
#5586 = CARTESIAN_POINT('',(0.,-0.));
#5587 = VECTOR('',#5588,1.);
#5588 = DIRECTION('',(0.,1.));
#5589 = ( GEOMETRIC_REPRESENTATION_CONTEXT(2) 
PARAMETRIC_REPRESENTATION_CONTEXT() REPRESENTATION_CONTEXT('2D SPACE',''
  ) );
#5590 = PCURVE('',#4443,#5591);
#5591 = DEFINITIONAL_REPRESENTATION('',(#5592),#5596);
#5592 = LINE('',#5593,#5594);
#5593 = CARTESIAN_POINT('',(6.28318530718,-0.));
#5594 = VECTOR('',#5595,1.);
#5595 = DIRECTION('',(0.,1.));
#5596 = ( GEOMETRIC_REPRESENTATION_CONTEXT(2) 
PARAMETRIC_REPRESENTATION_CONTEXT() REPRESENTATION_CONTEXT('2D SPACE',''
  ) );
#5597 = ORIENTED_EDGE('',*,*,#4531,.T.);
#5598 = ADVANCED_FACE('',(#5599),#4443,.T.);
#5599 = FACE_BOUND('',#5600,.T.);
#5600 = EDGE_LOOP('',(#5601,#5602,#5603,#5839));
#5601 = ORIENTED_EDGE('',*,*,#4275,.T.);
#5602 = ORIENTED_EDGE('',*,*,#5577,.T.);
#5603 = ORIENTED_EDGE('',*,*,#5604,.F.);
#5604 = EDGE_CURVE('',#5605,#5327,#5607,.T.);
#5605 = VERTEX_POINT('',#5606);
#5606 = CARTESIAN_POINT('',(-0.809996290611,2.966400344496,-14.12875));
#5607 = SURFACE_CURVE('',#5608,(#5683,#5761),.PCURVE_S1.);
#5608 = B_SPLINE_CURVE_WITH_KNOTS('',7,(#5609,#5610,#5611,#5612,#5613,
    #5614,#5615,#5616,#5617,#5618,#5619,#5620,#5621,#5622,#5623,#5624,
    #5625,#5626,#5627,#5628,#5629,#5630,#5631,#5632,#5633,#5634,#5635,
    #5636,#5637,#5638,#5639,#5640,#5641,#5642,#5643,#5644,#5645,#5646,
    #5647,#5648,#5649,#5650,#5651,#5652,#5653,#5654,#5655,#5656,#5657,
    #5658,#5659,#5660,#5661,#5662,#5663,#5664,#5665,#5666,#5667,#5668,
    #5669,#5670,#5671,#5672,#5673,#5674,#5675,#5676,#5677,#5678,#5679,
    #5680,#5681,#5682),.UNSPECIFIED.,.F.,.F.,(8,6,6,6,6,6,6,6,6,6,6,6,8)
  ,(0.,0.125466403681,0.234383804484,0.288304346929,0.373503491353,
    0.455345665415,0.503204321914,0.585767245315,0.630923323901,
    0.715181425934,0.776871822514,0.878869449409,1.),.UNSPECIFIED.);
#5609 = CARTESIAN_POINT('',(3.075,-4.440892098501E-16,-14.50012810204));
#5610 = CARTESIAN_POINT('',(3.075000000004,0.346266663442,
    -14.47736728767));
#5611 = CARTESIAN_POINT('',(3.029508348142,0.692751916968,
    -14.45459221029));
#5612 = CARTESIAN_POINT('',(2.938428410127,1.031882864796,
    -14.43182928362));
#5613 = CARTESIAN_POINT('',(2.803361343648,1.356579907421,
    -14.40906972751));
#5614 = CARTESIAN_POINT('',(2.627047416564,1.660255390457,
    -14.38630674606));
#5615 = CARTESIAN_POINT('',(2.413379028209,1.936782699108,
    -14.36353157779));
#5616 = CARTESIAN_POINT('',(1.954604047492,2.392802711708,
    -14.32101192052));
#5617 = CARTESIAN_POINT('',(1.717166648122,2.580477183313,
    -14.30124604009));
#5618 = CARTESIAN_POINT('',(1.458924587123,2.740436262521,
    -14.28148522234));
#5619 = CARTESIAN_POINT('',(1.183789580271,2.870033780241,
    -14.26172766837));
#5620 = CARTESIAN_POINT('',(0.89600409058,2.967271503421,-14.24196688747
    ));
#5621 = CARTESIAN_POINT('',(0.600098811994,3.030818968258,
    -14.22220102605));
#5622 = CARTESIAN_POINT('',(0.152849384859,3.074801964285,
    -14.19266044969));
#5623 = CARTESIAN_POINT('',(3.926103214378E-03,3.081004540727,
    -14.18287847785));
#5624 = CARTESIAN_POINT('',(-0.145250713815,3.07878966117,
    -14.17309666988));
#5625 = CARTESIAN_POINT('',(-0.294110616808,3.068149686869,
    -14.16331496697));
#5626 = CARTESIAN_POINT('',(-0.44208597055,3.049125188097,
    -14.15353316924));
#5627 = CARTESIAN_POINT('',(-0.588613213467,3.021804852802,
    -14.14375121547));
#5628 = CARTESIAN_POINT('',(-0.961489708101,2.930264768087,
    -14.1185134434));
#5629 = CARTESIAN_POINT('',(-1.184876396911,2.853824160032,
    -14.10305524109));
#5630 = CARTESIAN_POINT('',(-1.401053928648,2.757543055328,
    -14.08759849271));
#5631 = CARTESIAN_POINT('',(-1.607929419527,2.642263959952,
    -14.07214265992));
#5632 = CARTESIAN_POINT('',(-1.803542626618,2.509079212503,
    -14.05668583134));
#5633 = CARTESIAN_POINT('',(-1.986076586429,2.359324967492,
    -14.04122751428));
#5634 = CARTESIAN_POINT('',(-2.315098422588,2.03640925757,
    -14.01092431044));
#5635 = CARTESIAN_POINT('',(-2.462764501181,1.864362058865,
    -13.99607551204));
#5636 = CARTESIAN_POINT('',(-2.59543110232,1.679903046459,
    -13.98122806904));
#5637 = CARTESIAN_POINT('',(-2.71187409932,1.484612897727,
    -13.96638161042));
#5638 = CARTESIAN_POINT('',(-2.811074909212,1.280200156328,
    -13.95153444277));
#5639 = CARTESIAN_POINT('',(-2.892225367819,1.068492581451,
    -13.93668586438));
#5640 = CARTESIAN_POINT('',(-2.99134180442,0.724531097735,
    -13.91315655325));
#5641 = CARTESIAN_POINT('',(-3.021555192061,0.595777002139,
    -13.90447418732));
#5642 = CARTESIAN_POINT('',(-3.045297745922,0.465573549091,
    -13.89579175089));
#5643 = CARTESIAN_POINT('',(-3.062488074295,0.334311147472,
    -13.88710922711));
#5644 = CARTESIAN_POINT('',(-3.073074468957,0.202384467536,
    -13.87842659683));
#5645 = CARTESIAN_POINT('',(-3.077034998083,7.019176334683E-02,
    -13.86974400521));
#5646 = CARTESIAN_POINT('',(-3.069793211713,-0.289683710229,
    -13.84608412252));
#5647 = CARTESIAN_POINT('',(-3.045512772235,-0.517133234281,
    -13.83110529424));
#5648 = CARTESIAN_POINT('',(-3.001570182366,-0.742120866349,
    -13.81612718255));
#5649 = CARTESIAN_POINT('',(-2.938286909282,-0.96261955637,
    -13.80114936185));
#5650 = CARTESIAN_POINT('',(-2.856226485043,-1.176666581852,
    -13.78617050025));
#5651 = CARTESIAN_POINT('',(-2.7561912956,-1.382373609486,
    -13.77119025195));
#5652 = CARTESIAN_POINT('',(-2.575309420092,-1.684914828274,
    -13.74801962077));
#5653 = CARTESIAN_POINT('',(-2.50629872216,-1.788857880004,
    -13.73982739069));
#5654 = CARTESIAN_POINT('',(-2.432402396674,-1.889489269331,
    -13.73163526095));
#5655 = CARTESIAN_POINT('',(-2.353812187909,-1.986534500643,
    -13.7234432164));
#5656 = CARTESIAN_POINT('',(-2.270738452656,-2.079733807659,
    -13.71525117727));
#5657 = CARTESIAN_POINT('',(-2.18340985949,-2.168842541193,
    -13.70705911753));
#5658 = CARTESIAN_POINT('',(-1.921645024985,-2.411841963162,
    -13.68358160334));
#5659 = CARTESIAN_POINT('',(-1.737235152284,-2.555037409425,
    -13.6682940956));
#5660 = CARTESIAN_POINT('',(-1.540469598563,-2.681695239091,
    -13.65300807797));
#5661 = CARTESIAN_POINT('',(-1.333139474704,-2.790568954902,
    -13.63772297633));
#5662 = CARTESIAN_POINT('',(-1.117166540225,-2.880649430988,
    -13.62243689828));
#5663 = CARTESIAN_POINT('',(-0.894592969725,-2.951170152069,
    -13.60714930151));
#5664 = CARTESIAN_POINT('',(-0.501396588019,-3.038620540371,
    -13.58067212178));
#5665 = CARTESIAN_POINT('',(-0.332802246778,-3.064850405356,
    -13.56948003201));
#5666 = CARTESIAN_POINT('',(-0.162656315274,-3.080156441231,
    -13.55828820071));
#5667 = CARTESIAN_POINT('',(8.191844095275E-03,-3.084437277782,
    -13.54709657124));
#5668 = CARTESIAN_POINT('',(0.178890178821,-3.077671715239,
    -13.53590477812));
#5669 = CARTESIAN_POINT('',(0.348586162241,-3.059918533483,
    -13.5247127106));
#5670 = CARTESIAN_POINT('',(0.793936011283,-2.984046928854,
    -13.49501706519));
#5671 = CARTESIAN_POINT('',(1.06647166442,-2.907117081637,
    -13.47650803055));
#5672 = CARTESIAN_POINT('',(1.330090150105,-2.801178512706,
    -13.45800279141));
#5673 = CARTESIAN_POINT('',(1.581140674233,-2.667533516392,
    -13.43949996108));
#5674 = CARTESIAN_POINT('',(1.816223887303,-2.50799170304,
    -13.42099474369));
#5675 = CARTESIAN_POINT('',(2.032220888438,-2.324854566367,
    -13.40248573374));
#5676 = CARTESIAN_POINT('',(2.45699154444,-1.878984172887,
    -13.36200668711));
#5677 = CARTESIAN_POINT('',(2.657013045255,-1.607550644485,
    -13.34001949444));
#5678 = CARTESIAN_POINT('',(2.821718651261,-1.311597082142,
    -13.31804223014));
#5679 = CARTESIAN_POINT('',(2.947708354824,-0.996693755779,
    -13.29606784341));
#5680 = CARTESIAN_POINT('',(3.032595738057,-0.668805588461,
    -13.27409050158));
#5681 = CARTESIAN_POINT('',(3.075,-0.334310740296,-13.2521031847));
#5682 = CARTESIAN_POINT('',(3.075,-8.881784197001E-16,-13.23012808173));
#5683 = PCURVE('',#4443,#5684);
#5684 = DEFINITIONAL_REPRESENTATION('',(#5685),#5760);
#5685 = B_SPLINE_CURVE_WITH_KNOTS('',7,(#5686,#5687,#5688,#5689,#5690,
    #5691,#5692,#5693,#5694,#5695,#5696,#5697,#5698,#5699,#5700,#5701,
    #5702,#5703,#5704,#5705,#5706,#5707,#5708,#5709,#5710,#5711,#5712,
    #5713,#5714,#5715,#5716,#5717,#5718,#5719,#5720,#5721,#5722,#5723,
    #5724,#5725,#5726,#5727,#5728,#5729,#5730,#5731,#5732,#5733,#5734,
    #5735,#5736,#5737,#5738,#5739,#5740,#5741,#5742,#5743,#5744,#5745,
    #5746,#5747,#5748,#5749,#5750,#5751,#5752,#5753,#5754,#5755,#5756,
    #5757,#5758,#5759),.UNSPECIFIED.,.F.,.F.,(8,6,6,6,6,6,6,6,6,6,6,6,8)
  ,(0.,0.125466403681,0.234383804484,0.288304346929,0.373503491353,
    0.455345665415,0.503204321914,0.585767245315,0.630923323901,
    0.715181425934,0.776871822514,0.878869449409,1.),.UNSPECIFIED.);
#5686 = CARTESIAN_POINT('',(0.,2.168621897956));
#5687 = CARTESIAN_POINT('',(0.112607045022,2.191382712327));
#5688 = CARTESIAN_POINT('',(0.2252852271,2.214157789703));
#5689 = CARTESIAN_POINT('',(0.337903808407,2.236920716379));
#5690 = CARTESIAN_POINT('',(0.45050591093,2.259680272483));
#5691 = CARTESIAN_POINT('',(0.563124510883,2.282443253936));
#5692 = CARTESIAN_POINT('',(0.675802699193,2.305218422204));
#5693 = CARTESIAN_POINT('',(0.886163894808,2.347738079474));
#5694 = CARTESIAN_POINT('',(0.983952890451,2.367503959902));
#5695 = CARTESIAN_POINT('',(1.081716407072,2.387264777653));
#5696 = CARTESIAN_POINT('',(1.179463639805,2.407022331629));
#5697 = CARTESIAN_POINT('',(1.277227054579,2.426783112528));
#5698 = CARTESIAN_POINT('',(1.375016038518,2.446548973943));
#5699 = CARTESIAN_POINT('',(1.521164621078,2.476089550307));
#5700 = CARTESIAN_POINT('',(1.569559875622,2.485871522144));
#5701 = CARTESIAN_POINT('',(1.617954392807,2.495653330117));
#5702 = CARTESIAN_POINT('',(1.666348437743,2.505435033024));
#5703 = CARTESIAN_POINT('',(1.714742963974,2.515216830751));
#5704 = CARTESIAN_POINT('',(1.763138237872,2.524998784522));
#5705 = CARTESIAN_POINT('',(1.887999545761,2.550236556597));
#5706 = CARTESIAN_POINT('',(1.964477293325,2.56569475891));
#5707 = CARTESIAN_POINT('',(2.040947614716,2.581151507282));
#5708 = CARTESIAN_POINT('',(2.117413099235,2.596607340076));
#5709 = CARTESIAN_POINT('',(2.193883376655,2.612064168658));
#5710 = CARTESIAN_POINT('',(2.270361255947,2.627522485715));
#5711 = CARTESIAN_POINT('',(2.420283102865,2.657825689558));
#5712 = CARTESIAN_POINT('',(2.49374639933,2.67267448796));
#5713 = CARTESIAN_POINT('',(2.567203582781,2.687521930959));
#5714 = CARTESIAN_POINT('',(2.640656761353,2.702368389571));
#5715 = CARTESIAN_POINT('',(2.714113822318,2.717215557228));
#5716 = CARTESIAN_POINT('',(2.787577100916,2.73206413562));
#5717 = CARTESIAN_POINT('',(2.903986043314,2.755593446743));
#5718 = CARTESIAN_POINT('',(2.946940769453,2.764275812676));
#5719 = CARTESIAN_POINT('',(2.989895165322,2.772958249105));
#5720 = CARTESIAN_POINT('',(3.03284935643,2.781640772888));
#5721 = CARTESIAN_POINT('',(3.075803840878,2.790323403164));
#5722 = CARTESIAN_POINT('',(3.118758727168,2.799005994789));
#5723 = CARTESIAN_POINT('',(3.235815094504,2.822665877475));
#5724 = CARTESIAN_POINT('',(3.309926166651,2.837644705757));
#5725 = CARTESIAN_POINT('',(3.38403068121,2.852622817447));
#5726 = CARTESIAN_POINT('',(3.458130941072,2.867600638148));
#5727 = CARTESIAN_POINT('',(3.532235220603,2.882579499748));
#5728 = CARTESIAN_POINT('',(3.606346003452,2.89755974805));
#5729 = CARTESIAN_POINT('',(3.720977009327,2.920730379224));
#5730 = CARTESIAN_POINT('',(3.761506143031,2.928922609305));
#5731 = CARTESIAN_POINT('',(3.802034964291,2.937114739043));
#5732 = CARTESIAN_POINT('',(3.842563593697,2.945306783599));
#5733 = CARTESIAN_POINT('',(3.883092431851,2.953498822724));
#5734 = CARTESIAN_POINT('',(3.923621585126,2.961690882463));
#5735 = CARTESIAN_POINT('',(4.039774038574,2.985168396654));
#5736 = CARTESIAN_POINT('',(4.115407929748,3.000455904397));
#5737 = CARTESIAN_POINT('',(4.191034804917,3.015741922022));
#5738 = CARTESIAN_POINT('',(4.266657092077,3.031027023662));
#5739 = CARTESIAN_POINT('',(4.342283912864,3.046313101718));
#5740 = CARTESIAN_POINT('',(4.417917955593,3.061600698486));
#5741 = CARTESIAN_POINT('',(4.548911087001,3.088077878214));
#5742 = CARTESIAN_POINT('',(4.604282683382,3.099269967989));
#5743 = CARTESIAN_POINT('',(4.659652909447,3.110461799282));
#5744 = CARTESIAN_POINT('',(4.715022102457,3.121653428757));
#5745 = CARTESIAN_POINT('',(4.770392127537,3.132845221879));
#5746 = CARTESIAN_POINT('',(4.82576357248,3.144037289397));
#5747 = CARTESIAN_POINT('',(4.972679513885,3.173732934803));
#5748 = CARTESIAN_POINT('',(5.064251140991,3.192241969443));
#5749 = CARTESIAN_POINT('',(5.155804296468,3.210747208588));
#5750 = CARTESIAN_POINT('',(5.247345714568,3.22925003892));
#5751 = CARTESIAN_POINT('',(5.338898881334,3.247755256305));
#5752 = CARTESIAN_POINT('',(5.430470526337,3.26626426626));
#5753 = CARTESIAN_POINT('',(5.630736201682,3.306743312889));
#5754 = CARTESIAN_POINT('',(5.739514968623,3.328730505559));
#5755 = CARTESIAN_POINT('',(5.848244034473,3.350707769852));
#5756 = CARTESIAN_POINT('',(5.956958426045,3.372682156585));
#5757 = CARTESIAN_POINT('',(6.065687517187,3.394659498415));
#5758 = CARTESIAN_POINT('',(6.174466367246,3.416646815292));
#5759 = CARTESIAN_POINT('',(6.28318530718,3.438621918261));
#5760 = ( GEOMETRIC_REPRESENTATION_CONTEXT(2) 
PARAMETRIC_REPRESENTATION_CONTEXT() REPRESENTATION_CONTEXT('2D SPACE',''
  ) );
#5761 = PCURVE('',#3993,#5762);
#5762 = DEFINITIONAL_REPRESENTATION('',(#5763),#5838);
#5763 = B_SPLINE_CURVE_WITH_KNOTS('',7,(#5764,#5765,#5766,#5767,#5768,
    #5769,#5770,#5771,#5772,#5773,#5774,#5775,#5776,#5777,#5778,#5779,
    #5780,#5781,#5782,#5783,#5784,#5785,#5786,#5787,#5788,#5789,#5790,
    #5791,#5792,#5793,#5794,#5795,#5796,#5797,#5798,#5799,#5800,#5801,
    #5802,#5803,#5804,#5805,#5806,#5807,#5808,#5809,#5810,#5811,#5812,
    #5813,#5814,#5815,#5816,#5817,#5818,#5819,#5820,#5821,#5822,#5823,
    #5824,#5825,#5826,#5827,#5828,#5829,#5830,#5831,#5832,#5833,#5834,
    #5835,#5836,#5837),.UNSPECIFIED.,.F.,.F.,(8,6,6,6,6,6,6,6,6,6,6,6,8)
  ,(0.,0.125466403681,0.234383804484,0.288304346929,0.373503491353,
    0.455345665415,0.503204321914,0.585767245315,0.630923323901,
    0.715181425934,0.776871822514,0.878869449409,1.),.UNSPECIFIED.);
#5764 = CARTESIAN_POINT('',(12.820502007799,0.350169567462));
#5765 = CARTESIAN_POINT('',(12.705617664289,0.350169408139));
#5766 = CARTESIAN_POINT('',(12.590660754028,0.350169052987));
#5767 = CARTESIAN_POINT('',(12.475764690884,0.350168519533));
#5768 = CARTESIAN_POINT('',(12.360885509007,0.35016795545));
#5769 = CARTESIAN_POINT('',(12.245989537904,0.350167553013));
#5770 = CARTESIAN_POINT('',(12.131032741616,0.350167393863));
#5771 = CARTESIAN_POINT('',(11.91641743928,0.350167459552));
#5772 = CARTESIAN_POINT('',(11.816650818016,0.350167635708));
#5773 = CARTESIAN_POINT('',(11.716910115074,0.350167938314));
#5774 = CARTESIAN_POINT('',(11.617185938184,0.350168259064));
#5775 = CARTESIAN_POINT('',(11.517445205204,0.350168486773));
#5776 = CARTESIAN_POINT('',(11.417678417019,0.350168571795));
#5777 = CARTESIAN_POINT('',(11.268574065805,0.350168567018));
#5778 = CARTESIAN_POINT('',(11.219200065381,0.350168543542));
#5779 = CARTESIAN_POINT('',(11.169826843053,0.350168503081));
#5780 = CARTESIAN_POINT('',(11.120454132599,0.350168456226));
#5781 = CARTESIAN_POINT('',(11.07108096259,0.350168415975));
#5782 = CARTESIAN_POINT('',(11.021707059002,0.350168394457));
#5783 = CARTESIAN_POINT('',(10.894320914191,0.350168407894));
#5784 = CARTESIAN_POINT('',(10.816296756046,0.350168483138));
#5785 = CARTESIAN_POINT('',(10.738280207246,0.350168652212));
#5786 = CARTESIAN_POINT('',(10.660268574454,0.350168923442));
#5787 = CARTESIAN_POINT('',(10.582251973919,0.350169214933));
#5788 = CARTESIAN_POINT('',(10.504227501139,0.35016938188));
#5789 = CARTESIAN_POINT('',(10.351273625727,0.350169305534));
#5790 = CARTESIAN_POINT('',(10.276324511159,0.350169073234));
#5791 = CARTESIAN_POINT('',(10.201381550904,0.350168602772));
#5792 = CARTESIAN_POINT('',(10.126442650004,0.350167817094));
#5793 = CARTESIAN_POINT('',(10.051499856768,0.350166922743));
#5794 = CARTESIAN_POINT('',(9.976550867484,0.350166348906));
#5795 = CARTESIAN_POINT('',(9.857787854497,0.350166284254));
#5796 = CARTESIAN_POINT('',(9.813964501429,0.350166417004));
#5797 = CARTESIAN_POINT('',(9.770141546968,0.350166811287));
#5798 = CARTESIAN_POINT('',(9.726318813977,0.3501674352));
#5799 = CARTESIAN_POINT('',(9.682495725517,0.350168122221));
#5800 = CARTESIAN_POINT('',(9.63867215193,0.350168573435));
#5801 = CARTESIAN_POINT('',(9.519248593255,0.350167991095));
#5802 = CARTESIAN_POINT('',(9.443638948488,0.350166298649));
#5803 = CARTESIAN_POINT('',(9.368036046884,0.350165689955));
#5804 = CARTESIAN_POINT('',(9.292437334242,0.350166024269));
#5805 = CARTESIAN_POINT('',(9.216834324092,0.350166690125));
#5806 = CARTESIAN_POINT('',(9.141224606802,0.350167457262));
#5807 = CARTESIAN_POINT('',(9.024275077555,0.350168456048));
#5808 = CARTESIAN_POINT('',(8.982926195662,0.35016877566));
#5809 = CARTESIAN_POINT('',(8.941577637362,0.350169031874));
#5810 = CARTESIAN_POINT('',(8.900229290289,0.350169212261));
#5811 = CARTESIAN_POINT('',(8.858880754011,0.350169317556));
#5812 = CARTESIAN_POINT('',(8.817531924776,0.350169357362));
#5813 = CARTESIAN_POINT('',(8.699030445203,0.350169324402));
#5814 = CARTESIAN_POINT('',(8.621867060992,0.350169123366));
#5815 = CARTESIAN_POINT('',(8.544710941625,0.350168833434));
#5816 = CARTESIAN_POINT('',(8.467559566396,0.350168585361));
#5817 = CARTESIAN_POINT('',(8.390403571431,0.350168444295));
#5818 = CARTESIAN_POINT('',(8.313240167981,0.350168392365));
#5819 = CARTESIAN_POINT('',(8.179598182516,0.350168404843));
#5820 = CARTESIAN_POINT('',(8.123106867327,0.350168441457));
#5821 = CARTESIAN_POINT('',(8.066616909911,0.35016849648));
#5822 = CARTESIAN_POINT('',(8.010127964721,0.350168549272));
#5823 = CARTESIAN_POINT('',(7.953638134039,0.350168581439));
#5824 = CARTESIAN_POINT('',(7.897146827821,0.35016858222));
#5825 = CARTESIAN_POINT('',(7.747259536507,0.350168494882));
#5826 = CARTESIAN_POINT('',(7.653835842988,0.350168349293));
#5827 = CARTESIAN_POINT('',(7.560430995518,0.35016809572));
#5828 = CARTESIAN_POINT('',(7.467038177947,0.35016779762));
#5829 = CARTESIAN_POINT('',(7.373633451363,0.350167547879));
#5830 = CARTESIAN_POINT('',(7.280209935234,0.350167420591));
#5831 = CARTESIAN_POINT('',(7.07589433751,0.350167431275));
#5832 = CARTESIAN_POINT('',(6.964915822095,0.350167624739));
#5833 = CARTESIAN_POINT('',(6.853988033485,0.350168031021));
#5834 = CARTESIAN_POINT('',(6.743075174511,0.350168577815));
#5835 = CARTESIAN_POINT('',(6.632147255585,0.350169074595));
#5836 = CARTESIAN_POINT('',(6.521168534722,0.35016941417));
#5837 = CARTESIAN_POINT('',(6.410250927022,0.350169567994));
#5838 = ( GEOMETRIC_REPRESENTATION_CONTEXT(2) 
PARAMETRIC_REPRESENTATION_CONTEXT() REPRESENTATION_CONTEXT('2D SPACE',''
  ) );
#5839 = ORIENTED_EDGE('',*,*,#5840,.T.);
#5840 = EDGE_CURVE('',#5605,#4104,#5841,.T.);
#5841 = SURFACE_CURVE('',#5842,(#5847,#5854),.PCURVE_S1.);
#5842 = CIRCLE('',#5843,3.075);
#5843 = AXIS2_PLACEMENT_3D('',#5844,#5845,#5846);
#5844 = CARTESIAN_POINT('',(0.,0.,-14.12875));
#5845 = DIRECTION('',(0.,0.,1.));
#5846 = DIRECTION('',(1.,0.,-0.));
#5847 = PCURVE('',#4443,#5848);
#5848 = DEFINITIONAL_REPRESENTATION('',(#5849),#5853);
#5849 = LINE('',#5850,#5851);
#5850 = CARTESIAN_POINT('',(0.,2.54));
#5851 = VECTOR('',#5852,1.);
#5852 = DIRECTION('',(1.,0.));
#5853 = ( GEOMETRIC_REPRESENTATION_CONTEXT(2) 
PARAMETRIC_REPRESENTATION_CONTEXT() REPRESENTATION_CONTEXT('2D SPACE',''
  ) );
#5854 = PCURVE('',#4215,#5855);
#5855 = DEFINITIONAL_REPRESENTATION('',(#5856),#5860);
#5856 = LINE('',#5857,#5858);
#5857 = CARTESIAN_POINT('',(0.,-0.));
#5858 = VECTOR('',#5859,1.);
#5859 = DIRECTION('',(1.,-0.));
#5860 = ( GEOMETRIC_REPRESENTATION_CONTEXT(2) 
PARAMETRIC_REPRESENTATION_CONTEXT() REPRESENTATION_CONTEXT('2D SPACE',''
  ) );
#5861 = ADVANCED_FACE('',(#5862),#4215,.T.);
#5862 = FACE_BOUND('',#5863,.F.);
#5863 = EDGE_LOOP('',(#5864,#5944,#5945,#5946));
#5864 = ORIENTED_EDGE('',*,*,#5865,.F.);
#5865 = EDGE_CURVE('',#5605,#5866,#5868,.T.);
#5866 = VERTEX_POINT('',#5867);
#5867 = CARTESIAN_POINT('',(3.012656766958,0.,-14.47206016135));
#5868 = SURFACE_CURVE('',#5869,(#5892,#5918),.PCURVE_S1.);
#5869 = B_SPLINE_CURVE_WITH_KNOTS('',6,(#5870,#5871,#5872,#5873,#5874,
    #5875,#5876,#5877,#5878,#5879,#5880,#5881,#5882,#5883,#5884,#5885,
    #5886,#5887,#5888,#5889,#5890,#5891),.UNSPECIFIED.,.F.,.F.,(7,5,5,5,
    7),(0.,0.227092003601,0.484192712499,0.740196334142,1.),
  .UNSPECIFIED.);
#5870 = CARTESIAN_POINT('',(-0.809996275165,2.966400349619,-14.12875));
#5871 = CARTESIAN_POINT('',(-0.604804754825,3.020003635821,
    -14.14163596042));
#5872 = CARTESIAN_POINT('',(-0.395198421568,3.056618142493,
    -14.15453228657));
#5873 = CARTESIAN_POINT('',(-0.182958508036,3.075765170277,
    -14.16743735881));
#5874 = CARTESIAN_POINT('',(3.010477312475E-02,3.077232714235,
    -14.18035209546));
#5875 = CARTESIAN_POINT('',(0.242164909724,3.061037357939,
    -14.19327745018));
#5876 = CARTESIAN_POINT('',(0.688259532954,2.989462326133,
    -14.22085535141));
#5877 = CARTESIAN_POINT('',(0.921534394884,2.929181140865,
    -14.23551285182));
#5878 = CARTESIAN_POINT('',(1.148537389785,2.847031930556,
    -14.25018122235));
#5879 = CARTESIAN_POINT('',(1.36673920486,2.743851874924,-14.26486210441
    ));
#5880 = CARTESIAN_POINT('',(1.573744775364,2.620823165387,
    -14.27955722372));
#5881 = CARTESIAN_POINT('',(1.960127282801,2.338875989112,
    -14.30890702416));
#5882 = CARTESIAN_POINT('',(2.139656403788,2.180085154487,
    -14.32356446274));
#5883 = CARTESIAN_POINT('',(2.30374922117,2.004745469332,-14.3382327133)
  );
#5884 = CARTESIAN_POINT('',(2.450542035992,1.814741401731,
    -14.35291342707));
#5885 = CARTESIAN_POINT('',(2.578446055085,1.612202658683,
    -14.36760837939));
#5886 = CARTESIAN_POINT('',(2.795615371992,1.183731392119,
    -14.39723899837));
#5887 = CARTESIAN_POINT('',(2.884301462874,0.957451839665,
    -14.41217803036));
#5888 = CARTESIAN_POINT('',(2.950986228432,0.723227015414,
    -14.42712830491));
#5889 = CARTESIAN_POINT('',(2.994831157407,0.483719604735,
    -14.44209167947));
#5890 = CARTESIAN_POINT('',(3.015378880848,0.241691094358,
    -14.45707009247));
#5891 = CARTESIAN_POINT('',(3.012656766958,-4.695812201554E-16,
    -14.47206016135));
#5892 = PCURVE('',#4215,#5893);
#5893 = DEFINITIONAL_REPRESENTATION('',(#5894),#5917);
#5894 = B_SPLINE_CURVE_WITH_KNOTS('',6,(#5895,#5896,#5897,#5898,#5899,
    #5900,#5901,#5902,#5903,#5904,#5905,#5906,#5907,#5908,#5909,#5910,
    #5911,#5912,#5913,#5914,#5915,#5916),.UNSPECIFIED.,.F.,.F.,(7,5,5,5,
    7),(0.,0.227092003601,0.484192712499,0.740196334142,1.),
  .UNSPECIFIED.);
#5895 = CARTESIAN_POINT('',(1.837355217279,0.));
#5896 = CARTESIAN_POINT('',(1.768391118149,-1.288596045775E-02));
#5897 = CARTESIAN_POINT('',(1.699371409416,-2.578228649968E-02));
#5898 = CARTESIAN_POINT('',(1.630304840101,-3.868735888224E-02));
#5899 = CARTESIAN_POINT('',(1.561186640215,-5.160209544418E-02));
#5900 = CARTESIAN_POINT('',(1.492011791469,-6.45274501888E-02));
#5901 = CARTESIAN_POINT('',(1.344418765146,-9.210535141945E-02));
#5902 = CARTESIAN_POINT('',(1.265974125464,-0.106762851822));
#5903 = CARTESIAN_POINT('',(1.187471548971,-0.121431222353));
#5904 = CARTESIAN_POINT('',(1.108902122588,-0.136112104415));
#5905 = CARTESIAN_POINT('',(1.030256415463,-0.150807223724));
#5906 = CARTESIAN_POINT('',(0.873181017691,-0.180157024168));
#5907 = CARTESIAN_POINT('',(0.794736570971,-0.194814462744));
#5908 = CARTESIAN_POINT('',(0.716233942031,-0.209482713308));
#5909 = CARTESIAN_POINT('',(0.637664240111,-0.224163427072));
#5910 = CARTESIAN_POINT('',(0.559018054519,-0.238858379391));
#5911 = CARTESIAN_POINT('',(0.400437092254,-0.268488998372));
#5912 = CARTESIAN_POINT('',(0.320484300398,-0.283428030364));
#5913 = CARTESIAN_POINT('',(0.240471315015,-0.298378304915));
#5914 = CARTESIAN_POINT('',(0.160388380141,-0.313341679476));
#5915 = CARTESIAN_POINT('',(8.022523408861E-02,-0.328320092476));
#5916 = CARTESIAN_POINT('',(0.,-0.343310161359));
#5917 = ( GEOMETRIC_REPRESENTATION_CONTEXT(2) 
PARAMETRIC_REPRESENTATION_CONTEXT() REPRESENTATION_CONTEXT('2D SPACE',''
  ) );
#5918 = PCURVE('',#3993,#5919);
#5919 = DEFINITIONAL_REPRESENTATION('',(#5920),#5943);
#5920 = B_SPLINE_CURVE_WITH_KNOTS('',6,(#5921,#5922,#5923,#5924,#5925,
    #5926,#5927,#5928,#5929,#5930,#5931,#5932,#5933,#5934,#5935,#5936,
    #5937,#5938,#5939,#5940,#5941,#5942),.UNSPECIFIED.,.F.,.F.,(7,5,5,5,
    7),(0.,0.227092003601,0.484192712499,0.740196334142,1.),
  .UNSPECIFIED.);
#5921 = CARTESIAN_POINT('',(10.945989332897,0.350168405866));
#5922 = CARTESIAN_POINT('',(11.016347950258,0.3520118016));
#5923 = CARTESIAN_POINT('',(11.086763333677,0.353856741529));
#5924 = CARTESIAN_POINT('',(11.157226616392,0.355702974827));
#5925 = CARTESIAN_POINT('',(11.227742617693,0.357550581786));
#5926 = CARTESIAN_POINT('',(11.29831648053,0.359399663611));
#5927 = CARTESIAN_POINT('',(11.448894535185,0.363344804883));
#5928 = CARTESIAN_POINT('',(11.528925736217,0.365441558308));
#5929 = CARTESIAN_POINT('',(11.609016054874,0.367539785512));
#5930 = CARTESIAN_POINT('',(11.689174544769,0.36963975299));
#5931 = CARTESIAN_POINT('',(11.769410811449,0.371741771041));
#5932 = CARTESIAN_POINT('',(11.929662867967,0.375940133066));
#5933 = CARTESIAN_POINT('',(12.009693712735,0.378036871168));
#5934 = CARTESIAN_POINT('',(12.089783871278,0.380135252783));
#5935 = CARTESIAN_POINT('',(12.169942432592,0.382235539503));
#5936 = CARTESIAN_POINT('',(12.250179020411,0.384337961077));
#5937 = CARTESIAN_POINT('',(12.411966863952,0.388577358704));
#5938 = CARTESIAN_POINT('',(12.493536499416,0.390714818714));
#5939 = CARTESIAN_POINT('',(12.575167569647,0.392853900028));
#5940 = CARTESIAN_POINT('',(12.656870032165,0.39499481618));
#5941 = CARTESIAN_POINT('',(12.73865434588,0.397137786256));
#5942 = CARTESIAN_POINT('',(12.820502007803,0.399282324556));
#5943 = ( GEOMETRIC_REPRESENTATION_CONTEXT(2) 
PARAMETRIC_REPRESENTATION_CONTEXT() REPRESENTATION_CONTEXT('2D SPACE',''
  ) );
#5944 = ORIENTED_EDGE('',*,*,#5840,.T.);
#5945 = ORIENTED_EDGE('',*,*,#4103,.F.);
#5946 = ORIENTED_EDGE('',*,*,#5947,.F.);
#5947 = EDGE_CURVE('',#5866,#4058,#5948,.T.);
#5948 = SURFACE_CURVE('',#5949,(#5953,#5960),.PCURVE_S1.);
#5949 = LINE('',#5950,#5951);
#5950 = CARTESIAN_POINT('',(3.075,0.,-14.12875));
#5951 = VECTOR('',#5952,1.);
#5952 = DIRECTION('',(-0.178672382926,0.,-0.983908623592));
#5953 = PCURVE('',#4215,#5954);
#5954 = DEFINITIONAL_REPRESENTATION('',(#5955),#5959);
#5955 = LINE('',#5956,#5957);
#5956 = CARTESIAN_POINT('',(0.,-0.));
#5957 = VECTOR('',#5958,1.);
#5958 = DIRECTION('',(0.,-1.));
#5959 = ( GEOMETRIC_REPRESENTATION_CONTEXT(2) 
PARAMETRIC_REPRESENTATION_CONTEXT() REPRESENTATION_CONTEXT('2D SPACE',''
  ) );
#5960 = PCURVE('',#5961,#5966);
#5961 = CONICAL_SURFACE('',#5962,3.075,0.179636955837);
#5962 = AXIS2_PLACEMENT_3D('',#5963,#5964,#5965);
#5963 = CARTESIAN_POINT('',(0.,0.,-14.12875));
#5964 = DIRECTION('',(0.,0.,1.));
#5965 = DIRECTION('',(1.,0.,0.));
#5966 = DEFINITIONAL_REPRESENTATION('',(#5967),#5971);
#5967 = LINE('',#5968,#5969);
#5968 = CARTESIAN_POINT('',(6.28318530718,-0.));
#5969 = VECTOR('',#5970,1.);
#5970 = DIRECTION('',(0.,-1.));
#5971 = ( GEOMETRIC_REPRESENTATION_CONTEXT(2) 
PARAMETRIC_REPRESENTATION_CONTEXT() REPRESENTATION_CONTEXT('2D SPACE',''
  ) );
#5972 = ADVANCED_FACE('',(#5973),#4072,.F.);
#5973 = FACE_BOUND('',#5974,.F.);
#5974 = EDGE_LOOP('',(#5975,#5976,#6033,#6060));
#5975 = ORIENTED_EDGE('',*,*,#4057,.F.);
#5976 = ORIENTED_EDGE('',*,*,#5977,.T.);
#5977 = EDGE_CURVE('',#3953,#5978,#5980,.T.);
#5978 = VERTEX_POINT('',#5979);
#5979 = CARTESIAN_POINT('',(2.250110802944,9.508181699322E-15,-16.66875)
  );
#5980 = SURFACE_CURVE('',#5981,(#5994,#6001),.PCURVE_S1.);
#5981 = B_SPLINE_CURVE_WITH_KNOTS('',11,(#5982,#5983,#5984,#5985,#5986,
    #5987,#5988,#5989,#5990,#5991,#5992,#5993),.UNSPECIFIED.,.F.,.F.,(12
    ,12),(0.,6.410250978266),.PIECEWISE_BEZIER_KNOTS.);
#5982 = CARTESIAN_POINT('',(2.250110802944,4.676321412843E-15,-15.39875)
  );
#5983 = CARTESIAN_POINT('',(2.250110802944,-1.285260285144,
    -15.51420454545));
#5984 = CARTESIAN_POINT('',(1.442731641683,-2.570491443441,
    -15.6296590909));
#5985 = CARTESIAN_POINT('',(-0.173701659172,-3.292246871385,
    -15.74511363636));
#5986 = CARTESIAN_POINT('',(-2.148422045077,-2.88480673179,
    -15.86056818181));
#5987 = CARTESIAN_POINT('',(-3.620827928539,-1.189696731642,
    -15.97602272727));
#5988 = CARTESIAN_POINT('',(-3.62082792854,1.189696731642,
    -16.09147727272));
#5989 = CARTESIAN_POINT('',(-2.148422045077,2.884806731789,
    -16.20693181818));
#5990 = CARTESIAN_POINT('',(-0.173701659172,3.292246871386,
    -16.32238636363));
#5991 = CARTESIAN_POINT('',(1.442731641683,2.570491443441,
    -16.43784090909));
#5992 = CARTESIAN_POINT('',(2.250110802944,1.285260285144,
    -16.55329545454));
#5993 = CARTESIAN_POINT('',(2.250110802944,1.021213065312E-14,-16.66875)
  );
#5994 = PCURVE('',#4072,#5995);
#5995 = DEFINITIONAL_REPRESENTATION('',(#5996),#6000);
#5996 = LINE('',#5997,#5998);
#5997 = CARTESIAN_POINT('',(0.,0.));
#5998 = VECTOR('',#5999,1.);
#5999 = DIRECTION('',(1.,0.));
#6000 = ( GEOMETRIC_REPRESENTATION_CONTEXT(2) 
PARAMETRIC_REPRESENTATION_CONTEXT() REPRESENTATION_CONTEXT('2D SPACE',''
  ) );
#6001 = PCURVE('',#6002,#6027);
#6002 = B_SPLINE_SURFACE_WITH_KNOTS('',11,1,(
    (#6003,#6004)
    ,(#6005,#6006)
    ,(#6007,#6008)
    ,(#6009,#6010)
    ,(#6011,#6012)
    ,(#6013,#6014)
    ,(#6015,#6016)
    ,(#6017,#6018)
    ,(#6019,#6020)
    ,(#6021,#6022)
    ,(#6023,#6024)
    ,(#6025,#6026
    )),.UNSPECIFIED.,.F.,.F.,.F.,(12,12),(2,2),(0.,6.410250978266),(0.,
    1.),.PIECEWISE_BEZIER_KNOTS.);
#6003 = CARTESIAN_POINT('',(3.5195,8.842746604343E-15,-15.97025));
#6004 = CARTESIAN_POINT('',(2.250110802944,4.676321412843E-15,-15.39875)
  );
#6005 = CARTESIAN_POINT('',(3.5195,-2.010333698965,-16.08570454545));
#6006 = CARTESIAN_POINT('',(2.250110802944,-1.285260285144,
    -15.51420454545));
#6007 = CARTESIAN_POINT('',(2.256641764601,-4.020621839313,
    -16.20115909091));
#6008 = CARTESIAN_POINT('',(1.442731641683,-2.570491443441,
    -15.6296590909));
#6009 = CARTESIAN_POINT('',(-0.271694615508,-5.149552123691,
    -16.31661363635));
#6010 = CARTESIAN_POINT('',(-0.173701659172,-3.292246871385,
    -15.74511363636));
#6011 = CARTESIAN_POINT('',(-3.360444018025,-4.512256587209,
    -16.43206818182));
#6012 = CARTESIAN_POINT('',(-2.148422045077,-2.88480673179,
    -15.86056818181));
#6013 = CARTESIAN_POINT('',(-5.663500605314,-1.860858425966,
    -16.54752272726));
#6014 = CARTESIAN_POINT('',(-3.620827928539,-1.189696731642,
    -15.97602272727));
#6015 = CARTESIAN_POINT('',(-5.663500605311,1.860858425966,
    -16.66297727274));
#6016 = CARTESIAN_POINT('',(-3.62082792854,1.189696731642,
    -16.09147727272));
#6017 = CARTESIAN_POINT('',(-3.360444018027,4.512256587209,
    -16.77843181817));
#6018 = CARTESIAN_POINT('',(-2.148422045077,2.884806731789,
    -16.20693181818));
#6019 = CARTESIAN_POINT('',(-0.271694615507,5.149552123691,
    -16.89388636364));
#6020 = CARTESIAN_POINT('',(-0.173701659172,3.292246871386,
    -16.32238636363));
#6021 = CARTESIAN_POINT('',(2.2566417646,4.020621839313,-17.00934090908)
  );
#6022 = CARTESIAN_POINT('',(1.442731641683,2.570491443441,
    -16.43784090909));
#6023 = CARTESIAN_POINT('',(3.5195,2.010333698965,-17.12479545454));
#6024 = CARTESIAN_POINT('',(2.250110802944,1.285260285144,
    -16.55329545454));
#6025 = CARTESIAN_POINT('',(3.5195,1.34930633262E-14,-17.24025));
#6026 = CARTESIAN_POINT('',(2.250110802944,1.021213065312E-14,-16.66875)
  );
#6027 = DEFINITIONAL_REPRESENTATION('',(#6028),#6032);
#6028 = LINE('',#6029,#6030);
#6029 = CARTESIAN_POINT('',(0.,1.));
#6030 = VECTOR('',#6031,1.);
#6031 = DIRECTION('',(1.,0.));
#6032 = ( GEOMETRIC_REPRESENTATION_CONTEXT(2) 
PARAMETRIC_REPRESENTATION_CONTEXT() REPRESENTATION_CONTEXT('2D SPACE',''
  ) );
#6033 = ORIENTED_EDGE('',*,*,#6034,.T.);
#6034 = EDGE_CURVE('',#5978,#6035,#6037,.T.);
#6035 = VERTEX_POINT('',#6036);
#6036 = CARTESIAN_POINT('',(2.646127035962,5.590803933855E-15,
    -16.49045694559));
#6037 = SURFACE_CURVE('',#6038,(#6042,#6048),.PCURVE_S1.);
#6038 = LINE('',#6039,#6040);
#6039 = CARTESIAN_POINT('',(2.250110802944,9.508181699322E-15,-16.66875)
  );
#6040 = VECTOR('',#6041,1.);
#6041 = DIRECTION('',(0.911847603309,3.853149224036E-15,0.410528864197)
  );
#6042 = PCURVE('',#4072,#6043);
#6043 = DEFINITIONAL_REPRESENTATION('',(#6044),#6047);
#6044 = B_SPLINE_CURVE_WITH_KNOTS('',1,(#6045,#6046),.UNSPECIFIED.,.F.,
  .F.,(2,2),(0.,1.392106742891),.PIECEWISE_BEZIER_KNOTS.);
#6045 = CARTESIAN_POINT('',(6.410250978266,0.));
#6046 = CARTESIAN_POINT('',(6.410250978266,1.));
#6047 = ( GEOMETRIC_REPRESENTATION_CONTEXT(2) 
PARAMETRIC_REPRESENTATION_CONTEXT() REPRESENTATION_CONTEXT('2D SPACE',''
  ) );
#6048 = PCURVE('',#6049,#6054);
#6049 = PLANE('',#6050);
#6050 = AXIS2_PLACEMENT_3D('',#6051,#6052,#6053);
#6051 = CARTESIAN_POINT('',(3.069530761767,1.297076400698E-14,-16.66875)
  );
#6052 = DIRECTION('',(-4.225650437695E-15,1.,0.));
#6053 = DIRECTION('',(1.,4.225650437695E-15,0.));
#6054 = DEFINITIONAL_REPRESENTATION('',(#6055),#6059);
#6055 = LINE('',#6056,#6057);
#6056 = CARTESIAN_POINT('',(-0.819419958823,-0.));
#6057 = VECTOR('',#6058,1.);
#6058 = DIRECTION('',(0.911847603309,-0.410528864197));
#6059 = ( GEOMETRIC_REPRESENTATION_CONTEXT(2) 
PARAMETRIC_REPRESENTATION_CONTEXT() REPRESENTATION_CONTEXT('2D SPACE',''
  ) );
#6060 = ORIENTED_EDGE('',*,*,#6061,.T.);
#6061 = EDGE_CURVE('',#6035,#4058,#6062,.T.);
#6062 = SURFACE_CURVE('',#6063,(#6146,#6232),.PCURVE_S1.);
#6063 = B_SPLINE_CURVE_WITH_KNOTS('',6,(#6064,#6065,#6066,#6067,#6068,
    #6069,#6070,#6071,#6072,#6073,#6074,#6075,#6076,#6077,#6078,#6079,
    #6080,#6081,#6082,#6083,#6084,#6085,#6086,#6087,#6088,#6089,#6090,
    #6091,#6092,#6093,#6094,#6095,#6096,#6097,#6098,#6099,#6100,#6101,
    #6102,#6103,#6104,#6105,#6106,#6107,#6108,#6109,#6110,#6111,#6112,
    #6113,#6114,#6115,#6116,#6117,#6118,#6119,#6120,#6121,#6122,#6123,
    #6124,#6125,#6126,#6127,#6128,#6129,#6130,#6131,#6132,#6133,#6134,
    #6135,#6136,#6137,#6138,#6139,#6140,#6141,#6142,#6143,#6144,#6145),
  .UNSPECIFIED.,.F.,.F.,(7,5,5,5,5,5,5,5,5,5,5,5,5,5,5,5,7),(0.,
    5.994550699431E-02,0.120161314331,0.180647056768,0.241403408732,
    0.302431118112,0.363730120548,0.425300663303,0.487143341913,
    0.549258405738,0.612654535951,0.676332795169,0.740293448853,
    0.804536362727,0.869062241278,0.933871750446,1.),.UNSPECIFIED.);
#6064 = CARTESIAN_POINT('',(2.646127035962,4.440892098501E-16,
    -16.49045694559));
#6065 = CARTESIAN_POINT('',(2.648728160269,0.172188043901,
    -16.47613313881));
#6066 = CARTESIAN_POINT('',(2.637881301335,0.344634295945,
    -16.46182302714));
#6067 = CARTESIAN_POINT('',(2.613570525323,0.516008693495,
    -16.44752594896));
#6068 = CARTESIAN_POINT('',(2.575959203515,0.685009496384,
    -16.43324111988));
#6069 = CARTESIAN_POINT('',(2.525364662878,0.850367044784,
    -16.41896797684));
#6070 = CARTESIAN_POINT('',(2.398905657102,1.172068049321,
    -16.39038381502));
#6071 = CARTESIAN_POINT('',(2.322922713464,1.328381636436,
    -16.37607166831));
#6072 = CARTESIAN_POINT('',(2.23482156858,1.478552941041,-16.36177312732
    ));
#6073 = CARTESIAN_POINT('',(2.135251651376,1.621433029056,
    -16.34748759373));
#6074 = CARTESIAN_POINT('',(2.024993489021,1.755961768044,
    -16.33321431083));
#6075 = CARTESIAN_POINT('',(1.78441245886,2.00697188285,-16.30463087554)
  );
#6076 = CARTESIAN_POINT('',(1.653991241864,2.123380726943,
    -16.29031959373));
#6077 = CARTESIAN_POINT('',(1.514642313293,2.229444076852,
    -16.27602196978));
#6078 = CARTESIAN_POINT('',(1.367408971683,2.324341242055,
    -16.26173711436));
#6079 = CARTESIAN_POINT('',(1.213422451239,2.407384186338,
    -16.24746423286));
#6080 = CARTESIAN_POINT('',(0.893678771755,2.549011251238,
    -16.21888123213));
#6081 = CARTESIAN_POINT('',(0.727857887677,2.607490544313,
    -16.20456997901));
#6082 = CARTESIAN_POINT('',(0.557683840901,2.65293325782,-16.19027216619
    ));
#6083 = CARTESIAN_POINT('',(0.384440824195,2.684974495491,
    -16.17598703163));
#6084 = CARTESIAN_POINT('',(0.209444189643,2.703406327335,
    -16.16171387592));
#6085 = CARTESIAN_POINT('',(-0.142153237869,2.713016258762,
    -16.1331305352));
#6086 = CARTESIAN_POINT('',(-0.31877329788,2.704072689247,
    -16.11881921336));
#6087 = CARTESIAN_POINT('',(-0.494462184272,2.681336915188,
    -16.10452142789));
#6088 = CARTESIAN_POINT('',(-0.667885689484,2.644960166122,
    -16.09023640148));
#6089 = CARTESIAN_POINT('',(-0.837740593842,2.595251600974,
    -16.07596336635));
#6090 = CARTESIAN_POINT('',(-1.168525747637,2.469866992036,
    -16.04738047845));
#6091 = CARTESIAN_POINT('',(-1.329427672742,2.394070916288,
    -16.03306948455));
#6092 = CARTESIAN_POINT('',(-1.484193529733,2.305799423227,
    -16.01877192078));
#6093 = CARTESIAN_POINT('',(-1.631639917351,2.205703016815,
    -16.00448694709));
#6094 = CARTESIAN_POINT('',(-1.770672590518,2.094567228314,
    -15.99021378221));
#6095 = CARTESIAN_POINT('',(-2.030511586814,1.851549457229,
    -15.96163054298));
#6096 = CARTESIAN_POINT('',(-2.151246020997,1.719566921322,
    -15.94731932276));
#6097 = CARTESIAN_POINT('',(-2.261505748516,1.578322992646,
    -15.93302139637));
#6098 = CARTESIAN_POINT('',(-2.360438450498,1.428874924162,
    -15.91873598206));
#6099 = CARTESIAN_POINT('',(-2.447326281338,1.272371499921,
    -15.90446236929));
#6100 = CARTESIAN_POINT('',(-2.596219185272,0.947029768576,
    -15.87587846554));
#6101 = CARTESIAN_POINT('',(-2.658119229959,0.778125463623,
    -15.86156702584));
#6102 = CARTESIAN_POINT('',(-2.706736616102,0.604607377379,
    -15.84726897849));
#6103 = CARTESIAN_POINT('',(-2.741682396804,0.427784654916,
    -15.83298357181));
#6104 = CARTESIAN_POINT('',(-2.762727661637,0.249000223991,
    -15.81871007813));
#6105 = CARTESIAN_POINT('',(-2.776957863299,-0.110534169597,
    -15.79012678257));
#6106 = CARTESIAN_POINT('',(-2.770020316716,-0.291305421496,
    -15.7758158284));
#6107 = CARTESIAN_POINT('',(-2.748964041747,-0.471294109753,
    -15.7615183032));
#6108 = CARTESIAN_POINT('',(-2.713927421707,-0.649133838394,
    -15.74723338057));
#6109 = CARTESIAN_POINT('',(-2.665210563138,-0.823487937404,
    -15.73296026719));
#6110 = CARTESIAN_POINT('',(-2.540105096325,-1.16613128068,
    -15.70414615857));
#6111 = CARTESIAN_POINT('',(-2.463160610325,-1.334237408538,
    -15.68960436615));
#6112 = CARTESIAN_POINT('',(-2.37297155663,-1.496000239454,
    -15.67507628457));
#6113 = CARTESIAN_POINT('',(-2.270223729249,-1.650143247541,
    -15.66056100915));
#6114 = CARTESIAN_POINT('',(-2.155750477626,-1.795485449745,
    -15.646057712));
#6115 = CARTESIAN_POINT('',(-1.904791250678,-2.067041354416,
    -15.61701352412));
#6116 = CARTESIAN_POINT('',(-1.768197542435,-2.193180071248,
    -15.60247137342));
#6117 = CARTESIAN_POINT('',(-1.621775288242,-2.30829579597,
    -15.58794286283));
#6118 = CARTESIAN_POINT('',(-1.466655924441,-2.411470140103,
    -15.57342715939));
#6119 = CARTESIAN_POINT('',(-1.30407072923,-2.501930550734,
    -15.55892348788));
#6120 = CARTESIAN_POINT('',(-0.965898083168,-2.656563392278,
    -15.52987891933));
#6121 = CARTESIAN_POINT('',(-0.790239911164,-2.720624894456,
    -15.51533675902));
#6122 = CARTESIAN_POINT('',(-0.60973810767,-2.770646779224,
    -15.50080832772));
#6123 = CARTESIAN_POINT('',(-0.425798665159,-2.806215835894,
    -15.486292766));
#6124 = CARTESIAN_POINT('',(-0.239863639095,-2.82709286207,
    -15.47178922762));
#6125 = CARTESIAN_POINT('',(0.133869655871,-2.839413167384,
    -15.44274510578));
#6126 = CARTESIAN_POINT('',(0.321690531262,-2.830726736371,
    -15.42820325527));
#6127 = CARTESIAN_POINT('',(0.508559870487,-2.807136068783,
    -15.41367500328));
#6128 = CARTESIAN_POINT('',(0.69301302465,-2.768803158705,
    -15.39915943078));
#6129 = CARTESIAN_POINT('',(0.873619382089,-2.716065363297,
    -15.38465569937));
#6130 = CARTESIAN_POINT('',(1.225143532458,-2.582559790692,
    -15.35561109408));
#6131 = CARTESIAN_POINT('',(1.39603211812,-2.50166312572,-15.34106894852
    ));
#6132 = CARTESIAN_POINT('',(1.560257488821,-2.407307911394,
    -15.32654035957));
#6133 = CARTESIAN_POINT('',(1.71652368117,-2.300212442924,
    -15.31202453489));
#6134 = CARTESIAN_POINT('',(1.863634249655,-2.181244469834,
    -15.29752077514));
#6135 = CARTESIAN_POINT('',(2.137994356689,-1.921061999882,
    -15.26847672493));
#6136 = CARTESIAN_POINT('',(2.265167028485,-1.77973941715,
    -15.25393516231));
#6137 = CARTESIAN_POINT('',(2.380938217449,-1.628514864847,
    -15.23940741118));
#6138 = CARTESIAN_POINT('',(2.484384166072,-1.468557411365,
    -15.22489259201));
#6139 = CARTESIAN_POINT('',(2.574731444165,-1.301136242165,
    -15.21038963039));
#6140 = CARTESIAN_POINT('',(2.729594959452,-0.950590191372,
    -15.1811150124));
#6141 = CARTESIAN_POINT('',(2.79355602742,-0.767197313193,
    -15.16634242434));
#6142 = CARTESIAN_POINT('',(2.842627439764,-0.578910530829,
    -15.15158328161));
#6143 = CARTESIAN_POINT('',(2.876389760655,-0.387243525797,
    -15.1368364004));
#6144 = CARTESIAN_POINT('',(2.894612931645,-0.193745888636,
    -15.12210101056));
#6145 = CARTESIAN_POINT('',(2.89728599924,7.993605777301E-15,
    -15.10738102857));
#6146 = PCURVE('',#4072,#6147);
#6147 = DEFINITIONAL_REPRESENTATION('',(#6148),#6231);
#6148 = B_SPLINE_CURVE_WITH_KNOTS('',6,(#6149,#6150,#6151,#6152,#6153,
    #6154,#6155,#6156,#6157,#6158,#6159,#6160,#6161,#6162,#6163,#6164,
    #6165,#6166,#6167,#6168,#6169,#6170,#6171,#6172,#6173,#6174,#6175,
    #6176,#6177,#6178,#6179,#6180,#6181,#6182,#6183,#6184,#6185,#6186,
    #6187,#6188,#6189,#6190,#6191,#6192,#6193,#6194,#6195,#6196,#6197,
    #6198,#6199,#6200,#6201,#6202,#6203,#6204,#6205,#6206,#6207,#6208,
    #6209,#6210,#6211,#6212,#6213,#6214,#6215,#6216,#6217,#6218,#6219,
    #6220,#6221,#6222,#6223,#6224,#6225,#6226,#6227,#6228,#6229,#6230),
  .UNSPECIFIED.,.F.,.F.,(7,5,5,5,5,5,5,5,5,5,5,5,5,5,5,5,7),(0.,
    5.994550699431E-02,0.120161314331,0.180647056768,0.241403408732,
    0.302431118112,0.363730120548,0.425300663303,0.487143341913,
    0.549258405738,0.612654535951,0.676332795169,0.740293448853,
    0.804536362727,0.869062241278,0.933871750446,1.),.UNSPECIFIED.);
#6149 = CARTESIAN_POINT('',(6.410250977625,0.311973848495));
#6150 = CARTESIAN_POINT('',(6.343863301354,0.314022963471));
#6151 = CARTESIAN_POINT('',(6.277532532425,0.316067841708));
#6152 = CARTESIAN_POINT('',(6.211264752837,0.318111753659));
#6153 = CARTESIAN_POINT('',(6.145056689788,0.320154930766));
#6154 = CARTESIAN_POINT('',(6.078904897725,0.322197168949));
#6155 = CARTESIAN_POINT('',(5.94642793568,0.326287814356));
#6156 = CARTESIAN_POINT('',(5.880097554719,0.328336389172));
#6157 = CARTESIAN_POINT('',(5.813830276721,0.330383032648));
#6158 = CARTESIAN_POINT('',(5.747622319123,0.332427480432));
#6159 = CARTESIAN_POINT('',(5.681470155847,0.334469834252));
#6160 = CARTESIAN_POINT('',(5.548993289332,0.338559241531));
#6161 = CARTESIAN_POINT('',(5.482663348456,0.340606455495));
#6162 = CARTESIAN_POINT('',(5.416396054636,0.342651488884));
#6163 = CARTESIAN_POINT('',(5.350187776333,0.344694638849));
#6164 = CARTESIAN_POINT('',(5.284035134286,0.346736124317));
#6165 = CARTESIAN_POINT('',(5.151557771012,0.350824599008));
#6166 = CARTESIAN_POINT('',(5.085227796383,0.352871751073));
#6167 = CARTESIAN_POINT('',(5.0189604967,0.354917112906));
#6168 = CARTESIAN_POINT('',(4.952752257951,0.356960765008));
#6169 = CARTESIAN_POINT('',(4.886599632783,0.359002736148));
#6170 = CARTESIAN_POINT('',(4.754122655493,0.363091939537));
#6171 = CARTESIAN_POINT('',(4.687793033412,0.365139334072));
#6172 = CARTESIAN_POINT('',(4.621525942337,0.367184720369));
#6173 = CARTESIAN_POINT('',(4.555317668863,0.369228171205));
#6174 = CARTESIAN_POINT('',(4.489164706401,0.371269814417));
#6175 = CARTESIAN_POINT('',(4.35668783885,0.375358263511));
#6176 = CARTESIAN_POINT('',(4.290358643836,0.37740523229));
#6177 = CARTESIAN_POINT('',(4.224091662299,0.37945026862));
#6178 = CARTESIAN_POINT('',(4.157883197408,0.381493560851));
#6179 = CARTESIAN_POINT('',(4.091729788032,0.383535276175));
#6180 = CARTESIAN_POINT('',(3.95925266754,0.387624252339));
#6181 = CARTESIAN_POINT('',(3.892923649127,0.389671678326));
#6182 = CARTESIAN_POINT('',(3.82665669297,0.391717357962));
#6183 = CARTESIAN_POINT('',(3.760448139059,0.393761390326));
#6184 = CARTESIAN_POINT('',(3.69429453076,0.39580382039));
#6185 = CARTESIAN_POINT('',(3.561817455861,0.399893975128));
#6186 = CARTESIAN_POINT('',(3.495488665621,0.401941864265));
#6187 = CARTESIAN_POINT('',(3.429221826735,0.403987796205));
#6188 = CARTESIAN_POINT('',(3.363013240288,0.406031803939));
#6189 = CARTESIAN_POINT('',(3.296859402817,0.408073946192));
#6190 = CARTESIAN_POINT('',(3.16438247807,0.412163088775));
#6191 = CARTESIAN_POINT('',(3.098054049542,0.414210253731));
#6192 = CARTESIAN_POINT('',(3.031787339634,0.416255316746));
#6193 = CARTESIAN_POINT('',(2.965578628758,0.418298434345));
#6194 = CARTESIAN_POINT('',(2.899424418892,0.420339782055));
#6195 = CARTESIAN_POINT('',(2.765874326347,0.424460765195));
#6196 = CARTESIAN_POINT('',(2.698474744886,0.426540513269));
#6197 = CARTESIAN_POINT('',(2.631138875841,0.428618357368));
#6198 = CARTESIAN_POINT('',(2.563862729417,0.430694497351));
#6199 = CARTESIAN_POINT('',(2.496642555262,0.432769081694));
#6200 = CARTESIAN_POINT('',(2.362028818177,0.436923922796));
#6201 = CARTESIAN_POINT('',(2.294629419472,0.439004361143));
#6202 = CARTESIAN_POINT('',(2.227293641888,0.441082987622));
#6203 = CARTESIAN_POINT('',(2.160017477458,0.443159870297));
#6204 = CARTESIAN_POINT('',(2.0927971214,0.445235046648));
#6205 = CARTESIAN_POINT('',(1.958183672449,0.449390653725));
#6206 = CARTESIAN_POINT('',(1.890784724661,0.4514712652));
#6207 = CARTESIAN_POINT('',(1.823449152784,0.453549824246));
#6208 = CARTESIAN_POINT('',(1.756172883046,0.455626422427));
#6209 = CARTESIAN_POINT('',(1.688952075257,0.457701209239));
#6210 = CARTESIAN_POINT('',(1.554338546684,0.461856007067));
#6211 = CARTESIAN_POINT('',(1.486939951336,0.463936198626));
#6212 = CARTESIAN_POINT('',(1.419604425142,0.466014459766));
#6213 = CARTESIAN_POINT('',(1.352327939256,0.468091001875));
#6214 = CARTESIAN_POINT('',(1.285106741603,0.470165991292));
#6215 = CARTESIAN_POINT('',(1.150492821682,0.474321499385));
#6216 = CARTESIAN_POINT('',(1.083094209084,0.476402201245));
#6217 = CARTESIAN_POINT('',(1.015758650171,0.478481040645));
#6218 = CARTESIAN_POINT('',(0.948482171746,0.480558026616));
#6219 = CARTESIAN_POINT('',(0.881260985316,0.482633069488));
#6220 = CARTESIAN_POINT('',(0.746647557421,0.486787776889));
#6221 = CARTESIAN_POINT('',(0.679249407423,0.4888676191));
#6222 = CARTESIAN_POINT('',(0.611914164654,0.490945102097));
#6223 = CARTESIAN_POINT('',(0.544637693084,0.493020331023));
#6224 = CARTESIAN_POINT('',(0.477416053014,0.49509382008));
#6225 = CARTESIAN_POINT('',(0.341729501363,0.499279954124));
#6226 = CARTESIAN_POINT('',(0.273260305925,0.501392744255));
#6227 = CARTESIAN_POINT('',(0.204855777659,0.503504425985));
#6228 = CARTESIAN_POINT('',(0.136511537538,0.505615552642));
#6229 = CARTESIAN_POINT('',(6.822386085212E-02,0.507726180588));
#6230 = CARTESIAN_POINT('',(0.,0.509831970996));
#6231 = ( GEOMETRIC_REPRESENTATION_CONTEXT(2) 
PARAMETRIC_REPRESENTATION_CONTEXT() REPRESENTATION_CONTEXT('2D SPACE',''
  ) );
#6232 = PCURVE('',#5961,#6233);
#6233 = DEFINITIONAL_REPRESENTATION('',(#6234),#6317);
#6234 = B_SPLINE_CURVE_WITH_KNOTS('',6,(#6235,#6236,#6237,#6238,#6239,
    #6240,#6241,#6242,#6243,#6244,#6245,#6246,#6247,#6248,#6249,#6250,
    #6251,#6252,#6253,#6254,#6255,#6256,#6257,#6258,#6259,#6260,#6261,
    #6262,#6263,#6264,#6265,#6266,#6267,#6268,#6269,#6270,#6271,#6272,
    #6273,#6274,#6275,#6276,#6277,#6278,#6279,#6280,#6281,#6282,#6283,
    #6284,#6285,#6286,#6287,#6288,#6289,#6290,#6291,#6292,#6293,#6294,
    #6295,#6296,#6297,#6298,#6299,#6300,#6301,#6302,#6303,#6304,#6305,
    #6306,#6307,#6308,#6309,#6310,#6311,#6312,#6313,#6314,#6315,#6316),
  .UNSPECIFIED.,.F.,.F.,(7,5,5,5,5,5,5,5,5,5,5,5,5,5,5,5,7),(0.,
    5.994550699431E-02,0.120161314331,0.180647056768,0.241403408732,
    0.302431118112,0.363730120548,0.425300663303,0.487143341913,
    0.549258405738,0.612654535951,0.676332795169,0.740293448853,
    0.804536362727,0.869062241278,0.933871750446,1.),.UNSPECIFIED.);
#6235 = CARTESIAN_POINT('',(0.,-2.361706945597));
#6236 = CARTESIAN_POINT('',(6.507172239319E-02,-2.347383138829));
#6237 = CARTESIAN_POINT('',(0.130087482915,-2.333073027124));
#6238 = CARTESIAN_POINT('',(0.195041298125,-2.318775948985));
#6239 = CARTESIAN_POINT('',(0.259936753245,-2.304491119879));
#6240 = CARTESIAN_POINT('',(0.324777223855,-2.290217976841));
#6241 = CARTESIAN_POINT('',(0.454628425633,-2.261633815029));
#6242 = CARTESIAN_POINT('',(0.51964426251,-2.24732166831));
#6243 = CARTESIAN_POINT('',(0.584598374826,-2.233023127322));
#6244 = CARTESIAN_POINT('',(0.649494338257,-2.218737593738));
#6245 = CARTESIAN_POINT('',(0.714335517763,-2.204464310836));
#6246 = CARTESIAN_POINT('',(0.844186739557,-2.175880875541));
#6247 = CARTESIAN_POINT('',(0.909201914543,-2.161569593738));
#6248 = CARTESIAN_POINT('',(0.974155518175,-2.14727196978));
#6249 = CARTESIAN_POINT('',(1.039051134911,-2.132987114362));
#6250 = CARTESIAN_POINT('',(1.103892147375,-2.118714232869));
#6251 = CARTESIAN_POINT('',(1.23374281709,-2.09013123213));
#6252 = CARTESIAN_POINT('',(1.298757623648,-2.075819979015));
#6253 = CARTESIAN_POINT('',(1.363711048658,-2.06152216619));
#6254 = CARTESIAN_POINT('',(1.428606691077,-2.047237031637));
#6255 = CARTESIAN_POINT('',(1.49344794222,-2.032963875926));
#6256 = CARTESIAN_POINT('',(1.623298980678,-2.004380535208));
#6257 = CARTESIAN_POINT('',(1.688313934359,-1.990069213369));
#6258 = CARTESIAN_POINT('',(1.753267690753,-1.97577142789));
#6259 = CARTESIAN_POINT('',(1.818163847415,-1.961486401482));
#6260 = CARTESIAN_POINT('',(1.883005793928,-1.947213366357));
#6261 = CARTESIAN_POINT('',(2.012857186223,-1.918630478459));
#6262 = CARTESIAN_POINT('',(2.077871816801,-1.904319484551));
#6263 = CARTESIAN_POINT('',(2.142825405382,-1.890021920781));
#6264 = CARTESIAN_POINT('',(2.207721556055,-1.875736947091));
#6265 = CARTESIAN_POINT('',(2.272563668704,-1.861463782211));
#6266 = CARTESIAN_POINT('',(2.402414707743,-1.832880542981));
#6267 = CARTESIAN_POINT('',(2.467428835784,-1.818569322766));
#6268 = CARTESIAN_POINT('',(2.532382093266,-1.804271396375));
#6269 = CARTESIAN_POINT('',(2.597278098169,-1.789985982062));
#6270 = CARTESIAN_POINT('',(2.662120263561,-1.775712369298));
#6271 = CARTESIAN_POINT('',(2.791971142255,-1.747128465546));
#6272 = CARTESIAN_POINT('',(2.856985073925,-1.732817025846));
#6273 = CARTESIAN_POINT('',(2.921938323089,-1.718518978497));
#6274 = CARTESIAN_POINT('',(2.986834514132,-1.704233571815));
#6275 = CARTESIAN_POINT('',(3.051677063899,-1.689960078131));
#6276 = CARTESIAN_POINT('',(3.181528067795,-1.661376782573));
#6277 = CARTESIAN_POINT('',(3.246541757295,-1.647065828121));
#6278 = CARTESIAN_POINT('',(3.311494938214,-1.632768303401));
#6279 = CARTESIAN_POINT('',(3.376391236113,-1.618483380424));
#6280 = CARTESIAN_POINT('',(3.441234072977,-1.604210267191));
#6281 = CARTESIAN_POINT('',(3.572136738682,-1.57539615857));
#6282 = CARTESIAN_POINT('',(3.638200191591,-1.560854366216));
#6283 = CARTESIAN_POINT('',(3.704201167646,-1.546326284582));
#6284 = CARTESIAN_POINT('',(3.770143599887,-1.531811009213));
#6285 = CARTESIAN_POINT('',(3.836031196426,-1.51730771206));
#6286 = CARTESIAN_POINT('',(3.967976438469,-1.488263524179));
#6287 = CARTESIAN_POINT('',(4.034039804616,-1.473721373474));
#6288 = CARTESIAN_POINT('',(4.100040882071,-1.459192862844));
#6289 = CARTESIAN_POINT('',(4.165983613251,-1.444677159434));
#6290 = CARTESIAN_POINT('',(4.231871713701,-1.430173487871));
#6291 = CARTESIAN_POINT('',(4.363817310285,-1.401128919321));
#6292 = CARTESIAN_POINT('',(4.429880545589,-1.386586758956));
#6293 = CARTESIAN_POINT('',(4.495881672104,-1.372058327731));
#6294 = CARTESIAN_POINT('',(4.561824634186,-1.357542765938));
#6295 = CARTESIAN_POINT('',(4.627713148493,-1.343039227605));
#6296 = CARTESIAN_POINT('',(4.759658473523,-1.313995105766));
#6297 = CARTESIAN_POINT('',(4.825721041337,-1.299453255336));
#6298 = CARTESIAN_POINT('',(4.891721664585,-1.284925003224));
#6299 = CARTESIAN_POINT('',(4.957664297578,-1.270409430813));
#6300 = CARTESIAN_POINT('',(5.023552671251,-1.255905699373));
#6301 = CARTESIAN_POINT('',(5.155497532927,-1.226861094084));
#6302 = CARTESIAN_POINT('',(5.221559794602,-1.212318948527));
#6303 = CARTESIAN_POINT('',(5.287560310439,-1.197790359574));
#6304 = CARTESIAN_POINT('',(5.353503052065,-1.183274534891));
#6305 = CARTESIAN_POINT('',(5.419391766665,-1.168770775149));
#6306 = CARTESIAN_POINT('',(5.551337138743,-1.139726724935));
#6307 = CARTESIAN_POINT('',(5.617399588907,-1.125185162319));
#6308 = CARTESIAN_POINT('',(5.683400490998,-1.110657411184));
#6309 = CARTESIAN_POINT('',(5.749343808558,-1.096142592011));
#6310 = CARTESIAN_POINT('',(5.815233263683,-1.081639630398));
#6311 = CARTESIAN_POINT('',(5.948230490564,-1.0523650124));
#6312 = CARTESIAN_POINT('',(6.015342452166,-1.037592424345));
#6313 = CARTESIAN_POINT('',(6.082390835348,-1.022833281612));
#6314 = CARTESIAN_POINT('',(6.149379933295,-1.0080864004));
#6315 = CARTESIAN_POINT('',(6.216313797537,-0.99335101056));
#6316 = CARTESIAN_POINT('',(6.28318530718,-0.978631028576));
#6317 = ( GEOMETRIC_REPRESENTATION_CONTEXT(2) 
PARAMETRIC_REPRESENTATION_CONTEXT() REPRESENTATION_CONTEXT('2D SPACE',''
  ) );
#6318 = ADVANCED_FACE('',(#6319),#3993,.F.);
#6319 = FACE_BOUND('',#6320,.F.);
#6320 = EDGE_LOOP('',(#6321,#6322,#6323,#6324,#6325,#6585,#6604));
#6321 = ORIENTED_EDGE('',*,*,#5275,.F.);
#6322 = ORIENTED_EDGE('',*,*,#5326,.F.);
#6323 = ORIENTED_EDGE('',*,*,#5604,.F.);
#6324 = ORIENTED_EDGE('',*,*,#5865,.T.);
#6325 = ORIENTED_EDGE('',*,*,#6326,.T.);
#6326 = EDGE_CURVE('',#5866,#6327,#6329,.T.);
#6327 = VERTEX_POINT('',#6328);
#6328 = CARTESIAN_POINT('',(2.799461798341,4.407269055962E-15,
    -15.6460768991));
#6329 = SURFACE_CURVE('',#6330,(#6413,#6499),.PCURVE_S1.);
#6330 = B_SPLINE_CURVE_WITH_KNOTS('',6,(#6331,#6332,#6333,#6334,#6335,
    #6336,#6337,#6338,#6339,#6340,#6341,#6342,#6343,#6344,#6345,#6346,
    #6347,#6348,#6349,#6350,#6351,#6352,#6353,#6354,#6355,#6356,#6357,
    #6358,#6359,#6360,#6361,#6362,#6363,#6364,#6365,#6366,#6367,#6368,
    #6369,#6370,#6371,#6372,#6373,#6374,#6375,#6376,#6377,#6378,#6379,
    #6380,#6381,#6382,#6383,#6384,#6385,#6386,#6387,#6388,#6389,#6390,
    #6391,#6392,#6393,#6394,#6395,#6396,#6397,#6398,#6399,#6400,#6401,
    #6402,#6403,#6404,#6405,#6406,#6407,#6408,#6409,#6410,#6411,#6412),
  .UNSPECIFIED.,.F.,.F.,(7,5,5,5,5,5,5,5,5,5,5,5,5,5,5,5,7),(0.,
    6.325463994761E-02,0.127761345877,0.192033858467,0.256072316235,
    0.319877018429,0.383448257922,0.446786174515,0.5098909144,
    0.572762756631,0.635401926799,0.697808528505,0.757027569102,
    0.818981074477,0.877769020277,0.93634675584,1.),.UNSPECIFIED.);
#6331 = CARTESIAN_POINT('',(3.012656766958,-4.440892098501E-16,
    -14.47206016135));
#6332 = CARTESIAN_POINT('',(3.010473432268,-0.193853957628,
    -14.48408329438));
#6333 = CARTESIAN_POINT('',(2.993319846055,-0.387516955822,
    -14.49611552644));
#6334 = CARTESIAN_POINT('',(2.961202771703,-0.579523657317,
    -14.50815567601));
#6335 = CARTESIAN_POINT('',(2.914324549883,-0.768437858991,
    -14.52020435548));
#6336 = CARTESIAN_POINT('',(2.853057022449,-0.952854927191,
    -14.53226221956));
#6337 = CARTESIAN_POINT('',(2.701390331198,-1.313509777137,
    -14.55663290987));
#6338 = CARTESIAN_POINT('',(2.610431380283,-1.489530431083,
    -14.56894719852));
#6339 = CARTESIAN_POINT('',(2.50568678951,-1.658031271588,
    -14.58126971867));
#6340 = CARTESIAN_POINT('',(2.387939133807,-1.817676934814,
    -14.59360116302));
#6341 = CARTESIAN_POINT('',(2.258128603955,-1.967233801667,
    -14.60594226532));
#6342 = CARTESIAN_POINT('',(1.977130689781,-2.243454395595,
    -14.63059640177));
#6343 = CARTESIAN_POINT('',(1.826008888474,-2.370212774873,
    -14.64291056948));
#6344 = CARTESIAN_POINT('',(1.665111958613,-2.484771555204,
    -14.65523297127));
#6345 = CARTESIAN_POINT('',(1.49567138324,-2.586204622856,
    -14.66756431526));
#6346 = CARTESIAN_POINT('',(1.31902437676,-2.673739857749,
    -14.67990535022));
#6347 = CARTESIAN_POINT('',(0.954886892494,-2.819574979178,
    -14.70455930563));
#6348 = CARTESIAN_POINT('',(0.767420471827,-2.877987290267,
    -14.71687335686));
#6349 = CARTESIAN_POINT('',(0.575659370921,-2.92144166224,
    -14.72919569803));
#6350 = CARTESIAN_POINT('',(0.381090249508,-2.949560236829,
    -14.74152703752));
#6351 = CARTESIAN_POINT('',(0.185237762954,-2.9621472354,-14.75386812109
    ));
#6352 = CARTESIAN_POINT('',(-0.205201168236,-2.956306092501,
    -14.77852215283));
#6353 = CARTESIAN_POINT('',(-0.399808652594,-2.937990716419,
    -14.79083623011));
#6354 = CARTESIAN_POINT('',(-0.592618185491,-2.904288207461,
    -14.80315863025));
#6355 = CARTESIAN_POINT('',(-0.782119243393,-2.855422248969,
    -14.81549004862));
#6356 = CARTESIAN_POINT('',(-0.966836292355,-2.791798371206,
    -14.82783121312));
#6357 = CARTESIAN_POINT('',(-1.323199012777,-2.636550958822,
    -14.85248529902));
#6358 = CARTESIAN_POINT('',(-1.494907376584,-2.54502317815,
    -14.86479934643));
#6359 = CARTESIAN_POINT('',(-1.659057262749,-2.440053322111,
    -14.87712171015));
#6360 = CARTESIAN_POINT('',(-1.814347171633,-2.322426726569,
    -14.88945308351));
#6361 = CARTESIAN_POINT('',(-1.959577570535,-2.193082346982,
    -14.90179420319));
#6362 = CARTESIAN_POINT('',(-2.227282261225,-1.913697034225,
    -14.92644809089));
#6363 = CARTESIAN_POINT('',(-2.349851120422,-1.763720240803,
    -14.93876198292));
#6364 = CARTESIAN_POINT('',(-2.460317709191,-1.6042995284,
    -14.95108421918));
#6365 = CARTESIAN_POINT('',(-2.557788154554,-1.436655824809,
    -14.96341550938));
#6366 = CARTESIAN_POINT('',(-2.641521238173,-1.262112021612,
    -14.97575660387));
#6367 = CARTESIAN_POINT('',(-2.780141428189,-0.902754132432,
    -15.00041043562));
#6368 = CARTESIAN_POINT('',(-2.835140321117,-0.717962801755,
    -15.01272429504));
#6369 = CARTESIAN_POINT('',(-2.875399000648,-0.529144025278,
    -15.02504656896));
#6370 = CARTESIAN_POINT('',(-2.900565228711,-0.337762265268,
    -15.03737797216));
#6371 = CARTESIAN_POINT('',(-2.910466108031,-0.145317048914,
    -15.04971923267));
#6372 = CARTESIAN_POINT('',(-2.899832949035,0.237930304806,
    -15.07437337133));
#6373 = CARTESIAN_POINT('',(-2.879410586821,0.42875442812,
    -15.08668736658));
#6374 = CARTESIAN_POINT('',(-2.843904930341,0.617618848011,
    -15.09900980492));
#6375 = CARTESIAN_POINT('',(-2.793554646613,0.803043370485,
    -15.11134137177));
#6376 = CARTESIAN_POINT('',(-2.7287766293,0.983584468568,-15.12368278437
    ));
#6377 = CARTESIAN_POINT('',(-2.571901054998,1.331472533432,
    -15.14833705851));
#6378 = CARTESIAN_POINT('',(-2.479897913831,1.498882660468,
    -15.16065103644));
#6379 = CARTESIAN_POINT('',(-2.374795024767,1.658702995118,
    -15.17297342994));
#6380 = CARTESIAN_POINT('',(-2.257379780981,1.809665762516,
    -15.18530492544));
#6381 = CARTESIAN_POINT('',(-2.128589211801,1.950605295957,
    -15.19764625542));
#6382 = CARTESIAN_POINT('',(-1.850985244387,2.209878440257,
    -15.22230023751));
#6383 = CARTESIAN_POINT('',(-1.702234581724,2.328306542908,
    -15.23461400357));
#6384 = CARTESIAN_POINT('',(-1.544367282748,2.43473606793,
    -15.24693621596));
#6385 = CARTESIAN_POINT('',(-1.378593108986,2.528304991556,
    -15.25926758423));
#6386 = CARTESIAN_POINT('',(-1.20622006343,2.608302531766,
    -15.27160885558));
#6387 = CARTESIAN_POINT('',(-0.8601736528,2.736730337973,-15.29567791643
    ));
#6388 = CARTESIAN_POINT('',(-0.687002005263,2.786569620944,
    -15.30740583684));
#6389 = CARTESIAN_POINT('',(-0.510352958741,2.823261412883,
    -15.31914156827));
#6390 = CARTESIAN_POINT('',(-0.331470108395,2.84651435419,
    -15.33088565946));
#6391 = CARTESIAN_POINT('',(-0.151625082664,2.856183307623,
    -15.34263867454));
#6392 = CARTESIAN_POINT('',(0.21568562445,2.848221977863,-15.36670363557
    ));
#6393 = CARTESIAN_POINT('',(0.403136611926,2.829310159909,
    -15.37901742697));
#6394 = CARTESIAN_POINT('',(0.588752041676,2.795579923191,-15.3913397239
    ));
#6395 = CARTESIAN_POINT('',(0.77107734827,2.747256871433,-15.40367119936
    ));
#6396 = CARTESIAN_POINT('',(0.948692927392,2.68474193179,-15.41601257484
    ));
#6397 = CARTESIAN_POINT('',(1.283001342782,2.536422825625,
    -15.44008162702));
#6398 = CARTESIAN_POINT('',(1.440313393643,2.451965705436,
    -15.45180942978));
#6399 = CARTESIAN_POINT('',(1.590995270094,2.355777608305,
    -15.46354505565));
#6400 = CARTESIAN_POINT('',(1.733963294451,2.248512324081,
    -15.47528907799));
#6401 = CARTESIAN_POINT('',(1.868215106239,2.13094680293,-15.48704211528
    ));
#6402 = CARTESIAN_POINT('',(2.117035308986,1.877497377633,
    -15.51052225751));
#6403 = CARTESIAN_POINT('',(2.231681472799,1.741670382952,
    -15.52225020228));
#6404 = CARTESIAN_POINT('',(2.335893430669,1.597417100455,
    -15.53398613207));
#6405 = CARTESIAN_POINT('',(2.428902789817,1.445736927153,
    -15.54573056565));
#6406 = CARTESIAN_POINT('',(2.510071329813,1.287719825787,
    -15.55748398027));
#6407 = CARTESIAN_POINT('',(2.653685016499,0.947222306143,
    -15.58202576157));
#6408 = CARTESIAN_POINT('',(2.713906264537,0.763791878999,
    -15.59481678414));
#6409 = CARTESIAN_POINT('',(2.758911426813,0.575760668365,
    -15.60761677332));
#6410 = CARTESIAN_POINT('',(2.788280241264,0.38470079156,-15.62042643525
    ));
#6411 = CARTESIAN_POINT('',(2.801791713152,0.192228489013,-15.6332465815
    ));
#6412 = CARTESIAN_POINT('',(2.799461798341,-1.7763568394E-15,
    -15.6460768991));
#6413 = PCURVE('',#3993,#6414);
#6414 = DEFINITIONAL_REPRESENTATION('',(#6415),#6498);
#6415 = B_SPLINE_CURVE_WITH_KNOTS('',6,(#6416,#6417,#6418,#6419,#6420,
    #6421,#6422,#6423,#6424,#6425,#6426,#6427,#6428,#6429,#6430,#6431,
    #6432,#6433,#6434,#6435,#6436,#6437,#6438,#6439,#6440,#6441,#6442,
    #6443,#6444,#6445,#6446,#6447,#6448,#6449,#6450,#6451,#6452,#6453,
    #6454,#6455,#6456,#6457,#6458,#6459,#6460,#6461,#6462,#6463,#6464,
    #6465,#6466,#6467,#6468,#6469,#6470,#6471,#6472,#6473,#6474,#6475,
    #6476,#6477,#6478,#6479,#6480,#6481,#6482,#6483,#6484,#6485,#6486,
    #6487,#6488,#6489,#6490,#6491,#6492,#6493,#6494,#6495,#6496,#6497),
  .UNSPECIFIED.,.F.,.F.,(7,5,5,5,5,5,5,5,5,5,5,5,5,5,5,5,7),(0.,
    6.325463994761E-02,0.127761345877,0.192033858467,0.256072316235,
    0.319877018429,0.383448257922,0.446786174515,0.5098909144,
    0.572762756631,0.635401926799,0.697808528505,0.757027569102,
    0.818981074477,0.877769020277,0.93634675584,1.),.UNSPECIFIED.);
#6416 = CARTESIAN_POINT('',(12.820502007803,0.399282324556));
#6417 = CARTESIAN_POINT('',(12.886149826679,0.401002401326));
#6418 = CARTESIAN_POINT('',(12.951847137945,0.402723716885));
#6419 = CARTESIAN_POINT('',(13.017587472526,0.404446086093));
#6420 = CARTESIAN_POINT('',(13.083374191941,0.406169617577));
#6421 = CARTESIAN_POINT('',(13.149210926352,0.407894412468));
#6422 = CARTESIAN_POINT('',(13.282276357209,0.411380423298));
#6423 = CARTESIAN_POINT('',(13.349513035759,0.413141846554));
#6424 = CARTESIAN_POINT('',(13.416794646826,0.414904443103));
#6425 = CARTESIAN_POINT('',(13.484125045729,0.4166683374));
#6426 = CARTESIAN_POINT('',(13.551508287396,0.418433651217));
#6427 = CARTESIAN_POINT('',(13.686121769406,0.421960351493));
#6428 = CARTESIAN_POINT('',(13.753358198186,0.423721899789));
#6429 = CARTESIAN_POINT('',(13.820639728585,0.425484675478));
#6430 = CARTESIAN_POINT('',(13.887970213229,0.427248775098));
#6431 = CARTESIAN_POINT('',(13.955353696736,0.429014290588));
#6432 = CARTESIAN_POINT('',(14.089967233923,0.432541326766));
#6433 = CARTESIAN_POINT('',(14.157203462572,0.434303009486));
#6434 = CARTESIAN_POINT('',(14.224484944145,0.436065874324));
#6435 = CARTESIAN_POINT('',(14.291815511535,0.437830010511));
#6436 = CARTESIAN_POINT('',(14.359199192518,0.439595509394));
#6437 = CARTESIAN_POINT('',(14.493812778315,0.443122428878));
#6438 = CARTESIAN_POINT('',(14.561048846058,0.444884010237));
#6439 = CARTESIAN_POINT('',(14.628330277298,0.446646754434));
#6440 = CARTESIAN_POINT('',(14.69566089724,0.448410770821));
#6441 = CARTESIAN_POINT('',(14.76304473033,0.450176180837));
#6442 = CARTESIAN_POINT('',(14.897658270937,0.453702989869));
#6443 = CARTESIAN_POINT('',(14.964894127882,0.455464550418));
#6444 = CARTESIAN_POINT('',(15.032175477867,0.45722733018));
#6445 = CARTESIAN_POINT('',(15.099506152193,0.45899144416));
#6446 = CARTESIAN_POINT('',(15.166890182044,0.460757000811));
#6447 = CARTESIAN_POINT('',(15.301503682102,0.464284142612));
#6448 = CARTESIAN_POINT('',(15.368739288168,0.466045888066));
#6449 = CARTESIAN_POINT('',(15.436020556943,0.467808862699));
#6450 = CARTESIAN_POINT('',(15.50335131687,0.469573151872));
#6451 = CARTESIAN_POINT('',(15.570735589338,0.471338836714));
#6452 = CARTESIAN_POINT('',(15.705349140109,0.47486609398));
#6453 = CARTESIAN_POINT('',(15.772584541295,0.476627825476));
#6454 = CARTESIAN_POINT('',(15.839865757308,0.478390715931));
#6455 = CARTESIAN_POINT('',(15.907196601232,0.480154836485));
#6456 = CARTESIAN_POINT('',(15.974581074506,0.481920300443));
#6457 = CARTESIAN_POINT('',(16.109194659844,0.48544703266));
#6458 = CARTESIAN_POINT('',(16.176429880093,0.487208463764));
#6459 = CARTESIAN_POINT('',(16.243711036498,0.488971045845));
#6460 = CARTESIAN_POINT('',(16.311041933265,0.490734898386));
#6461 = CARTESIAN_POINT('',(16.378426576654,0.492500155181));
#6462 = CARTESIAN_POINT('',(16.513040100867,0.496026629151));
#6463 = CARTESIAN_POINT('',(16.580275076875,0.497788005891));
#6464 = CARTESIAN_POINT('',(16.647556140371,0.499550634239));
#6465 = CARTESIAN_POINT('',(16.714887103792,0.501314634708));
#6466 = CARTESIAN_POINT('',(16.782271977938,0.50308011608));
#6467 = CARTESIAN_POINT('',(16.916885504014,0.506607101717));
#6468 = CARTESIAN_POINT('',(16.984120236806,0.508368764862));
#6469 = CARTESIAN_POINT('',(17.051401236212,0.510131687893));
#6470 = CARTESIAN_POINT('',(17.118732301087,0.511895946178));
#6471 = CARTESIAN_POINT('',(17.186117416205,0.51366161366));
#6472 = CARTESIAN_POINT('',(17.317537790334,0.517105123266));
#6473 = CARTESIAN_POINT('',(17.381573772033,0.518782986841));
#6474 = CARTESIAN_POINT('',(17.445652280077,0.520461925326));
#6475 = CARTESIAN_POINT('',(17.5097762849,0.522142008273));
#6476 = CARTESIAN_POINT('',(17.573948905918,0.523823330013));
#6477 = CARTESIAN_POINT('',(17.705345876737,0.52726590025));
#6478 = CARTESIAN_POINT('',(17.772580299012,0.529027411412));
#6479 = CARTESIAN_POINT('',(17.839861187727,0.530790148129));
#6480 = CARTESIAN_POINT('',(17.907192329224,0.532554245407));
#6481 = CARTESIAN_POINT('',(17.974577727559,0.534319828872));
#6482 = CARTESIAN_POINT('',(18.105997948876,0.537763300666));
#6483 = CARTESIAN_POINT('',(18.170033445501,0.539441201948));
#6484 = CARTESIAN_POINT('',(18.234111751896,0.541120255236));
#6485 = CARTESIAN_POINT('',(18.298235874918,0.542800499652));
#6486 = CARTESIAN_POINT('',(18.362408956205,0.544481942076));
#6487 = CARTESIAN_POINT('',(18.490612748692,0.547840847863));
#6488 = CARTESIAN_POINT('',(18.554648056507,0.54951843521));
#6489 = CARTESIAN_POINT('',(18.61872642566,0.551196978445));
#6490 = CARTESIAN_POINT('',(18.682850725932,0.552876564722));
#6491 = CARTESIAN_POINT('',(18.747023853082,0.554557362809));
#6492 = CARTESIAN_POINT('',(18.881021709838,0.558067243075));
#6493 = CARTESIAN_POINT('',(18.950860992543,0.559896722301));
#6494 = CARTESIAN_POINT('',(19.020750385501,0.561727887209));
#6495 = CARTESIAN_POINT('',(19.090694440677,0.56356106953));
#6496 = CARTESIAN_POINT('',(19.160698056692,0.565396560933));
#6497 = CARTESIAN_POINT('',(19.230752933232,0.567232022517));
#6498 = ( GEOMETRIC_REPRESENTATION_CONTEXT(2) 
PARAMETRIC_REPRESENTATION_CONTEXT() REPRESENTATION_CONTEXT('2D SPACE',''
  ) );
#6499 = PCURVE('',#5961,#6500);
#6500 = DEFINITIONAL_REPRESENTATION('',(#6501),#6584);
#6501 = B_SPLINE_CURVE_WITH_KNOTS('',6,(#6502,#6503,#6504,#6505,#6506,
    #6507,#6508,#6509,#6510,#6511,#6512,#6513,#6514,#6515,#6516,#6517,
    #6518,#6519,#6520,#6521,#6522,#6523,#6524,#6525,#6526,#6527,#6528,
    #6529,#6530,#6531,#6532,#6533,#6534,#6535,#6536,#6537,#6538,#6539,
    #6540,#6541,#6542,#6543,#6544,#6545,#6546,#6547,#6548,#6549,#6550,
    #6551,#6552,#6553,#6554,#6555,#6556,#6557,#6558,#6559,#6560,#6561,
    #6562,#6563,#6564,#6565,#6566,#6567,#6568,#6569,#6570,#6571,#6572,
    #6573,#6574,#6575,#6576,#6577,#6578,#6579,#6580,#6581,#6582,#6583),
  .UNSPECIFIED.,.F.,.F.,(7,5,5,5,5,5,5,5,5,5,5,5,5,5,5,5,7),(0.,
    6.325463994761E-02,0.127761345877,0.192033858467,0.256072316235,
    0.319877018429,0.383448257922,0.446786174515,0.5098909144,
    0.572762756631,0.635401926799,0.697808528505,0.757027569102,
    0.818981074477,0.877769020277,0.93634675584,1.),.UNSPECIFIED.);
#6502 = CARTESIAN_POINT('',(6.28318530718,-0.343310161359));
#6503 = CARTESIAN_POINT('',(6.218838794243,-0.355333294383));
#6504 = CARTESIAN_POINT('',(6.154443772882,-0.36736552644));
#6505 = CARTESIAN_POINT('',(6.090006577804,-0.379405676016));
#6506 = CARTESIAN_POINT('',(6.025523906035,-0.39145435548));
#6507 = CARTESIAN_POINT('',(5.960992195528,-0.403512219561));
#6508 = CARTESIAN_POINT('',(5.830564372996,-0.427882909872));
#6509 = CARTESIAN_POINT('',(5.764660436505,-0.440197198524));
#6510 = CARTESIAN_POINT('',(5.698712441992,-0.452519718677));
#6511 = CARTESIAN_POINT('',(5.632716614889,-0.46485116302));
#6512 = CARTESIAN_POINT('',(5.566668989233,-0.477192265325));
#6513 = CARTESIAN_POINT('',(5.434723716825,-0.501846401773));
#6514 = CARTESIAN_POINT('',(5.368820004275,-0.51416056948));
#6515 = CARTESIAN_POINT('',(5.302872097424,-0.526482971272));
#6516 = CARTESIAN_POINT('',(5.236876228389,-0.53881431526));
#6517 = CARTESIAN_POINT('',(5.170828436837,-0.551155350223));
#6518 = CARTESIAN_POINT('',(5.038883292267,-0.575809305634));
#6519 = CARTESIAN_POINT('',(4.972979886499,-0.588123356954));
#6520 = CARTESIAN_POINT('',(4.907032149082,-0.60044569782));
#6521 = CARTESIAN_POINT('',(4.841036317635,-0.612777037731));
#6522 = CARTESIAN_POINT('',(4.774988434682,-0.625118121047));
#6523 = CARTESIAN_POINT('',(4.643043395815,-0.649772152779));
#6524 = CARTESIAN_POINT('',(4.577140199188,-0.662086230106));
#6525 = CARTESIAN_POINT('',(4.511192528593,-0.674408630219));
#6526 = CARTESIAN_POINT('',(4.445196625219,-0.686740048591));
#6527 = CARTESIAN_POINT('',(4.379148538928,-0.699081213141));
#6528 = CARTESIAN_POINT('',(4.247203386602,-0.723735299044));
#6529 = CARTESIAN_POINT('',(4.1813002932,-0.736049346526));
#6530 = CARTESIAN_POINT('',(4.115352583024,-0.74837171018));
#6531 = CARTESIAN_POINT('',(4.049356504906,-0.760703083615));
#6532 = CARTESIAN_POINT('',(3.983308115923,-0.773044203266));
#6533 = CARTESIAN_POINT('',(3.85136282499,-0.797698090958));
#6534 = CARTESIAN_POINT('',(3.78545990878,-0.810011982978));
#6535 = CARTESIAN_POINT('',(3.719512238732,-0.822334219185));
#6536 = CARTESIAN_POINT('',(3.653516070602,-0.834665509437));
#6537 = CARTESIAN_POINT('',(3.58746746712,-0.847006603831));
#6538 = CARTESIAN_POINT('',(3.455522214158,-0.871660435582));
#6539 = CARTESIAN_POINT('',(3.389619563091,-0.883974294728));
#6540 = CARTESIAN_POINT('',(3.323672021032,-0.896296569359));
#6541 = CARTESIAN_POINT('',(3.257675845809,-0.908627971595));
#6542 = CARTESIAN_POINT('',(3.191627106887,-0.920969232673));
#6543 = CARTESIAN_POINT('',(3.059681902078,-0.945623371338));
#6544 = CARTESIAN_POINT('',(2.993779449099,-0.957937366585));
#6545 = CARTESIAN_POINT('',(2.927831959504,-0.970259804928));
#6546 = CARTESIAN_POINT('',(2.861835698683,-0.982591371773));
#6547 = CARTESIAN_POINT('',(2.795786740106,-0.994932784375));
#6548 = CARTESIAN_POINT('',(2.66384147604,-1.019587058518));
#6549 = CARTESIAN_POINT('',(2.597939196269,-1.031901036446));
#6550 = CARTESIAN_POINT('',(2.531991736913,-1.04422342994));
#6551 = CARTESIAN_POINT('',(2.465995371561,-1.056554925449));
#6552 = CARTESIAN_POINT('',(2.39994618175,-1.068896255423));
#6553 = CARTESIAN_POINT('',(2.268000978311,-1.093550237518));
#6554 = CARTESIAN_POINT('',(2.202099004197,-1.105864003579));
#6555 = CARTESIAN_POINT('',(2.136151713305,-1.118186215964));
#6556 = CARTESIAN_POINT('',(2.070155385412,-1.130517584232));
#6557 = CARTESIAN_POINT('',(2.004106106389,-1.142858855586));
#6558 = CARTESIAN_POINT('',(1.875291021327,-1.166927916432));
#6559 = CARTESIAN_POINT('',(1.812524505689,-1.178655836844));
#6560 = CARTESIAN_POINT('',(1.74971630502,-1.190391568271));
#6561 = CARTESIAN_POINT('',(1.686863489048,-1.202135659468));
#6562 = CARTESIAN_POINT('',(1.623962981916,-1.213888674543));
#6563 = CARTESIAN_POINT('',(1.495170639275,-1.237953635571));
#6564 = CARTESIAN_POINT('',(1.429268926528,-1.250267426971));
#6565 = CARTESIAN_POINT('',(1.363321608766,-1.262589723905));
#6566 = CARTESIAN_POINT('',(1.297324976911,-1.274921199367));
#6567 = CARTESIAN_POINT('',(1.23127513193,-1.287262574848));
#6568 = CARTESIAN_POINT('',(1.102459610302,-1.311331627029));
#6569 = CARTESIAN_POINT('',(1.039693273409,-1.323059429789));
#6570 = CARTESIAN_POINT('',(0.976885001876,-1.334795055655));
#6571 = CARTESIAN_POINT('',(0.914031881568,-1.346539077989));
#6572 = CARTESIAN_POINT('',(0.851130851417,-1.358292115283));
#6573 = CARTESIAN_POINT('',(0.725468474527,-1.381772257517));
#6574 = CARTESIAN_POINT('',(0.662702620768,-1.393500202283));
#6575 = CARTESIAN_POINT('',(0.599894621411,-1.405236132078));
#6576 = CARTESIAN_POINT('',(0.537041618213,-1.416980565656));
#6577 = CARTESIAN_POINT('',(0.474140717447,-1.428733980274));
#6578 = CARTESIAN_POINT('',(0.342799203934,-1.453275761579));
#6579 = CARTESIAN_POINT('',(0.274344315258,-1.466066784127));
#6580 = CARTESIAN_POINT('',(0.205840186891,-1.478866773374));
#6581 = CARTESIAN_POINT('',(0.137282358214,-1.4916764352));
#6582 = CARTESIAN_POINT('',(6.866623046146E-02,-1.504496581528));
#6583 = CARTESIAN_POINT('',(0.,-1.517326899108));
#6584 = ( GEOMETRIC_REPRESENTATION_CONTEXT(2) 
PARAMETRIC_REPRESENTATION_CONTEXT() REPRESENTATION_CONTEXT('2D SPACE',''
  ) );
#6585 = ORIENTED_EDGE('',*,*,#6586,.T.);
#6586 = EDGE_CURVE('',#6327,#3953,#6587,.T.);
#6587 = SURFACE_CURVE('',#6588,(#6591,#6598),.PCURVE_S1.);
#6588 = B_SPLINE_CURVE_WITH_KNOTS('',1,(#6589,#6590),.UNSPECIFIED.,.F.,
  .F.,(2,2),(0.,1.),.PIECEWISE_BEZIER_KNOTS.);
#6589 = CARTESIAN_POINT('',(3.5195,1.68753899743E-14,-15.97025));
#6590 = CARTESIAN_POINT('',(2.250110802944,2.6645352591E-15,-15.39875));
#6591 = PCURVE('',#3993,#6592);
#6592 = DEFINITIONAL_REPRESENTATION('',(#6593),#6597);
#6593 = LINE('',#6594,#6595);
#6594 = CARTESIAN_POINT('',(19.230752934797,0.));
#6595 = VECTOR('',#6596,1.);
#6596 = DIRECTION('',(0.,1.));
#6597 = ( GEOMETRIC_REPRESENTATION_CONTEXT(2) 
PARAMETRIC_REPRESENTATION_CONTEXT() REPRESENTATION_CONTEXT('2D SPACE',''
  ) );
#6598 = PCURVE('',#6002,#6599);
#6599 = DEFINITIONAL_REPRESENTATION('',(#6600),#6603);
#6600 = B_SPLINE_CURVE_WITH_KNOTS('',1,(#6601,#6602),.UNSPECIFIED.,.F.,
  .F.,(2,2),(0.350168412518,1.),.PIECEWISE_BEZIER_KNOTS.);
#6601 = CARTESIAN_POINT('',(0.,0.350168412518));
#6602 = CARTESIAN_POINT('',(0.,1.));
#6603 = ( GEOMETRIC_REPRESENTATION_CONTEXT(2) 
PARAMETRIC_REPRESENTATION_CONTEXT() REPRESENTATION_CONTEXT('2D SPACE',''
  ) );
#6604 = ORIENTED_EDGE('',*,*,#3952,.F.);
#6605 = ADVANCED_FACE('',(#6606),#5961,.T.);
#6606 = FACE_BOUND('',#6607,.F.);
#6607 = EDGE_LOOP('',(#6608,#6609,#6610,#6611));
#6608 = ORIENTED_EDGE('',*,*,#6326,.F.);
#6609 = ORIENTED_EDGE('',*,*,#5947,.T.);
#6610 = ORIENTED_EDGE('',*,*,#6061,.F.);
#6611 = ORIENTED_EDGE('',*,*,#6612,.F.);
#6612 = EDGE_CURVE('',#6327,#6035,#6613,.T.);
#6613 = SURFACE_CURVE('',#6614,(#6618,#6625),.PCURVE_S1.);
#6614 = LINE('',#6615,#6616);
#6615 = CARTESIAN_POINT('',(3.075,0.,-14.12875));
#6616 = VECTOR('',#6617,1.);
#6617 = DIRECTION('',(-0.178672382926,0.,-0.983908623592));
#6618 = PCURVE('',#5961,#6619);
#6619 = DEFINITIONAL_REPRESENTATION('',(#6620),#6624);
#6620 = LINE('',#6621,#6622);
#6621 = CARTESIAN_POINT('',(0.,-0.));
#6622 = VECTOR('',#6623,1.);
#6623 = DIRECTION('',(0.,-1.));
#6624 = ( GEOMETRIC_REPRESENTATION_CONTEXT(2) 
PARAMETRIC_REPRESENTATION_CONTEXT() REPRESENTATION_CONTEXT('2D SPACE',''
  ) );
#6625 = PCURVE('',#6626,#6631);
#6626 = CONICAL_SURFACE('',#6627,3.075,0.179636955837);
#6627 = AXIS2_PLACEMENT_3D('',#6628,#6629,#6630);
#6628 = CARTESIAN_POINT('',(0.,0.,-14.12875));
#6629 = DIRECTION('',(0.,0.,1.));
#6630 = DIRECTION('',(1.,0.,0.));
#6631 = DEFINITIONAL_REPRESENTATION('',(#6632),#6636);
#6632 = LINE('',#6633,#6634);
#6633 = CARTESIAN_POINT('',(6.28318530718,-0.));
#6634 = VECTOR('',#6635,1.);
#6635 = DIRECTION('',(0.,-1.));
#6636 = ( GEOMETRIC_REPRESENTATION_CONTEXT(2) 
PARAMETRIC_REPRESENTATION_CONTEXT() REPRESENTATION_CONTEXT('2D SPACE',''
  ) );
#6637 = ADVANCED_FACE('',(#6638),#6049,.T.);
#6638 = FACE_BOUND('',#6639,.T.);
#6639 = EDGE_LOOP('',(#6640,#6663,#6687));
#6640 = ORIENTED_EDGE('',*,*,#6641,.T.);
#6641 = EDGE_CURVE('',#6035,#6642,#6644,.T.);
#6642 = VERTEX_POINT('',#6643);
#6643 = CARTESIAN_POINT('',(2.61375,0.,-16.66875));
#6644 = SURFACE_CURVE('',#6645,(#6649,#6656),.PCURVE_S1.);
#6645 = LINE('',#6646,#6647);
#6646 = CARTESIAN_POINT('',(3.075,0.,-14.12875));
#6647 = VECTOR('',#6648,1.);
#6648 = DIRECTION('',(-0.178672382926,0.,-0.983908623592));
#6649 = PCURVE('',#6049,#6650);
#6650 = DEFINITIONAL_REPRESENTATION('',(#6651),#6655);
#6651 = LINE('',#6652,#6653);
#6652 = CARTESIAN_POINT('',(5.46923823273E-03,-2.54));
#6653 = VECTOR('',#6654,1.);
#6654 = DIRECTION('',(-0.178672382926,0.983908623592));
#6655 = ( GEOMETRIC_REPRESENTATION_CONTEXT(2) 
PARAMETRIC_REPRESENTATION_CONTEXT() REPRESENTATION_CONTEXT('2D SPACE',''
  ) );
#6656 = PCURVE('',#6626,#6657);
#6657 = DEFINITIONAL_REPRESENTATION('',(#6658),#6662);
#6658 = LINE('',#6659,#6660);
#6659 = CARTESIAN_POINT('',(6.28318530718,-0.));
#6660 = VECTOR('',#6661,1.);
#6661 = DIRECTION('',(0.,-1.));
#6662 = ( GEOMETRIC_REPRESENTATION_CONTEXT(2) 
PARAMETRIC_REPRESENTATION_CONTEXT() REPRESENTATION_CONTEXT('2D SPACE',''
  ) );
#6663 = ORIENTED_EDGE('',*,*,#6664,.T.);
#6664 = EDGE_CURVE('',#6642,#5978,#6665,.T.);
#6665 = SURFACE_CURVE('',#6666,(#6670,#6676),.PCURVE_S1.);
#6666 = LINE('',#6667,#6668);
#6667 = CARTESIAN_POINT('',(1.534765380884,6.48538200349E-15,-16.66875)
  );
#6668 = VECTOR('',#6669,1.);
#6669 = DIRECTION('',(-1.,-4.225650437695E-15,0.));
#6670 = PCURVE('',#6049,#6671);
#6671 = DEFINITIONAL_REPRESENTATION('',(#6672),#6675);
#6672 = B_SPLINE_CURVE_WITH_KNOTS('',1,(#6673,#6674),.UNSPECIFIED.,.F.,
  .F.,(2,2),(-1.540234619116,-0.71534542206),.PIECEWISE_BEZIER_KNOTS.);
#6673 = CARTESIAN_POINT('',(5.46923823273E-03,0.));
#6674 = CARTESIAN_POINT('',(-0.819419958823,0.));
#6675 = ( GEOMETRIC_REPRESENTATION_CONTEXT(2) 
PARAMETRIC_REPRESENTATION_CONTEXT() REPRESENTATION_CONTEXT('2D SPACE',''
  ) );
#6676 = PCURVE('',#6677,#6682);
#6677 = PLANE('',#6678);
#6678 = AXIS2_PLACEMENT_3D('',#6679,#6680,#6681);
#6679 = CARTESIAN_POINT('',(0.,0.,-16.66875));
#6680 = DIRECTION('',(0.,0.,1.));
#6681 = DIRECTION('',(1.,0.,-0.));
#6682 = DEFINITIONAL_REPRESENTATION('',(#6683),#6686);
#6683 = B_SPLINE_CURVE_WITH_KNOTS('',1,(#6684,#6685),.UNSPECIFIED.,.F.,
  .F.,(2,2),(-1.540234619116,-0.71534542206),.PIECEWISE_BEZIER_KNOTS.);
#6684 = CARTESIAN_POINT('',(3.075,1.299387509591E-14));
#6685 = CARTESIAN_POINT('',(2.250110802944,9.508181699322E-15));
#6686 = ( GEOMETRIC_REPRESENTATION_CONTEXT(2) 
PARAMETRIC_REPRESENTATION_CONTEXT() REPRESENTATION_CONTEXT('2D SPACE',''
  ) );
#6687 = ORIENTED_EDGE('',*,*,#6034,.T.);
#6688 = ADVANCED_FACE('',(#6689),#6002,.F.);
#6689 = FACE_BOUND('',#6690,.F.);
#6690 = EDGE_LOOP('',(#6691,#6692,#6832,#6940));
#6691 = ORIENTED_EDGE('',*,*,#6586,.F.);
#6692 = ORIENTED_EDGE('',*,*,#6693,.F.);
#6693 = EDGE_CURVE('',#6694,#6327,#6696,.T.);
#6694 = VERTEX_POINT('',#6695);
#6695 = CARTESIAN_POINT('',(1.802225290135,1.89305918188,-16.66875));
#6696 = SURFACE_CURVE('',#6697,(#6740,#6786),.PCURVE_S1.);
#6697 = B_SPLINE_CURVE_WITH_KNOTS('',6,(#6698,#6699,#6700,#6701,#6702,
    #6703,#6704,#6705,#6706,#6707,#6708,#6709,#6710,#6711,#6712,#6713,
    #6714,#6715,#6716,#6717,#6718,#6719,#6720,#6721,#6722,#6723,#6724,
    #6725,#6726,#6727,#6728,#6729,#6730,#6731,#6732,#6733,#6734,#6735,
    #6736,#6737,#6738,#6739),.UNSPECIFIED.,.F.,.F.,(7,5,5,5,5,5,5,5,7),(
    0.,0.122317415611,0.244234045116,0.366966639565,0.49166469898,
    0.617197617766,0.74356730925,0.870774612383,1.),.UNSPECIFIED.);
#6698 = CARTESIAN_POINT('',(1.802225208653,1.893059259451,-16.66875));
#6699 = CARTESIAN_POINT('',(1.587936585974,2.102435196746,
    -16.64733451995));
#6700 = CARTESIAN_POINT('',(1.34466939543,2.282505752906,-16.62593935869
    ));
#6701 = CARTESIAN_POINT('',(1.077673846137,2.428100374494,
    -16.60458314821));
#6702 = CARTESIAN_POINT('',(0.793123764465,2.535726889373,
    -16.58325597784));
#6703 = CARTESIAN_POINT('',(0.497687904617,2.603050628248,
    -16.56194783016));
#6704 = CARTESIAN_POINT('',(-9.942735037036E-02,2.655892824536,
    -16.51947630088));
#6705 = CARTESIAN_POINT('',(-0.401324817106,2.641699919891,
    -16.49829593531));
#6706 = CARTESIAN_POINT('',(-0.699874058987,2.586274349636,
    -16.47715354947));
#6707 = CARTESIAN_POINT('',(-0.988230127938,2.490776553785,
    -16.45603881969));
#6708 = CARTESIAN_POINT('',(-1.259884422464,2.357544853749,
    -16.43494258722));
#6709 = CARTESIAN_POINT('',(-1.759693325899,2.022582746731,
    -16.39268203476));
#6710 = CARTESIAN_POINT('',(-1.987745531126,1.820265088337,
    -16.3715016597));
#6711 = CARTESIAN_POINT('',(-2.187056494336,1.587695796145,
    -16.35035945257));
#6712 = CARTESIAN_POINT('',(-2.352988282541,1.330120684385,
    -16.32924535315));
#6713 = CARTESIAN_POINT('',(-2.481911488548,1.053496421744,
    -16.30814972518));
#6714 = CARTESIAN_POINT('',(-2.66306522855,0.47132528241,-16.26569359073
    ));
#6715 = CARTESIAN_POINT('',(-2.714109500696,0.16514472601,
    -16.24431711344));
#6716 = CARTESIAN_POINT('',(-2.72263202071,-0.146620668519,
    -16.22297921786));
#6717 = CARTESIAN_POINT('',(-2.688325679838,-0.456716624859,
    -16.20166908395));
#6718 = CARTESIAN_POINT('',(-2.61216375819,-0.757976272527,
    -16.18037705262));
#6719 = CARTESIAN_POINT('',(-2.381115952064,-1.330943458975,
    -16.137724823));
#6720 = CARTESIAN_POINT('',(-2.225609230602,-1.602680338957,
    -16.11634768147));
#6721 = CARTESIAN_POINT('',(-2.033325939035,-1.851643319392,
    -16.09500946654));
#6722 = CARTESIAN_POINT('',(-1.808655751337,-2.071971421668,
    -16.07369967608));
#6723 = CARTESIAN_POINT('',(-1.556931462942,-2.258687731472,
    -16.05240821361));
#6724 = CARTESIAN_POINT('',(-1.010861519031,-2.55879574142,
    -16.00975762489));
#6725 = CARTESIAN_POINT('',(-0.716012641464,-2.671816814096,
    -15.98838149083));
#6726 = CARTESIAN_POINT('',(-0.406973107958,-2.743583030249,
    -15.96704386508));
#6727 = CARTESIAN_POINT('',(-9.091109464907E-02,-2.772318960901,
    -15.94573379821));
#6728 = CARTESIAN_POINT('',(0.224833130812,-2.757539894178,
    -15.92444162122));
#6729 = CARTESIAN_POINT('',(0.842808068568,-2.643519807951,
    -15.88179028405));
#6730 = CARTESIAN_POINT('',(1.145196807741,-2.543671233032,
    -15.86041405248));
#6731 = CARTESIAN_POINT('',(1.432344490501,-2.402549958793,
    -15.8390765788));
#6732 = CARTESIAN_POINT('',(1.697521468717,-2.223343433707,
    -15.81776719322));
#6733 = CARTESIAN_POINT('',(1.934686097326,-2.010355555698,
    -15.79647508892));
#6734 = CARTESIAN_POINT('',(2.34645758242,-1.524817083935,
    -15.75362625174));
#6735 = CARTESIAN_POINT('',(2.520191916577,-1.251163152548,
    -15.73205242525));
#6736 = CARTESIAN_POINT('',(2.654933883711,-0.954643229878,
    -15.71051788398));
#6737 = CARTESIAN_POINT('',(2.747392945753,-0.642239109215,
    -15.68901081197));
#6738 = CARTESIAN_POINT('',(2.795566585446,-0.321372624689,
    -15.66752696036));
#6739 = CARTESIAN_POINT('',(2.799461798341,7.549516567451E-15,
    -15.6460768991));
#6740 = PCURVE('',#6002,#6741);
#6741 = DEFINITIONAL_REPRESENTATION('',(#6742),#6785);
#6742 = B_SPLINE_CURVE_WITH_KNOTS('',6,(#6743,#6744,#6745,#6746,#6747,
    #6748,#6749,#6750,#6751,#6752,#6753,#6754,#6755,#6756,#6757,#6758,
    #6759,#6760,#6761,#6762,#6763,#6764,#6765,#6766,#6767,#6768,#6769,
    #6770,#6771,#6772,#6773,#6774,#6775,#6776,#6777,#6778,#6779,#6780,
    #6781,#6782,#6783,#6784),.UNSPECIFIED.,.F.,.F.,(7,5,5,5,5,5,5,5,7),(
    0.,0.122317415611,0.244234045116,0.366966639565,0.49166469898,
    0.617197617766,0.74356730925,0.870774612383,1.),.UNSPECIFIED.);
#6743 = CARTESIAN_POINT('',(5.583897520582,0.713530558585));
#6744 = CARTESIAN_POINT('',(5.466966414,0.710466813324));
#6745 = CARTESIAN_POINT('',(5.350148583747,0.707406783781));
#6746 = CARTESIAN_POINT('',(5.233544376471,0.704352654926));
#6747 = CARTESIAN_POINT('',(5.11709639473,0.701301870456));
#6748 = CARTESIAN_POINT('',(5.000751432032,0.698253513742));
#6749 = CARTESIAN_POINT('',(4.768851604723,0.692177392237));
#6750 = CARTESIAN_POINT('',(4.653204024659,0.689147204294));
#6751 = CARTESIAN_POINT('',(4.53776454764,0.686122702579));
#6752 = CARTESIAN_POINT('',(4.422477556853,0.683102670758));
#6753 = CARTESIAN_POINT('',(4.30729167611,0.680085324197));
#6754 = CARTESIAN_POINT('',(4.076547013,0.674040496664));
#6755 = CARTESIAN_POINT('',(3.960900554882,0.671010714268));
#6756 = CARTESIAN_POINT('',(3.845461118723,0.667985914017));
#6757 = CARTESIAN_POINT('',(3.730173398703,0.664964526397));
#6758 = CARTESIAN_POINT('',(3.614986170848,0.661945655088));
#6759 = CARTESIAN_POINT('',(3.383166438828,0.655870362398));
#6760 = CARTESIAN_POINT('',(3.266446752859,0.652811663378));
#6761 = CARTESIAN_POINT('',(3.149939229137,0.649759004445));
#6762 = CARTESIAN_POINT('',(3.033585450596,0.64671106703));
#6763 = CARTESIAN_POINT('',(2.917331403614,0.643666027704));
#6764 = CARTESIAN_POINT('',(2.68445097835,0.637566151367));
#6765 = CARTESIAN_POINT('',(2.567732086828,0.634508890026));
#6766 = CARTESIAN_POINT('',(2.451224652482,0.631456820867));
#6767 = CARTESIAN_POINT('',(2.334870415891,0.628408123716));
#6768 = CARTESIAN_POINT('',(2.218615365663,0.625361741222));
#6769 = CARTESIAN_POINT('',(1.985735694599,0.619259255113));
#6770 = CARTESIAN_POINT('',(1.869018210308,0.616200718757));
#6771 = CARTESIAN_POINT('',(1.752511777863,0.613147966003));
#6772 = CARTESIAN_POINT('',(1.636157431119,0.610099714304));
#6773 = CARTESIAN_POINT('',(1.519900676975,0.607053991369));
#6774 = CARTESIAN_POINT('',(1.287020003535,0.60095246739));
#6775 = CARTESIAN_POINT('',(1.170302856399,0.597894218554));
#6776 = CARTESIAN_POINT('',(1.053795961766,0.594841039462));
#6777 = CARTESIAN_POINT('',(0.937441038515,0.59179139581));
#6778 = CARTESIAN_POINT('',(0.821183832478,0.58874538903));
#6779 = CARTESIAN_POINT('',(0.587230203573,0.582617488668));
#6780 = CARTESIAN_POINT('',(0.469440815375,0.579533277173));
#6781 = CARTESIAN_POINT('',(0.351866914715,0.576455027532));
#6782 = CARTESIAN_POINT('',(0.234445064313,0.573381423486));
#6783 = CARTESIAN_POINT('',(0.117119578177,0.570300595147));
#6784 = CARTESIAN_POINT('',(0.,0.567232022558));
#6785 = ( GEOMETRIC_REPRESENTATION_CONTEXT(2) 
PARAMETRIC_REPRESENTATION_CONTEXT() REPRESENTATION_CONTEXT('2D SPACE',''
  ) );
#6786 = PCURVE('',#6626,#6787);
#6787 = DEFINITIONAL_REPRESENTATION('',(#6788),#6831);
#6788 = B_SPLINE_CURVE_WITH_KNOTS('',6,(#6789,#6790,#6791,#6792,#6793,
    #6794,#6795,#6796,#6797,#6798,#6799,#6800,#6801,#6802,#6803,#6804,
    #6805,#6806,#6807,#6808,#6809,#6810,#6811,#6812,#6813,#6814,#6815,
    #6816,#6817,#6818,#6819,#6820,#6821,#6822,#6823,#6824,#6825,#6826,
    #6827,#6828,#6829,#6830),.UNSPECIFIED.,.F.,.F.,(7,5,5,5,5,5,5,5,7),(
    0.,0.122317415611,0.244234045116,0.366966639565,0.49166469898,
    0.617197617766,0.74356730925,0.870774612383,1.),.UNSPECIFIED.);
#6789 = CARTESIAN_POINT('',(0.809974285575,-2.54));
#6790 = CARTESIAN_POINT('',(0.924587764976,-2.518584519943));
#6791 = CARTESIAN_POINT('',(1.039089786507,-2.497189358704));
#6792 = CARTESIAN_POINT('',(1.153381833514,-2.475833148199));
#6793 = CARTESIAN_POINT('',(1.267520743453,-2.454505977847));
#6794 = CARTESIAN_POINT('',(1.381559040806,-2.433197830162));
#6795 = CARTESIAN_POINT('',(1.608861874244,-2.390726300884));
#6796 = CARTESIAN_POINT('',(1.722217287588,-2.369545935315));
#6797 = CARTESIAN_POINT('',(1.835369080899,-2.348403549478));
#6798 = CARTESIAN_POINT('',(1.948371417439,-2.327288819694));
#6799 = CARTESIAN_POINT('',(2.061274433218,-2.306192587223));
#6800 = CARTESIAN_POINT('',(2.287445551726,-2.263932034764));
#6801 = CARTESIAN_POINT('',(2.400799589366,-2.242751659705));
#6802 = CARTESIAN_POINT('',(2.513950470866,-2.221609452577));
#6803 = CARTESIAN_POINT('',(2.626952619096,-2.200495353156));
#6804 = CARTESIAN_POINT('',(2.739856388629,-2.179399725188));
#6805 = CARTESIAN_POINT('',(2.96708076709,-2.136943590734));
#6806 = CARTESIAN_POINT('',(3.081486832911,-2.115567113512));
#6807 = CARTESIAN_POINT('',(3.195685058318,-2.094229217744));
#6808 = CARTESIAN_POINT('',(3.309732528638,-2.072919083886));
#6809 = CARTESIAN_POINT('',(3.423682086453,-2.051627052629));
#6810 = CARTESIAN_POINT('',(3.651945966961,-2.008974823005));
#6811 = CARTESIAN_POINT('',(3.76635096811,-1.987597681586));
#6812 = CARTESIAN_POINT('',(3.880548652587,-1.966259466523));
#6813 = CARTESIAN_POINT('',(3.994596351343,-1.944949676187));
#6814 = CARTESIAN_POINT('',(4.108547124157,-1.923658213613));
#6815 = CARTESIAN_POINT('',(4.336811272098,-1.881007624895));
#6816 = CARTESIAN_POINT('',(4.451215671502,-1.859631490773));
#6817 = CARTESIAN_POINT('',(4.565413297782,-1.838293865033));
#6818 = CARTESIAN_POINT('',(4.679461593605,-1.816983798227));
#6819 = CARTESIAN_POINT('',(4.793413767549,-1.795691621224));
#6820 = CARTESIAN_POINT('',(5.021677438414,-1.753040284058));
#6821 = CARTESIAN_POINT('',(5.136080314873,-1.731664052483));
#6822 = CARTESIAN_POINT('',(5.250276940347,-1.710326578809));
#6823 = CARTESIAN_POINT('',(5.364325048741,-1.689017193228));
#6824 = CARTESIAN_POINT('',(5.478278049035,-1.667725088924));
#6825 = CARTESIAN_POINT('',(5.70759523155,-1.624876251745));
#6826 = CARTESIAN_POINT('',(5.823050495343,-1.60330242525));
#6827 = CARTESIAN_POINT('',(5.938294731531,-1.581767883982));
#6828 = CARTESIAN_POINT('',(6.053388122336,-1.560260811979));
#6829 = CARTESIAN_POINT('',(6.168387303906,-1.538776960364));
#6830 = CARTESIAN_POINT('',(6.28318530718,-1.517326899108));
#6831 = ( GEOMETRIC_REPRESENTATION_CONTEXT(2) 
PARAMETRIC_REPRESENTATION_CONTEXT() REPRESENTATION_CONTEXT('2D SPACE',''
  ) );
#6832 = ORIENTED_EDGE('',*,*,#6833,.T.);
#6833 = EDGE_CURVE('',#6694,#5978,#6834,.T.);
#6834 = SURFACE_CURVE('',#6835,(#6868,#6904),.PCURVE_S1.);
#6835 = B_SPLINE_CURVE_WITH_KNOTS('',6,(#6836,#6837,#6838,#6839,#6840,
    #6841,#6842,#6843,#6844,#6845,#6846,#6847,#6848,#6849,#6850,#6851,
    #6852,#6853,#6854,#6855,#6856,#6857,#6858,#6859,#6860,#6861,#6862,
    #6863,#6864,#6865,#6866,#6867),.UNSPECIFIED.,.F.,.F.,(7,5,5,5,5,5,7)
  ,(0.,0.185061947149,0.346235534861,0.487690378198,0.613252387068,
    0.825705779976,1.),.UNSPECIFIED.);
#6836 = CARTESIAN_POINT('',(-3.075,1.562972843762,-16.66875));
#6837 = CARTESIAN_POINT('',(-2.938086481839,1.763238166867,-16.66875));
#6838 = CARTESIAN_POINT('',(-2.784250663927,1.95168354353,-16.66875));
#6839 = CARTESIAN_POINT('',(-2.614579732741,2.126329445487,-16.66875));
#6840 = CARTESIAN_POINT('',(-2.430456922562,2.285345558613,-16.66875));
#6841 = CARTESIAN_POINT('',(-2.233546020247,2.427041080932,-16.66875));
#6842 = CARTESIAN_POINT('',(-1.844976557312,2.656995990511,-16.66875));
#6843 = CARTESIAN_POINT('',(-1.655902625686,2.749803088856,-16.66875));
#6844 = CARTESIAN_POINT('',(-1.459962876488,2.827397936234,-16.66875));
#6845 = CARTESIAN_POINT('',(-1.258627635487,2.888974714028,-16.66875));
#6846 = CARTESIAN_POINT('',(-1.053504878755,2.933891960771,-16.66875));
#6847 = CARTESIAN_POINT('',(-0.664548213239,2.986172938175,-16.66875));
#6848 = CARTESIAN_POINT('',(-0.481166959622,2.997460628672,-16.66875));
#6849 = CARTESIAN_POINT('',(-0.297402834874,2.995315209364,-16.66875));
#6850 = CARTESIAN_POINT('',(-0.114496648776,2.979596255988,-16.66875));
#6851 = CARTESIAN_POINT('',(6.626381205064E-02,2.950305626212,-16.66875)
  );
#6852 = CARTESIAN_POINT('',(0.400918251663,2.869743672831,-16.66875));
#6853 = CARTESIAN_POINT('',(0.555556943509,2.821309435796,-16.66875));
#6854 = CARTESIAN_POINT('',(0.706536486624,2.762452859075,-16.66875));
#6855 = CARTESIAN_POINT('',(0.852925654864,2.693405953925,-16.66875));
#6856 = CARTESIAN_POINT('',(0.993799943559,2.614515742397,-16.66875));
#6857 = CARTESIAN_POINT('',(1.355741028979,2.376917969253,-16.66875));
#6858 = CARTESIAN_POINT('',(1.56493221888,2.200695611603,-16.66875));
#6859 = CARTESIAN_POINT('',(1.751259449803,1.999934754085,-16.66875));
#6860 = CARTESIAN_POINT('',(1.910684116981,1.777958624485,-16.66875));
#6861 = CARTESIAN_POINT('',(2.039585736409,1.538957023824,-16.66875));
#6862 = CARTESIAN_POINT('',(2.213820102088,1.082659123225,-16.66875));
#6863 = CARTESIAN_POINT('',(2.270032674027,0.869102889999,-16.66875));
#6864 = CARTESIAN_POINT('',(2.302425858848,0.650613613795,-16.66875));
#6865 = CARTESIAN_POINT('',(2.310051832051,0.430489460725,-16.66875));
#6866 = CARTESIAN_POINT('',(2.292475632526,0.212327845332,-16.66875));
#6867 = CARTESIAN_POINT('',(2.250110802944,-6.086797732507E-14,-16.66875
    ));
#6868 = PCURVE('',#6002,#6869);
#6869 = DEFINITIONAL_REPRESENTATION('',(#6870),#6903);
#6870 = B_SPLINE_CURVE_WITH_KNOTS('',6,(#6871,#6872,#6873,#6874,#6875,
    #6876,#6877,#6878,#6879,#6880,#6881,#6882,#6883,#6884,#6885,#6886,
    #6887,#6888,#6889,#6890,#6891,#6892,#6893,#6894,#6895,#6896,#6897,
    #6898,#6899,#6900,#6901,#6902),.UNSPECIFIED.,.F.,.F.,(7,5,5,5,5,5,7)
  ,(0.,0.185061947149,0.346235534861,0.487690378198,0.613252387068,
    0.825705779976,1.),.UNSPECIFIED.);
#6871 = CARTESIAN_POINT('',(3.684888391121,5.520683584781E-02));
#6872 = CARTESIAN_POINT('',(3.756039392121,7.987253709595E-02));
#6873 = CARTESIAN_POINT('',(3.827891689605,0.104781354665));
#6874 = CARTESIAN_POINT('',(3.900458298011,0.129937800229));
#6875 = CARTESIAN_POINT('',(3.973768894396,0.155352161845));
#6876 = CARTESIAN_POINT('',(4.047859887735,0.181037061301));
#6877 = CARTESIAN_POINT('',(4.187978525471,0.229611563545));
#6878 = CARTESIAN_POINT('',(4.25381904392,0.252436295948));
#6879 = CARTESIAN_POINT('',(4.320287726828,0.275478792216));
#6880 = CARTESIAN_POINT('',(4.387408773168,0.298747441331));
#6881 = CARTESIAN_POINT('',(4.455210978711,0.322252225837));
#6882 = CARTESIAN_POINT('',(4.583836252001,0.366842358363));
#6883 = CARTESIAN_POINT('',(4.644502585967,0.387873371959));
#6884 = CARTESIAN_POINT('',(4.705725790539,0.409097434196));
#6885 = CARTESIAN_POINT('',(4.767525936556,0.43052150297));
#6886 = CARTESIAN_POINT('',(4.829926317764,0.452153653453));
#6887 = CARTESIAN_POINT('',(4.948882554279,0.49339185039));
#6888 = CARTESIAN_POINT('',(5.005310273882,0.512953476428));
#6889 = CARTESIAN_POINT('',(5.062239457242,0.532688943383));
#6890 = CARTESIAN_POINT('',(5.11968756453,0.55260430412));
#6891 = CARTESIAN_POINT('',(5.177673531495,0.572706123035));
#6892 = CARTESIAN_POINT('',(5.335264311319,0.627337639668));
#6893 = CARTESIAN_POINT('',(5.435940554389,0.66223876684));
#6894 = CARTESIAN_POINT('',(5.538268711485,0.697712558027));
#6895 = CARTESIAN_POINT('',(5.642360234138,0.733797649792));
#6896 = CARTESIAN_POINT('',(5.74837644873,0.77054996866));
#6897 = CARTESIAN_POINT('',(5.945030864859,0.838723557355));
#6898 = CARTESIAN_POINT('',(6.03504120427,0.869927168126));
#6899 = CARTESIAN_POINT('',(6.126472966107,0.901623539088));
#6900 = CARTESIAN_POINT('',(6.219412889651,0.933842739886));
#6901 = CARTESIAN_POINT('',(6.313979373066,0.96662581525));
#6902 = CARTESIAN_POINT('',(6.410250978266,1.));
#6903 = ( GEOMETRIC_REPRESENTATION_CONTEXT(2) 
PARAMETRIC_REPRESENTATION_CONTEXT() REPRESENTATION_CONTEXT('2D SPACE',''
  ) );
#6904 = PCURVE('',#6677,#6905);
#6905 = DEFINITIONAL_REPRESENTATION('',(#6906),#6939);
#6906 = B_SPLINE_CURVE_WITH_KNOTS('',6,(#6907,#6908,#6909,#6910,#6911,
    #6912,#6913,#6914,#6915,#6916,#6917,#6918,#6919,#6920,#6921,#6922,
    #6923,#6924,#6925,#6926,#6927,#6928,#6929,#6930,#6931,#6932,#6933,
    #6934,#6935,#6936,#6937,#6938),.UNSPECIFIED.,.F.,.F.,(7,5,5,5,5,5,7)
  ,(0.,0.185061947149,0.346235534861,0.487690378198,0.613252387068,
    0.825705779976,1.),.UNSPECIFIED.);
#6907 = CARTESIAN_POINT('',(-3.075,1.562972843762));
#6908 = CARTESIAN_POINT('',(-2.938086481839,1.763238166867));
#6909 = CARTESIAN_POINT('',(-2.784250663927,1.95168354353));
#6910 = CARTESIAN_POINT('',(-2.614579732741,2.126329445487));
#6911 = CARTESIAN_POINT('',(-2.430456922562,2.285345558613));
#6912 = CARTESIAN_POINT('',(-2.233546020247,2.427041080932));
#6913 = CARTESIAN_POINT('',(-1.844976557312,2.656995990511));
#6914 = CARTESIAN_POINT('',(-1.655902625686,2.749803088856));
#6915 = CARTESIAN_POINT('',(-1.459962876488,2.827397936234));
#6916 = CARTESIAN_POINT('',(-1.258627635487,2.888974714028));
#6917 = CARTESIAN_POINT('',(-1.053504878755,2.933891960771));
#6918 = CARTESIAN_POINT('',(-0.664548213239,2.986172938175));
#6919 = CARTESIAN_POINT('',(-0.481166959622,2.997460628672));
#6920 = CARTESIAN_POINT('',(-0.297402834874,2.995315209364));
#6921 = CARTESIAN_POINT('',(-0.114496648776,2.979596255988));
#6922 = CARTESIAN_POINT('',(6.626381205064E-02,2.950305626212));
#6923 = CARTESIAN_POINT('',(0.400918251663,2.869743672831));
#6924 = CARTESIAN_POINT('',(0.555556943509,2.821309435796));
#6925 = CARTESIAN_POINT('',(0.706536486624,2.762452859075));
#6926 = CARTESIAN_POINT('',(0.852925654864,2.693405953925));
#6927 = CARTESIAN_POINT('',(0.993799943559,2.614515742397));
#6928 = CARTESIAN_POINT('',(1.355741028979,2.376917969253));
#6929 = CARTESIAN_POINT('',(1.56493221888,2.200695611603));
#6930 = CARTESIAN_POINT('',(1.751259449803,1.999934754085));
#6931 = CARTESIAN_POINT('',(1.910684116981,1.777958624485));
#6932 = CARTESIAN_POINT('',(2.039585736409,1.538957023824));
#6933 = CARTESIAN_POINT('',(2.213820102088,1.082659123225));
#6934 = CARTESIAN_POINT('',(2.270032674027,0.869102889999));
#6935 = CARTESIAN_POINT('',(2.302425858848,0.650613613795));
#6936 = CARTESIAN_POINT('',(2.310051832051,0.430489460725));
#6937 = CARTESIAN_POINT('',(2.292475632526,0.212327845332));
#6938 = CARTESIAN_POINT('',(2.250110802944,-6.086797732507E-14));
#6939 = ( GEOMETRIC_REPRESENTATION_CONTEXT(2) 
PARAMETRIC_REPRESENTATION_CONTEXT() REPRESENTATION_CONTEXT('2D SPACE',''
  ) );
#6940 = ORIENTED_EDGE('',*,*,#5977,.F.);
#6941 = ADVANCED_FACE('',(#6942),#6626,.T.);
#6942 = FACE_BOUND('',#6943,.F.);
#6943 = EDGE_LOOP('',(#6944,#6945,#6946,#6947));
#6944 = ORIENTED_EDGE('',*,*,#6693,.T.);
#6945 = ORIENTED_EDGE('',*,*,#6612,.T.);
#6946 = ORIENTED_EDGE('',*,*,#6641,.T.);
#6947 = ORIENTED_EDGE('',*,*,#6948,.F.);
#6948 = EDGE_CURVE('',#6694,#6642,#6949,.T.);
#6949 = SURFACE_CURVE('',#6950,(#6955,#6962),.PCURVE_S1.);
#6950 = CIRCLE('',#6951,2.61375);
#6951 = AXIS2_PLACEMENT_3D('',#6952,#6953,#6954);
#6952 = CARTESIAN_POINT('',(0.,0.,-16.66875));
#6953 = DIRECTION('',(0.,0.,1.));
#6954 = DIRECTION('',(1.,0.,-0.));
#6955 = PCURVE('',#6626,#6956);
#6956 = DEFINITIONAL_REPRESENTATION('',(#6957),#6961);
#6957 = LINE('',#6958,#6959);
#6958 = CARTESIAN_POINT('',(0.,-2.54));
#6959 = VECTOR('',#6960,1.);
#6960 = DIRECTION('',(1.,-0.));
#6961 = ( GEOMETRIC_REPRESENTATION_CONTEXT(2) 
PARAMETRIC_REPRESENTATION_CONTEXT() REPRESENTATION_CONTEXT('2D SPACE',''
  ) );
#6962 = PCURVE('',#6677,#6963);
#6963 = DEFINITIONAL_REPRESENTATION('',(#6964),#6968);
#6964 = CIRCLE('',#6965,2.61375);
#6965 = AXIS2_PLACEMENT_2D('',#6966,#6967);
#6966 = CARTESIAN_POINT('',(0.,0.));
#6967 = DIRECTION('',(1.,0.));
#6968 = ( GEOMETRIC_REPRESENTATION_CONTEXT(2) 
PARAMETRIC_REPRESENTATION_CONTEXT() REPRESENTATION_CONTEXT('2D SPACE',''
  ) );
#6969 = ADVANCED_FACE('',(#6970),#6677,.F.);
#6970 = FACE_BOUND('',#6971,.F.);
#6971 = EDGE_LOOP('',(#6972,#6973,#6974));
#6972 = ORIENTED_EDGE('',*,*,#6833,.F.);
#6973 = ORIENTED_EDGE('',*,*,#6948,.T.);
#6974 = ORIENTED_EDGE('',*,*,#6664,.T.);
#6975 = ( GEOMETRIC_REPRESENTATION_CONTEXT(3) 
GLOBAL_UNCERTAINTY_ASSIGNED_CONTEXT((#6979)) 
GLOBAL_UNIT_ASSIGNED_CONTEXT((#6976,#6977,#6978)) REPRESENTATION_CONTEXT
('Context #1','3D Context with UNIT and UNCERTAINTY') );
#6976 = ( LENGTH_UNIT() NAMED_UNIT(*) SI_UNIT(.MILLI.,.METRE.) );
#6977 = ( NAMED_UNIT(*) PLANE_ANGLE_UNIT() SI_UNIT($,.RADIAN.) );
#6978 = ( NAMED_UNIT(*) SI_UNIT($,.STERADIAN.) SOLID_ANGLE_UNIT() );
#6979 = UNCERTAINTY_MEASURE_WITH_UNIT(LENGTH_MEASURE(5.E-06),#6976,
  'distance_accuracy_value','confusion accuracy');
#6980 = PRODUCT_RELATED_PRODUCT_CATEGORY('part',$,(#7));
ENDSEC;
END-ISO-10303-21;
