ISO-10303-21;
HEADER;
FILE_DESCRIPTION (( 'STEP AP203' ),
    '1' );
FILE_NAME ('Parça 215 - M5x20.step',
    '2026-05-26T12:16:59',
    ( '' ),
    ( '' ),
    'SwSTEP 2.0',
    'SolidWorks 2024',
    '' );
FILE_SCHEMA (( 'CONFIG_CONTROL_DESIGN' ));
ENDSEC;

DATA;
#1 = CARTESIAN_POINT ( 'NONE',  ( 2.163570547729266824, 2.952868551957268828, 2.129020381344183921 ) ) ;
#2 =( BOUNDED_CURVE ( )  B_SPLINE_CURVE ( 2, ( #2458, #2861, #2477, #3838, #3756, #841, #2214, #1494, #529, #1711, #425 ),
 .UNSPECIFIED., .F., .F. ) 
 B_SPLINE_CURVE_WITH_KNOTS ( ( 3, 2, 2, 2, 2, 3 ),
 ( 0.09528024364574327887, 0.1011904761904761640, 0.1071428571428570953, 0.1130952380952380265, 0.1190476190476190688, 0.1190897674552671148 ),
 .UNSPECIFIED. ) 
 CURVE ( )  GEOMETRIC_REPRESENTATION_ITEM ( )  RATIONAL_B_SPLINE_CURVE ( ( 0.9989296255183136575, 0.9244185364022912132, 1.000000000000000000, 0.9238795325112867385, 1.000000000000000000, 0.9238795325112867385, 1.000000000000000000, 0.9238795325112867385, 1.000000000000000000, 0.9994609961089955252, 0.9989296255183136575 ) ) 
 REPRESENTATION_ITEM ( '' )  );
#3 = LINE ( 'NONE', #3558, #2349 ) ;
#4 = CARTESIAN_POINT ( 'NONE',  ( 3.035320154807701343, -7.057552769949304583, 0.02560642317086780570 ) ) ;
#5 = CARTESIAN_POINT ( 'NONE',  ( -1.232840117323734663, -10.23463144804273028, 3.045439664250764178 ) ) ;
#6 = EDGE_CURVE ( 'NONE', #4202, #3809, #3144, .T. ) ;
#7 = CARTESIAN_POINT ( 'NONE',  ( -2.743782991398082238, 3.804846335909285671, 1.153982133839829727 ) ) ;
#8 = CARTESIAN_POINT ( 'NONE',  ( -1.955885693645928569, -2.597034372820479220, 1.933135058238605763 ) ) ;
#9 = CARTESIAN_POINT ( 'NONE',  ( -2.285320154807696902, 4.010157891003983011, -0.0005878831144266401286 ) ) ;
#10 = AXIS2_PLACEMENT_3D ( 'NONE', #11, #1600, #2544 ) ;
#11 = CARTESIAN_POINT ( 'NONE',  ( 4.468337651538803533E-16, 12.50000000000000000, 0.000000000000000000 ) ) ;
#12 = CARTESIAN_POINT ( 'NONE',  ( 4.468337651538803533E-16, 12.50000000000000000, 0.000000000000000000 ) ) ;
#13 = CARTESIAN_POINT ( 'NONE',  ( 2.750000000000005329, 4.840982065803920875, -1.129674997702171391 ) ) ;
#14 = CARTESIAN_POINT ( 'NONE',  ( 1.616381074783573402, -10.36484210899601877, -1.615549682510057927 ) ) ;
#15 = CARTESIAN_POINT ( 'NONE',  ( 0.0005878831144283877541, 0.7601578910039815673, -2.285320154807698234 ) ) ;
#16 = ORIENTED_EDGE ( 'NONE', *, *, #1660, .F. ) ;
#17 = AXIS2_PLACEMENT_3D ( 'NONE', #2925, #999, #1959 ) ;
#18 = ORIENTED_EDGE ( 'NONE', *, *, #182, .F. ) ;
#19 = CARTESIAN_POINT ( 'NONE',  ( 2.128188989070673554, -3.182552769949303695, 2.164401940002777636 ) ) ;
#20 = CARTESIAN_POINT ( 'NONE',  ( 0.01491158336210206097, 0.9923463359092844494, 2.749959571463121311 ) ) ;
#21 = AXIS2_PLACEMENT_3D ( 'NONE', #2775, #913, #2533 ) ;
#22 = CARTESIAN_POINT ( 'NONE',  ( 1.616381074783573180, -8.364842108996018766, -1.615549682510057927 ) ) ;
#23 = CARTESIAN_POINT ( 'NONE',  ( 1.615549682510058815, 5.385157891003983899, 1.616381074783570515 ) ) ;
#24 = CARTESIAN_POINT ( 'NONE',  ( 0.02443065694201581456, 5.827868551957267940, 3.035320154807698234 ) ) ;
#25 = ORIENTED_EDGE ( 'NONE', *, *, #2413, .T. ) ;
#26 = ORIENTED_EDGE ( 'NONE', *, *, #1482, .T. ) ;
#27 = CARTESIAN_POINT ( 'NONE',  ( 1.155154934624600394, -10.03453437282048100, -2.743289438998258500 ) ) ;
#28 = CARTESIAN_POINT ( 'NONE',  ( 0.01491158336210279649, -5.007653664090716106, 2.749959571463121311 ) ) ;
#29 = CARTESIAN_POINT ( 'NONE',  ( 3.035320154807701343, -8.057552769949305471, 0.02560642317086780570 ) ) ;
#30 = CARTESIAN_POINT ( 'NONE',  ( 3.045439664250767287, -7.984631448042730284, 1.232840117323737994 ) ) ;
#31 = CARTESIAN_POINT ( 'NONE',  ( 2.586195758820854618, -11.66380424117913961, 3.392057949005159829E-12 ) ) ;
#32 = CARTESIAN_POINT ( 'NONE',  ( 2.749952945832762730, 3.777965627179521224, 0.01608712857282199732 ) ) ;
#33 = CARTESIAN_POINT ( 'NONE',  ( 0.0005878831144281397971, 2.760157891003981678, -2.285320154807698234 ) ) ;
#34 = ADVANCED_FACE ( 'NONE', ( #2703 ), #3338, .T. ) ;
#35 = CARTESIAN_POINT ( 'NONE',  ( 2.749959571463123087, 2.242346335909283450, -0.01491158336210071135 ) ) ;
#36 = CARTESIAN_POINT ( 'NONE',  ( 0.01608712857282499145, -6.972034372820479220, -2.749952945832760953 ) ) ;
#37 = CARTESIAN_POINT ( 'NONE',  ( -0.5071745914239055297, 7.499999999999995559, 2.702827026247515807 ) ) ;
#38 = CARTESIAN_POINT ( 'NONE',  ( 0.9471984856003596853, -11.30234210899602054, -2.285076645648612459 ) ) ;
#39 = CARTESIAN_POINT ( 'NONE',  ( -0.9460227193715018412, 3.822657891003982567, -2.285563663966784009 ) ) ;
#40 = ORIENTED_EDGE ( 'NONE', *, *, #3728, .F. ) ;
#41 = EDGE_LOOP ( 'NONE', ( #3624, #298, #3445, #3871 ) ) ;
#42 = CARTESIAN_POINT ( 'NONE',  ( -2.128188989070669113, -4.682552769949304583, -2.164401940002777192 ) ) ;
#43 = DIRECTION ( 'NONE',  ( -0.7071067811865466846, 0.7071067811865483499, 0.000000000000000000 ) ) ;
#44 = CARTESIAN_POINT ( 'NONE',  ( 1.615549682510059926, -3.614842108996016989, 1.616381074783570515 ) ) ;
#45 = CARTESIAN_POINT ( 'NONE',  ( -1.616381074783568961, 4.135157891003983011, 1.615549682510057927 ) ) ;
#46 = CARTESIAN_POINT ( 'NONE',  ( -3.035320154807697346, 7.577868551957269716, 0.02443065694201473556 ) ) ;
#47 = ORIENTED_EDGE ( 'NONE', *, *, #610, .T. ) ;
#48 = CARTESIAN_POINT ( 'NONE',  ( -2.749999999999998224, -1.258062755129494725, 0.007455846486311724745 ) ) ;
#49 = CARTESIAN_POINT ( 'NONE',  ( 3.024713627046461184, -6.120052769949305471, 1.282877197436620875 ) ) ;
#50 = CARTESIAN_POINT ( 'NONE',  ( -1.232840117323735551, -4.234631448042730284, 3.045439664250764178 ) ) ;
#51 = CARTESIAN_POINT ( 'NONE',  ( -2.749999999999998668, 1.741937244870506607, 0.007455846486311585967 ) ) ;
#52 = EDGE_CURVE ( 'NONE', #1109, #1125, #978, .T. ) ;
#53 = CARTESIAN_POINT ( 'NONE',  ( -2.749999999999998668, -2.721150626953492857, 9.429889033906309885E-15 ) ) ;
#54 = CARTESIAN_POINT ( 'NONE',  ( -1.615549682510056373, 3.885157891003982567, -1.616381074783570293 ) ) ;
#55 =( BOUNDED_CURVE ( )  B_SPLINE_CURVE ( 2, ( #3696, #445, #424, #3037, #2350, #1416, #466, #2676, #1730, #2719, #1687 ),
 .UNSPECIFIED., .F., .F. ) 
 B_SPLINE_CURVE_WITH_KNOTS ( ( 3, 2, 2, 2, 2, 3 ),
 ( 0.6905216597494701070, 0.6964285714285713969, 0.7023809523809523281, 0.7083333333333333703, 0.7142857142857143016, 0.7143311835589939429 ),
 .UNSPECIFIED. ) 
 CURVE ( )  GEOMETRIC_REPRESENTATION_ITEM ( )  RATIONAL_B_SPLINE_CURVE ( ( 0.9988459397136756346, 0.9244610044241410307, 1.000000000000000000, 0.9238795325112867385, 1.000000000000000000, 0.9238795325112867385, 1.000000000000000000, 0.9238795325112867385, 1.000000000000000000, 0.9994185280871457078, 0.9988459397136756346 ) ) 
 REPRESENTATION_ITEM ( '' )  );
#56 =( LENGTH_UNIT ( ) NAMED_UNIT ( * ) SI_UNIT ( .MILLI., .METRE. ) );
#57 = CARTESIAN_POINT ( 'NONE',  ( 1.155154934624599727, -7.034534372820479220, -2.743289438998258500 ) ) ;
#58 = DIRECTION ( 'NONE',  ( -1.224646799147353454E-16, 1.000000000000000000, -0.000000000000000000 ) ) ;
#59 = CARTESIAN_POINT ( 'NONE',  ( 0.0005878831144297318395, -10.23984210899601699, -2.285320154807698234 ) ) ;
#60 = CYLINDRICAL_SURFACE ( 'NONE', #82, 2.750000000000000000 ) ;
#61 = ORIENTED_EDGE ( 'NONE', *, *, #742, .F. ) ;
#62 = EDGE_CURVE ( 'NONE', #2485, #2167, #430, .T. ) ;
#63 = CARTESIAN_POINT ( 'NONE',  ( -2.164401940002775415, -2.432552769949305027, 2.128188989070671777 ) ) ;
#64 = CARTESIAN_POINT ( 'NONE',  ( -3.999999999999998224, 12.50000000000000000, 4.898587196589411843E-16 ) ) ;
#65 = CARTESIAN_POINT ( 'NONE',  ( 2.285320154807700899, -4.489842108996017878, 0.0005878831144263633318 ) ) ;
#66 = CARTESIAN_POINT ( 'NONE',  ( -2.211865794069557190, -11.87909063789268771, 0.8908149196218940746 ) ) ;
#67 = CARTESIAN_POINT ( 'NONE',  ( -0.02443065694201359758, 5.327868551957267940, -3.035320154807698234 ) ) ;
#68 = ORIENTED_EDGE ( 'NONE', *, *, #2611, .F. ) ;
#69 = ORIENTED_EDGE ( 'NONE', *, *, #3778, .T. ) ;
#70 = CARTESIAN_POINT ( 'NONE',  ( 2.743289438998259389, -0.2845343728204791089, 1.155154934624598617 ) ) ;
#71 = CARTESIAN_POINT ( 'NONE',  ( 2.285320154807700899, -4.489842108996017878, 0.0005878831144263602961 ) ) ;
#72 = CARTESIAN_POINT ( 'NONE',  ( 2.129020381344186141, -5.797131448042731172, -2.163570547729265492 ) ) ;
#73 = CARTESIAN_POINT ( 'NONE',  ( 2.750000000000002220, -5.221593030817615499, 0.008043633102135502866 ) ) ;
#74 = CARTESIAN_POINT ( 'NONE',  ( 2.749952945832763174, -1.222034372820479886, 0.01608712857282199732 ) ) ;
#75 = CARTESIAN_POINT ( 'NONE',  ( 1.615549682510058593, 7.385157891003982122, 1.616381074783570515 ) ) ;
#76 = CARTESIAN_POINT ( 'NONE',  ( 2.750000000000002665, -0.7580627551294940591, -0.007455846486311910361 ) ) ;
#77 = CARTESIAN_POINT ( 'NONE',  ( 0.2021959100710302437, 7.499999999999987566, -2.714131584340843339 ) ) ;
#78 = CARTESIAN_POINT ( 'NONE',  ( 1.616381074783572735, -4.364842108996017878, -1.615549682510057927 ) ) ;
#79 =( BOUNDED_CURVE ( )  B_SPLINE_CURVE ( 2, ( #118, #1045, #2007, #2331, #1750, #2741, #378, #1368, #35, #3975, #3674 ),
 .UNSPECIFIED., .F., .F. ) 
 B_SPLINE_CURVE_WITH_KNOTS ( ( 3, 2, 2, 2, 2, 3 ),
 ( 0.2381373865028860726, 0.2440476190476190688, 0.2500000000000000000, 0.2559523809523809312, 0.2619047619047618625, 0.2619469103124099085 ),
 .UNSPECIFIED. ) 
 CURVE ( )  GEOMETRIC_REPRESENTATION_ITEM ( )  RATIONAL_B_SPLINE_CURVE ( ( 0.9989296255183136575, 0.9244185364022912132, 1.000000000000000000, 0.9238795325112867385, 1.000000000000000000, 0.9238795325112867385, 1.000000000000000000, 0.9238795325112867385, 1.000000000000000000, 0.9994609961089955252, 0.9989296255183136575 ) ) 
 REPRESENTATION_ITEM ( '' )  );
#80 = CARTESIAN_POINT ( 'NONE',  ( 0.9471984856003579090, 3.697657891003982567, -2.285076645648612459 ) ) ;
#81 = CARTESIAN_POINT ( 'NONE',  ( 2.750000000000002665, -8.221150626953493301, 1.322898101878941796E-16 ) ) ;
#83 = VERTEX_POINT ( 'NONE', #1075 ) ;
#82 = AXIS2_PLACEMENT_3D ( 'NONE', #2769, #718, #386 ) ;
#84 = CARTESIAN_POINT ( 'NONE',  ( 1.282877197436621097, 1.129947230050694751, -3.024713627046460296 ) ) ;
#85 = CARTESIAN_POINT ( 'NONE',  ( -1.933135058238603543, -1.847034372820478776, -1.955885693645930345 ) ) ;
#86 = CARTESIAN_POINT ( 'NONE',  ( 2.285076645648614235, -3.552342108996016989, 0.9471984856003577979 ) ) ;
#87 = CARTESIAN_POINT ( 'NONE',  ( -1.615549682510057039, 7.885157891003983011, -1.616381074783570293 ) ) ;
#88 = EDGE_CURVE ( 'NONE', #2704, #236, #453, .T. ) ;
#89 = CARTESIAN_POINT ( 'NONE',  ( 3.045439664250766398, 6.015368551957268828, 1.232840117323737994 ) ) ;
#90 = ORIENTED_EDGE ( 'NONE', *, *, #1535, .F. ) ;
#91 = CARTESIAN_POINT ( 'NONE',  ( -2.749999999999996891, -7.721150626953492413, -4.714944516953152182E-16 ) ) ;
#92 = CARTESIAN_POINT ( 'NONE',  ( 1.615549682510059482, -0.6148421089960178776, 1.616381074783570515 ) ) ;
#93 = CARTESIAN_POINT ( 'NONE',  ( -0.02443065694201224797, -5.672131448042731172, -3.035320154807698234 ) ) ;
#94 = CARTESIAN_POINT ( 'NONE',  ( 2.749952945832763618, -5.222034372820479220, 0.01608712857282199732 ) ) ;
#95 = PLANE ( 'NONE',  #2283 ) ;
#96 = CARTESIAN_POINT ( 'NONE',  ( -2.285320154807696902, 5.010157891003983899, -0.0005878831144266401286 ) ) ;
#97 = CARTESIAN_POINT ( 'NONE',  ( 2.749959571463123087, 1.242346335909284560, -0.01491158336210071135 ) ) ;
#98 = EDGE_CURVE ( 'NONE', #2431, #1422, #1699, .T. ) ;
#99 = CARTESIAN_POINT ( 'NONE',  ( -0.01491158336209850305, -0.5076536640907153286, -2.749959571463121311 ) ) ;
#100 = DIRECTION ( 'NONE',  ( -1.000000000000000000, 0.000000000000000000, 0.000000000000000000 ) ) ;
#101 = CARTESIAN_POINT ( 'NONE',  ( 2.285320154807701343, -7.489842108996017878, 0.0005878831144263602961 ) ) ;
#102 = CARTESIAN_POINT ( 'NONE',  ( -2.285320154807696902, 4.010157891003983011, -0.0005878831144266431644 ) ) ;
#103 = CC_DESIGN_PERSON_AND_ORGANIZATION_ASSIGNMENT ( #3814, #2253, ( #2316 ) ) ;
#104 = CARTESIAN_POINT ( 'NONE',  ( -2.749999999999996891, -8.258472758984490625, 2.798203851936858590E-17 ) ) ;
#105 = ORIENTED_EDGE ( 'NONE', *, *, #1172, .F. ) ;
#106 = CARTESIAN_POINT ( 'NONE',  ( -0.02560642317086671282, 2.692447230050696305, 3.035320154807698234 ) ) ;
#107 = CARTESIAN_POINT ( 'NONE',  ( -2.111688844505618778, -11.93770464003789478, 0.9540182926386705509 ) ) ;
#108 = CARTESIAN_POINT ( 'NONE',  ( 2.285076645648614679, -5.552342108996018766, 0.9471984856003577979 ) ) ;
#109 = CARTESIAN_POINT ( 'NONE',  ( -0.0005878831144236095667, -9.739842108996018766, 2.285320154807698234 ) ) ;
#110 = ORIENTED_EDGE ( 'NONE', *, *, #636, .T. ) ;
#111 = EDGE_LOOP ( 'NONE', ( #2689, #725, #1804, #868 ) ) ;
#112 = CARTESIAN_POINT ( 'NONE',  ( -2.285076645648610683, -3.052342108996018766, -0.9471984856003564657 ) ) ;
#113 = CARTESIAN_POINT ( 'NONE',  ( -1.281701431207763253, -7.609631448042730284, -3.025200645364631846 ) ) ;
#114 = EDGE_CURVE ( 'NONE', #409, #4176, #1106, .T. ) ;
#115 = CYLINDRICAL_SURFACE ( 'NONE', #1226, 2.750000000000000000 ) ;
#116 = CARTESIAN_POINT ( 'NONE',  ( 1.122980677478955913, -1.409534372820478554, 2.756616452667262962 ) ) ;
#117 = CARTESIAN_POINT ( 'NONE',  ( -1.616381074783568961, 4.135157891003983011, 1.615549682510057927 ) ) ;
#118 = CARTESIAN_POINT ( 'NONE',  ( -2.749999999999997780, 2.741527241015508487, -9.520676621074870057E-15 ) ) ;
#119 = VECTOR ( 'NONE', #1921, 1000.000000000000000 ) ;
#120 = CARTESIAN_POINT ( 'NONE',  ( 0.000000000000000000, 0.000000000000000000, 0.000000000000000000 ) ) ;
#121 = CYLINDRICAL_SURFACE ( 'NONE', #2143, 2.750000000000000000 ) ;
#122 = LINE ( 'NONE', #758, #2112 ) ;
#123 = CARTESIAN_POINT ( 'NONE',  ( 1.933135058238607762, -4.347034372820479220, 1.955885693645930790 ) ) ;
#124 =( GEOMETRIC_REPRESENTATION_CONTEXT ( 3 ) GLOBAL_UNCERTAINTY_ASSIGNED_CONTEXT ( ( #3876 ) ) GLOBAL_UNIT_ASSIGNED_CONTEXT ( ( #56, #3014, #2394 ) ) REPRESENTATION_CONTEXT ( 'NONE', 'WORKASPACE' ) );
#125 = CARTESIAN_POINT ( 'NONE',  ( -2.285076645648610238, -5.052342108996018766, -0.9471984856003564657 ) ) ;
#126 = CARTESIAN_POINT ( 'NONE',  ( 1.231664351094887477, -11.24505276994930547, 3.045926682568936172 ) ) ;
#127 = ORIENTED_EDGE ( 'NONE', *, *, #2576, .F. ) ;
#128 = EDGE_LOOP ( 'NONE', ( #61, #3783, #1085, #3392 ) ) ;
#129 = CARTESIAN_POINT ( 'NONE',  ( 1.314768944794648453, -11.76570375755151687, 2.113262712737034921 ) ) ;
#130 = CARTESIAN_POINT ( 'NONE',  ( -1.616381074783567851, -4.864842108996017878, 1.615549682510057927 ) ) ;
#131 = CARTESIAN_POINT ( 'NONE',  ( -2.285076645648608906, -11.05234210899602232, -0.9471984856003564657 ) ) ;
#132 = ORIENTED_EDGE ( 'NONE', *, *, #1273, .F. ) ;
#133 = ADVANCED_FACE ( 'NONE', ( #148 ), #60, .T. ) ;
#134 = CARTESIAN_POINT ( 'NONE',  ( -2.749999999999997780, -6.721150626953494189, 9.429889033906309885E-15 ) ) ;
#135 = CARTESIAN_POINT ( 'NONE',  ( 2.285563663966786230, -4.427342108996017878, -0.9460227193715035066 ) ) ;
#136 = CARTESIAN_POINT ( 'NONE',  ( -3.025200645364630514, -0.3596314480427305615, 1.281701431207765474 ) ) ;
#137 = DIRECTION ( 'NONE',  ( -1.224646799147353454E-16, 1.000000000000000000, -0.000000000000000000 ) ) ;
#138 = CARTESIAN_POINT ( 'NONE',  ( -1.955885693645929457, 5.402965627179522556, 1.933135058238605763 ) ) ;
#139 = CARTESIAN_POINT ( 'NONE',  ( -2.749999999999997780, 2.741527241015508487, -9.520676621074870057E-15 ) ) ;
#140 = CARTESIAN_POINT ( 'NONE',  ( 2.285563663966785342, 6.572657891003981234, -0.9460227193715036176 ) ) ;
#141 = EDGE_CURVE ( 'NONE', #2336, #3544, #1373, .T. ) ;
#142 = CARTESIAN_POINT ( 'NONE',  ( -1.155154934624596841, 4.465465627179521668, 2.743289438998258056 ) ) ;
#143 = CARTESIAN_POINT ( 'NONE',  ( 4.468337651538803533E-16, 12.50000000000000000, 0.000000000000000000 ) ) ;
#144 = DIRECTION ( 'NONE',  ( -1.224646799147353454E-16, 1.000000000000000000, -0.000000000000000000 ) ) ;
#145 = CARTESIAN_POINT ( 'NONE',  ( 2.750000000000002665, -11.15901793419607912, -1.129674997702176498 ) ) ;
#146 = CARTESIAN_POINT ( 'NONE',  ( -1.616381074783568073, -3.864842108996017433, 1.615549682510057927 ) ) ;
#147 = CARTESIAN_POINT ( 'NONE',  ( 1.231664351094887255, -10.24505276994930547, 3.045926682568936172 ) ) ;
#148 = FACE_OUTER_BOUND ( 'NONE', #1919, .T. ) ;
#149 = ORIENTED_EDGE ( 'NONE', *, *, #675, .T. ) ;
#150 = CARTESIAN_POINT ( 'NONE',  ( -3.035320154807696458, 1.442447230050694973, -0.02560642317086817693 ) ) ;
#151 = CARTESIAN_POINT ( 'NONE',  ( 2.007503397147152313, -11.72994064978748696, 1.530857908933394906 ) ) ;
#152 = CARTESIAN_POINT ( 'NONE',  ( 1.615549682510059482, -0.6148421089960178776, 1.616381074783570515 ) ) ;
#153 = CARTESIAN_POINT ( 'NONE',  ( 2.285076645648615123, -9.552342108996018766, 0.9471984856003577979 ) ) ;
#154 = ORIENTED_EDGE ( 'NONE', *, *, #1063, .T. ) ;
#155 = VECTOR ( 'NONE', #1967, 999.9999999999998863 ) ;
#156 = CARTESIAN_POINT ( 'NONE',  ( 2.285076645648615123, -10.55234210899602054, 0.9471984856003577979 ) ) ;
#157 = CARTESIAN_POINT ( 'NONE',  ( 2.285076645648614235, -2.552342108996018322, 0.9471984856003577979 ) ) ;
#158 = CARTESIAN_POINT ( 'NONE',  ( -0.02443065694201249083, -3.672131448042731616, -3.035320154807698234 ) ) ;
#159 = AXIS2_PLACEMENT_3D ( 'NONE', #565, #3118, #2860 ) ;
#160 = PLANE ( 'NONE',  #2661 ) ;
#161 = CARTESIAN_POINT ( 'NONE',  ( 2.000000000000000444, 10.50000000000000000, 1.154700538379252572 ) ) ;
#162 = CARTESIAN_POINT ( 'NONE',  ( 0.9460227193715052829, 5.322657891003985675, 2.285563663966783565 ) ) ;
#163 = CARTESIAN_POINT ( 'NONE',  ( 3.045439664250767731, -11.98463144804273028, 1.232840117323737994 ) ) ;
#164 = CARTESIAN_POINT ( 'NONE',  ( 2.750000000000001776, 1.778406969182382058, 0.008043633102135577459 ) ) ;
#165 = LINE ( 'NONE', #2158, #822 ) ;
#166 = EDGE_CURVE ( 'NONE', #2809, #3072, #545, .T. ) ;
#167 = DIRECTION ( 'NONE',  ( -1.000000000000000000, 0.000000000000000000, 0.000000000000000000 ) ) ;
#168 = CARTESIAN_POINT ( 'NONE',  ( 1.616381074783572958, -5.364842108996017878, -1.615549682510057927 ) ) ;
#169 = CARTESIAN_POINT ( 'NONE',  ( -0.9471984856003563547, 7.197657891003982122, 2.285076645648612459 ) ) ;
#170 = CARTESIAN_POINT ( 'NONE',  ( 2.750000000000002220, 3.241527241015508931, 9.486758998627150629E-15 ) ) ;
#171 = ORIENTED_EDGE ( 'NONE', *, *, #1718, .T. ) ;
#172 =( BOUNDED_CURVE ( )  B_SPLINE_CURVE ( 2, ( #1936, #2233, #1979, #2628, #28, #3583, #1340, #3928, #1999, #3601, #609 ),
 .UNSPECIFIED., .F., .F. ) 
 B_SPLINE_CURVE_WITH_KNOTS ( ( 3, 2, 2, 2, 2, 3 ),
 ( 0.5952802436457432789, 0.6011904761904761640, 0.6071428571428570953, 0.6130952380952381375, 0.6190476190476190688, 0.6190897674552672258 ),
 .UNSPECIFIED. ) 
 CURVE ( )  GEOMETRIC_REPRESENTATION_ITEM ( )  RATIONAL_B_SPLINE_CURVE ( ( 0.9989296255183136575, 0.9244185364022912132, 1.000000000000000000, 0.9238795325112867385, 1.000000000000000000, 0.9238795325112867385, 1.000000000000000000, 0.9238795325112867385, 1.000000000000000000, 0.9994609961089941930, 0.9989296255183109929 ) ) 
 REPRESENTATION_ITEM ( '' )  );
#173 = CARTESIAN_POINT ( 'NONE',  ( 1.282877197436621097, 0.1299472300506955558, -3.024713627046460296 ) ) ;
#174 = CARTESIAN_POINT ( 'NONE',  ( 2.285563663966787118, -12.42734210899601877, -0.9460227193715035066 ) ) ;
#175 = ORIENTED_EDGE ( 'NONE', *, *, #1535, .T. ) ;
#176 = CARTESIAN_POINT ( 'NONE',  ( -2.285076645648608906, -12.05234210899601699, -0.9471984856003564657 ) ) ;
#177 = CARTESIAN_POINT ( 'NONE',  ( 2.285320154807700455, -0.4898421089960178221, 0.0005878831144263602961 ) ) ;
#178 = CARTESIAN_POINT ( 'NONE',  ( -1.281701431207764363, -0.6096314480427308391, -3.025200645364631846 ) ) ;
#179 = CARTESIAN_POINT ( 'NONE',  ( 2.749959571463124863, -8.757653664090717882, -0.01491158336210071135 ) ) ;
#180 = CARTESIAN_POINT ( 'NONE',  ( -0.3294868006943781347, 7.499999999999996447, 2.718034557913691085 ) ) ;
#181 = CARTESIAN_POINT ( 'NONE',  ( -2.749999999999993783, -1.320632406416704985, -1.130362027696528715 ) ) ;
#182 = EDGE_CURVE ( 'NONE', #1109, #595, #1856, .T. ) ;
#183 = CARTESIAN_POINT ( 'NONE',  ( 1.122980677478956579, -6.409534372820480108, 2.756616452667262962 ) ) ;
#184 = CARTESIAN_POINT ( 'NONE',  ( 4.250000000000001776, 12.24999999999999289, 5.204748896376251685E-16 ) ) ;
#185 = CARTESIAN_POINT ( 'NONE',  ( 2.285320154807700455, -0.4898421089960178221, 0.0005878831144263602961 ) ) ;
#186 = CARTESIAN_POINT ( 'NONE',  ( 3.024713627046462516, -11.12005276994930369, 1.282877197436620875 ) ) ;
#187 = ORIENTED_EDGE ( 'NONE', *, *, #2449, .T. ) ;
#188 = CARTESIAN_POINT ( 'NONE',  ( 1.282877197436620653, 3.129947230050694529, -3.024713627046460296 ) ) ;
#189 = DIRECTION ( 'NONE',  ( -1.224646799147353454E-16, 1.000000000000000000, -0.000000000000000000 ) ) ;
#190 = CARTESIAN_POINT ( 'NONE',  ( -1.616381074783568295, -1.864842108996017211, 1.615549682510057927 ) ) ;
#191 = VECTOR ( 'NONE', #2036, 1000.000000000000114 ) ;
#192 =( BOUNDED_CURVE ( )  B_SPLINE_CURVE ( 2, ( #53, #2969, #8, #2587, #1003, #1914, #2004, #354, #2613, #4234, #1023 ),
 .UNSPECIFIED., .F., .F. ) 
 B_SPLINE_CURVE_WITH_KNOTS ( ( 3, 2, 2, 2, 2, 3 ),
 ( 0.4524264216542320804, 0.4583333333333333148, 0.4642857142857143016, 0.4702380952380952328, 0.4761904761904761640, 0.4762359454637558609 ),
 .UNSPECIFIED. ) 
 CURVE ( )  GEOMETRIC_REPRESENTATION_ITEM ( )  RATIONAL_B_SPLINE_CURVE ( ( 0.9988459397136741913, 0.9244610044241416968, 1.000000000000000000, 0.9238795325112867385, 1.000000000000000000, 0.9238795325112867385, 1.000000000000000000, 0.9238795325112867385, 1.000000000000000000, 0.9994185280871449306, 0.9988459397136740803 ) ) 
 REPRESENTATION_ITEM ( '' )  );
#193 = EDGE_CURVE ( 'NONE', #236, #2431, #4183, .T. ) ;
#194 = CARTESIAN_POINT ( 'NONE',  ( -0.9460227193715003979, -9.177342108996020542, -2.285563663966784009 ) ) ;
#195 = ORIENTED_EDGE ( 'NONE', *, *, #4244, .T. ) ;
#196 = CARTESIAN_POINT ( 'NONE',  ( -2.749999999999999556, 12.50000000000000000, 0.000000000000000000 ) ) ;
#197 = CARTESIAN_POINT ( 'NONE',  ( 2.285320154807701343, -10.48984210899601877, 0.0005878831144263633318 ) ) ;
#198 = CARTESIAN_POINT ( 'NONE',  ( -0.0005878831144252016092, 3.260157891003982122, 2.285320154807698234 ) ) ;
#199 = CARTESIAN_POINT ( 'NONE',  ( 2.163570547729267268, -3.047131448042731172, 2.129020381344183921 ) ) ;
#200 = CARTESIAN_POINT ( 'NONE',  ( 2.750000000000002665, -8.159017934196079125, -1.129674997702174943 ) ) ;
#201 = CARTESIAN_POINT ( 'NONE',  ( -2.743289438998255836, -4.784534372820479220, -1.155154934624597285 ) ) ;
#202 = CARTESIAN_POINT ( 'NONE',  ( -2.749999999999999556, 12.50000000000000000, 0.000000000000000000 ) ) ;
#203 = CARTESIAN_POINT ( 'NONE',  ( -2.749999999999993783, -3.320632406416705873, -1.130362027696529159 ) ) ;
#204 = CARTESIAN_POINT ( 'NONE',  ( 4.468337651538803533E-16, 12.50000000000000000, 0.000000000000000000 ) ) ;
#205 = CARTESIAN_POINT ( 'NONE',  ( 1.616381074783572291, -0.3648421089960177111, -1.615549682510057927 ) ) ;
#206 = CARTESIAN_POINT ( 'NONE',  ( 0.02560642317087129249, -10.80755276994930547, -3.035320154807698234 ) ) ;
#207 = CARTESIAN_POINT ( 'NONE',  ( 2.750000000000001776, -3.221150626953491969, -9.619843633150466576E-15 ) ) ;
#208 = ORIENTED_EDGE ( 'NONE', *, *, #3253, .F. ) ;
#209 = CARTESIAN_POINT ( 'NONE',  ( -3.045926682568936172, 4.504947230050696305, 1.231664351094882814 ) ) ;
#210 = CARTESIAN_POINT ( 'NONE',  ( -2.749999999999997780, -4.258062755129494725, 0.007455846486311585967 ) ) ;
#211 = CARTESIAN_POINT ( 'NONE',  ( -2.285563663966783121, -1.927342108996017433, 0.9460227193715031735 ) ) ;
#212 = CARTESIAN_POINT ( 'NONE',  ( -0.0005878831144240994093, -5.739842108996017878, 2.285320154807698234 ) ) ;
#213 = ORIENTED_EDGE ( 'NONE', *, *, #3052, .F. ) ;
#214 = EDGE_CURVE ( 'NONE', #2365, #3687, #3447, .T. ) ;
#215 = CARTESIAN_POINT ( 'NONE',  ( 1.933135058238607096, 0.6529656271795217792, 1.955885693645930790 ) ) ;
#216 = AXIS2_PLACEMENT_3D ( 'NONE', #1283, #943, #923 ) ;
#217 = CARTESIAN_POINT ( 'NONE',  ( -0.9460227193715017302, 0.8226578910039817893, -2.285563663966784009 ) ) ;
#218 =( BOUNDED_CURVE ( )  B_SPLINE_CURVE ( 2, ( #2096, #1391, #3400, #4019, #1771, #2654, #1025, #2372, #1094, #1220, #530 ),
 .UNSPECIFIED., .F., .F. ) 
 B_SPLINE_CURVE_WITH_KNOTS ( ( 3, 2, 2, 2, 2, 3 ),
 ( 0.4524231007886003741, 0.4583333333333332593, 0.4642857142857143016, 0.4702380952380952328, 0.4761904761904761640, 0.4762326245981242101 ),
 .UNSPECIFIED. ) 
 CURVE ( )  GEOMETRIC_REPRESENTATION_ITEM ( )  RATIONAL_B_SPLINE_CURVE ( ( 0.9989296255183136575, 0.9244185364022912132, 1.000000000000000000, 0.9238795325112867385, 1.000000000000000000, 0.9238795325112867385, 1.000000000000000000, 0.9238795325112867385, 1.000000000000000000, 0.9994609961089955252, 0.9989296255183136575 ) ) 
 REPRESENTATION_ITEM ( '' )  );
#219 = CARTESIAN_POINT ( 'NONE',  ( 2.129020381344185697, -0.7971314480427309501, -2.163570547729265492 ) ) ;
#220 = APPROVAL_STATUS ( 'not_yet_approved' ) ;
#221 = CARTESIAN_POINT ( 'NONE',  ( 2.750000000000002665, -8.758472758984492401, -3.400241650383879346E-16 ) ) ;
#222 = CARTESIAN_POINT ( 'NONE',  ( 8.608520293808963460E-16, 10.50000000000000000, -2.309401076758503368 ) ) ;
#223 = VECTOR ( 'NONE', #2584, 1000.000000000000000 ) ;
#224 = CARTESIAN_POINT ( 'NONE',  ( -2.163570547729262383, -12.54713144804273028, -2.129020381344183477 ) ) ;
#225 = VECTOR ( 'NONE', #3325, 1000.000000000000114 ) ;
#226 = CARTESIAN_POINT ( 'NONE',  ( 1.124158967115631347, -3.570153664090716994, -2.756136151528160827 ) ) ;
#227 = LINE ( 'NONE', #2542, #719 ) ;
#228 = CARTESIAN_POINT ( 'NONE',  ( -0.9460227193715010641, -3.177342108996019210, -2.285563663966784009 ) ) ;
#229 = CARTESIAN_POINT ( 'NONE',  ( -2.128188989070669113, -5.682552769949304583, -2.164401940002777192 ) ) ;
#230 = DIRECTION ( 'NONE',  ( -1.000000000000000000, 0.000000000000000000, 0.000000000000000000 ) ) ;
#231 = VERTEX_POINT ( 'NONE', #4170 ) ;
#232 = CARTESIAN_POINT ( 'NONE',  ( 3.024713627046460740, 5.879947230050697193, 1.282877197436620875 ) ) ;
#233 = CARTESIAN_POINT ( 'NONE',  ( 2.743782991398083571, 6.304846335909283894, -1.153982133839830615 ) ) ;
#234 = CARTESIAN_POINT ( 'NONE',  ( -1.615549682510055929, -1.114842108996018322, -1.616381074783570293 ) ) ;
#235 = CARTESIAN_POINT ( 'NONE',  ( -1.615549682510055485, -6.114842108996017878, -1.616381074783570293 ) ) ;
#236 = VERTEX_POINT ( 'NONE', #1480 ) ;
#237 = DIRECTION ( 'NONE',  ( -1.224646799147353454E-16, 1.000000000000000000, -0.000000000000000000 ) ) ;
#238 = CARTESIAN_POINT ( 'NONE',  ( -2.749999999999998668, 0.2788493730465068654, -1.022193187182612512E-14 ) ) ;
#239 = CARTESIAN_POINT ( 'NONE',  ( -0.9460227193715018412, 1.822657891003982567, -2.285563663966784009 ) ) ;
#240 = CARTESIAN_POINT ( 'NONE',  ( 3.035320154807699566, 3.077868551957268828, -0.02443065694201510679 ) ) ;
#241 = CARTESIAN_POINT ( 'NONE',  ( -1.933135058238602877, -7.847034372820478332, -1.955885693645930345 ) ) ;
#242 =( BOUNDED_CURVE ( )  B_SPLINE_CURVE ( 2, ( #3380, #2418, #3423, #3654, #1752, #1792, #3101, #1118, #3061, #164, #2783 ),
 .UNSPECIFIED., .F., .F. ) 
 B_SPLINE_CURVE_WITH_KNOTS ( ( 3, 2, 2, 2, 2, 3 ),
 ( 0.6429026121304225461, 0.6488095238095238360, 0.6547619047619047672, 0.6607142857142856984, 0.6666666666666666297, 0.6667121359399462710 ),
 .UNSPECIFIED. ) 
 CURVE ( )  GEOMETRIC_REPRESENTATION_ITEM ( )  RATIONAL_B_SPLINE_CURVE ( ( 0.9988459397136756346, 0.9244610044241410307, 1.000000000000000000, 0.9238795325112867385, 1.000000000000000000, 0.9238795325112867385, 1.000000000000000000, 0.9238795325112867385, 1.000000000000000000, 0.9994185280871457078, 0.9988459397136755236 ) ) 
 REPRESENTATION_ITEM ( '' )  );
#243 = CARTESIAN_POINT ( 'NONE',  ( -1.122980677478950584, -4.909534372820479220, -2.756616452667264294 ) ) ;
#244 = CARTESIAN_POINT ( 'NONE',  ( 3.045439664250767287, -9.984631448042730284, 1.232840117323737994 ) ) ;
#245 = ADVANCED_FACE ( 'NONE', ( #3123 ), #2788, .T. ) ;
#246 = CARTESIAN_POINT ( 'NONE',  ( 2.749952945832763618, -6.222034372820479220, 0.01608712857282199732 ) ) ;
#247 = CARTESIAN_POINT ( 'NONE',  ( -2.749999999999997780, -6.258472758984491513, -9.659738873110522393E-15 ) ) ;
#248 = CARTESIAN_POINT ( 'NONE',  ( 2.285563663966786230, -2.427342108996018322, -0.9460227193715036176 ) ) ;
#249 = CARTESIAN_POINT ( 'NONE',  ( 4.468337651538803533E-16, 12.50000000000000000, 0.000000000000000000 ) ) ;
#250 = ORIENTED_EDGE ( 'NONE', *, *, #961, .F. ) ;
#251 = CARTESIAN_POINT ( 'NONE',  ( 0.02560642317086920736, 6.192447230050693641, -3.035320154807698234 ) ) ;
#252 = CARTESIAN_POINT ( 'NONE',  ( -2.749999999999999556, 6.741527241015509375, -9.797953184584977129E-15 ) ) ;
#253 = CARTESIAN_POINT ( 'NONE',  ( -1.615549682510056373, 2.885157891003981678, -1.616381074783570293 ) ) ;
#254 = CARTESIAN_POINT ( 'NONE',  ( 2.285563663966786674, -7.427342108996017878, -0.9460227193715035066 ) ) ;
#255 = EDGE_LOOP ( 'NONE', ( #2185, #1601, #1883, #3705 ) ) ;
#256 = CARTESIAN_POINT ( 'NONE',  ( 4.468337651538803533E-16, 12.50000000000000000, 0.000000000000000000 ) ) ;
#257 = CARTESIAN_POINT ( 'NONE',  ( 2.285320154807701343, -7.489842108996017878, 0.0005878831144263633318 ) ) ;
#258 = CARTESIAN_POINT ( 'NONE',  ( 0.9460227193715058380, 2.322657891003983011, 2.285563663966783565 ) ) ;
#259 = CARTESIAN_POINT ( 'NONE',  ( 2.129020381344185253, 1.202868551957269050, -2.163570547729265492 ) ) ;
#260 = APPROVAL_ROLE ( '' ) ;
#261 = CARTESIAN_POINT ( 'NONE',  ( 2.750000000000002665, -10.22115062695349330, 1.322898101878941796E-16 ) ) ;
#262 = CARTESIAN_POINT ( 'NONE',  ( -2.743289438998256724, 1.215465627179520558, -1.155154934624597285 ) ) ;
#263 = CARTESIAN_POINT ( 'NONE',  ( -0.1488450891774161788, 7.499999999999998224, 2.716263180857561021 ) ) ;
#264 = CARTESIAN_POINT ( 'NONE',  ( -2.163570547729262383, -11.54713144804273206, -2.129020381344183477 ) ) ;
#265 = CARTESIAN_POINT ( 'NONE',  ( 2.470150466160805358, -11.62888109675594173, -0.8951430383924819933 ) ) ;
#266 = FACE_OUTER_BOUND ( 'NONE', #2545, .T. ) ;
#267 = ADVANCED_FACE ( 'NONE', ( #1523 ), #1838, .T. ) ;
#268 = CARTESIAN_POINT ( 'NONE',  ( 2.750000000000002665, -4.758472758984492401, 9.486758998627150629E-15 ) ) ;
#269 = ORIENTED_EDGE ( 'NONE', *, *, #3417, .T. ) ;
#270 = CARTESIAN_POINT ( 'NONE',  ( 3.035320154807700010, 2.942447230050694529, 0.02560642317086780570 ) ) ;
#271 = CARTESIAN_POINT ( 'NONE',  ( 2.750000000000002220, 6.241937244870506163, -0.007455846486311910361 ) ) ;
#272 = CARTESIAN_POINT ( 'NONE',  ( -0.0005878831144249598321, 1.260157891003981900, 2.285320154807698234 ) ) ;
#273 = EDGE_LOOP ( 'NONE', ( #171, #1944, #787, #2983 ) ) ;
#274 = CARTESIAN_POINT ( 'NONE',  ( -2.285320154807695570, -6.989842108996018766, -0.0005878831144266401286 ) ) ;
#275 = ORIENTED_EDGE ( 'NONE', *, *, #4222, .T. ) ;
#276 = CARTESIAN_POINT ( 'NONE',  ( -0.9460227193715003979, -8.177342108996018766, -2.285563663966784009 ) ) ;
#277 = CARTESIAN_POINT ( 'NONE',  ( 1.616381074783571403, 6.635157891003981234, -1.615549682510057927 ) ) ;
#278 = CARTESIAN_POINT ( 'NONE',  ( -3.025200645364630514, 2.640368551957268828, 1.281701431207765474 ) ) ;
#279 = ORIENTED_EDGE ( 'NONE', *, *, #3008, .T. ) ;
#280 = COORDINATED_UNIVERSAL_TIME_OFFSET ( 3, 0, .AHEAD. ) ;
#281 = CARTESIAN_POINT ( 'NONE',  ( 2.750000000000003109, -9.221593030817619052, 0.008043633102130553700 ) ) ;
#282 = LINE ( 'NONE', #64, #1702 ) ;
#283 = CARTESIAN_POINT ( 'NONE',  ( -2.129020381344180368, -11.29713144804273206, 2.163570547729265492 ) ) ;
#284 = CIRCLE ( 'NONE', #1457, 3.999999999999999112 ) ;
#285 = CARTESIAN_POINT ( 'NONE',  ( 1.554359359916882122, -11.56764200591338820, -2.215533555901899376 ) ) ;
#286 = CARTESIAN_POINT ( 'NONE',  ( -2.743782991398082238, 4.804846335909287447, 1.153982133839829727 ) ) ;
#287 = CARTESIAN_POINT ( 'NONE',  ( 1.616381074783572069, 1.635157891003982344, -1.615549682510057927 ) ) ;
#288 = VECTOR ( 'NONE', #757, 1000.000000000000000 ) ;
#289 = CARTESIAN_POINT ( 'NONE',  ( -1.153982133839828617, 1.554846335909285004, -2.743782991398082238 ) ) ;
#291 = ORIENTED_EDGE ( 'NONE', *, *, #3912, .F. ) ;
#290 = AXIS2_PLACEMENT_3D ( 'NONE', #222, #3494, #1493 ) ;
#292 = ADVANCED_FACE ( 'NONE', ( #1818 ), #2524, .T. ) ;
#293 = DIRECTION ( 'NONE',  ( 0.8660254037844384856, 0.000000000000000000, 0.5000000000000002220 ) ) ;
#294 = CARTESIAN_POINT ( 'NONE',  ( -0.9460227193715000649, -11.17734210899602054, -2.285563663966784009 ) ) ;
#295 = CARTESIAN_POINT ( 'NONE',  ( -0.9460227193715016192, -0.1773421089960175445, -2.285563663966784009 ) ) ;
#296 = ORIENTED_EDGE ( 'NONE', *, *, #1084, .F. ) ;
#297 = CARTESIAN_POINT ( 'NONE',  ( 2.285076645648614679, -4.552342108996018766, 0.9471984856003577979 ) ) ;
#298 = ORIENTED_EDGE ( 'NONE', *, *, #2814, .T. ) ;
#299 = EDGE_CURVE ( 'NONE', #1950, #2957, #814, .T. ) ;
#300 = PRODUCT ( 'Par\X2\00e7\X0\a 215 - M5x20', 'Par\X2\00e7\X0\a 215 - M5x20', '', ( #526 ) ) ;
#301 = CARTESIAN_POINT ( 'NONE',  ( 4.774499351325650278E-16, 12.24999999999999289, 0.000000000000000000 ) ) ;
#302 = CARTESIAN_POINT ( 'NONE',  ( -1.616381074783567628, -7.864842108996016989, 1.615549682510057927 ) ) ;
#303 = CARTESIAN_POINT ( 'NONE',  ( -2.285320154807696902, 6.010157891003981234, -0.0005878831144266401286 ) ) ;
#304 = CARTESIAN_POINT ( 'NONE',  ( -2.129020381344182145, 0.7028685519572687168, 2.163570547729265492 ) ) ;
#305 = ORIENTED_EDGE ( 'NONE', *, *, #3125, .F. ) ;
#306 = CALENDAR_DATE ( 2026, 26, 5 ) ;
#307 = CARTESIAN_POINT ( 'NONE',  ( -2.749952945832757845, -9.722034372820479220, -0.01608712857282233039 ) ) ;
#308 = CARTESIAN_POINT ( 'NONE',  ( 0.01491158336210255363, -3.007653664090715662, 2.749959571463121311 ) ) ;
#309 = DIRECTION ( 'NONE',  ( -1.224646799147353454E-16, 1.000000000000000000, -0.000000000000000000 ) ) ;
#310 = CARTESIAN_POINT ( 'NONE',  ( -0.02560642317086573444, -5.307552769949304583, 3.035320154807698234 ) ) ;
#311 = CARTESIAN_POINT ( 'NONE',  ( -2.163570547729262827, -8.547131448042730284, -2.129020381344183477 ) ) ;
#312 = CARTESIAN_POINT ( 'NONE',  ( 1.955885693645932788, -6.097034372820479220, -1.933135058238605763 ) ) ;
#313 = FACE_OUTER_BOUND ( 'NONE', #255, .T. ) ;
#314 = CARTESIAN_POINT ( 'NONE',  ( 0.9460227193715058380, 1.322657891003982122, 2.285563663966783565 ) ) ;
#315 = LINE ( 'NONE', #337, #1930 ) ;
#316 = ADVANCED_FACE ( 'NONE', ( #3762 ), #2808, .T. ) ;
#317 = LINE ( 'NONE', #1026, #1934 ) ;
#318 = CARTESIAN_POINT ( 'NONE',  ( 0.01608712857282352388, 5.027965627179522556, -2.749952945832760953 ) ) ;
#319 = CARTESIAN_POINT ( 'NONE',  ( -1.616381074783567184, -10.86484210899601877, 1.615549682510057927 ) ) ;
#320 = CARTESIAN_POINT ( 'NONE',  ( 0.9471984856003581310, 1.697657891003982344, -2.285076645648612459 ) ) ;
#321 = ORIENTED_EDGE ( 'NONE', *, *, #1224, .F. ) ;
#322 = ORIENTED_EDGE ( 'NONE', *, *, #1718, .F. ) ;
#323 = CARTESIAN_POINT ( 'NONE',  ( 1.231664351094886367, -2.245052769949305027, 3.045926682568936172 ) ) ;
#324 = CARTESIAN_POINT ( 'NONE',  ( 1.155154934624598395, 6.965465627179521668, -2.743289438998258500 ) ) ;
#325 = CARTESIAN_POINT ( 'NONE',  ( -0.9471984856003544673, -9.802342108996020542, 2.285076645648612459 ) ) ;
#326 = CARTESIAN_POINT ( 'NONE',  ( 1.615549682510058593, 6.385157891003981234, 1.616381074783570515 ) ) ;
#327 = EDGE_CURVE ( 'NONE', #1212, #3028, #284, .T. ) ;
#328 = CARTESIAN_POINT ( 'NONE',  ( 1.281701431207768360, 2.890368551957268384, 3.025200645364631402 ) ) ;
#329 = DESIGN_CONTEXT ( 'detailed design', #2118, 'design' ) ;
#330 = ORIENTED_EDGE ( 'NONE', *, *, #704, .T. ) ;
#331 = CARTESIAN_POINT ( 'NONE',  ( -3.024713627046456743, -7.620052769949305471, -1.282877197436619099 ) ) ;
#332 = CARTESIAN_POINT ( 'NONE',  ( 3.045439664250767287, -10.98463144804273028, 1.232840117323737994 ) ) ;
#333 =( BOUNDED_CURVE ( )  B_SPLINE_CURVE ( 2, ( #3035, #3375, #2696, #443, #1158, #2025, #732, #3329, #1472 ),
 .UNSPECIFIED., .F., .F. ) 
 B_SPLINE_CURVE_WITH_KNOTS ( ( 3, 2, 2, 2, 3 ),
 ( 0.01151603071967936126, 0.01190476190476186247, 0.01785714285714279370, 0.02380952380952383596, 0.02385167221717188549 ),
 .UNSPECIFIED. ) 
 CURVE ( )  GEOMETRIC_REPRESENTATION_ITEM ( )  RATIONAL_B_SPLINE_CURVE ( ( 0.9907069307908986655, 0.9950288128779651853, 1.000000000000000000, 0.9238795325112867385, 1.000000000000000000, 0.9238795325112867385, 1.000000000000000000, 0.9994609961089955252, 0.9989296255183136575 ) ) 
 REPRESENTATION_ITEM ( '' )  );
#334 = CARTESIAN_POINT ( 'NONE',  ( -2.749999999999997780, -5.258472758984491513, -9.659738873110522393E-15 ) ) ;
#335 = CARTESIAN_POINT ( 'NONE',  ( 2.749999999999996447, 5.179367593583297236, 1.130362027696530713 ) ) ;
#336 = CARTESIAN_POINT ( 'NONE',  ( 1.616381074783571847, 3.635157891003982567, -1.615549682510057927 ) ) ;
#337 = CARTESIAN_POINT ( 'NONE',  ( 6.159226695514256553E-16, 12.50000000000000000, -2.309401076758503368 ) ) ;
#338 = CARTESIAN_POINT ( 'NONE',  ( -2.749952945832758289, -6.722034372820479220, -0.01608712857282233039 ) ) ;
#339 = CARTESIAN_POINT ( 'NONE',  ( 0.9460227193715072813, -9.677342108996018766, 2.285563663966783565 ) ) ;
#340 = CARTESIAN_POINT ( 'NONE',  ( 2.285076645648613791, 2.447657891003983455, 0.9471984856003577979 ) ) ;
#341 = EDGE_LOOP ( 'NONE', ( #3823, #4154, #4116, #971 ) ) ;
#342 = ORIENTED_EDGE ( 'NONE', *, *, #88, .T. ) ;
#343 = CARTESIAN_POINT ( 'NONE',  ( 0.02560642317087043554, -3.807552769949304583, -3.035320154807698234 ) ) ;
#344 = CARTESIAN_POINT ( 'NONE',  ( -6.780902028605369976E-17, 10.50000000000000000, 2.309401076758504257 ) ) ;
#345 = CARTESIAN_POINT ( 'NONE',  ( -0.9460227193715006200, -6.177342108996017878, -2.285563663966784009 ) ) ;
#346 = CARTESIAN_POINT ( 'NONE',  ( 0.9471984856003577979, 4.697657891003983899, -2.285076645648612459 ) ) ;
#347 = CARTESIAN_POINT ( 'NONE',  ( -0.02443065694201371901, 6.327868551957268828, -3.035320154807698234 ) ) ;
#348 = VERTEX_POINT ( 'NONE', #1896 ) ;
#349 = ADVANCED_FACE ( 'NONE', ( #2952 ), #594, .T. ) ;
#350 = LINE ( 'NONE', #3304, #793 ) ;
#351 = CARTESIAN_POINT ( 'NONE',  ( -1.282877197436617323, -8.370052769949305471, 3.024713627046458964 ) ) ;
#352 = CARTESIAN_POINT ( 'NONE',  ( -1.281701431207763475, -6.609631448042730284, -3.025200645364631846 ) ) ;
#353 = CARTESIAN_POINT ( 'NONE',  ( -0.01491158336209788896, -5.507653664090716106, -2.749959571463121311 ) ) ;
#354 = CARTESIAN_POINT ( 'NONE',  ( 2.743289438998259389, -2.284534372820479220, 1.155154934624598617 ) ) ;
#355 = CARTESIAN_POINT ( 'NONE',  ( -2.285320154807696458, 3.010157891003981678, -0.0005878831144266401286 ) ) ;
#356 = VECTOR ( 'NONE', #1053, 1000.000000000000000 ) ;
#357 = CARTESIAN_POINT ( 'NONE',  ( 2.750000000000002665, -1.221150626953494411, 9.882727230318703812E-15 ) ) ;
#358 = CARTESIAN_POINT ( 'NONE',  ( -1.122980677478951250, 2.090465627179521224, -2.756616452667264294 ) ) ;
#359 = CARTESIAN_POINT ( 'NONE',  ( 2.128188989070672221, 7.817447230050695417, 2.164401940002777636 ) ) ;
#360 = CARTESIAN_POINT ( 'NONE',  ( 0.9460227193715070593, -7.677342108996017878, 2.285563663966783565 ) ) ;
#361 = CARTESIAN_POINT ( 'NONE',  ( 0.9460227193715053939, 4.322657891003983011, 2.285563663966783565 ) ) ;
#362 = ORIENTED_EDGE ( 'NONE', *, *, #1741, .T. ) ;
#363 = ORIENTED_EDGE ( 'NONE', *, *, #3961, .T. ) ;
#364 = CARTESIAN_POINT ( 'NONE',  ( -2.128188989070669557, -1.682552769949304361, -2.164401940002777192 ) ) ;
#365 = CARTESIAN_POINT ( 'NONE',  ( 2.750000000000002665, -4.221593030817617276, 0.008043633102125679127 ) ) ;
#366 = CARTESIAN_POINT ( 'NONE',  ( -2.285320154807695570, -4.989842108996018766, -0.0005878831144266431644 ) ) ;
#367 = CARTESIAN_POINT ( 'NONE',  ( -0.9471984856003563547, 7.197657891003982122, 2.285076645648612459 ) ) ;
#368 = CARTESIAN_POINT ( 'NONE',  ( 2.163570547729266380, 4.952868551957270604, 2.129020381344183921 ) ) ;
#369 = EDGE_LOOP ( 'NONE', ( #3549, #1061, #3764, #2590 ) ) ;
#370 = VERTEX_POINT ( 'NONE', #3934 ) ;
#371 = CARTESIAN_POINT ( 'NONE',  ( -1.955059142683993390, 0.6173463359092840053, -1.933970979256855349 ) ) ;
#372 = CARTESIAN_POINT ( 'NONE',  ( -1.282877197436617767, -6.370052769949305471, 3.024713627046458964 ) ) ;
#373 = CARTESIAN_POINT ( 'NONE',  ( 1.281701431207769470, -6.109631448042732060, 3.025200645364631402 ) ) ;
#374 = CARTESIAN_POINT ( 'NONE',  ( -2.749999999999997335, -8.721593030817619052, -0.008043633102130891971 ) ) ;
#375 = CARTESIAN_POINT ( 'NONE',  ( 4.468337651538803533E-16, 12.50000000000000000, 0.000000000000000000 ) ) ;
#376 = CARTESIAN_POINT ( 'NONE',  ( -2.285563663966783565, 2.072657891003982567, 0.9460227193715032845 ) ) ;
#377 = EDGE_CURVE ( 'NONE', #348, #1549, #2615, .T. ) ;
#378 = CARTESIAN_POINT ( 'NONE',  ( 1.933970979256857126, 2.367346335909283894, -1.955059142683995166 ) ) ;
#379 = VERTEX_POINT ( 'NONE', #3865 ) ;
#380 = CARTESIAN_POINT ( 'NONE',  ( -1.933970979256853351, -6.132653664090716106, 1.955059142683995166 ) ) ;
#381 = CARTESIAN_POINT ( 'NONE',  ( 2.750000000000003109, -11.49999999999999289, 3.367778697655221012E-16 ) ) ;
#382 = CYLINDRICAL_SURFACE ( 'NONE', #2311, 2.750000000000000000 ) ;
#383 = CARTESIAN_POINT ( 'NONE',  ( 2.285320154807701343, -10.48984210899601877, 0.0005878831144263602961 ) ) ;
#384 =( BOUNDED_CURVE ( )  B_SPLINE_CURVE ( 2, ( #806, #145, #1993, #3701, #1754, #1455, #1355, #3425, #2460, #2442, #2319 ),
 .UNSPECIFIED., .F., .F. ) 
 B_SPLINE_CURVE_WITH_KNOTS ( ( 3, 2, 2, 2, 2, 3 ),
 ( 0.04766451689232729244, 0.05357142857142856845, 0.05952380952380952051, 0.06547619047619047949, 0.07142857142857142461, 0.07147404070185110758 ),
 .UNSPECIFIED. ) 
 CURVE ( )  GEOMETRIC_REPRESENTATION_ITEM ( )  RATIONAL_B_SPLINE_CURVE ( ( 0.9988459397136748574, 0.9244610044241414748, 1.000000000000000000, 0.9238795325112867385, 1.000000000000000000, 0.9238795325112867385, 1.000000000000000000, 0.9238795325112867385, 1.000000000000000000, 0.9994185280871451527, 0.9988459397136745244 ) ) 
 REPRESENTATION_ITEM ( '' )  );
#385 = CARTESIAN_POINT ( 'NONE',  ( 2.285320154807699566, 3.510157891003982122, 0.0005878831144263633318 ) ) ;
#386 = DIRECTION ( 'NONE',  ( -1.000000000000000000, 0.000000000000000000, 0.000000000000000000 ) ) ;
#387 = VERTEX_POINT ( 'NONE', #1305 ) ;
#388 = CARTESIAN_POINT ( 'NONE',  ( -1.231664351094881038, -4.745052769949303695, -3.045926682568936616 ) ) ;
#389 = CARTESIAN_POINT ( 'NONE',  ( 0.9471984856003589082, -4.302342108996017878, -2.285076645648612459 ) ) ;
#390 = CARTESIAN_POINT ( 'NONE',  ( -0.9864974686425319605, -11.57233309647662090, 2.502611710114253096 ) ) ;
#391 = CARTESIAN_POINT ( 'NONE',  ( -3.025200645364631402, 4.640368551957269716, 1.281701431207765474 ) ) ;
#392 = EDGE_LOOP ( 'NONE', ( #3802, #928, #3616, #2812 ) ) ;
#393 = CARTESIAN_POINT ( 'NONE',  ( -1.155154934624596397, -0.5345343728204793310, 2.743289438998258056 ) ) ;
#394 = CARTESIAN_POINT ( 'NONE',  ( 1.615549682510059704, -1.614842108996016989, 1.616381074783570515 ) ) ;
#395 = CARTESIAN_POINT ( 'NONE',  ( -2.163570547729263271, -7.547131448042731172, -2.129020381344183477 ) ) ;
#396 = VECTOR ( 'NONE', #3198, 1000.000000000000000 ) ;
#397 = DIRECTION ( 'NONE',  ( -1.224646799147353454E-16, 1.000000000000000000, -0.000000000000000000 ) ) ;
#398 = CARTESIAN_POINT ( 'NONE',  ( -2.000000000000000000, 12.50000000000000000, 1.154700538379252128 ) ) ;
#399 = CARTESIAN_POINT ( 'NONE',  ( 0.9471984856003577979, 4.697657891003983011, -2.285076645648612459 ) ) ;
#400 = AXIS2_PLACEMENT_3D ( 'NONE', #120, #2417, #3454 ) ;
#401 = CARTESIAN_POINT ( 'NONE',  ( -1.122980677478950584, -3.909534372820478776, -2.756616452667264294 ) ) ;
#402 = DIRECTION ( 'NONE',  ( -1.224646799147353454E-16, 1.000000000000000000, -0.000000000000000000 ) ) ;
#403 = FACE_OUTER_BOUND ( 'NONE', #950, .T. ) ;
#404 = CARTESIAN_POINT ( 'NONE',  ( 1.945149116760729324, 7.499999999999995559, -1.566025626527693504 ) ) ;
#405 = ADVANCED_FACE ( 'NONE', ( #1327 ), #4212, .T. ) ;
#406 = CARTESIAN_POINT ( 'NONE',  ( 2.285076645648614679, -4.552342108996018766, 0.9471984856003577979 ) ) ;
#407 = CARTESIAN_POINT ( 'NONE',  ( 0.9460227193715056160, 3.322657891003982122, 2.285563663966783565 ) ) ;
#408 = CARTESIAN_POINT ( 'NONE',  ( -1.155154934624595731, -8.534534372820479220, 2.743289438998258056 ) ) ;
#409 = VERTEX_POINT ( 'NONE', #2635 ) ;
#410 = CARTESIAN_POINT ( 'NONE',  ( -2.128188989070669557, -0.6825527699493051381, -2.164401940002777192 ) ) ;
#411 = CARTESIAN_POINT ( 'NONE',  ( -2.749999999999998668, -3.258062755129494725, 0.007455846486311585967 ) ) ;
#412 = CARTESIAN_POINT ( 'NONE',  ( 0.0005878831144291225179, -5.239842108996017878, -2.285320154807698234 ) ) ;
#413 = CARTESIAN_POINT ( 'NONE',  ( -1.593277205782389849, -11.68534803075120188, 2.013781652249571952 ) ) ;
#414 = CARTESIAN_POINT ( 'NONE',  ( 2.163570547729266380, 5.952868551957267940, 2.129020381344183921 ) ) ;
#415 = VERTEX_POINT ( 'NONE', #268 ) ;
#416 = CARTESIAN_POINT ( 'NONE',  ( -2.749999999999997335, -10.25847275898449062, -4.849372069462697146E-15 ) ) ;
#417 = CARTESIAN_POINT ( 'NONE',  ( -1.933970979256852463, -11.13265366409071611, 1.955059142683995166 ) ) ;
#418 = CARTESIAN_POINT ( 'NONE',  ( -2.285320154807695570, -3.989842108996017433, -0.0005878831144266401286 ) ) ;
#419 = ADVANCED_FACE ( 'NONE', ( #965 ), #1005, .T. ) ;
#420 = CARTESIAN_POINT ( 'NONE',  ( 3.035320154807701343, -7.922131448042730284, -0.02443065694201510679 ) ) ;
#421 = CARTESIAN_POINT ( 'NONE',  ( -1.124158967115628682, 1.929846335909285449, 2.756136151528160383 ) ) ;
#422 = CARTESIAN_POINT ( 'NONE',  ( -1.933970979256854905, 6.867346335909284782, 1.955059142683995166 ) ) ;
#423 = CARTESIAN_POINT ( 'NONE',  ( -1.616381074783569183, 5.135157891003983899, 1.615549682510057927 ) ) ;
#424 = CARTESIAN_POINT ( 'NONE',  ( -1.955885693645929013, 2.402965627179521668, 1.933135058238605763 ) ) ;
#425 = CARTESIAN_POINT ( 'NONE',  ( 2.750000000000002220, 5.241527241015511152, 9.486758998627150629E-15 ) ) ;
#426 = CARTESIAN_POINT ( 'NONE',  ( -2.749999999999994227, -0.3206324064167040411, -1.130362027696529159 ) ) ;
#427 = CARTESIAN_POINT ( 'NONE',  ( 4.468337651538803533E-16, 12.50000000000000000, 0.000000000000000000 ) ) ;
#428 = CARTESIAN_POINT ( 'NONE',  ( -1.615549682510055263, -7.114842108996017878, -1.616381074783570293 ) ) ;
#429 = CARTESIAN_POINT ( 'NONE',  ( -1.615549682510056817, 6.885157891003982122, -1.616381074783570293 ) ) ;
#430 = LINE ( 'NONE', #1124, #3911 ) ;
#431 = ADVANCED_FACE ( 'NONE', ( #1581 ), #3609, .T. ) ;
#432 = VERTEX_POINT ( 'NONE', #3519 ) ;
#433 = CARTESIAN_POINT ( 'NONE',  ( -1.282877197436618877, 1.629947230050695195, 3.024713627046458964 ) ) ;
#434 = CARTESIAN_POINT ( 'NONE',  ( -1.507526992826108803, -11.89237364088093685, 1.818934667491314272 ) ) ;
#435 = CARTESIAN_POINT ( 'NONE',  ( -1.615549682510055707, -3.114842108996018322, -1.616381074783570293 ) ) ;
#436 = VECTOR ( 'NONE', #3209, 1000.000000000000000 ) ;
#437 = CARTESIAN_POINT ( 'NONE',  ( 1.281701431207767916, 6.890368551957270604, 3.025200645364631402 ) ) ;
#438 = VERTEX_POINT ( 'NONE', #357 ) ;
#439 = CARTESIAN_POINT ( 'NONE',  ( 0.01491158336210230556, -1.007653664090715884, 2.749959571463121311 ) ) ;
#440 = CARTESIAN_POINT ( 'NONE',  ( -2.285320154807696014, -0.9898421089960183217, -0.0005878831144266401286 ) ) ;
#441 = CARTESIAN_POINT ( 'NONE',  ( -3.045439664250762402, -5.484631448042731172, -1.232840117323736662 ) ) ;
#442 = CARTESIAN_POINT ( 'NONE',  ( 2.750000000000002665, -5.221150626953492413, 1.002858522616689488E-14 ) ) ;
#443 = CARTESIAN_POINT ( 'NONE',  ( 1.124158967115630015, 7.429846335909284782, -2.756136151528160827 ) ) ;
#444 = CARTESIAN_POINT ( 'NONE',  ( -2.749999999999996447, -10.72115062695349508, -4.714944516953152182E-16 ) ) ;
#445 = CARTESIAN_POINT ( 'NONE',  ( -2.750000000000002665, 2.340982065803921763, 1.129674997702170502 ) ) ;
#446 = DIRECTION ( 'NONE',  ( -1.000000000000000000, -1.224646799147353454E-16, 0.000000000000000000 ) ) ;
#447 = DIRECTION ( 'NONE',  ( -0.8660254037844387076, 0.000000000000000000, 0.4999999999999999445 ) ) ;
#448 =( BOUNDED_CURVE ( )  B_SPLINE_CURVE ( 2, ( #3262, #2254, #608, #3557, #2879, #633, #85, #2212, #1402, #3513, #3023 ),
 .UNSPECIFIED., .F., .F. ) 
 B_SPLINE_CURVE_WITH_KNOTS ( ( 3, 2, 2, 2, 2, 3 ),
 ( 0.4762359454637558609, 0.4821428571428571508, 0.4880952380952380820, 0.4940476190476190688, 0.5000000000000000000, 0.5000454692732796413 ),
 .UNSPECIFIED. ) 
 CURVE ( )  GEOMETRIC_REPRESENTATION_ITEM ( )  RATIONAL_B_SPLINE_CURVE ( ( 0.9988459397136740803, 0.9244610044241416968, 1.000000000000000000, 0.9238795325112867385, 1.000000000000000000, 0.9238795325112867385, 1.000000000000000000, 0.9238795325112867385, 1.000000000000000000, 0.9994185280871457078, 0.9988459397136756346 ) ) 
 REPRESENTATION_ITEM ( '' )  );
#449 = DIRECTION ( 'NONE',  ( 1.000000000000000000, 0.000000000000000000, 0.000000000000000000 ) ) ;
#450 = CARTESIAN_POINT ( 'NONE',  ( 0.9471984856003589082, -5.302342108996019654, -2.285076645648612459 ) ) ;
#451 = CARTESIAN_POINT ( 'NONE',  ( -2.285076645648611571, 4.947657891003983899, -0.9471984856003564657 ) ) ;
#452 = EDGE_CURVE ( 'NONE', #3072, #2580, #4026, .T. ) ;
#453 = LINE ( 'NONE', #2057, #3224 ) ;
#454 = ORIENTED_EDGE ( 'NONE', *, *, #862, .T. ) ;
#455 = CARTESIAN_POINT ( 'NONE',  ( 2.128188989070673554, -0.1825527699493047218, 2.164401940002777636 ) ) ;
#456 = CARTESIAN_POINT ( 'NONE',  ( -2.204934590655719173, -11.95120907865345217, 0.6673634676783163355 ) ) ;
#457 = CARTESIAN_POINT ( 'NONE',  ( 0.9460227193715062821, -2.677342108996018322, 2.285563663966783565 ) ) ;
#458 = CARTESIAN_POINT ( 'NONE',  ( 2.285320154807701343, -10.48984210899601877, 0.0005878831144263602961 ) ) ;
#459 = EDGE_LOOP ( 'NONE', ( #3232, #3434, #886, #1628 ) ) ;
#460 = CARTESIAN_POINT ( 'NONE',  ( -2.749999999999992895, -10.32063240641670632, -1.130362027696529159 ) ) ;
#461 = EDGE_CURVE ( 'NONE', #1950, #3303, #617, .T. ) ;
#462 = CARTESIAN_POINT ( 'NONE',  ( 2.749999999999997780, -0.8206324064167045407, 1.130362027696530713 ) ) ;
#463 = CARTESIAN_POINT ( 'NONE',  ( 1.615549682510059926, -3.614842108996016989, 1.616381074783570515 ) ) ;
#464 = CARTESIAN_POINT ( 'NONE',  ( 1.232840117323738216, -0.7346314480427308391, -3.045439664250765954 ) ) ;
#465 = CARTESIAN_POINT ( 'NONE',  ( 1.955059142683996942, 2.117346335909285671, 1.933970979256855793 ) ) ;
#466 = CARTESIAN_POINT ( 'NONE',  ( 1.933135058238606874, 2.652965627179521668, 1.955885693645930790 ) ) ;
#467 = CARTESIAN_POINT ( 'NONE',  ( 1.933970979256857570, -0.6326536640907155506, -1.955059142683995166 ) ) ;
#468 = CARTESIAN_POINT ( 'NONE',  ( 4.468337651538801561E-16, 12.50000000000000000, 0.000000000000000000 ) ) ;
#469 = CARTESIAN_POINT ( 'NONE',  ( 2.749952945832763618, -4.222034372820479220, 0.01608712857282199732 ) ) ;
#470 = PRODUCT_DEFINITION_FORMATION_WITH_SPECIFIED_SOURCE ( 'ANY', '', #300, .NOT_KNOWN. ) ;
#471 = CARTESIAN_POINT ( 'NONE',  ( 2.285320154807700899, -6.489842108996017878, 0.0005878831144263602961 ) ) ;
#472 = CARTESIAN_POINT ( 'NONE',  ( -3.045926682568933508, -10.49505276994930547, 1.231664351094882814 ) ) ;
#473 = CARTESIAN_POINT ( 'NONE',  ( 2.750000000000002665, -9.758472758984492401, -3.400241650383879346E-16 ) ) ;
#474 = ORIENTED_EDGE ( 'NONE', *, *, #461, .F. ) ;
#475 =( BOUNDED_CURVE ( )  B_SPLINE_CURVE ( 2, ( #2968, #1002, #312, #3883, #3541, #3218, #2651, #1321, #4233, #940, #983 ),
 .UNSPECIFIED., .F., .F. ) 
 B_SPLINE_CURVE_WITH_KNOTS ( ( 3, 2, 2, 2, 2, 3 ),
 ( 0.2857597549875653398, 0.2916666666666666852, 0.2976190476190476164, 0.3035714285714285476, 0.3095238095238095344, 0.3095692787970892312 ),
 .UNSPECIFIED. ) 
 CURVE ( )  GEOMETRIC_REPRESENTATION_ITEM ( )  RATIONAL_B_SPLINE_CURVE ( ( 0.9988459397136755236, 0.9244610044241410307, 1.000000000000000000, 0.9238795325112867385, 1.000000000000000000, 0.9238795325112867385, 1.000000000000000000, 0.9238795325112867385, 1.000000000000000000, 0.9994185280871450416, 0.9988459397136741913 ) ) 
 REPRESENTATION_ITEM ( '' )  );
#476 = CARTESIAN_POINT ( 'NONE',  ( -2.128188989070670001, 1.317447230050694973, -2.164401940002777192 ) ) ;
#477 = CARTESIAN_POINT ( 'NONE',  ( -1.152653098618195537, -11.87311696295107133, 2.100476004149801845 ) ) ;
#478 = CARTESIAN_POINT ( 'NONE',  ( -0.0005878831144247149108, -0.7398421089960180996, 2.285320154807698234 ) ) ;
#479 = CARTESIAN_POINT ( 'NONE',  ( 2.285076645648615123, -10.55234210899602054, 0.9471984856003577979 ) ) ;
#480 = ORIENTED_EDGE ( 'NONE', *, *, #2315, .F. ) ;
#481 = DIRECTION ( 'NONE',  ( -1.224646799147353454E-16, 1.000000000000000000, -0.000000000000000000 ) ) ;
#482 = CARTESIAN_POINT ( 'NONE',  ( -0.9460227193715010641, -3.177342108996019210, -2.285563663966784009 ) ) ;
#483 = CARTESIAN_POINT ( 'NONE',  ( 3.025200645364633179, -2.859631448042731172, -1.281701431207766362 ) ) ;
#484 = EDGE_CURVE ( 'NONE', #83, #2490, #315, .T. ) ;
#485 = CARTESIAN_POINT ( 'NONE',  ( -2.743289438998255836, -0.7845343728204794420, -1.155154934624597285 ) ) ;
#486 = CARTESIAN_POINT ( 'NONE',  ( 4.250000000000002665, 7.499999999999999112, 0.000000000000000000 ) ) ;
#487 = DIRECTION ( 'NONE',  ( -1.224646799147353454E-16, 1.000000000000000000, -0.000000000000000000 ) ) ;
#488 = CARTESIAN_POINT ( 'NONE',  ( 2.285076645648613791, 5.447657891003985675, 0.9471984856003577979 ) ) ;
#489 = CARTESIAN_POINT ( 'NONE',  ( 1.281701431207770359, -12.10963144804273028, 3.025200645364631402 ) ) ;
#490 = DIRECTION ( 'NONE',  ( -1.224646799147353454E-16, 1.000000000000000000, -0.000000000000000000 ) ) ;
#491 = CARTESIAN_POINT ( 'NONE',  ( 1.609448730777531367, 7.500000000000001776, -1.981234659258661157 ) ) ;
#492 = CARTESIAN_POINT ( 'NONE',  ( -2.749999999999996447, -11.49999999999999289, 0.000000000000000000 ) ) ;
#493 = CARTESIAN_POINT ( 'NONE',  ( 2.285076645648615123, -7.552342108996017878, 0.9471984856003577979 ) ) ;
#494 = CARTESIAN_POINT ( 'NONE',  ( -1.615549682510057039, 7.885157891003983011, -1.616381074783570293 ) ) ;
#495 = CARTESIAN_POINT ( 'NONE',  ( -2.749999999999995115, -3.659017934196078237, 1.129674997702178718 ) ) ;
#496 = ORIENTED_EDGE ( 'NONE', *, *, #6, .F. ) ;
#497 = CARTESIAN_POINT ( 'NONE',  ( -3.045926682568934840, -0.4950527699493049716, 1.231664351094882814 ) ) ;
#498 = CARTESIAN_POINT ( 'NONE',  ( -2.255476623296611027, -11.96467976957782398, 0.3681219327061906466 ) ) ;
#499 =( BOUNDED_CURVE ( )  B_SPLINE_CURVE ( 2, ( #4198, #2602, #2554, #324, #3597, #3577, #3508, #3552, #2622, #952, #2249 ),
 .UNSPECIFIED., .F., .F. ) 
 B_SPLINE_CURVE_WITH_KNOTS ( ( 3, 2, 2, 2, 2, 3 ),
 ( 0.9048073740351844085, 0.9107142857142856984, 0.9166666666666666297, 0.9226190476190476719, 0.9285714285714286031, 0.9286168978447082445 ),
 .UNSPECIFIED. ) 
 CURVE ( )  GEOMETRIC_REPRESENTATION_ITEM ( )  RATIONAL_B_SPLINE_CURVE ( ( 0.9988459397136756346, 0.9244610044241410307, 1.000000000000000000, 0.9238795325112867385, 1.000000000000000000, 0.9238795325112867385, 1.000000000000000000, 0.9238795325112867385, 1.000000000000000000, 0.9994185280871457078, 0.9988459397136756346 ) ) 
 REPRESENTATION_ITEM ( '' )  );
#500 = CARTESIAN_POINT ( 'NONE',  ( -1.616381074783567406, -8.864842108996018766, 1.615549682510057927 ) ) ;
#501 = ORIENTED_EDGE ( 'NONE', *, *, #1172, .T. ) ;
#502 = CARTESIAN_POINT ( 'NONE',  ( 1.933970979256857570, -2.632653664090715662, -1.955059142683995166 ) ) ;
#503 = CARTESIAN_POINT ( 'NONE',  ( 0.9471984856003595743, -10.30234210899602054, -2.285076645648612459 ) ) ;
#504 = CARTESIAN_POINT ( 'NONE',  ( 0.9471984856003582420, -0.3023421089960176555, -2.285076645648612459 ) ) ;
#505 = CARTESIAN_POINT ( 'NONE',  ( -2.129020381344181700, -1.297131448042731394, 2.163570547729265492 ) ) ;
#506 = EDGE_CURVE ( 'NONE', #2082, #658, #3844, .T. ) ;
#507 = AXIS2_PLACEMENT_3D ( 'NONE', #4168, #1894, #3120 ) ;
#508 = CARTESIAN_POINT ( 'NONE',  ( 2.743782991398085791, -8.695153664090716106, -1.153982133839830615 ) ) ;
#509 = CYLINDRICAL_SURFACE ( 'NONE', #3845, 2.750000000000000000 ) ;
#510 = CARTESIAN_POINT ( 'NONE',  ( 1.232840117323739548, -12.73463144804273028, -3.045439664250765954 ) ) ;
#511 = CARTESIAN_POINT ( 'NONE',  ( -2.749999999999997780, -6.721150626953494189, 9.429889033906309885E-15 ) ) ;
#512 = DIRECTION ( 'NONE',  ( -1.224646799147353454E-16, 1.000000000000000000, -0.000000000000000000 ) ) ;
#513 = CARTESIAN_POINT ( 'NONE',  ( -1.616381074783568517, -0.8648421089960180996, 1.615549682510057927 ) ) ;
#514 = EDGE_CURVE ( 'NONE', #1228, #3967, #3170, .T. ) ;
#515 = CARTESIAN_POINT ( 'NONE',  ( 3.035320154807701787, -11.05755276994930369, 0.02560642317086780570 ) ) ;
#516 = CARTESIAN_POINT ( 'NONE',  ( 2.750000000000002220, 3.241937244870506607, -0.007455846486311910361 ) ) ;
#517 = ORIENTED_EDGE ( 'NONE', *, *, #377, .T. ) ;
#518 = CARTESIAN_POINT ( 'NONE',  ( -2.164401940002776303, 6.567447230050694529, 2.128188989070671777 ) ) ;
#519 = CARTESIAN_POINT ( 'NONE',  ( 2.580560768121542115, -11.66943923187826115, 0.1521833688773465976 ) ) ;
#520 = CARTESIAN_POINT ( 'NONE',  ( -0.9471984856003540232, -11.80234210899601699, 2.285076645648612459 ) ) ;
#521 = ORIENTED_EDGE ( 'NONE', *, *, #3772, .F. ) ;
#522 = DIRECTION ( 'NONE',  ( -1.224646799147360110E-16, 1.000000000000000000, -0.000000000000000000 ) ) ;
#523 = CARTESIAN_POINT ( 'NONE',  ( -2.285320154807694681, -11.98984210899601699, -0.0005878831144266431644 ) ) ;
#524 = CARTESIAN_POINT ( 'NONE',  ( 1.616381074783572291, -0.3648421089960177111, -1.615549682510057927 ) ) ;
#525 = CARTESIAN_POINT ( 'NONE',  ( -3.025200645364630070, -1.359631448042731394, 1.281701431207765474 ) ) ;
#526 = MECHANICAL_CONTEXT ( 'NONE', #3431, 'mechanical' ) ;
#527 = CARTESIAN_POINT ( 'NONE',  ( 1.122980677478954803, 5.590465627179522556, 2.756616452667262962 ) ) ;
#528 = CARTESIAN_POINT ( 'NONE',  ( 1.190875814490052864, 7.500000000000000888, 2.280862566252181978 ) ) ;
#529 = CARTESIAN_POINT ( 'NONE',  ( 2.749959571463123087, 5.242346335909286559, -0.01491158336210071135 ) ) ;
#530 = CARTESIAN_POINT ( 'NONE',  ( -2.749999999999998668, -2.258472758984491069, -9.797953184584977129E-15 ) ) ;
#531 = CARTESIAN_POINT ( 'NONE',  ( 1.122980677478956579, -7.409534372820480108, 2.756616452667262962 ) ) ;
#532 = CARTESIAN_POINT ( 'NONE',  ( -1.615549682510056151, -0.1148421089960174890, -1.616381074783570293 ) ) ;
#533 = CARTESIAN_POINT ( 'NONE',  ( 0.9460227193715050609, 7.322657891003982122, 2.285563663966783565 ) ) ;
#534 = CARTESIAN_POINT ( 'NONE',  ( 2.749959571463123087, 3.242346335909284782, -0.01491158336210071135 ) ) ;
#535 = VERTEX_POINT ( 'NONE', #3955 ) ;
#536 = EDGE_CURVE ( 'NONE', #2181, #1862, #2050, .T. ) ;
#537 = CARTESIAN_POINT ( 'NONE',  ( -2.128188989070670445, 5.317447230050696305, -2.164401940002777192 ) ) ;
#538 = CARTESIAN_POINT ( 'NONE',  ( 2.750000000000002220, 2.778849373046505367, 9.882727230318703812E-15 ) ) ;
#539 = CARTESIAN_POINT ( 'NONE',  ( 1.616381074783573624, -12.36484210899601877, -1.615549682510057927 ) ) ;
#540 = ORIENTED_EDGE ( 'NONE', *, *, #4222, .F. ) ;
#541 = DIRECTION ( 'NONE',  ( -1.224646799147353454E-16, 1.000000000000000000, -0.000000000000000000 ) ) ;
#542 = CARTESIAN_POINT ( 'NONE',  ( 1.615549682510059482, 0.3851578910039829551, 1.616381074783570515 ) ) ;
#543 = CARTESIAN_POINT ( 'NONE',  ( -0.02443065694201261573, -2.672131448042730728, -3.035320154807698234 ) ) ;
#544 = CARTESIAN_POINT ( 'NONE',  ( -2.749999999999997780, -10.25806275512949384, 0.007455846486311585967 ) ) ;
#545 =( BOUNDED_CURVE ( )  B_SPLINE_CURVE ( 2, ( #1877, #495, #552, #2847, #2828, #1206, #3444, #2506, #2867, #847, #207 ),
 .UNSPECIFIED., .F., .F. ) 
 B_SPLINE_CURVE_WITH_KNOTS ( ( 3, 2, 2, 2, 2, 3 ),
 ( 0.4048073740351844640, 0.4107142857142856984, 0.4166666666666666852, 0.4226190476190476164, 0.4285714285714285476, 0.4286168978447082445 ),
 .UNSPECIFIED. ) 
 CURVE ( )  GEOMETRIC_REPRESENTATION_ITEM ( )  RATIONAL_B_SPLINE_CURVE ( ( 0.9988459397136741913, 0.9244610044241416968, 1.000000000000000000, 0.9238795325112867385, 1.000000000000000000, 0.9238795325112867385, 1.000000000000000000, 0.9238795325112867385, 1.000000000000000000, 0.9994185280871449306, 0.9988459397136740803 ) ) 
 REPRESENTATION_ITEM ( '' )  );
#546 = CARTESIAN_POINT ( 'NONE',  ( 1.933970979256856904, 4.367346335909285671, -1.955059142683995166 ) ) ;
#547 = CARTESIAN_POINT ( 'NONE',  ( 3.035320154807701787, -12.92213144804273206, -0.02443065694201510679 ) ) ;
#548 = APPROVAL ( #2495, 'UNSPECIFIED' ) ;
#549 = CARTESIAN_POINT ( 'NONE',  ( -1.153982133839827728, -6.445153664090716106, -2.743782991398082238 ) ) ;
#550 = CARTESIAN_POINT ( 'NONE',  ( 1.615549682510059926, -3.614842108996016989, 1.616381074783570515 ) ) ;
#551 = CARTESIAN_POINT ( 'NONE',  ( 3.035320154807701787, -12.05755276994930547, 0.02560642317086780570 ) ) ;
#552 = CARTESIAN_POINT ( 'NONE',  ( -1.955885693645928125, -3.597034372820478776, 1.933135058238605763 ) ) ;
#553 = ORIENTED_EDGE ( 'NONE', *, *, #2611, .T. ) ;
#554 = CARTESIAN_POINT ( 'NONE',  ( -1.231664351094881704, 3.254947230050694973, -3.045926682568936616 ) ) ;
#555 = CARTESIAN_POINT ( 'NONE',  ( -0.9471984856003542452, -11.80234210899601699, 2.285076645648612459 ) ) ;
#556 = CARTESIAN_POINT ( 'NONE',  ( -0.9460227193715013971, -1.177342108996018322, -2.285563663966784009 ) ) ;
#557 = CARTESIAN_POINT ( 'NONE',  ( 0.0005878831144293644034, -7.239842108996017878, -2.285320154807698234 ) ) ;
#558 = EDGE_LOOP ( 'NONE', ( #1926, #4191, #3830, #682 ) ) ;
#559 = CARTESIAN_POINT ( 'NONE',  ( 2.285076645648616012, -11.55234210899601699, 0.9471984856003577979 ) ) ;
#560 = CARTESIAN_POINT ( 'NONE',  ( 1.616381074783572291, 0.6351578910039814563, -1.615549682510057927 ) ) ;
#561 = EDGE_CURVE ( 'NONE', #2167, #3742, #79, .T. ) ;
#562 = CARTESIAN_POINT ( 'NONE',  ( -1.281701431207764585, 2.390368551957268384, -3.025200645364631846 ) ) ;
#563 = DATE_AND_TIME ( #3533, #1629 ) ;
#564 = LINE ( 'NONE', #3176, #1162 ) ;
#565 = CARTESIAN_POINT ( 'NONE',  ( 4.468337651538803533E-16, 12.50000000000000000, 0.000000000000000000 ) ) ;
#566 = CONICAL_SURFACE ( 'NONE', #3644, 3.999999999999999112, 0.7853981633974378429 ) ;
#567 = CARTESIAN_POINT ( 'NONE',  ( -3.035320154807694681, -12.42213144804273028, 0.02443065694201473556 ) ) ;
#568 = VECTOR ( 'NONE', #1724, 1000.000000000000000 ) ;
#569 = CARTESIAN_POINT ( 'NONE',  ( 1.933970979256857792, -3.632653664090716994, -1.955059142683995166 ) ) ;
#570 = CARTESIAN_POINT ( 'NONE',  ( -2.743782991398081794, -0.1951536640907150510, 1.153982133839829727 ) ) ;
#571 = CARTESIAN_POINT ( 'NONE',  ( 2.285320154807700455, -2.489842108996017878, 0.0005878831144263602961 ) ) ;
#572 = CARTESIAN_POINT ( 'NONE',  ( -1.351792267103446576, 7.450117355439655142, 2.544337925603993966 ) ) ;
#573 = ORIENTED_EDGE ( 'NONE', *, *, #1527, .T. ) ;
#574 = CARTESIAN_POINT ( 'NONE',  ( 3.024713627046460740, 4.879947230050696305, 1.282877197436620875 ) ) ;
#575 = CARTESIAN_POINT ( 'NONE',  ( 0.9460227193715073923, -11.67734210899601699, 2.285563663966783565 ) ) ;
#576 = EDGE_CURVE ( 'NONE', #2485, #370, #55, .T. ) ;
#577 = CARTESIAN_POINT ( 'NONE',  ( 1.615549682510059259, 1.385157891003982122, 1.616381074783570515 ) ) ;
#578 = CARTESIAN_POINT ( 'NONE',  ( 2.285076645648614679, -5.552342108996018766, 0.9471984856003577979 ) ) ;
#579 = ORIENTED_EDGE ( 'NONE', *, *, #2110, .F. ) ;
#580 = CARTESIAN_POINT ( 'NONE',  ( 2.750000000000001776, 3.778849373046506699, 1.017953129163769706E-14 ) ) ;
#581 = CARTESIAN_POINT ( 'NONE',  ( -2.285320154807694681, -10.98984210899601877, -0.0005878831144266431644 ) ) ;
#582 = CARTESIAN_POINT ( 'NONE',  ( -2.285076645648611127, 1.947657891003982567, -0.9471984856003564657 ) ) ;
#583 = CARTESIAN_POINT ( 'NONE',  ( -3.035320154807696902, 3.577868551957269716, 0.02443065694201473556 ) ) ;
#584 = EDGE_LOOP ( 'NONE', ( #871, #3340, #553, #2774 ) ) ;
#585 = PERSON_AND_ORGANIZATION ( #3910, #3882 ) ;
#586 = EDGE_CURVE ( 'NONE', #1862, #2793, #783, .T. ) ;
#587 = CARTESIAN_POINT ( 'NONE',  ( -2.749999999999996891, -9.721150626953491525, -4.714944516953152182E-16 ) ) ;
#588 = CARTESIAN_POINT ( 'NONE',  ( 2.749952945832762730, 6.777965627179520780, 0.01608712857282199732 ) ) ;
#589 = DIRECTION ( 'NONE',  ( 1.224646799147353454E-16, -1.000000000000000000, 0.000000000000000000 ) ) ;
#590 = CARTESIAN_POINT ( 'NONE',  ( 3.025200645364634511, -11.85963144804273028, -1.281701431207766362 ) ) ;
#591 = CARTESIAN_POINT ( 'NONE',  ( -0.1529455385167892978, -11.49999999999999289, -2.745743553620369148 ) ) ;
#592 = CARTESIAN_POINT ( 'NONE',  ( 1.955059142683996942, 0.1173463359092852543, 1.933970979256855793 ) ) ;
#593 = CARTESIAN_POINT ( 'NONE',  ( 1.615549682510059704, -1.614842108996016989, 1.616381074783570515 ) ) ;
#594 = PLANE ( 'NONE',  #216 ) ;
#595 = VERTEX_POINT ( 'NONE', #2990 ) ;
#596 = CARTESIAN_POINT ( 'NONE',  ( 2.164401940002778524, 5.067447230050696305, -2.128188989070671777 ) ) ;
#597 = CARTESIAN_POINT ( 'NONE',  ( 2.749959571463123087, 6.242346335909283894, -0.01491158336210071135 ) ) ;
#598 = CARTESIAN_POINT ( 'NONE',  ( 1.616381074783572291, -0.3648421089960177111, -1.615549682510057927 ) ) ;
#599 = ORIENTED_EDGE ( 'NONE', *, *, #3527, .F. ) ;
#600 = CARTESIAN_POINT ( 'NONE',  ( 0.9471984856003591302, -7.302342108996017878, -2.285076645648612459 ) ) ;
#601 = EDGE_LOOP ( 'NONE', ( #2149, #3406, #1382, #1972 ) ) ;
#602 = CARTESIAN_POINT ( 'NONE',  ( 2.750000000000002665, -4.758062755129494725, -0.007455846486311910361 ) ) ;
#603 = CARTESIAN_POINT ( 'NONE',  ( -2.285076645648609350, -9.052342108996018766, -0.9471984856003564657 ) ) ;
#604 = CARTESIAN_POINT ( 'NONE',  ( 2.285076645648613347, 5.447657891003985675, 0.9471984856003577979 ) ) ;
#605 = CARTESIAN_POINT ( 'NONE',  ( -1.281701431207764585, 1.390368551957269272, -3.025200645364631846 ) ) ;
#606 = APPLICATION_PROTOCOL_DEFINITION ( 'international standard', 'config_control_design', 1994, #2118 ) ;
#607 =( BOUNDED_CURVE ( )  B_SPLINE_CURVE ( 2, ( #3993, #1039, #2343, #393, #3646, #2044, #1703, #70, #1384, #2021, #1064 ),
 .UNSPECIFIED., .F., .F. ) 
 B_SPLINE_CURVE_WITH_KNOTS ( ( 3, 2, 2, 2, 2, 3 ),
 ( 0.5476645168923273133, 0.5535714285714286031, 0.5595238095238095344, 0.5654761904761904656, 0.5714285714285713969, 0.5714740407018510382 ),
 .UNSPECIFIED. ) 
 CURVE ( )  GEOMETRIC_REPRESENTATION_ITEM ( )  RATIONAL_B_SPLINE_CURVE ( ( 0.9988459397136756346, 0.9244610044241410307, 1.000000000000000000, 0.9238795325112867385, 1.000000000000000000, 0.9238795325112867385, 1.000000000000000000, 0.9238795325112867385, 1.000000000000000000, 0.9994185280871457078, 0.9988459397136756346 ) ) 
 REPRESENTATION_ITEM ( '' )  );
#608 = CARTESIAN_POINT ( 'NONE',  ( 1.955885693645932344, -2.097034372820478776, -1.933135058238605763 ) ) ;
#609 = CARTESIAN_POINT ( 'NONE',  ( -2.749999999999997780, -5.258472758984491513, -9.659738873110522393E-15 ) ) ;
#610 = EDGE_CURVE ( 'NONE', #2525, #1530, #2074, .T. ) ;
#611 = CARTESIAN_POINT ( 'NONE',  ( 3.045439664250767287, -8.984631448042732060, 1.232840117323737994 ) ) ;
#612 = CARTESIAN_POINT ( 'NONE',  ( -2.749999999999997780, -5.721150626953492413, 9.429889033906309885E-15 ) ) ;
#613 = CARTESIAN_POINT ( 'NONE',  ( 1.937903678499353743, -11.58725817907394173, -1.834970769502604071 ) ) ;
#614 = CARTESIAN_POINT ( 'NONE',  ( -2.749959571463120422, 4.742346335909286559, 0.01491158336210037481 ) ) ;
#615 = CARTESIAN_POINT ( 'NONE',  ( -0.9471984856003555775, 1.197657891003981900, 2.285076645648612459 ) ) ;
#616 = EDGE_CURVE ( 'NONE', #695, #2809, #1832, .T. ) ;
#617 = LINE ( 'NONE', #3270, #3983 ) ;
#618 = ORIENTED_EDGE ( 'NONE', *, *, #4229, .F. ) ;
#619 = CARTESIAN_POINT ( 'NONE',  ( 1.955885693645933232, -7.097034372820479220, -1.933135058238605763 ) ) ;
#620 = CARTESIAN_POINT ( 'NONE',  ( 1.282877197436620209, 7.129947230050694529, -3.024713627046460296 ) ) ;
#621 = CARTESIAN_POINT ( 'NONE',  ( 2.750000000000002665, -3.758472758984490625, 9.486758998627150629E-15 ) ) ;
#622 = CARTESIAN_POINT ( 'NONE',  ( 0.9471984856003580200, 2.697657891003981678, -2.285076645648612459 ) ) ;
#623 = ORIENTED_EDGE ( 'NONE', *, *, #1507, .T. ) ;
#624 = CARTESIAN_POINT ( 'NONE',  ( -2.285563663966782233, -4.927342108996018766, 0.9460227193715031735 ) ) ;
#625 = VERTEX_POINT ( 'NONE', #3378 ) ;
#626 = CARTESIAN_POINT ( 'NONE',  ( 1.124158967115631347, -4.570153664090715218, -2.756136151528160827 ) ) ;
#627 = CARTESIAN_POINT ( 'NONE',  ( 1.615549682510060592, -8.614842108996018766, 1.616381074783570515 ) ) ;
#628 = CARTESIAN_POINT ( 'NONE',  ( 0.9471984856003575759, 5.697657891003980346, -2.285076645648612459 ) ) ;
#629 = CC_DESIGN_PERSON_AND_ORGANIZATION_ASSIGNMENT ( #631, #3858, ( #300 ) ) ;
#630 = CARTESIAN_POINT ( 'NONE',  ( -3.035320154807696458, 0.5778685519572686058, 0.02443065694201473556 ) ) ;
#631 = PERSON_AND_ORGANIZATION ( #3910, #3882 ) ;
#632 = CARTESIAN_POINT ( 'NONE',  ( 0.01608712857282535921, -9.972034372820479220, -2.749952945832760953 ) ) ;
#633 = CARTESIAN_POINT ( 'NONE',  ( -1.122980677478950806, -1.909534372820478776, -2.756616452667264294 ) ) ;
#634 = CARTESIAN_POINT ( 'NONE',  ( 2.750000000000001776, 5.778849373046509363, 1.017953129163769706E-14 ) ) ;
#635 = CARTESIAN_POINT ( 'NONE',  ( -2.164401940002774527, -8.432552769949305471, 2.128188989070671777 ) ) ;
#636 = EDGE_CURVE ( 'NONE', #3866, #387, #218, .T. ) ;
#637 = CARTESIAN_POINT ( 'NONE',  ( 2.129020381344186585, -8.797131448042730284, -2.163570547729265492 ) ) ;
#638 = VECTOR ( 'NONE', #3311, 1000.000000000000000 ) ;
#639 = CARTESIAN_POINT ( 'NONE',  ( -2.749999999999999556, 3.741937244870507051, 0.007455846486311585967 ) ) ;
#640 = CYLINDRICAL_SURFACE ( 'NONE', #1938, 2.750000000000000000 ) ;
#641 = CARTESIAN_POINT ( 'NONE',  ( -0.0005878831144252016092, 3.260157891003982122, 2.285320154807698234 ) ) ;
#642 = VECTOR ( 'NONE', #541, 1000.000000000000000 ) ;
#643 = CARTESIAN_POINT ( 'NONE',  ( -2.743289438998255836, -2.784534372820479664, -1.155154934624597285 ) ) ;
#645 = EDGE_LOOP ( 'NONE', ( #3187, #3254, #3575, #2891 ) ) ;
#644 = VECTOR ( 'NONE', #43, 1000.000000000000000 ) ;
#646 = CYLINDRICAL_SURFACE ( 'NONE', #1592, 2.750000000000000000 ) ;
#647 = CARTESIAN_POINT ( 'NONE',  ( 3.045926682568937505, 7.004947230050694529, -1.231664351094883481 ) ) ;
#648 = EDGE_CURVE ( 'NONE', #2181, #595, #1796, .T. ) ;
#649 = CARTESIAN_POINT ( 'NONE',  ( -0.9460227193715003979, -8.177342108996016989, -2.285563663966784009 ) ) ;
#650 = ORIENTED_EDGE ( 'NONE', *, *, #576, .T. ) ;
#651 = CARTESIAN_POINT ( 'NONE',  ( -2.285563663966782233, -6.927342108996017878, 0.9460227193715031735 ) ) ;
#652 = VERTEX_POINT ( 'NONE', #1812 ) ;
#653 = CARTESIAN_POINT ( 'NONE',  ( -1.282877197436618211, -2.370052769949305027, 3.024713627046458964 ) ) ;
#654 = CARTESIAN_POINT ( 'NONE',  ( 0.01608712857282364878, 4.027965627179521668, -2.749952945832760953 ) ) ;
#655 = CARTESIAN_POINT ( 'NONE',  ( -2.285563663966782233, -6.927342108996017878, 0.9460227193715031735 ) ) ;
#656 = CARTESIAN_POINT ( 'NONE',  ( -2.285563663966783565, 6.072657891003981234, 0.9460227193715031735 ) ) ;
#657 = CARTESIAN_POINT ( 'NONE',  ( 1.232840117323737772, 2.265368551957267940, -3.045439664250765954 ) ) ;
#658 = VERTEX_POINT ( 'NONE', #1791 ) ;
#659 = CARTESIAN_POINT ( 'NONE',  ( 2.749952945832764062, -9.222034372820479220, 0.01608712857282199732 ) ) ;
#660 = CARTESIAN_POINT ( 'NONE',  ( 0.01608712857282401307, 1.027965627179520336, -2.749952945832760953 ) ) ;
#661 = CARTESIAN_POINT ( 'NONE',  ( -2.749999999999998668, 6.278406969182380948, -0.008043633102135766544 ) ) ;
#662 = CARTESIAN_POINT ( 'NONE',  ( 2.164401940002780300, -6.932552769949304583, -2.128188989070671777 ) ) ;
#663 = CARTESIAN_POINT ( 'NONE',  ( -0.02443065694201151244, -11.67213144804273206, -3.035320154807698234 ) ) ;
#664 = CARTESIAN_POINT ( 'NONE',  ( 1.124158967115631569, -5.570153664090716994, -2.756136151528160827 ) ) ;
#665 = CARTESIAN_POINT ( 'NONE',  ( -1.955885693645929013, 3.402965627179520336, 1.933135058238605763 ) ) ;
#666 = CARTESIAN_POINT ( 'NONE',  ( -2.285320154807696458, 1.010157891003981678, -0.0005878831144266401286 ) ) ;
#667 =( BOUNDED_CURVE ( )  B_SPLINE_CURVE ( 2, ( #1369, #2289, #2677, #1920, #2636, #713, #987, #1306, #669 ),
 .UNSPECIFIED., .F., .F. ) 
 B_SPLINE_CURVE_WITH_KNOTS ( ( 3, 2, 2, 2, 3 ),
 ( 0.03433808852661707212, 0.03571428571428571230, 0.04166666666666666435, 0.04761904761904761640, 0.04766451689232729244 ),
 .UNSPECIFIED. ) 
 CURVE ( )  GEOMETRIC_REPRESENTATION_ITEM ( )  RATIONAL_B_SPLINE_CURVE ( ( 0.9729396052345242740, 0.9824008620886257592, 1.000000000000000000, 0.9238795325112867385, 1.000000000000000000, 0.9238795325112867385, 1.000000000000000000, 0.9994185280871453747, 0.9988459397136748574 ) ) 
 REPRESENTATION_ITEM ( '' )  );
#668 = CARTESIAN_POINT ( 'NONE',  ( -1.122980677478950806, -2.909534372820479664, -2.756616452667264294 ) ) ;
#669 = CARTESIAN_POINT ( 'NONE',  ( 2.750000000000003109, -11.22115062695349330, 1.119375316974489326E-16 ) ) ;
#670 = CARTESIAN_POINT ( 'NONE',  ( -3.024713627046458964, 8.379947230050696305, -1.282877197436619099 ) ) ;
#671 = MANIFOLD_SOLID_BREP ( 'Kes-Süpür1', #851 ) ;
#672 = CARTESIAN_POINT ( 'NONE',  ( 2.285076645648615123, -8.552342108996020542, 0.9471984856003577979 ) ) ;
#673 = CARTESIAN_POINT ( 'NONE',  ( -0.9471984856003554665, 0.1976578910039828163, 2.285076645648612459 ) ) ;
#674 = EDGE_LOOP ( 'NONE', ( #1991, #2770, #2317 ) ) ;
#675 = EDGE_CURVE ( 'NONE', #2507, #1717, #3757, .T. ) ;
#676 = ORIENTED_EDGE ( 'NONE', *, *, #2257, .F. ) ;
#677 = CARTESIAN_POINT ( 'NONE',  ( -1.955059142683992945, -4.382653664090716106, -1.933970979256855349 ) ) ;
#678 = CARTESIAN_POINT ( 'NONE',  ( 2.285076645648615123, -8.552342108996018766, 0.9471984856003577979 ) ) ;
#679 = CARTESIAN_POINT ( 'NONE',  ( -0.9460227193715020633, 4.822657891003983899, -2.285563663966784009 ) ) ;
#680 = AXIS2_PLACEMENT_3D ( 'NONE', #427, #3040, #100 ) ;
#681 = CARTESIAN_POINT ( 'NONE',  ( -2.163570547729264160, 5.452868551957267940, -2.129020381344183477 ) ) ;
#682 = ORIENTED_EDGE ( 'NONE', *, *, #2413, .F. ) ;
#683 = LINE ( 'NONE', #727, #859 ) ;
#684 = CARTESIAN_POINT ( 'NONE',  ( 1.231664351094886589, -6.245052769949305471, 3.045926682568936172 ) ) ;
#685 = CARTESIAN_POINT ( 'NONE',  ( -3.045439664250762402, -4.484631448042731172, -1.232840117323736662 ) ) ;
#686 = CARTESIAN_POINT ( 'NONE',  ( 2.743782991398085791, -5.695153664090716994, -1.153982133839830615 ) ) ;
#687 = CARTESIAN_POINT ( 'NONE',  ( -2.749999999999998668, -3.258472758984492401, -9.797953184584977129E-15 ) ) ;
#688 = CARTESIAN_POINT ( 'NONE',  ( -0.9471984856003554665, 0.1976578910039828163, 2.285076645648612459 ) ) ;
#689 = CARTESIAN_POINT ( 'NONE',  ( 1.155154934624599505, -3.034534372820480108, -2.743289438998258500 ) ) ;
#690 = CARTESIAN_POINT ( 'NONE',  ( 1.155154934624598839, 1.965465627179521446, -2.743289438998258500 ) ) ;
#691 = CARTESIAN_POINT ( 'NONE',  ( -1.933135058238604653, 5.152965627179522556, -1.955885693645930345 ) ) ;
#692 = CARTESIAN_POINT ( 'NONE',  ( -1.615549682510054819, -11.11484210899601877, -1.616381074783570293 ) ) ;
#693 =( BOUNDED_CURVE ( )  B_SPLINE_CURVE ( 2, ( #416, #460, #1038, #726, #3751, #3171, #1171, #1531, #2813, #4077, #2186 ),
 .UNSPECIFIED., .F., .F. ) 
 B_SPLINE_CURVE_WITH_KNOTS ( ( 3, 2, 2, 2, 2, 3 ),
 ( 0.8571850055505051413, 0.8630952380952380265, 0.8690476190476190688, 0.8750000000000000000, 0.8809523809523809312, 0.8809945293600289773 ),
 .UNSPECIFIED. ) 
 CURVE ( )  GEOMETRIC_REPRESENTATION_ITEM ( )  RATIONAL_B_SPLINE_CURVE ( ( 0.9989296255183136575, 0.9244185364022912132, 1.000000000000000000, 0.9238795325112867385, 1.000000000000000000, 0.9238795325112867385, 1.000000000000000000, 0.9238795325112867385, 1.000000000000000000, 0.9994609961089955252, 0.9989296255183136575 ) ) 
 REPRESENTATION_ITEM ( '' )  );
#694 = CARTESIAN_POINT ( 'NONE',  ( 2.285076645648613347, 3.447657891003982122, 0.9471984856003577979 ) ) ;
#695 = VERTEX_POINT ( 'NONE', #4127 ) ;
#696 = ORIENTED_EDGE ( 'NONE', *, *, #1527, .F. ) ;
#697 = CARTESIAN_POINT ( 'NONE',  ( 2.164401940002779412, -1.932552769949304583, -2.128188989070671777 ) ) ;
#698 = FACE_OUTER_BOUND ( 'NONE', #3129, .T. ) ;
#699 = CARTESIAN_POINT ( 'NONE',  ( 1.616381074783572735, -4.364842108996017878, -1.615549682510057927 ) ) ;
#700 = CARTESIAN_POINT ( 'NONE',  ( -2.285563663966783565, 7.072657891003982122, 0.9460227193715031735 ) ) ;
#701 = CARTESIAN_POINT ( 'NONE',  ( -1.281701431207764807, 7.390368551957270604, -3.025200645364631846 ) ) ;
#702 = ORIENTED_EDGE ( 'NONE', *, *, #3539, .F. ) ;
#703 = ORIENTED_EDGE ( 'NONE', *, *, #4094, .T. ) ;
#704 = EDGE_CURVE ( 'NONE', #2014, #3866, #3745, .T. ) ;
#705 = CARTESIAN_POINT ( 'NONE',  ( 0.01608712857282339898, 6.027965627179519892, -2.749952945832760953 ) ) ;
#706 = CARTESIAN_POINT ( 'NONE',  ( 1.231664351094887033, -8.245052769949305471, 3.045926682568936172 ) ) ;
#707 = CARTESIAN_POINT ( 'NONE',  ( -3.035320154807695570, -4.422131448042730284, 0.02443065694201473556 ) ) ;
#708 = CARTESIAN_POINT ( 'NONE',  ( 2.519706774674302707, -11.63611285383848504, -0.7182605821533849522 ) ) ;
#709 = DIRECTION ( 'NONE',  ( 3.755786496842895113E-16, 0.000000000000000000, -1.000000000000000000 ) ) ;
#710 = CARTESIAN_POINT ( 'NONE',  ( 0.9460227193715056160, 3.322657891003982122, 2.285563663966783565 ) ) ;
#711 = DIRECTION ( 'NONE',  ( 1.224646799147353947E-16, -1.000000000000000000, 0.000000000000000000 ) ) ;
#712 = CARTESIAN_POINT ( 'NONE',  ( -1.124158967115627794, -6.070153664090717882, 2.756136151528160383 ) ) ;
#713 = CARTESIAN_POINT ( 'NONE',  ( 2.743289438998261165, -11.28453437282047567, 1.155154934624598617 ) ) ;
#714 = CONICAL_SURFACE ( 'NONE', #3099, 4.250000000000000888, 0.7853981633974533860 ) ;
#715 = CARTESIAN_POINT ( 'NONE',  ( 1.231664351094885035, 7.754947230050695417, 3.045926682568936172 ) ) ;
#716 = CARTESIAN_POINT ( 'NONE',  ( -2.285563663966781345, -8.927342108996020542, 0.9460227193715032845 ) ) ;
#717 = CARTESIAN_POINT ( 'NONE',  ( -1.616381074783569405, 6.135157891003981234, 1.615549682510057927 ) ) ;
#718 = DIRECTION ( 'NONE',  ( -1.224646799147353454E-16, 1.000000000000000000, -0.000000000000000000 ) ) ;
#719 = VECTOR ( 'NONE', #1540, 1000.000000000000000 ) ;
#720 = ORIENTED_EDGE ( 'NONE', *, *, #2782, .T. ) ;
#721 = CARTESIAN_POINT ( 'NONE',  ( -3.045926682568934840, -2.495052769949305027, 1.231664351094882814 ) ) ;
#722 = CARTESIAN_POINT ( 'NONE',  ( -1.615549682510055929, -2.114842108996017433, -1.616381074783570293 ) ) ;
#723 = CARTESIAN_POINT ( 'NONE',  ( -2.255476623296611027, -11.96467976957782398, 0.3681219327061906466 ) ) ;
#724 = CARTESIAN_POINT ( 'NONE',  ( -1.232840117323736662, 4.765368551957269716, 3.045439664250764178 ) ) ;
#725 = ORIENTED_EDGE ( 'NONE', *, *, #141, .F. ) ;
#726 = CARTESIAN_POINT ( 'NONE',  ( -1.153982133839826840, -10.44515366409071611, -2.743782991398082238 ) ) ;
#727 = CARTESIAN_POINT ( 'NONE',  ( 4.000000000000000000, 12.50000000000000000, 0.000000000000000000 ) ) ;
#728 = CARTESIAN_POINT ( 'NONE',  ( 2.164401940002780300, -8.932552769949305471, -2.128188989070671777 ) ) ;
#729 = CARTESIAN_POINT ( 'NONE',  ( 1.232840117323739326, -6.734631448042731172, -3.045439664250765954 ) ) ;
#730 = EDGE_CURVE ( 'NONE', #2034, #2938, #2841, .T. ) ;
#731 = DIRECTION ( 'NONE',  ( -1.224646799147353454E-16, 1.000000000000000000, -0.000000000000000000 ) ) ;
#732 = CARTESIAN_POINT ( 'NONE',  ( 2.749959571463122199, 7.242346335909284782, -0.01491158336210071135 ) ) ;
#733 = CARTESIAN_POINT ( 'NONE',  ( -1.155154934624595509, -10.53453437282048100, 2.743289438998258056 ) ) ;
#734 = DIRECTION ( 'NONE',  ( -1.224646799147353454E-16, 1.000000000000000000, -0.000000000000000000 ) ) ;
#735 = LINE ( 'NONE', #2991, #1360 ) ;
#736 = FACE_OUTER_BOUND ( 'NONE', #2829, .T. ) ;
#737 = CARTESIAN_POINT ( 'NONE',  ( 2.750000000000002220, 3.241527241015508931, 9.486758998627150629E-15 ) ) ;
#738 = CARTESIAN_POINT ( 'NONE',  ( -1.615549682510055041, -9.114842108996018766, -1.616381074783570293 ) ) ;
#739 = CARTESIAN_POINT ( 'NONE',  ( -0.9460227193715021743, 5.822657891003981234, -2.285563663966784009 ) ) ;
#740 = VERTEX_POINT ( 'NONE', #2194 ) ;
#741 = CARTESIAN_POINT ( 'NONE',  ( 2.164401940002778968, 2.067447230050695417, -2.128188989070671777 ) ) ;
#742 = EDGE_CURVE ( 'NONE', #2125, #4242, #1496, .T. ) ;
#743 = CARTESIAN_POINT ( 'NONE',  ( -3.127383801155243658E-16, 12.50000000000000000, 2.309401076758504257 ) ) ;
#744 = CARTESIAN_POINT ( 'NONE',  ( 0.9460227193715066152, -5.677342108996018766, 2.285563663966783565 ) ) ;
#745 = CARTESIAN_POINT ( 'NONE',  ( 0.9471984856003575759, 7.697657891003983011, -2.285076645648612459 ) ) ;
#746 = CARTESIAN_POINT ( 'NONE',  ( -1.232840117323736662, 5.765368551957269716, 3.045439664250764178 ) ) ;
#747 = VERTEX_POINT ( 'NONE', #3457 ) ;
#748 = ORIENTED_EDGE ( 'NONE', *, *, #1952, .F. ) ;
#749 = CARTESIAN_POINT ( 'NONE',  ( -2.743782991398080018, -11.19515366409071788, 1.153982133839829727 ) ) ;
#750 = CARTESIAN_POINT ( 'NONE',  ( -1.615549682510055929, -2.114842108996017433, -1.616381074783570293 ) ) ;
#751 = CARTESIAN_POINT ( 'NONE',  ( 3.035320154807700899, -6.922131448042731172, -0.02443065694201510679 ) ) ;
#752 = CARTESIAN_POINT ( 'NONE',  ( 1.153982133839832391, 2.054846335909285227, 2.743782991398082238 ) ) ;
#753 = DIRECTION ( 'NONE',  ( -1.000000000000000000, 0.000000000000000000, 0.000000000000000000 ) ) ;
#754 = CARTESIAN_POINT ( 'NONE',  ( -0.9460227193715020633, 4.822657891003983011, -2.285563663966784009 ) ) ;
#755 = CC_DESIGN_APPROVAL ( #3347, ( #4108 ) ) ;
#756 = LINE ( 'NONE', #4043, #3197 ) ;
#757 = DIRECTION ( 'NONE',  ( -1.224646799147353454E-16, 1.000000000000000000, -0.000000000000000000 ) ) ;
#758 = CARTESIAN_POINT ( 'NONE',  ( 2.750000000000000444, 12.50000000000000000, 3.367778697655221012E-16 ) ) ;
#759 =( BOUNDED_CURVE ( )  B_SPLINE_CURVE ( 2, ( #2279, #3214, #3582, #936, #660, #1889, #3193, #262, #1575, #2901, #1277 ),
 .UNSPECIFIED., .F., .F. ) 
 B_SPLINE_CURVE_WITH_KNOTS ( ( 3, 2, 2, 2, 2, 3 ),
 ( 0.6190930883208987101, 0.6250000000000000000, 0.6309523809523809312, 0.6369047619047618625, 0.6428571428571429047, 0.6429026121304225461 ),
 .UNSPECIFIED. ) 
 CURVE ( )  GEOMETRIC_REPRESENTATION_ITEM ( )  RATIONAL_B_SPLINE_CURVE ( ( 0.9988459397136756346, 0.9244610044241410307, 1.000000000000000000, 0.9238795325112867385, 1.000000000000000000, 0.9238795325112867385, 1.000000000000000000, 0.9238795325112867385, 1.000000000000000000, 0.9994185280871457078, 0.9988459397136756346 ) ) 
 REPRESENTATION_ITEM ( '' )  );
#760 = CARTESIAN_POINT ( 'NONE',  ( 0.0005878831144289970757, -4.239842108996017878, -2.285320154807698234 ) ) ;
#761 = EDGE_CURVE ( 'NONE', #2507, #2125, #3605, .T. ) ;
#762 = CARTESIAN_POINT ( 'NONE',  ( -2.285076645648611571, 5.947657891003981234, -0.9471984856003564657 ) ) ;
#763 = CARTESIAN_POINT ( 'NONE',  ( 1.059157164727557573E-15, 7.499999999999998224, 0.000000000000000000 ) ) ;
#764 = ORIENTED_EDGE ( 'NONE', *, *, #1397, .T. ) ;
#765 = CARTESIAN_POINT ( 'NONE',  ( -3.024713627046458075, 2.379947230050695861, -1.282877197436619099 ) ) ;
#766 = CARTESIAN_POINT ( 'NONE',  ( 2.451491940666511660, -11.69319174594657973, 0.7419457036242380621 ) ) ;
#767 = CARTESIAN_POINT ( 'NONE',  ( 2.285563663966786230, -4.427342108996017878, -0.9460227193715035066 ) ) ;
#768 = CARTESIAN_POINT ( 'NONE',  ( 1.232840117323737328, 6.265368551957269716, -3.045439664250765954 ) ) ;
#769 = ORIENTED_EDGE ( 'NONE', *, *, #675, .F. ) ;
#770 = ORIENTED_EDGE ( 'NONE', *, *, #3621, .F. ) ;
#771 = CARTESIAN_POINT ( 'NONE',  ( 1.955059142683996942, -0.8826536640907156617, 1.933970979256855793 ) ) ;
#772 = CARTESIAN_POINT ( 'NONE',  ( 0.9460227193715063931, -3.677342108996016989, 2.285563663966783565 ) ) ;
#773 = CARTESIAN_POINT ( 'NONE',  ( -2.163570547729263271, -5.547131448042731172, -2.129020381344183477 ) ) ;
#774 = CARTESIAN_POINT ( 'NONE',  ( -1.955885693645928125, -5.597034372820479220, 1.933135058238605763 ) ) ;
#775 = EDGE_CURVE ( 'NONE', #370, #3687, #1200, .T. ) ;
#776 = CARTESIAN_POINT ( 'NONE',  ( -2.749999999999998668, 6.741937244870506163, 0.007455846486310355181 ) ) ;
#777 = CARTESIAN_POINT ( 'NONE',  ( 0.9471984856003575759, 5.697657891003980346, -2.285076645648612459 ) ) ;
#778 = DIRECTION ( 'NONE',  ( 1.000000000000000000, 0.000000000000000000, 0.000000000000000000 ) ) ;
#779 = CARTESIAN_POINT ( 'NONE',  ( 4.000000000000000000, 12.50000000000000000, 0.000000000000000000 ) ) ;
#780 = CARTESIAN_POINT ( 'NONE',  ( 2.280236653855483464, 7.499999999999998224, 0.1523461781299133844 ) ) ;
#781 = CARTESIAN_POINT ( 'NONE',  ( -1.955885693645928125, -4.597034372820479220, 1.933135058238605763 ) ) ;
#782 = CARTESIAN_POINT ( 'NONE',  ( 1.615549682510060148, -4.614842108996017878, 1.616381074783570515 ) ) ;
#783 = CIRCLE ( 'NONE', #3095, 4.250000000000000888 ) ;
#784 = CARTESIAN_POINT ( 'NONE',  ( 2.285076645648613347, 5.447657891003985675, 0.9471984856003577979 ) ) ;
#785 = CARTESIAN_POINT ( 'NONE',  ( 2.749952945832764062, -8.222034372820479220, 0.01608712857282199732 ) ) ;
#787 = ORIENTED_EDGE ( 'NONE', *, *, #3992, .T. ) ;
#786 = VECTOR ( 'NONE', #2136, 1000.000000000000000 ) ;
#788 =( BOUNDED_CURVE ( )  B_SPLINE_CURVE ( 2, ( #1197, #3456, #2115, #1516, #3419, #1787, #3096, #2820, #877, #544, #1849 ),
 .UNSPECIFIED., .F., .F. ) 
 B_SPLINE_CURVE_WITH_KNOTS ( ( 3, 2, 2, 2, 2, 3 ),
 ( 0.8333754817409813054, 0.8392857142857141906, 0.8452380952380952328, 0.8511904761904761640, 0.8571428571428570953, 0.8571850055505051413 ),
 .UNSPECIFIED. ) 
 CURVE ( )  GEOMETRIC_REPRESENTATION_ITEM ( )  RATIONAL_B_SPLINE_CURVE ( ( 0.9989296255183136575, 0.9244185364022912132, 1.000000000000000000, 0.9238795325112867385, 1.000000000000000000, 0.9238795325112867385, 1.000000000000000000, 0.9238795325112867385, 1.000000000000000000, 0.9994609961089955252, 0.9989296255183136575 ) ) 
 REPRESENTATION_ITEM ( '' )  );
#789 = ADVANCED_FACE ( 'NONE', ( #2175 ), #3426, .F. ) ;
#790 = CARTESIAN_POINT ( 'NONE',  ( -1.231664351094881038, -0.7450527699493052491, -3.045926682568936616 ) ) ;
#791 = DIRECTION ( 'NONE',  ( 0.000000000000000000, 0.000000000000000000, 1.000000000000000000 ) ) ;
#792 = CARTESIAN_POINT ( 'NONE',  ( -1.616381074783568073, -2.864842108996018322, 1.615549682510057927 ) ) ;
#793 = VECTOR ( 'NONE', #2608, 1000.000000000000000 ) ;
#794 = CARTESIAN_POINT ( 'NONE',  ( -0.9471984856003542452, -10.80234210899602054, 2.285076645648612459 ) ) ;
#795 = VERTEX_POINT ( 'NONE', #2666 ) ;
#796 = CARTESIAN_POINT ( 'NONE',  ( -1.933970979256853795, -1.132653664090715884, 1.955059142683995166 ) ) ;
#797 = CARTESIAN_POINT ( 'NONE',  ( 0.0005878831144289970757, -4.239842108996017878, -2.285320154807698234 ) ) ;
#798 = CARTESIAN_POINT ( 'NONE',  ( -3.035320154807696014, -2.422131448042730728, 0.02443065694201473556 ) ) ;
#799 = DIRECTION ( 'NONE',  ( -1.224646799147353454E-16, 1.000000000000000000, -0.000000000000000000 ) ) ;
#800 = CARTESIAN_POINT ( 'NONE',  ( -2.743782991398082238, 6.804846335909284782, 1.153982133839829727 ) ) ;
#801 = CARTESIAN_POINT ( 'NONE',  ( 1.615549682510058815, 4.385157891003983011, 1.616381074783570515 ) ) ;
#802 = CARTESIAN_POINT ( 'NONE',  ( 2.750000000000000444, 12.50000000000000000, 3.367778697655221012E-16 ) ) ;
#803 = CARTESIAN_POINT ( 'NONE',  ( -2.749999999999999556, 5.741937244870506163, 0.007455846486311585967 ) ) ;
#804 = CARTESIAN_POINT ( 'NONE',  ( 1.124158967115631125, -0.5701536640907153286, -2.756136151528160827 ) ) ;
#805 = CARTESIAN_POINT ( 'NONE',  ( 0.7185819726551095910, 7.500000000000000888, -2.568395467389411824 ) ) ;
#806 = CARTESIAN_POINT ( 'NONE',  ( 2.750000000000003109, -11.22115062695349330, 1.119375316974489326E-16 ) ) ;
#807 = CARTESIAN_POINT ( 'NONE',  ( 1.616381074783572958, -6.364842108996017878, -1.615549682510057927 ) ) ;
#808 = CARTESIAN_POINT ( 'NONE',  ( 3.024713627046462072, -9.120052769949305471, 1.282877197436620875 ) ) ;
#809 = ORIENTED_EDGE ( 'NONE', *, *, #2887, .T. ) ;
#810 = CARTESIAN_POINT ( 'NONE',  ( 0.02560642317087006431, -0.8075527699493052491, -3.035320154807698234 ) ) ;
#811 = CARTESIAN_POINT ( 'NONE',  ( -2.743782991398080462, -7.195153664090716994, 1.153982133839829727 ) ) ;
#812 = CARTESIAN_POINT ( 'NONE',  ( -2.285563663966783121, -0.9273421089960182107, 0.9460227193715031735 ) ) ;
#813 = EDGE_CURVE ( 'NONE', #747, #379, #3266, .T. ) ;
#814 =( BOUNDED_CURVE ( )  B_SPLINE_CURVE ( 2, ( #1165, #1543, #3501, #572, #2463 ),
 .UNSPECIFIED., .F., .F. ) 
 B_SPLINE_CURVE_WITH_KNOTS ( ( 3, 2, 3 ),
 ( 0.9286168978447082445, 0.9345238095238095344, 0.9390999932884817047 ),
 .UNSPECIFIED. ) 
 CURVE ( )  GEOMETRIC_REPRESENTATION_ITEM ( )  RATIONAL_B_SPLINE_CURVE ( ( 0.9988459397136756346, 0.9244610044241410307, 1.000000000000000000, 0.9414786704231741243, 0.9729396052339724932 ) ) 
 REPRESENTATION_ITEM ( '' )  );
#815 = CARTESIAN_POINT ( 'NONE',  ( -2.285076645648608906, -12.05234210899601699, -0.9471984856003564657 ) ) ;
#816 = VERTEX_POINT ( 'NONE', #2361 ) ;
#817 = CARTESIAN_POINT ( 'NONE',  ( 2.285563663966785786, -2.427342108996017878, -0.9460227193715035066 ) ) ;
#818 = CARTESIAN_POINT ( 'NONE',  ( -3.045439664250762846, -2.484631448042730728, -1.232840117323736662 ) ) ;
#819 = CYLINDRICAL_SURFACE ( 'NONE', #1324, 2.750000000000000000 ) ;
#820 = CARTESIAN_POINT ( 'NONE',  ( 2.285563663966785342, 4.572657891003983011, -0.9460227193715036176 ) ) ;
#821 = CARTESIAN_POINT ( 'NONE',  ( -1.281701431207762365, -12.60963144804273028, -3.025200645364631846 ) ) ;
#822 = VECTOR ( 'NONE', #2804, 1000.000000000000000 ) ;
#823 = CARTESIAN_POINT ( 'NONE',  ( -3.999999999999998224, 12.50000000000000000, 5.051668046482833736E-16 ) ) ;
#824 = FACE_OUTER_BOUND ( 'NONE', #674, .T. ) ;
#825 = LOCAL_TIME ( 15, 16, 59.00000000000000000, #1869 ) ;
#826 = CARTESIAN_POINT ( 'NONE',  ( 0.9471984856003592412, -7.302342108996017878, -2.285076645648612459 ) ) ;
#827 = CARTESIAN_POINT ( 'NONE',  ( -2.285076645648612459, 7.947657891003983011, -0.9471984856003564657 ) ) ;
#828 = CARTESIAN_POINT ( 'NONE',  ( -1.955059142683992945, -7.382653664090716106, -1.933970979256855349 ) ) ;
#829 = ORIENTED_EDGE ( 'NONE', *, *, #3763, .F. ) ;
#830 = CARTESIAN_POINT ( 'NONE',  ( -2.164401940002775859, 0.5674472300506959721, 2.128188989070671777 ) ) ;
#831 = CARTESIAN_POINT ( 'NONE',  ( -1.815273017530113719, -11.91112752302814393, 1.482543794366909751 ) ) ;
#832 = CARTESIAN_POINT ( 'NONE',  ( 0.0005878831144297318395, -10.23984210899601699, -2.285320154807698234 ) ) ;
#833 = ORIENTED_EDGE ( 'NONE', *, *, #299, .F. ) ;
#834 = CARTESIAN_POINT ( 'NONE',  ( 2.750000000000002665, -6.758472758984491513, 9.486758998627150629E-15 ) ) ;
#835 = CARTESIAN_POINT ( 'NONE',  ( 1.122980677478955469, 0.5904656271795216682, 2.756616452667262962 ) ) ;
#836 = CARTESIAN_POINT ( 'NONE',  ( -1.615549682510056373, 2.885157891003981678, -1.616381074783570293 ) ) ;
#837 = CARTESIAN_POINT ( 'NONE',  ( 1.281701431207769026, -2.109631448042730284, 3.025200645364631402 ) ) ;
#838 = ADVANCED_FACE ( 'NONE', ( #3003 ), #2686, .T. ) ;
#839 = DIRECTION ( 'NONE',  ( -1.000000000000000000, -1.224646799147353454E-16, 0.000000000000000000 ) ) ;
#840 = CARTESIAN_POINT ( 'NONE',  ( 1.955885693645932788, -5.097034372820479220, -1.933135058238605763 ) ) ;
#841 = CARTESIAN_POINT ( 'NONE',  ( 1.124158967115630237, 5.429846335909283006, -2.756136151528160827 ) ) ;
#842 = CARTESIAN_POINT ( 'NONE',  ( -2.749999999999997780, -1.258472758984492179, -9.520676621074870057E-15 ) ) ;
#843 = DIRECTION ( 'NONE',  ( -1.000000000000000000, 0.000000000000000000, 0.000000000000000000 ) ) ;
#844 = CARTESIAN_POINT ( 'NONE',  ( 3.385986083107527755E-15, -11.49999999999999289, 0.000000000000000000 ) ) ;
#845 = CARTESIAN_POINT ( 'NONE',  ( 0.9460227193715065042, -4.677342108996018766, 2.285563663966783565 ) ) ;
#846 = CARTESIAN_POINT ( 'NONE',  ( 0.02560642317087116759, -9.807552769949305471, -3.035320154807698234 ) ) ;
#847 = CARTESIAN_POINT ( 'NONE',  ( 2.750000000000002220, -3.221593030817616388, 0.008043633102125679127 ) ) ;
#848 = ORIENTED_EDGE ( 'NONE', *, *, #452, .F. ) ;
#849 = CARTESIAN_POINT ( 'NONE',  ( 3.024713627046460740, 2.879947230050696305, 1.282877197436620875 ) ) ;
#850 = CARTESIAN_POINT ( 'NONE',  ( 1.800948942346205728, -11.74175870041611169, 1.752356705213906185 ) ) ;
#851 = CLOSED_SHELL ( 'NONE', ( #1245, #2858, #1790, #3320, #3216, #1635, #292, #3020, #1201, #316, #3937, #2154, #2634, #1093, #245, #3185, #2474, #34, #133, #431, #2971, #2291, #1767, #838, #3930, #267, #1607, #419, #2740, #2137, #1262, #2994, #3905, #919, #3564, #2133, #1933, #1814, #3363, #3043, #1977, #405, #2263, #2399, #3465, #3645, #1651, #1151, #1458, #1821, #1035, #930, #2102, #2209, #2019, #2368, #2426, #349, #2920, #789 ) ) ;
#852 = CARTESIAN_POINT ( 'NONE',  ( 0.9460227193715075034, -10.67734210899602054, 2.285563663966783565 ) ) ;
#853 = ORIENTED_EDGE ( 'NONE', *, *, #1513, .T. ) ;
#854 = DIRECTION ( 'NONE',  ( -1.000000000000000000, 0.000000000000000000, 0.000000000000000000 ) ) ;
#855 = VECTOR ( 'NONE', #2655, 1000.000000000000000 ) ;
#856 = CARTESIAN_POINT ( 'NONE',  ( 0.0005878831144299797966, -12.23984210899601699, -2.285320154807698234 ) ) ;
#857 = CARTESIAN_POINT ( 'NONE',  ( 0.0005878831144283846099, 0.7601578910039815673, -2.285320154807698234 ) ) ;
#858 = CARTESIAN_POINT ( 'NONE',  ( 3.045439664250766398, -2.984631448042731172, 1.232840117323737994 ) ) ;
#859 = VECTOR ( 'NONE', #3006, 1000.000000000000000 ) ;
#860 = CARTESIAN_POINT ( 'NONE',  ( 2.750000000000002220, 3.241527241015508931, 9.486758998627150629E-15 ) ) ;
#861 = CARTESIAN_POINT ( 'NONE',  ( 2.280236653855483464, 7.499999999999998224, 0.1523461781299133844 ) ) ;
#862 = EDGE_CURVE ( 'NONE', #1125, #1109, #1659, .T. ) ;
#863 = CARTESIAN_POINT ( 'NONE',  ( -1.124158967115627572, -9.070153664090717882, 2.756136151528160383 ) ) ;
#864 = CARTESIAN_POINT ( 'NONE',  ( -2.749999999999993339, -6.320632406416703652, -1.130362027696528715 ) ) ;
#865 = CARTESIAN_POINT ( 'NONE',  ( -0.9460227193715015082, -0.1773421089960175445, -2.285563663966784009 ) ) ;
#866 = CARTESIAN_POINT ( 'NONE',  ( -1.231664351094879706, -11.74505276994930369, -3.045926682568936616 ) ) ;
#867 = CARTESIAN_POINT ( 'NONE',  ( 2.743782991398085791, -7.695153664090716106, -1.153982133839830615 ) ) ;
#868 = ORIENTED_EDGE ( 'NONE', *, *, #1374, .T. ) ;
#869 = CARTESIAN_POINT ( 'NONE',  ( 2.128188989070672665, 4.817447230050696305, 2.164401940002777636 ) ) ;
#870 = CARTESIAN_POINT ( 'NONE',  ( 0.0005878831144298542460, -11.23984210899601877, -2.285320154807698234 ) ) ;
#871 = ORIENTED_EDGE ( 'NONE', *, *, #3509, .T. ) ;
#872 = CARTESIAN_POINT ( 'NONE',  ( -6.780902028605369976E-17, 10.50000000000000000, 2.309401076758504257 ) ) ;
#873 = FACE_OUTER_BOUND ( 'NONE', #2640, .T. ) ;
#874 = CARTESIAN_POINT ( 'NONE',  ( 2.285563663966785786, -0.4273421089960177666, -0.9460227193715035066 ) ) ;
#875 = CARTESIAN_POINT ( 'NONE',  ( -3.035320154807696014, -3.422131448042731616, 0.02443065694201473556 ) ) ;
#876 = CARTESIAN_POINT ( 'NONE',  ( -1.933135058238603543, -0.8470343728204795530, -1.955885693645930345 ) ) ;
#877 = CARTESIAN_POINT ( 'NONE',  ( -2.749959571463118646, -10.25765366409071433, 0.01491158336210037481 ) ) ;
#878 = FACE_OUTER_BOUND ( 'NONE', #4134, .T. ) ;
#879 = CARTESIAN_POINT ( 'NONE',  ( 1.122980677478955025, 4.590465627179521668, 2.756616452667262962 ) ) ;
#880 = CARTESIAN_POINT ( 'NONE',  ( 0.01491158336210328395, -9.007653664090716106, 2.749959571463121311 ) ) ;
#881 = DIRECTION ( 'NONE',  ( -0.5000000000000003331, -6.123233995736770966E-17, 0.8660254037844385966 ) ) ;
#882 = CARTESIAN_POINT ( 'NONE',  ( 0.0005878831144288745609, -3.239842108996018322, -2.285320154807698234 ) ) ;
#883 = CARTESIAN_POINT ( 'NONE',  ( 2.164401940002780300, -9.932552769949305471, -2.128188989070671777 ) ) ;
#884 = VECTOR ( 'NONE', #447, 1000.000000000000000 ) ;
#885 = DIRECTION ( 'NONE',  ( -0.7071067811865513475, 0.7071067811865437980, 0.000000000000000000 ) ) ;
#886 = ORIENTED_EDGE ( 'NONE', *, *, #98, .T. ) ;
#887 = AXIS2_PLACEMENT_3D ( 'NONE', #3726, #3746, #2084 ) ;
#888 = CARTESIAN_POINT ( 'NONE',  ( -3.045926682568936172, 5.504947230050696305, 1.231664351094882814 ) ) ;
#889 = EDGE_CURVE ( 'NONE', #747, #4076, #667, .T. ) ;
#890 = DIRECTION ( 'NONE',  ( 1.224646799147353454E-16, -1.000000000000000000, 0.000000000000000000 ) ) ;
#891 = CARTESIAN_POINT ( 'NONE',  ( 2.285563663966785786, -1.427342108996018766, -0.9460227193715035066 ) ) ;
#892 = CARTESIAN_POINT ( 'NONE',  ( 0.9460227193715067262, -6.677342108996017878, 2.285563663966783565 ) ) ;
#893 = VERTEX_POINT ( 'NONE', #2009 ) ;
#894 =( BOUNDED_SURFACE ( )  B_SPLINE_SURFACE ( 1, 2, ( 
 ( #1532, #3510, #2855, #2835, #856, #4098, #3810, #176, #523, #4141, #1213, #895, #3489, #2130, #3092, #559, #2207, #1233, #1865, #3114, #3172, #2471, #1191, #4161, #581, #3435, #1825, #1173, #3770, #1489, #3131, #156, #197, #4078, #1154, #503, #2794, #1511, #2815, #4118, #3789, #3529, #1653, #325, #2896, #3257, #1015, #3235, #2320, #1336, #2556, #1632, #2918, #2941, #4199, #603, #4178, #1271, #1975, #3210, #1611, #2274, #627, #678, #2250, #3189, #22, #3924, #2577, #276, #2603, #1929, #974, #1314, #302, #3873, #4223, #931, #1294, #3619, #257, #1885, #1572, #3944, #2645, #1252, #4246, #2298, #3579, #655, #953, #1954, #2875, #1589, #3897, #2623, #2227, #3553, #995, #3598, #3279, #345, #2961, #3853, #1906, #2730, #3002, #3321, #1403, #744, #4009, #108, #2037, #1697, #3343, #3964, #412, #1128, #3298, #2429, #366, #2752, #130, #2980, #3048, #1105, #1080, #3684, #65, #767, #699, #389, #2707, #2061, #1033, #1379, #3661, #3366, #2685, #2405, #1443, #1425, #44, #86, #3389, #1720, #3024, #3987, #4053, #1760, #435, #1994, #3708, #4033, #792, #1356, #2085, #457, #2383, #1058, #2339, #3640, #1676, #3070, #1740, #2665, #722, #2016, #2360, #211, #190, #2488, #4137, #3786, #1210, #2509, #3806, #891, #3485, #4074, #3727, #556, #234, #1547, #4157, #812, #2107, #3410, #478, #1780, #152, #1465, #1150, #3523, #598, #3849, #2890, #295, #1901, #990, #1647, #2956, #2223, #673, #2571, #1627, #4217, #1248, #2293, #3571, #3205, #3891, #15, #3868, #2529, #1970, #3184, #1949, #3548, #3251, #272, #2549, #577, #1584, #3918, #4194, #2202, #320, #2596, #2935, #947, #4240, #2912, #3592, #1309, #3274, #3827, #2245, #1266, #340, #1881, #3505, #1605, #622, #1923, #909, #253, #3227, #1288, #1568, #2871, #2355, #2724, #407, #1396, #694, #385, #1989, #2702, #80, #1715, #39, #4027, #3018, #102, #1735, #3959, #3042, #1420, #361, #3980, #2012, #1669, #2976, #1351, #1100, #1052, #1331, #2400, #451, #1372, #2056, #4004, #3703, #2335, #3293, #3614, #784, #2079, #2659, #1029, #2639, #3635, #739, #3065, #762, #2680, #1756, #717, #3316, #3337, #1692, #2996, #1074, #3679, #3384, #3360, #3657, #2377, #2032, #429, #3939, #1009, #2313, #3122, #169, #2747, #533, #4047, #4132, #1479, #3107, #3461, #3140, #2787, #4088, #494, #827, #1164 ),
 ( #551, #1522, #1502, #2123, #1146, #866, #1459, #3427, #2807, #2482, #2161, #4107, #3404, #126, #1183, #186, #515, #3085, #2827, #1817, #206, #1837, #2768, #1205, #2505, #472, #2462, #1797, #1775, #147, #4068, #3800, #3761, #1439, #883, #3480, #846, #2179, #3781, #1855, #2444, #2101, #2423, #1123, #3722, #3741, #2141, #808, #3443, #2629, #728, #2649, #3263, #3647, #1617, #2609, #1000, #1937, #635, #351, #1341, #706, #3950, #3584, #29, #1637, #1980, #3241, #1021, #1542, #3285, #331, #2846, #3626, #4152, #2986, #2947, #1960, #2326, #2000, #4, #1319, #662, #3904, #3929, #2671, #2304, #1657, #3305, #1225, #3602, #372, #1681, #684, #2966, #49, #1362, #3969, #2344, #1040, #3162, #2523, #229, #3820, #959, #981, #2256, #3559, #310, #2926, #4231, #1300, #2281, #1086, #3277, #3963, #2318, #388, #42, #2015, #3233, #1650, #1973, #1695, #1292, #2916, #1013, #1953, #1334, #4220, #2683, #993, #343, #2600, #4243, #2959, #3319, #3617, #1992, #3895, #2296, #972, #19, #1927, #3639, #1056, #2643, #2664, #3296, #3000, #2939, #2272, #3576, #721, #63, #653, #3255, #323, #1631, #3942, #3659, #1354, #697, #2358, #1312, #2621, #364, #3921, #3596, #1673, #1032, #1377, #2338, #2979, #3985, #3387, #3725, #3682, #2771, #3341, #810, #790, #410, #1148, #1719, #497, #2083, #3706, #4072, #3744, #455, #1758, #1103, #1423, #3068, #173, #1442, #2105, #1778, #3022, #2403, #2447, #830, #2427, #2750, #3088, #3408, #2126, #4092, #4050, #1167, #84, #1126, #3430, #476, #2728, #150, #1401, #1463, #433, #2705, #1800, #3110, #1483, #2790, #2465, #741, #2035, #4007, #1078, #2381, #765, #2059, #3364, #1738, #3046, #106, #4030, #3165, #849, #270, #2830, #3804, #188, #1840, #554, #925, #2849, #3825, #3126, #4135, #1505, #907, #2526, #4155, #2486, #2222, #2200, #2546, #4172, #2164, #1246, #3847, #2810, #2182, #209, #4112, #1186, #3784, #3521, #869, #574, #3143, #1858, #596, #1545, #3464, #1208, #537, #1525, #2508, #888, #3503, #3483, #1899, #2888, #4192, #232, #3203, #1879, #2869, #3182, #251, #1264, #1566, #3765, #2145, #3446, #518, #1820, #2010, #3225, #1007, #3590, #2310, #647, #1286, #620, #3569, #2656, #3889, #2290, #2954, #1307, #1347, #2933, #945, #715, #359, #1946, #967, #3272, #3916, #1644, #1987, #988, #3249, #670, #1603 ) ),
 .UNSPECIFIED., .F., .F., .T. ) 
 B_SPLINE_SURFACE_WITH_KNOTS ( ( 2, 2 ),
 ( 3, 2, 2, 2, 2, 2, 2, 2, 2, 2, 2, 2, 2, 2, 2, 2, 2, 2, 2, 2, 2, 2, 2, 2, 2, 2, 2, 2, 2, 2, 2, 2, 2, 2, 2, 2, 2, 2, 2, 2, 2, 2, 2, 2, 2, 2, 2, 2, 2, 2, 2, 2, 2, 2, 2, 2, 2, 2, 2, 2, 2, 2, 2, 2, 2, 2, 2, 2, 2, 2, 2, 2, 2, 2, 2, 2, 2, 2, 2, 2, 2, 2, 2, 2, 2, 2, 2, 2, 2, 2, 2, 2, 2, 2, 2, 2, 2, 2, 2, 2, 2, 2, 2, 2, 2, 2, 2, 2, 2, 2, 2, 2, 2, 2, 2, 2, 2, 2, 2, 2, 2, 2, 2, 2, 2, 2, 2, 2, 2, 2, 2, 2, 2, 2, 2, 2, 2, 2, 2, 2, 2, 2, 2, 2, 2, 2, 2, 2, 2, 2, 2, 2, 2, 2, 2, 2, 2, 2, 2, 2, 2, 2, 2, 2, 3 ),
 ( 0.000000000000000000, 1.000000000000000000 ),
 ( 0.000000000000000000, 0.005952380952380952051, 0.01190476190476190410, 0.01785714285714285615, 0.02380952380952380820, 0.02976190476190476025, 0.03571428571428571230, 0.04166666666666666435, 0.04761904761904761640, 0.05357142857142856845, 0.05952380952380952051, 0.06547619047619047949, 0.07142857142857142461, 0.07738095238095238360, 0.08333333333333332871, 0.08928571428571428770, 0.09523809523809523281, 0.1011904761904761918, 0.1071428571428571369, 0.1130952380952380959, 0.1190476190476190410, 0.1250000000000000000, 0.1309523809523809590, 0.1369047619047619180, 0.1428571428571428492, 0.1488095238095238082, 0.1547619047619047672, 0.1607142857142857262, 0.1666666666666666574, 0.1726190476190476164, 0.1785714285714285754, 0.1845238095238095344, 0.1904761904761904656, 0.1964285714285714246, 0.2023809523809523836, 0.2083333333333333426, 0.2142857142857142738, 0.2202380952380952328, 0.2261904761904761918, 0.2321428571428571508, 0.2380952380952380820, 0.2440476190476190410, 0.2500000000000000000, 0.2559523809523809312, 0.2619047619047619180, 0.2678571428571428492, 0.2738095238095238360, 0.2797619047619047672, 0.2857142857142856984, 0.2916666666666666852, 0.2976190476190476164, 0.3035714285714285476, 0.3095238095238095344, 0.3154761904761904656, 0.3214285714285714524, 0.3273809523809523836, 0.3333333333333333148, 0.3392857142857143016, 0.3452380952380952328, 0.3511904761904761640, 0.3571428571428571508, 0.3630952380952380820, 0.3690476190476190688, 0.3750000000000000000, 0.3809523809523809312, 0.3869047619047619180, 0.3928571428571428492, 0.3988095238095238360, 0.4047619047619047672, 0.4107142857142856984, 0.4166666666666666852, 0.4226190476190476164, 0.4285714285714285476, 0.4345238095238095344, 0.4404761904761904656, 0.4464285714285714524, 0.4523809523809523836, 0.4583333333333333148, 0.4642857142857143016, 0.4702380952380952328, 0.4761904761904761640, 0.4821428571428571508, 0.4880952380952380820, 0.4940476190476190688, 0.5000000000000000000, 0.5059523809523809312, 0.5119047619047618625, 0.5178571428571429047, 0.5238095238095238360, 0.5297619047619047672, 0.5357142857142856984, 0.5416666666666666297, 0.5476190476190476719, 0.5535714285714286031, 0.5595238095238095344, 0.5654761904761904656, 0.5714285714285713969, 0.5773809523809523281, 0.5833333333333333703, 0.5892857142857143016, 0.5952380952380952328, 0.6011904761904761640, 0.6071428571428570953, 0.6130952380952381375, 0.6190476190476190688, 0.6250000000000000000, 0.6309523809523809312, 0.6369047619047618625, 0.6428571428571429047, 0.6488095238095238360, 0.6547619047619047672, 0.6607142857142856984, 0.6666666666666666297, 0.6726190476190476719, 0.6785714285714286031, 0.6845238095238095344, 0.6904761904761904656, 0.6964285714285713969, 0.7023809523809523281, 0.7083333333333333703, 0.7142857142857143016, 0.7202380952380952328, 0.7261904761904761640, 0.7321428571428570953, 0.7380952380952381375, 0.7440476190476190688, 0.7500000000000000000, 0.7559523809523809312, 0.7619047619047618625, 0.7678571428571429047, 0.7738095238095238360, 0.7797619047619047672, 0.7857142857142856984, 0.7916666666666666297, 0.7976190476190476719, 0.8035714285714286031, 0.8095238095238095344, 0.8154761904761904656, 0.8214285714285713969, 0.8273809523809523281, 0.8333333333333333703, 0.8392857142857143016, 0.8452380952380952328, 0.8511904761904761640, 0.8571428571428570953, 0.8630952380952381375, 0.8690476190476190688, 0.8750000000000000000, 0.8809523809523809312, 0.8869047619047618625, 0.8928571428571429047, 0.8988095238095238360, 0.9047619047619047672, 0.9107142857142856984, 0.9166666666666666297, 0.9226190476190476719, 0.9285714285714286031, 0.9345238095238095344, 0.9404761904761904656, 0.9464285714285713969, 0.9523809523809523281, 0.9583333333333333703, 0.9642857142857143016, 0.9702380952380952328, 0.9761904761904761640 ),
 .UNSPECIFIED. ) 
 GEOMETRIC_REPRESENTATION_ITEM ( )  RATIONAL_B_SPLINE_SURFACE ( (
 ( 1.000000000000000000, 0.9238795325112867385, 1.000000000000000000, 0.9238795325112867385, 1.000000000000000000, 0.9238795325112867385, 1.000000000000000000, 0.9238795325112867385, 1.000000000000000000, 0.9238795325112867385, 1.000000000000000000, 0.9238795325112867385, 1.000000000000000000, 0.9238795325112867385, 1.000000000000000000, 0.9238795325112867385, 1.000000000000000000, 0.9238795325112867385, 1.000000000000000000, 0.9238795325112867385, 1.000000000000000000, 0.9238795325112867385, 1.000000000000000000, 0.9238795325112867385, 1.000000000000000000, 0.9238795325112867385, 1.000000000000000000, 0.9238795325112867385, 1.000000000000000000, 0.9238795325112867385, 1.000000000000000000, 0.9238795325112867385, 1.000000000000000000, 0.9238795325112867385, 1.000000000000000000, 0.9238795325112867385, 1.000000000000000000, 0.9238795325112867385, 1.000000000000000000, 0.9238795325112867385, 1.000000000000000000, 0.9238795325112867385, 1.000000000000000000, 0.9238795325112867385, 1.000000000000000000, 0.9238795325112867385, 1.000000000000000000, 0.9238795325112867385, 1.000000000000000000, 0.9238795325112867385, 1.000000000000000000, 0.9238795325112867385, 1.000000000000000000, 0.9238795325112867385, 1.000000000000000000, 0.9238795325112867385, 1.000000000000000000, 0.9238795325112867385, 1.000000000000000000, 0.9238795325112867385, 1.000000000000000000, 0.9238795325112867385, 1.000000000000000000, 0.9238795325112867385, 1.000000000000000000, 0.9238795325112867385, 1.000000000000000000, 0.9238795325112867385, 1.000000000000000000, 0.9238795325112867385, 1.000000000000000000, 0.9238795325112867385, 1.000000000000000000, 0.9238795325112867385, 1.000000000000000000, 0.9238795325112867385, 1.000000000000000000, 0.9238795325112867385, 1.000000000000000000, 0.9238795325112867385, 1.000000000000000000, 0.9238795325112867385, 1.000000000000000000, 0.9238795325112867385, 1.000000000000000000, 0.9238795325112867385, 1.000000000000000000, 0.9238795325112867385, 1.000000000000000000, 0.9238795325112867385, 1.000000000000000000, 0.9238795325112867385, 1.000000000000000000, 0.9238795325112867385, 1.000000000000000000, 0.9238795325112867385, 1.000000000000000000, 0.9238795325112867385, 1.000000000000000000, 0.9238795325112867385, 1.000000000000000000, 0.9238795325112867385, 1.000000000000000000, 0.9238795325112867385, 1.000000000000000000, 0.9238795325112867385, 1.000000000000000000, 0.9238795325112867385, 1.000000000000000000, 0.9238795325112867385, 1.000000000000000000, 0.9238795325112867385, 1.000000000000000000, 0.9238795325112867385, 1.000000000000000000, 0.9238795325112867385, 1.000000000000000000, 0.9238795325112867385, 1.000000000000000000, 0.9238795325112867385, 1.000000000000000000, 0.9238795325112867385, 1.000000000000000000, 0.9238795325112867385, 1.000000000000000000, 0.9238795325112867385, 1.000000000000000000, 0.9238795325112867385, 1.000000000000000000, 0.9238795325112867385, 1.000000000000000000, 0.9238795325112867385, 1.000000000000000000, 0.9238795325112867385, 1.000000000000000000, 0.9238795325112867385, 1.000000000000000000, 0.9238795325112867385, 1.000000000000000000, 0.9238795325112867385, 1.000000000000000000, 0.9238795325112867385, 1.000000000000000000, 0.9238795325112867385, 1.000000000000000000, 0.9238795325112867385, 1.000000000000000000, 0.9238795325112867385, 1.000000000000000000, 0.9238795325112867385, 1.000000000000000000, 0.9238795325112867385, 1.000000000000000000, 0.9238795325112867385, 1.000000000000000000, 0.9238795325112867385, 1.000000000000000000, 0.9238795325112867385, 1.000000000000000000, 0.9238795325112867385, 1.000000000000000000, 0.9238795325112867385, 1.000000000000000000, 0.9238795325112867385, 1.000000000000000000, 0.9238795325112867385, 1.000000000000000000, 0.9238795325112867385, 1.000000000000000000, 0.9238795325112867385, 1.000000000000000000, 0.9238795325112867385, 1.000000000000000000, 0.9238795325112867385, 1.000000000000000000, 0.9238795325112867385, 1.000000000000000000, 0.9238795325112867385, 1.000000000000000000, 0.9238795325112867385, 1.000000000000000000, 0.9238795325112867385, 1.000000000000000000, 0.9238795325112867385, 1.000000000000000000, 0.9238795325112867385, 1.000000000000000000, 0.9238795325112867385, 1.000000000000000000, 0.9238795325112867385, 1.000000000000000000, 0.9238795325112867385, 1.000000000000000000, 0.9238795325112867385, 1.000000000000000000, 0.9238795325112867385, 1.000000000000000000, 0.9238795325112867385, 1.000000000000000000, 0.9238795325112867385, 1.000000000000000000, 0.9238795325112867385, 1.000000000000000000, 0.9238795325112867385, 1.000000000000000000, 0.9238795325112867385, 1.000000000000000000, 0.9238795325112867385, 1.000000000000000000, 0.9238795325112867385, 1.000000000000000000, 0.9238795325112867385, 1.000000000000000000, 0.9238795325112867385, 1.000000000000000000, 0.9238795325112867385, 1.000000000000000000, 0.9238795325112867385, 1.000000000000000000, 0.9238795325112867385, 1.000000000000000000, 0.9238795325112867385, 1.000000000000000000, 0.9238795325112867385, 1.000000000000000000, 0.9238795325112867385, 1.000000000000000000, 0.9238795325112867385, 1.000000000000000000, 0.9238795325112867385, 1.000000000000000000, 0.9238795325112867385, 1.000000000000000000, 0.9238795325112867385, 1.000000000000000000, 0.9238795325112867385, 1.000000000000000000, 0.9238795325112867385, 1.000000000000000000, 0.9238795325112867385, 1.000000000000000000, 0.9238795325112867385, 1.000000000000000000, 0.9238795325112867385, 1.000000000000000000, 0.9238795325112867385, 1.000000000000000000, 0.9238795325112867385, 1.000000000000000000, 0.9238795325112867385, 1.000000000000000000, 0.9238795325112867385, 1.000000000000000000, 0.9238795325112867385, 1.000000000000000000, 0.9238795325112867385, 1.000000000000000000, 0.9238795325112867385, 1.000000000000000000, 0.9238795325112867385, 1.000000000000000000, 0.9238795325112867385, 1.000000000000000000, 0.9238795325112867385, 1.000000000000000000, 0.9238795325112867385, 1.000000000000000000, 0.9238795325112867385, 1.000000000000000000, 0.9238795325112867385, 1.000000000000000000, 0.9238795325112867385, 1.000000000000000000, 0.9238795325112867385, 1.000000000000000000, 0.9238795325112867385, 1.000000000000000000, 0.9238795325112867385, 1.000000000000000000, 0.9238795325112867385, 1.000000000000000000, 0.9238795325112867385, 1.000000000000000000, 0.9238795325112867385, 1.000000000000000000, 0.9238795325112867385, 1.000000000000000000, 0.9238795325112867385, 1.000000000000000000, 0.9238795325112867385, 1.000000000000000000, 0.9238795325112867385, 1.000000000000000000, 0.9238795325112867385, 1.000000000000000000, 0.9238795325112867385, 1.000000000000000000, 0.9238795325112867385, 1.000000000000000000, 0.9238795325112867385, 1.000000000000000000, 0.9238795325112867385, 1.000000000000000000, 0.9238795325112867385, 1.000000000000000000, 0.9238795325112867385, 1.000000000000000000, 0.9238795325112867385, 1.000000000000000000, 0.9238795325112867385, 1.000000000000000000, 0.9238795325112867385, 1.000000000000000000, 0.9238795325112867385, 1.000000000000000000, 0.9238795325112867385, 1.000000000000000000, 0.9238795325112867385, 1.000000000000000000, 0.9238795325112867385, 1.000000000000000000, 0.9238795325112867385, 1.000000000000000000, 0.9238795325112867385, 1.000000000000000000, 0.9238795325112867385, 1.000000000000000000, 0.9238795325112867385, 1.000000000000000000),
 ( 1.000000000000000000, 0.9238795325112867385, 1.000000000000000000, 0.9238795325112867385, 1.000000000000000000, 0.9238795325112867385, 1.000000000000000000, 0.9238795325112867385, 1.000000000000000000, 0.9238795325112867385, 1.000000000000000000, 0.9238795325112867385, 1.000000000000000000, 0.9238795325112867385, 1.000000000000000000, 0.9238795325112867385, 1.000000000000000000, 0.9238795325112867385, 1.000000000000000000, 0.9238795325112867385, 1.000000000000000000, 0.9238795325112867385, 1.000000000000000000, 0.9238795325112867385, 1.000000000000000000, 0.9238795325112867385, 1.000000000000000000, 0.9238795325112867385, 1.000000000000000000, 0.9238795325112867385, 1.000000000000000000, 0.9238795325112867385, 1.000000000000000000, 0.9238795325112867385, 1.000000000000000000, 0.9238795325112867385, 1.000000000000000000, 0.9238795325112867385, 1.000000000000000000, 0.9238795325112867385, 1.000000000000000000, 0.9238795325112867385, 1.000000000000000000, 0.9238795325112867385, 1.000000000000000000, 0.9238795325112867385, 1.000000000000000000, 0.9238795325112867385, 1.000000000000000000, 0.9238795325112867385, 1.000000000000000000, 0.9238795325112867385, 1.000000000000000000, 0.9238795325112867385, 1.000000000000000000, 0.9238795325112867385, 1.000000000000000000, 0.9238795325112867385, 1.000000000000000000, 0.9238795325112867385, 1.000000000000000000, 0.9238795325112867385, 1.000000000000000000, 0.9238795325112867385, 1.000000000000000000, 0.9238795325112867385, 1.000000000000000000, 0.9238795325112867385, 1.000000000000000000, 0.9238795325112867385, 1.000000000000000000, 0.9238795325112867385, 1.000000000000000000, 0.9238795325112867385, 1.000000000000000000, 0.9238795325112867385, 1.000000000000000000, 0.9238795325112867385, 1.000000000000000000, 0.9238795325112867385, 1.000000000000000000, 0.9238795325112867385, 1.000000000000000000, 0.9238795325112867385, 1.000000000000000000, 0.9238795325112867385, 1.000000000000000000, 0.9238795325112867385, 1.000000000000000000, 0.9238795325112867385, 1.000000000000000000, 0.9238795325112867385, 1.000000000000000000, 0.9238795325112867385, 1.000000000000000000, 0.9238795325112867385, 1.000000000000000000, 0.9238795325112867385, 1.000000000000000000, 0.9238795325112867385, 1.000000000000000000, 0.9238795325112867385, 1.000000000000000000, 0.9238795325112867385, 1.000000000000000000, 0.9238795325112867385, 1.000000000000000000, 0.9238795325112867385, 1.000000000000000000, 0.9238795325112867385, 1.000000000000000000, 0.9238795325112867385, 1.000000000000000000, 0.9238795325112867385, 1.000000000000000000, 0.9238795325112867385, 1.000000000000000000, 0.9238795325112867385, 1.000000000000000000, 0.9238795325112867385, 1.000000000000000000, 0.9238795325112867385, 1.000000000000000000, 0.9238795325112867385, 1.000000000000000000, 0.9238795325112867385, 1.000000000000000000, 0.9238795325112867385, 1.000000000000000000, 0.9238795325112867385, 1.000000000000000000, 0.9238795325112867385, 1.000000000000000000, 0.9238795325112867385, 1.000000000000000000, 0.9238795325112867385, 1.000000000000000000, 0.9238795325112867385, 1.000000000000000000, 0.9238795325112867385, 1.000000000000000000, 0.9238795325112867385, 1.000000000000000000, 0.9238795325112867385, 1.000000000000000000, 0.9238795325112867385, 1.000000000000000000, 0.9238795325112867385, 1.000000000000000000, 0.9238795325112867385, 1.000000000000000000, 0.9238795325112867385, 1.000000000000000000, 0.9238795325112867385, 1.000000000000000000, 0.9238795325112867385, 1.000000000000000000, 0.9238795325112867385, 1.000000000000000000, 0.9238795325112867385, 1.000000000000000000, 0.9238795325112867385, 1.000000000000000000, 0.9238795325112867385, 1.000000000000000000, 0.9238795325112867385, 1.000000000000000000, 0.9238795325112867385, 1.000000000000000000, 0.9238795325112867385, 1.000000000000000000, 0.9238795325112867385, 1.000000000000000000, 0.9238795325112867385, 1.000000000000000000, 0.9238795325112867385, 1.000000000000000000, 0.9238795325112867385, 1.000000000000000000, 0.9238795325112867385, 1.000000000000000000, 0.9238795325112867385, 1.000000000000000000, 0.9238795325112867385, 1.000000000000000000, 0.9238795325112867385, 1.000000000000000000, 0.9238795325112867385, 1.000000000000000000, 0.9238795325112867385, 1.000000000000000000, 0.9238795325112867385, 1.000000000000000000, 0.9238795325112867385, 1.000000000000000000, 0.9238795325112867385, 1.000000000000000000, 0.9238795325112867385, 1.000000000000000000, 0.9238795325112867385, 1.000000000000000000, 0.9238795325112867385, 1.000000000000000000, 0.9238795325112867385, 1.000000000000000000, 0.9238795325112867385, 1.000000000000000000, 0.9238795325112867385, 1.000000000000000000, 0.9238795325112867385, 1.000000000000000000, 0.9238795325112867385, 1.000000000000000000, 0.9238795325112867385, 1.000000000000000000, 0.9238795325112867385, 1.000000000000000000, 0.9238795325112867385, 1.000000000000000000, 0.9238795325112867385, 1.000000000000000000, 0.9238795325112867385, 1.000000000000000000, 0.9238795325112867385, 1.000000000000000000, 0.9238795325112867385, 1.000000000000000000, 0.9238795325112867385, 1.000000000000000000, 0.9238795325112867385, 1.000000000000000000, 0.9238795325112867385, 1.000000000000000000, 0.9238795325112867385, 1.000000000000000000, 0.9238795325112867385, 1.000000000000000000, 0.9238795325112867385, 1.000000000000000000, 0.9238795325112867385, 1.000000000000000000, 0.9238795325112867385, 1.000000000000000000, 0.9238795325112867385, 1.000000000000000000, 0.9238795325112867385, 1.000000000000000000, 0.9238795325112867385, 1.000000000000000000, 0.9238795325112867385, 1.000000000000000000, 0.9238795325112867385, 1.000000000000000000, 0.9238795325112867385, 1.000000000000000000, 0.9238795325112867385, 1.000000000000000000, 0.9238795325112867385, 1.000000000000000000, 0.9238795325112867385, 1.000000000000000000, 0.9238795325112867385, 1.000000000000000000, 0.9238795325112867385, 1.000000000000000000, 0.9238795325112867385, 1.000000000000000000, 0.9238795325112867385, 1.000000000000000000, 0.9238795325112867385, 1.000000000000000000, 0.9238795325112867385, 1.000000000000000000, 0.9238795325112867385, 1.000000000000000000, 0.9238795325112867385, 1.000000000000000000, 0.9238795325112867385, 1.000000000000000000, 0.9238795325112867385, 1.000000000000000000, 0.9238795325112867385, 1.000000000000000000, 0.9238795325112867385, 1.000000000000000000, 0.9238795325112867385, 1.000000000000000000, 0.9238795325112867385, 1.000000000000000000, 0.9238795325112867385, 1.000000000000000000, 0.9238795325112867385, 1.000000000000000000, 0.9238795325112867385, 1.000000000000000000, 0.9238795325112867385, 1.000000000000000000, 0.9238795325112867385, 1.000000000000000000, 0.9238795325112867385, 1.000000000000000000, 0.9238795325112867385, 1.000000000000000000, 0.9238795325112867385, 1.000000000000000000, 0.9238795325112867385, 1.000000000000000000, 0.9238795325112867385, 1.000000000000000000, 0.9238795325112867385, 1.000000000000000000, 0.9238795325112867385, 1.000000000000000000, 0.9238795325112867385, 1.000000000000000000, 0.9238795325112867385, 1.000000000000000000, 0.9238795325112867385, 1.000000000000000000, 0.9238795325112867385, 1.000000000000000000, 0.9238795325112867385, 1.000000000000000000, 0.9238795325112867385, 1.000000000000000000, 0.9238795325112867385, 1.000000000000000000, 0.9238795325112867385, 1.000000000000000000) ) ) 
 REPRESENTATION_ITEM ( '' )  SURFACE ( )  );
#895 = CARTESIAN_POINT ( 'NONE',  ( -0.9471984856003540232, -11.80234210899601699, 2.285076645648612459 ) ) ;
#896 = CARTESIAN_POINT ( 'NONE',  ( -0.9460227193715016192, -0.1773421089960175445, -2.285563663966784009 ) ) ;
#897 = CARTESIAN_POINT ( 'NONE',  ( 2.129020381344185253, 0.2028685519572682172, -2.163570547729265492 ) ) ;
#898 = DATE_AND_TIME ( #306, #825 ) ;
#899 = CARTESIAN_POINT ( 'NONE',  ( -1.153982133839827284, -8.445153664090716106, -2.743782991398082238 ) ) ;
#900 = CARTESIAN_POINT ( 'NONE',  ( 1.337951189921633199, 7.500000000000000000, 2.174743630622009150 ) ) ;
#901 = CARTESIAN_POINT ( 'NONE',  ( 2.129020381344187030, -12.79713144804273028, -2.163570547729265492 ) ) ;
#902 = EDGE_CURVE ( 'NONE', #2240, #3681, #317, .T. ) ;
#903 = CARTESIAN_POINT ( 'NONE',  ( -0.01491158336209813529, -3.507653664090716550, -2.749959571463121311 ) ) ;
#904 = CARTESIAN_POINT ( 'NONE',  ( 1.059157164727557179E-15, 7.500000000000000000, 0.000000000000000000 ) ) ;
#905 = DIRECTION ( 'NONE',  ( -1.224646799147353454E-16, 1.000000000000000000, -0.000000000000000000 ) ) ;
#906 = ORIENTED_EDGE ( 'NONE', *, *, #3026, .F. ) ;
#907 = CARTESIAN_POINT ( 'NONE',  ( -0.02560642317086683425, 3.692447230050695417, 3.035320154807698234 ) ) ;
#908 = DIRECTION ( 'NONE',  ( -1.224646799147353454E-16, 1.000000000000000000, -0.000000000000000000 ) ) ;
#909 = CARTESIAN_POINT ( 'NONE',  ( -0.9460227193715018412, 2.822657891003981678, -2.285563663966784009 ) ) ;
#910 = CARTESIAN_POINT ( 'NONE',  ( 0.0005878831144292419970, -6.239842108996017878, -2.285320154807698234 ) ) ;
#911 = EDGE_LOOP ( 'NONE', ( #1888, #2569, #998, #1757, #1924 ) ) ;
#912 = DIRECTION ( 'NONE',  ( -1.000000000000000000, 0.000000000000000000, 0.000000000000000000 ) ) ;
#913 = DIRECTION ( 'NONE',  ( 1.224646799147353947E-16, -1.000000000000000000, 0.000000000000000000 ) ) ;
#914 = CARTESIAN_POINT ( 'NONE',  ( -0.0005878831144248341731, 0.2601578910039828441, 2.285320154807698234 ) ) ;
#915 = CARTESIAN_POINT ( 'NONE',  ( -2.163570547729264160, 3.452868551957269272, -2.129020381344183477 ) ) ;
#916 =( BOUNDED_CURVE ( )  B_SPLINE_CURVE ( 2, ( #3158, #1476, #2784, #3458, #2823, #531, #1834, #1221, #1160, #2285, #3265 ),
 .UNSPECIFIED., .F., .F. ) 
 B_SPLINE_CURVE_WITH_KNOTS ( ( 3, 2, 2, 2, 2, 3 ),
 ( 0.2143311835589939429, 0.2202380952380952328, 0.2261904761904761918, 0.2321428571428571508, 0.2380952380952380820, 0.2381407073685177511 ),
 .UNSPECIFIED. ) 
 CURVE ( )  GEOMETRIC_REPRESENTATION_ITEM ( )  RATIONAL_B_SPLINE_CURVE ( ( 0.9988459397136748574, 0.9244610044241413638, 1.000000000000000000, 0.9238795325112867385, 1.000000000000000000, 0.9238795325112867385, 1.000000000000000000, 0.9238795325112867385, 1.000000000000000000, 0.9994185280871453747, 0.9988459397136748574 ) ) 
 REPRESENTATION_ITEM ( '' )  );
#917 = CARTESIAN_POINT ( 'NONE',  ( 2.743289438998259389, 6.715465627179519892, 1.155154934624598617 ) ) ;
#918 = CARTESIAN_POINT ( 'NONE',  ( -3.025200645364628738, -11.35963144804273028, 1.281701431207765474 ) ) ;
#919 = ADVANCED_FACE ( 'NONE', ( #3545 ), #646, .T. ) ;
#920 = CARTESIAN_POINT ( 'NONE',  ( 2.750000000000002665, -10.22115062695349330, 1.322898101878941796E-16 ) ) ;
#921 = CARTESIAN_POINT ( 'NONE',  ( -2.749999999999998224, 0.7419372448705057188, 0.007455846486311724745 ) ) ;
#922 = CARTESIAN_POINT ( 'NONE',  ( 2.285563663966786230, -0.4273421089960177666, -0.9460227193715036176 ) ) ;
#923 = DIRECTION ( 'NONE',  ( 0.000000000000000000, -0.000000000000000000, 1.000000000000000000 ) ) ;
#924 = ORIENTED_EDGE ( 'NONE', *, *, #1864, .T. ) ;
#925 = CARTESIAN_POINT ( 'NONE',  ( -2.128188989070670001, 3.317447230050694973, -2.164401940002777192 ) ) ;
#926 = LINE ( 'NONE', #4113, #3747 ) ;
#927 = CARTESIAN_POINT ( 'NONE',  ( 0.9471984856003592412, -8.302342108996018766, -2.285076645648612459 ) ) ;
#928 = ORIENTED_EDGE ( 'NONE', *, *, #3595, .F. ) ;
#929 = CARTESIAN_POINT ( 'NONE',  ( -2.749999999999997780, -4.258472758984491513, -9.797953184584977129E-15 ) ) ;
#930 = ADVANCED_FACE ( 'NONE', ( #1689 ), #3589, .F. ) ;
#931 = CARTESIAN_POINT ( 'NONE',  ( 0.9460227193715070593, -7.677342108996018766, 2.285563663966783565 ) ) ;
#932 = CARTESIAN_POINT ( 'NONE',  ( -0.0005878831144255690453, 6.260157891003981234, 2.285320154807698234 ) ) ;
#933 = CARTESIAN_POINT ( 'NONE',  ( 1.281701431207769026, -0.1096314480427303117, 3.025200645364631402 ) ) ;
#934 = ORIENTED_EDGE ( 'NONE', *, *, #3175, .F. ) ;
#935 = APPROVAL_DATE_TIME ( #4181, #3347 ) ;
#936 = CARTESIAN_POINT ( 'NONE',  ( 1.155154934624599061, 0.9654656271795203359, -2.743289438998258500 ) ) ;
#937 = CARTESIAN_POINT ( 'NONE',  ( 1.124158967115631125, 0.4298463359092838387, -2.756136151528160827 ) ) ;
#938 = CARTESIAN_POINT ( 'NONE',  ( -3.045439664250761957, -9.484631448042732060, -1.232840117323736662 ) ) ;
#939 =( BOUNDED_CURVE ( )  B_SPLINE_CURVE ( 2, ( #634, #3215, #3537, #2965, #705, #1595, #3880, #1258, #958, #661, #3860 ),
 .UNSPECIFIED., .F., .F. ) 
 B_SPLINE_CURVE_WITH_KNOTS ( ( 3, 2, 2, 2, 2, 3 ),
 ( 0.8571883264161367366, 0.8630952380952381375, 0.8690476190476190688, 0.8750000000000000000, 0.8809523809523809312, 0.8809978502256605726 ),
 .UNSPECIFIED. ) 
 CURVE ( )  GEOMETRIC_REPRESENTATION_ITEM ( )  RATIONAL_B_SPLINE_CURVE ( ( 0.9988459397136755236, 0.9244610044241410307, 1.000000000000000000, 0.9238795325112867385, 1.000000000000000000, 0.9238795325112867385, 1.000000000000000000, 0.9238795325112867385, 1.000000000000000000, 0.9994185280871457078, 0.9988459397136756346 ) ) 
 REPRESENTATION_ITEM ( '' )  );
#940 = CARTESIAN_POINT ( 'NONE',  ( -2.749999999999996891, -5.721593030817616388, -0.008043633102125939335 ) ) ;
#941 = CARTESIAN_POINT ( 'NONE',  ( -2.749999999999997780, -1.258472758984492179, -9.520676621074870057E-15 ) ) ;
#942 = CARTESIAN_POINT ( 'NONE',  ( -2.285563663966783565, 1.072657891003981900, 0.9460227193715032845 ) ) ;
#943 = DIRECTION ( 'NONE',  ( 0.000000000000000000, 1.000000000000000000, 0.000000000000000000 ) ) ;
#944 = ORIENTED_EDGE ( 'NONE', *, *, #586, .F. ) ;
#945 = CARTESIAN_POINT ( 'NONE',  ( -0.02560642317086732692, 7.692447230050695417, 3.035320154807698234 ) ) ;
#946 = CARTESIAN_POINT ( 'NONE',  ( 1.153982133839833057, -3.945153664090715218, 2.743782991398082238 ) ) ;
#947 = CARTESIAN_POINT ( 'NONE',  ( -1.615549682510056151, 1.885157891003982567, -1.616381074783570293 ) ) ;
#948 = ORIENTED_EDGE ( 'NONE', *, *, #1224, .T. ) ;
#949 = CARTESIAN_POINT ( 'NONE',  ( 1.615549682510060148, -5.614842108996017878, 1.616381074783570515 ) ) ;
#950 = EDGE_LOOP ( 'NONE', ( #991, #1844, #26, #2402 ) ) ;
#951 = EDGE_CURVE ( 'NONE', #2020, #2660, #2992, .T. ) ;
#952 = CARTESIAN_POINT ( 'NONE',  ( -2.749999999999999112, 7.278406969182381836, -0.008043633102135766544 ) ) ;
#953 = CARTESIAN_POINT ( 'NONE',  ( -1.616381074783567628, -6.864842108996017878, 1.615549682510057927 ) ) ;
#954 = CIRCLE ( 'NONE', #3339, 2.750000000000000000 ) ;
#955 = CARTESIAN_POINT ( 'NONE',  ( 0.9471984856003579090, 3.697657891003982567, -2.285076645648612459 ) ) ;
#956 = CARTESIAN_POINT ( 'NONE',  ( -3.025200645364630514, 1.640368551957269494, 1.281701431207765474 ) ) ;
#957 = CALENDAR_DATE ( 2026, 26, 5 ) ;
#958 = CARTESIAN_POINT ( 'NONE',  ( -2.749952945832759621, 6.277965627179519892, -0.01608712857282233039 ) ) ;
#959 = CARTESIAN_POINT ( 'NONE',  ( -3.035320154807695570, -5.557552769949304583, -0.02560642317086817693 ) ) ;
#960 = CARTESIAN_POINT ( 'NONE',  ( 0.02443065694201752847, -8.172131448042730284, 3.035320154807698234 ) ) ;
#961 = EDGE_CURVE ( 'NONE', #3638, #2682, #4051, .T. ) ;
#962 = CARTESIAN_POINT ( 'NONE',  ( 1.955059142683996054, 4.117346335909285671, 1.933970979256855793 ) ) ;
#963 = FACE_OUTER_BOUND ( 'NONE', #3051, .T. ) ;
#964 = CARTESIAN_POINT ( 'NONE',  ( -1.615549682510056151, 0.8851578910039816783, -1.616381074783570293 ) ) ;
#965 = FACE_OUTER_BOUND ( 'NONE', #1291, .T. ) ;
#966 = VERTEX_POINT ( 'NONE', #1346 ) ;
#967 = CARTESIAN_POINT ( 'NONE',  ( 3.035320154807699122, 7.942447230050695417, 0.02560642317086780570 ) ) ;
#968 = CARTESIAN_POINT ( 'NONE',  ( 1.615549682510060592, -9.614842108996018766, 1.616381074783570515 ) ) ;
#969 = ORIENTED_EDGE ( 'NONE', *, *, #3664, .T. ) ;
#970 = CARTESIAN_POINT ( 'NONE',  ( -0.0005878831144239770028, -6.739842108996017878, 2.285320154807698234 ) ) ;
#971 = ORIENTED_EDGE ( 'NONE', *, *, #1741, .F. ) ;
#972 = CARTESIAN_POINT ( 'NONE',  ( 1.231664351094886589, -3.245052769949303695, 3.045926682568936172 ) ) ;
#973 = CYLINDRICAL_SURFACE ( 'NONE', #3915, 2.750000000000000000 ) ;
#974 = CARTESIAN_POINT ( 'NONE',  ( -2.285320154807695125, -7.989842108996017878, -0.0005878831144266431644 ) ) ;
#975 = CARTESIAN_POINT ( 'NONE',  ( -0.0005878831144254465305, 5.260157891003983899, 2.285320154807698234 ) ) ;
#976 = CARTESIAN_POINT ( 'NONE',  ( 2.163570547729266824, 1.952868551957269716, 2.129020381344183921 ) ) ;
#977 = ORIENTED_EDGE ( 'NONE', *, *, #3824, .F. ) ;
#978 = CIRCLE ( 'NONE', #1253, 3.999999999999997335 ) ;
#979 = CARTESIAN_POINT ( 'NONE',  ( -0.1529455385167892978, -11.49999999999999289, -2.745743553620369148 ) ) ;
#980 = CARTESIAN_POINT ( 'NONE',  ( -2.749999999999999112, 4.278849373046508475, -1.022193187182612512E-14 ) ) ;
#981 = CARTESIAN_POINT ( 'NONE',  ( -3.045926682568934396, -5.495052769949305471, 1.231664351094882814 ) ) ;
#982 = CARTESIAN_POINT ( 'NONE',  ( -0.02443065694201188368, -8.672131448042730284, -3.035320154807698234 ) ) ;
#983 = CARTESIAN_POINT ( 'NONE',  ( -2.749999999999997780, -5.721150626953492413, 9.429889033906309885E-15 ) ) ;
#984 = DIRECTION ( 'NONE',  ( -1.000000000000000000, 0.000000000000000000, 0.000000000000000000 ) ) ;
#985 = CARTESIAN_POINT ( 'NONE',  ( 1.615549682510059037, 3.385157891003982122, 1.616381074783570515 ) ) ;
#986 = EDGE_CURVE ( 'NONE', #2269, #1570, #1602, .T. ) ;
#987 = CARTESIAN_POINT ( 'NONE',  ( 2.749952945832764506, -11.22203437282047744, 0.01608712857282199732 ) ) ;
#988 = CARTESIAN_POINT ( 'NONE',  ( -1.231664351094882148, 8.254947230050696305, -3.045926682568936616 ) ) ;
#989 = CARTESIAN_POINT ( 'NONE',  ( -0.0005878831144237319731, -8.739842108996018766, 2.285320154807698234 ) ) ;
#990 = CARTESIAN_POINT ( 'NONE',  ( -2.285076645648611127, -0.05234210899601743350, -0.9471984856003564657 ) ) ;
#991 = ORIENTED_EDGE ( 'NONE', *, *, #2601, .F. ) ;
#992 = ORIENTED_EDGE ( 'NONE', *, *, #3752, .T. ) ;
#993 = CARTESIAN_POINT ( 'NONE',  ( 1.282877197436621541, -3.870052769949304139, -3.024713627046460296 ) ) ;
#994 = CARTESIAN_POINT ( 'NONE',  ( -2.749999999999999112, 4.278849373046508475, -1.022193187182612512E-14 ) ) ;
#995 = CARTESIAN_POINT ( 'NONE',  ( 1.616381074783572958, -6.364842108996017878, -1.615549682510057927 ) ) ;
#996 = CARTESIAN_POINT ( 'NONE',  ( 2.285320154807699566, 4.510157891003983011, 0.0005878831144263602961 ) ) ;
#997 = CARTESIAN_POINT ( 'NONE',  ( 3.025200645364631846, 7.140368551957270604, -1.281701431207766362 ) ) ;
#998 = ORIENTED_EDGE ( 'NONE', *, *, #461, .T. ) ;
#999 = DIRECTION ( 'NONE',  ( -1.224646799147353454E-16, 1.000000000000000000, -0.000000000000000000 ) ) ;
#1000 = CARTESIAN_POINT ( 'NONE',  ( -3.035320154807695125, -8.557552769949305471, -0.02560642317086817693 ) ) ;
#1001 = CARTESIAN_POINT ( 'NONE',  ( 1.232840117323739326, -10.73463144804273028, -3.045439664250765954 ) ) ;
#1002 = CARTESIAN_POINT ( 'NONE',  ( 2.750000000000006661, -6.159017934196078237, -1.129674997702171391 ) ) ;
#1003 = CARTESIAN_POINT ( 'NONE',  ( -0.01608712857282021749, -2.472034372820479664, 2.749952945832760953 ) ) ;
#1004 = CARTESIAN_POINT ( 'NONE',  ( 1.615549682510059259, 1.385157891003982122, 1.616381074783570515 ) ) ;
#1005 = CYLINDRICAL_SURFACE ( 'NONE', #2619, 2.750000000000000000 ) ;
#1006 = FACE_OUTER_BOUND ( 'NONE', #1582, .T. ) ;
#1007 = CARTESIAN_POINT ( 'NONE',  ( 2.128188989070672665, 6.817447230050694529, 2.164401940002777636 ) ) ;
#1008 = CARTESIAN_POINT ( 'NONE',  ( 1.616381074783573180, -8.364842108996018766, -1.615549682510057927 ) ) ;
#1009 = CARTESIAN_POINT ( 'NONE',  ( -2.285320154807697346, 7.010157891003982122, -0.0005878831144266431644 ) ) ;
#1010 = ORIENTED_EDGE ( 'NONE', *, *, #4173, .F. ) ;
#1011 = EDGE_LOOP ( 'NONE', ( #2572, #279, #110, #3346 ) ) ;
#1012 = EDGE_CURVE ( 'NONE', #1125, #2181, #2909, .T. ) ;
#1013 = CARTESIAN_POINT ( 'NONE',  ( 2.128188989070673998, -4.182552769949304583, 2.164401940002777636 ) ) ;
#1014 = DIRECTION ( 'NONE',  ( -1.224646799147353454E-16, 1.000000000000000000, -0.000000000000000000 ) ) ;
#1015 = CARTESIAN_POINT ( 'NONE',  ( 1.615549682510060592, -9.614842108996018766, 1.616381074783570515 ) ) ;
#1016 = CARTESIAN_POINT ( 'NONE',  ( 2.285563663966784897, 3.572657891003982567, -0.9460227193715035066 ) ) ;
#1017 = CARTESIAN_POINT ( 'NONE',  ( -0.02443065694201384044, 7.327868551957269716, -3.035320154807698234 ) ) ;
#1018 = ORIENTED_EDGE ( 'NONE', *, *, #2944, .F. ) ;
#1019 = AXIS2_PLACEMENT_3D ( 'NONE', #1739, #2706, #3089 ) ;
#1020 = LINE ( 'NONE', #2648, #1596 ) ;
#1021 = CARTESIAN_POINT ( 'NONE',  ( 0.02560642317087092126, -7.807552769949304583, -3.035320154807698234 ) ) ;
#1022 = CARTESIAN_POINT ( 'NONE',  ( 2.163570547729267712, -5.047131448042731172, 2.129020381344183921 ) ) ;
#1023 = CARTESIAN_POINT ( 'NONE',  ( 2.750000000000001776, -2.221150626953493301, -9.619843633150466576E-15 ) ) ;
#1024 = CARTESIAN_POINT ( 'NONE',  ( 2.285320154807700010, 0.5101578910039830106, 0.0005878831144263602961 ) ) ;
#1025 = CARTESIAN_POINT ( 'NONE',  ( -1.933970979256853795, -2.132653664090715218, 1.955059142683995166 ) ) ;
#1026 = CARTESIAN_POINT ( 'NONE',  ( -2.000000000000000000, 12.50000000000000000, 1.154700538379252128 ) ) ;
#1027 = DIRECTION ( 'NONE',  ( -1.000000000000000000, 0.000000000000000000, 0.000000000000000000 ) ) ;
#1028 = CARTESIAN_POINT ( 'NONE',  ( -2.285563663966780901, -10.92734210899602054, 0.9460227193715032845 ) ) ;
#1029 = CARTESIAN_POINT ( 'NONE',  ( 1.616381074783571625, 5.635157891003980346, -1.615549682510057927 ) ) ;
#1030 = ORIENTED_EDGE ( 'NONE', *, *, #98, .F. ) ;
#1031 = ORIENTED_EDGE ( 'NONE', *, *, #299, .T. ) ;
#1032 = CARTESIAN_POINT ( 'NONE',  ( -2.164401940002775415, -1.432552769949304139, 2.128188989070671777 ) ) ;
#1033 = CARTESIAN_POINT ( 'NONE',  ( -1.615549682510055707, -4.114842108996017878, -1.616381074783570293 ) ) ;
#1034 = CARTESIAN_POINT ( 'NONE',  ( -0.9460227193715023963, 7.822657891003983011, -2.285563663966784009 ) ) ;
#1035 = ADVANCED_FACE ( 'NONE', ( #1006 ), #1393, .T. ) ;
#1036 = CARTESIAN_POINT ( 'NONE',  ( -0.02443065694201347615, 4.327868551957269716, -3.035320154807698234 ) ) ;
#1037 = ORIENTED_EDGE ( 'NONE', *, *, #775, .T. ) ;
#1038 = CARTESIAN_POINT ( 'NONE',  ( -1.955059142683992057, -10.38265366409071433, -1.933970979256855349 ) ) ;
#1039 = CARTESIAN_POINT ( 'NONE',  ( -2.750000000000002665, -0.6590179341960795689, 1.129674997702170502 ) ) ;
#1040 = CARTESIAN_POINT ( 'NONE',  ( 1.282877197436621985, -5.870052769949303695, -3.024713627046460296 ) ) ;
#1041 = CARTESIAN_POINT ( 'NONE',  ( 2.129020381344186585, -7.797131448042731172, -2.163570547729265492 ) ) ;
#1042 = CARTESIAN_POINT ( 'NONE',  ( 0.01608712857282524125, -8.972034372820479220, -2.749952945832760953 ) ) ;
#1043 = CARTESIAN_POINT ( 'NONE',  ( -1.999999999999999556, 10.50000000000000000, -1.154700538379251684 ) ) ;
#1044 = CARTESIAN_POINT ( 'NONE',  ( -1.616381074783569405, 7.135157891003982122, 1.615549682510057927 ) ) ;
#1045 = CARTESIAN_POINT ( 'NONE',  ( -2.749999999999994227, 2.679367593583295015, -1.130362027696528715 ) ) ;
#1046 = ORIENTED_EDGE ( 'NONE', *, *, #1408, .F. ) ;
#1047 = DIRECTION ( 'NONE',  ( -1.224646799147360110E-16, 1.000000000000000000, -0.000000000000000000 ) ) ;
#1048 = CARTESIAN_POINT ( 'NONE',  ( 2.750000000000002665, -0.7584727589844915130, 9.486758998627150629E-15 ) ) ;
#1049 = CARTESIAN_POINT ( 'NONE',  ( 1.153982133839832391, 3.054846335909284338, 2.743782991398082238 ) ) ;
#1050 =( BOUNDED_CURVE ( )  B_SPLINE_CURVE ( 2, ( #3734, #2673, #774, #1768, #1727, #2369, #3034, #3972, #94, #73, #442 ),
 .UNSPECIFIED., .F., .F. ) 
 B_SPLINE_CURVE_WITH_KNOTS ( ( 3, 2, 2, 2, 2, 3 ),
 ( 0.3095692787970892312, 0.3154761904761904656, 0.3214285714285714524, 0.3273809523809523836, 0.3333333333333333148, 0.3333788026066129562 ),
 .UNSPECIFIED. ) 
 CURVE ( )  GEOMETRIC_REPRESENTATION_ITEM ( )  RATIONAL_B_SPLINE_CURVE ( ( 0.9988459397136741913, 0.9244610044241416968, 1.000000000000000000, 0.9238795325112867385, 1.000000000000000000, 0.9238795325112867385, 1.000000000000000000, 0.9238795325112867385, 1.000000000000000000, 0.9994185280871457078, 0.9988459397136755236 ) ) 
 REPRESENTATION_ITEM ( '' )  );
#1051 = CARTESIAN_POINT ( 'NONE',  ( -0.9471984856003544673, -9.802342108996018766, 2.285076645648612459 ) ) ;
#1052 = CARTESIAN_POINT ( 'NONE',  ( 0.0005878831144278979116, 4.760157891003983011, -2.285320154807698234 ) ) ;
#1053 = DIRECTION ( 'NONE',  ( -1.224646799147353454E-16, 1.000000000000000000, -0.000000000000000000 ) ) ;
#1054 = AXIS2_PLACEMENT_3D ( 'NONE', #1579, #2883, #3863 ) ;
#1055 = ORIENTED_EDGE ( 'NONE', *, *, #813, .F. ) ;
#1056 = CARTESIAN_POINT ( 'NONE',  ( 3.045926682568938393, -2.995052769949305471, -1.231664351094883481 ) ) ;
#1057 = CARTESIAN_POINT ( 'NONE',  ( 2.750000000000002220, 6.778849373046505811, 9.882727230318703812E-15 ) ) ;
#1058 = CARTESIAN_POINT ( 'NONE',  ( 2.285076645648614235, -2.552342108996018322, 0.9471984856003577979 ) ) ;
#1059 = CARTESIAN_POINT ( 'NONE',  ( 4.468337651538803533E-16, 12.50000000000000000, 0.000000000000000000 ) ) ;
#1060 = CARTESIAN_POINT ( 'NONE',  ( -3.035320154807696902, 4.577868551957270604, 0.02443065694201473556 ) ) ;
#1061 = ORIENTED_EDGE ( 'NONE', *, *, #3539, .T. ) ;
#1062 = ORIENTED_EDGE ( 'NONE', *, *, #4244, .F. ) ;
#1063 = EDGE_CURVE ( 'NONE', #2082, #1679, #2592, .T. ) ;
#1064 = CARTESIAN_POINT ( 'NONE',  ( 2.750000000000002665, -0.2211506269534935509, 9.882727230318703812E-15 ) ) ;
#1065 = CARTESIAN_POINT ( 'NONE',  ( -0.9471984856003550224, -3.802342108996017433, 2.285076645648612459 ) ) ;
#1066 = CARTESIAN_POINT ( 'NONE',  ( -2.163570547729263271, -6.547131448042731172, -2.129020381344183477 ) ) ;
#1067 = EDGE_CURVE ( 'NONE', #3593, #2485, #2411, .T. ) ;
#1068 = CARTESIAN_POINT ( 'NONE',  ( 1.153982133839831725, 7.054846335909285671, 2.743782991398082238 ) ) ;
#1069 = CARTESIAN_POINT ( 'NONE',  ( -2.285076645648611571, 4.947657891003983899, -0.9471984856003564657 ) ) ;
#1070 = CARTESIAN_POINT ( 'NONE',  ( 1.124158967115630681, 1.429846335909285004, -2.756136151528160827 ) ) ;
#1071 = DIRECTION ( 'NONE',  ( -1.224646799147353454E-16, 1.000000000000000000, 0.000000000000000000 ) ) ;
#1072 = CARTESIAN_POINT ( 'NONE',  ( 1.955059142683996942, 3.117346335909284782, 1.933970979256855793 ) ) ;
#1073 = CARTESIAN_POINT ( 'NONE',  ( 2.285563663966787118, -7.427342108996017878, -0.9460227193715036176 ) ) ;
#1074 = CARTESIAN_POINT ( 'NONE',  ( 2.285076645648613347, 6.447657891003982122, 0.9471984856003577979 ) ) ;
#1075 = CARTESIAN_POINT ( 'NONE',  ( 6.505213034913026604E-16, 12.50000000000000000, -2.309401076758503368 ) ) ;
#1076 = ORIENTED_EDGE ( 'NONE', *, *, #3439, .T. ) ;
#1077 = APPROVAL ( #2190, 'UNSPECIFIED' ) ;
#1078 = CARTESIAN_POINT ( 'NONE',  ( -1.231664351094881482, 2.254947230050695417, -3.045926682568936616 ) ) ;
#1079 = CARTESIAN_POINT ( 'NONE',  ( -2.749999999999997335, -7.258062755129495613, 0.007455846486311724745 ) ) ;
#1080 = CARTESIAN_POINT ( 'NONE',  ( 1.615549682510060148, -4.614842108996017878, 1.616381074783570515 ) ) ;
#1081 = CARTESIAN_POINT ( 'NONE',  ( -2.034501835876548537, -11.79823182075528365, 1.374207387839188943 ) ) ;
#1082 = CARTESIAN_POINT ( 'NONE',  ( 1.281701431207767916, 5.890368551957268828, 3.025200645364631402 ) ) ;
#1083 = ORIENTED_EDGE ( 'NONE', *, *, #2551, .T. ) ;
#1084 = EDGE_CURVE ( 'NONE', #3463, #3294, #2850, .T. ) ;
#1085 = ORIENTED_EDGE ( 'NONE', *, *, #2527, .T. ) ;
#1086 = CARTESIAN_POINT ( 'NONE',  ( 3.045926682568938837, -4.995052769949304583, -1.231664351094883481 ) ) ;
#1087 = CARTESIAN_POINT ( 'NONE',  ( -2.749959571463117758, -11.25765366409071611, 0.01491158336210037481 ) ) ;
#1088 = CARTESIAN_POINT ( 'NONE',  ( 0.9460227193715062821, -2.677342108996018322, 2.285563663966783565 ) ) ;
#1089 = CARTESIAN_POINT ( 'NONE',  ( 3.025200645364634067, -5.859631448042731172, -1.281701431207766362 ) ) ;
#1090 = CARTESIAN_POINT ( 'NONE',  ( -1.933135058238602877, -8.847034372820479220, -1.955885693645930345 ) ) ;
#1091 = CARTESIAN_POINT ( 'NONE',  ( -2.749999999999998668, 3.278849373046505811, -1.022193187182612512E-14 ) ) ;
#1092 = CARTESIAN_POINT ( 'NONE',  ( -2.285563663966783565, 7.072657891003982122, 0.9460227193715032845 ) ) ;
#1093 = ADVANCED_FACE ( 'NONE', ( #1731 ), #121, .T. ) ;
#1094 = CARTESIAN_POINT ( 'NONE',  ( -2.749959571463119534, -2.257653664090715218, 0.01491158336210037481 ) ) ;
#1095 = CARTESIAN_POINT ( 'NONE',  ( 1.955059142683996054, 6.117346335909283894, 1.933970979256855793 ) ) ;
#1096 = DIRECTION ( 'NONE',  ( -1.224646799147353454E-16, 1.000000000000000000, -0.000000000000000000 ) ) ;
#1097 = CYLINDRICAL_SURFACE ( 'NONE', #3335, 2.750000000000000000 ) ;
#1098 = DIRECTION ( 'NONE',  ( -1.000000000000000000, 0.000000000000000000, 0.000000000000000000 ) ) ;
#1099 = CARTESIAN_POINT ( 'NONE',  ( -1.615549682510055485, -6.114842108996017878, -1.616381074783570293 ) ) ;
#1100 = CARTESIAN_POINT ( 'NONE',  ( 0.9471984856003577979, 4.697657891003983899, -2.285076645648612459 ) ) ;
#1101 = CARTESIAN_POINT ( 'NONE',  ( -2.743782991398080462, -8.195153664090714329, 1.153982133839829727 ) ) ;
#1102 = VERTEX_POINT ( 'NONE', #1453 ) ;
#1103 = CARTESIAN_POINT ( 'NONE',  ( 3.035320154807700455, -0.05755276994930461076, 0.02560642317086780570 ) ) ;
#1104 = DIRECTION ( 'NONE',  ( -1.000000000000000000, 0.000000000000000000, 0.000000000000000000 ) ) ;
#1105 = CARTESIAN_POINT ( 'NONE',  ( 0.9460227193715065042, -4.677342108996018766, 2.285563663966783565 ) ) ;
#1106 =( BOUNDED_CURVE ( )  B_SPLINE_CURVE ( 2, ( #2013, #3636, #3317, #1460, #3086, #2997, #3066, #2103, #3385, #3405, #473 ),
 .UNSPECIFIED., .F., .F. ) 
 B_SPLINE_CURVE_WITH_KNOTS ( ( 3, 2, 2, 2, 2, 3 ),
 ( 0.8095659579314575804, 0.8154761904761904656, 0.8214285714285713969, 0.8273809523809523281, 0.8333333333333332593, 0.8333754817409813054 ),
 .UNSPECIFIED. ) 
 CURVE ( )  GEOMETRIC_REPRESENTATION_ITEM ( )  RATIONAL_B_SPLINE_CURVE ( ( 0.9989296255183136575, 0.9244185364022912132, 1.000000000000000000, 0.9238795325112867385, 1.000000000000000000, 0.9238795325112867385, 1.000000000000000000, 0.9238795325112867385, 1.000000000000000000, 0.9994609961089955252, 0.9989296255183136575 ) ) 
 REPRESENTATION_ITEM ( '' )  );
#1107 = CARTESIAN_POINT ( 'NONE',  ( -0.9471984856003545783, -8.802342108996018766, 2.285076645648612459 ) ) ;
#1108 = ORIENTED_EDGE ( 'NONE', *, *, #166, .F. ) ;
#1109 = VERTEX_POINT ( 'NONE', #1475 ) ;
#1110 = LINE ( 'NONE', #2670, #568 ) ;
#1111 = CARTESIAN_POINT ( 'NONE',  ( -0.9471984856003552444, -1.802342108996017211, 2.285076645648612459 ) ) ;
#1112 = CARTESIAN_POINT ( 'NONE',  ( -0.02443065694201212654, -6.672131448042731172, -3.035320154807698234 ) ) ;
#1113 = LINE ( 'NONE', #3715, #3604 ) ;
#1114 = CARTESIAN_POINT ( 'NONE',  ( 1.955059142683996054, 7.117346335909284782, 1.933970979256855793 ) ) ;
#1115 = CARTESIAN_POINT ( 'NONE',  ( -1.616381074783569405, 6.135157891003981234, 1.615549682510057927 ) ) ;
#1116 = CARTESIAN_POINT ( 'NONE',  ( -2.749952945832758289, -3.722034372820478776, -0.01608712857282233039 ) ) ;
#1117 = CARTESIAN_POINT ( 'NONE',  ( 3.385986083107527755E-15, -11.49999999999999289, 0.000000000000000000 ) ) ;
#1118 = CARTESIAN_POINT ( 'NONE',  ( 2.743289438998259389, 1.715465627179521002, 1.155154934624598617 ) ) ;
#1119 = CARTESIAN_POINT ( 'NONE',  ( -0.1529455385166017534, 7.499999999999998224, -2.745743553620380251 ) ) ;
#1120 = CARTESIAN_POINT ( 'NONE',  ( 2.749999999999997335, 1.179367593583295459, 1.130362027696530713 ) ) ;
#1121 = CARTESIAN_POINT ( 'NONE',  ( -1.615549682510055707, -4.114842108996017878, -1.616381074783570293 ) ) ;
#1122 = AXIS2_PLACEMENT_3D ( 'NONE', #2445, #3163, #230 ) ;
#1123 = CARTESIAN_POINT ( 'NONE',  ( -1.282877197436617323, -9.370052769949305471, 3.024713627046458964 ) ) ;
#1124 = CARTESIAN_POINT ( 'NONE',  ( -2.749999999999999556, 12.50000000000000000, 0.000000000000000000 ) ) ;
#1125 = VERTEX_POINT ( 'NONE', #2763 ) ;
#1126 = CARTESIAN_POINT ( 'NONE',  ( 0.02560642317086982145, 1.192447230050694751, -3.035320154807698234 ) ) ;
#1127 = CARTESIAN_POINT ( 'NONE',  ( 1.153982133839833724, -6.945153664090716106, 2.743782991398082238 ) ) ;
#1128 = CARTESIAN_POINT ( 'NONE',  ( -0.9460227193715007310, -5.177342108996019654, -2.285563663966784009 ) ) ;
#1129 = AXIS2_PLACEMENT_3D ( 'NONE', #2226, #3528, #1905 ) ;
#1130 = CARTESIAN_POINT ( 'NONE',  ( -0.9471984856003544673, -9.802342108996020542, 2.285076645648612459 ) ) ;
#1131 = ORIENTED_EDGE ( 'NONE', *, *, #2842, .F. ) ;
#1132 = AXIS2_PLACEMENT_3D ( 'NONE', #2637, #3957, #1027 ) ;
#1133 = CARTESIAN_POINT ( 'NONE',  ( -2.749999999999999556, 12.50000000000000000, 0.000000000000000000 ) ) ;
#1134 = FACE_OUTER_BOUND ( 'NONE', #1564, .T. ) ;
#1135 = CARTESIAN_POINT ( 'NONE',  ( 0.9460227193715061711, -1.677342108996016989, 2.285563663966783565 ) ) ;
#1136 =( BOUNDED_CURVE ( )  B_SPLINE_CURVE ( 2, ( #580, #1270, #3852, #3831, #654, #4221, #2940, #2575, #3256, #1610, #994 ),
 .UNSPECIFIED., .F., .F. ) 
 B_SPLINE_CURVE_WITH_KNOTS ( ( 3, 2, 2, 2, 2, 3 ),
 ( 0.7619502311780415038, 0.7678571428571429047, 0.7738095238095238360, 0.7797619047619047672, 0.7857142857142856984, 0.7857597549875653398 ),
 .UNSPECIFIED. ) 
 CURVE ( )  GEOMETRIC_REPRESENTATION_ITEM ( )  RATIONAL_B_SPLINE_CURVE ( ( 0.9988459397136755236, 0.9244610044241410307, 1.000000000000000000, 0.9238795325112867385, 1.000000000000000000, 0.9238795325112867385, 1.000000000000000000, 0.9238795325112867385, 1.000000000000000000, 0.9994185280871457078, 0.9988459397136756346 ) ) 
 REPRESENTATION_ITEM ( '' )  );
#1137 = CARTESIAN_POINT ( 'NONE',  ( -2.163570547729263716, -3.547131448042731616, -2.129020381344183477 ) ) ;
#1138 = CARTESIAN_POINT ( 'NONE',  ( 1.244404841386511418, -11.55354730991325418, -2.419080325360722927 ) ) ;
#1139 = CARTESIAN_POINT ( 'NONE',  ( -2.749999999999996447, -11.49999999999999289, 0.000000000000000000 ) ) ;
#1140 = CARTESIAN_POINT ( 'NONE',  ( 0.0005878831144277723610, 5.760157891003981234, -2.285320154807698234 ) ) ;
#1141 = CARTESIAN_POINT ( 'NONE',  ( 2.163570547729268601, -12.04713144804273028, 2.129020381344183921 ) ) ;
#1142 = CARTESIAN_POINT ( 'NONE',  ( 2.750000000000000444, 12.50000000000000000, 3.367778697655221012E-16 ) ) ;
#1143 = DIRECTION ( 'NONE',  ( -1.000000000000000000, 0.000000000000000000, 0.000000000000000000 ) ) ;
#1144 = DIRECTION ( 'NONE',  ( -1.224646799147353454E-16, 1.000000000000000000, -0.000000000000000000 ) ) ;
#1145 = CARTESIAN_POINT ( 'NONE',  ( -0.9471984856003550224, -3.802342108996017433, 2.285076645648612459 ) ) ;
#1146 = CARTESIAN_POINT ( 'NONE',  ( 0.02560642317087141392, -11.80755276994930547, -3.035320154807698234 ) ) ;
#1147 = ORIENTED_EDGE ( 'NONE', *, *, #3649, .F. ) ;
#1148 = CARTESIAN_POINT ( 'NONE',  ( -3.024713627046457631, -0.6200527699493051381, -1.282877197436619099 ) ) ;
#1149 = CYLINDRICAL_SURFACE ( 'NONE', #1019, 2.750000000000000000 ) ;
#1150 = CARTESIAN_POINT ( 'NONE',  ( 2.285320154807700455, -0.4898421089960178221, 0.0005878831144263633318 ) ) ;
#1151 = ADVANCED_FACE ( 'NONE', ( #2720 ), #4064, .F. ) ;
#1152 = CARTESIAN_POINT ( 'NONE',  ( 2.285563663966787118, -11.42734210899601699, -0.9460227193715035066 ) ) ;
#1153 = ORIENTED_EDGE ( 'NONE', *, *, #576, .F. ) ;
#1154 = CARTESIAN_POINT ( 'NONE',  ( 1.616381074783573402, -10.36484210899601877, -1.615549682510057927 ) ) ;
#1155 = CARTESIAN_POINT ( 'NONE',  ( -2.285076645648610683, -2.052342108996017433, -0.9471984856003564657 ) ) ;
#1156 = CARTESIAN_POINT ( 'NONE',  ( -3.035320154807696014, -1.422131448042731394, 0.02443065694201473556 ) ) ;
#1157 = CARTESIAN_POINT ( 'NONE',  ( -1.955059142683992501, -8.382653664090716106, -1.933970979256855349 ) ) ;
#1158 = CARTESIAN_POINT ( 'NONE',  ( 1.933970979256856682, 7.367346335909284782, -1.955059142683995166 ) ) ;
#1159 = CARTESIAN_POINT ( 'NONE',  ( 1.933135058238606652, 4.652965627179521668, 1.955885693645930790 ) ) ;
#1160 = CARTESIAN_POINT ( 'NONE',  ( 2.749952945832764062, -7.222034372820480108, 0.01608712857282199732 ) ) ;
#1161 = CARTESIAN_POINT ( 'NONE',  ( 1.122980677478956357, -4.409534372820479220, 2.756616452667262962 ) ) ;
#1162 = VECTOR ( 'NONE', #4081, 1000.000000000000000 ) ;
#1163 = CARTESIAN_POINT ( 'NONE',  ( -1.615549682510055485, -5.114842108996017878, -1.616381074783570293 ) ) ;
#1164 = CARTESIAN_POINT ( 'NONE',  ( -2.285320154807697346, 8.010157891003983011, -0.0005878831144266431644 ) ) ;
#1165 = CARTESIAN_POINT ( 'NONE',  ( -2.749999999999999556, 7.278849373046506699, -1.022193187182612512E-14 ) ) ;
#1166 = ORIENTED_EDGE ( 'NONE', *, *, #514, .F. ) ;
#1167 = CARTESIAN_POINT ( 'NONE',  ( 2.164401940002778968, 1.067447230050694751, -2.128188989070671777 ) ) ;
#1168 = CYLINDRICAL_SURFACE ( 'NONE', #3269, 2.750000000000000000 ) ;
#1169 = CARTESIAN_POINT ( 'NONE',  ( -2.285563663966781345, -9.927342108996020542, 0.9460227193715031735 ) ) ;
#1170 = ORIENTED_EDGE ( 'NONE', *, *, #3792, .F. ) ;
#1171 = CARTESIAN_POINT ( 'NONE',  ( 1.933970979256858902, -10.63265366409071788, -1.955059142683995166 ) ) ;
#1172 = EDGE_CURVE ( 'NONE', #795, #3919, #1392, .T. ) ;
#1173 = CARTESIAN_POINT ( 'NONE',  ( -0.9471984856003542452, -10.80234210899602054, 2.285076645648612459 ) ) ;
#1174 = CARTESIAN_POINT ( 'NONE',  ( 1.615549682510059259, 2.385157891003983011, 1.616381074783570515 ) ) ;
#1175 = CARTESIAN_POINT ( 'NONE',  ( -3.045439664250763290, -0.4846314480427306171, -1.232840117323736662 ) ) ;
#1176 = CARTESIAN_POINT ( 'NONE',  ( 2.750000000000002665, -1.221150626953494411, 9.882727230318703812E-15 ) ) ;
#1177 = CARTESIAN_POINT ( 'NONE',  ( -2.749999999999998668, -1.721150626953493079, -1.022193187182612512E-14 ) ) ;
#1178 = FACE_OUTER_BOUND ( 'NONE', #2710, .T. ) ;
#1179 = CARTESIAN_POINT ( 'NONE',  ( -2.749999999999999112, 4.278849373046508475, -1.022193187182612512E-14 ) ) ;
#1180 = CARTESIAN_POINT ( 'NONE',  ( 2.743289438998260277, -6.284534372820480108, 1.155154934624598617 ) ) ;
#1181 = CARTESIAN_POINT ( 'NONE',  ( 2.750000000000002665, -6.758062755129493837, -0.007455846486311910361 ) ) ;
#1182 = CARTESIAN_POINT ( 'NONE',  ( 0.0005878831144287520460, -2.239842108996017433, -2.285320154807698234 ) ) ;
#1183 = CARTESIAN_POINT ( 'NONE',  ( 2.128188989070674886, -11.18255276994930369, 2.164401940002777636 ) ) ;
#1184 = CARTESIAN_POINT ( 'NONE',  ( -4.250000000000000000, 7.749999999999998224, 0.000000000000000000 ) ) ;
#1185 = ORIENTED_EDGE ( 'NONE', *, *, #2814, .F. ) ;
#1186 = CARTESIAN_POINT ( 'NONE',  ( -1.282877197436619099, 4.629947230050696305, 3.024713627046458964 ) ) ;
#1187 = CARTESIAN_POINT ( 'NONE',  ( 1.155154934624598617, 2.965465627179520336, -2.743289438998258500 ) ) ;
#1188 = VECTOR ( 'NONE', #2931, 1000.000000000000000 ) ;
#1189 = CARTESIAN_POINT ( 'NONE',  ( -0.9460227193715001759, -11.17734210899602054, -2.285563663966784009 ) ) ;
#1190 = ORIENTED_EDGE ( 'NONE', *, *, #3076, .F. ) ;
#1191 = CARTESIAN_POINT ( 'NONE',  ( -1.615549682510054819, -11.11484210899601877, -1.616381074783570293 ) ) ;
#1192 = CARTESIAN_POINT ( 'NONE',  ( 2.285563663966785342, 1.572657891003982344, -0.9460227193715035066 ) ) ;
#1193 = CARTESIAN_POINT ( 'NONE',  ( 3.035320154807700455, -3.922131448042730284, -0.02443065694201510679 ) ) ;
#1194 = AXIS2_PLACEMENT_3D ( 'NONE', #204, #2844, #2196 ) ;
#1195 = EDGE_CURVE ( 'NONE', #2886, #2199, #3676, .T. ) ;
#1196 = CARTESIAN_POINT ( 'NONE',  ( 2.750000000000002665, -9.758472758984492401, -3.400241650383879346E-16 ) ) ;
#1197 = CARTESIAN_POINT ( 'NONE',  ( 2.750000000000002665, -9.758472758984492401, -3.400241650383879346E-16 ) ) ;
#1198 = CARTESIAN_POINT ( 'NONE',  ( -2.749952945832758289, -4.722034372820479220, -0.01608712857282233039 ) ) ;
#1199 = CARTESIAN_POINT ( 'NONE',  ( 1.933135058238608650, -10.34703437282048100, 1.955885693645930790 ) ) ;
#1200 = LINE ( 'NONE', #4084, #786 ) ;
#1201 = ADVANCED_FACE ( 'NONE', ( #3698 ), #2743, .T. ) ;
#1202 = CARTESIAN_POINT ( 'NONE',  ( 1.153982133839833946, -8.945153664090716106, 2.743782991398082238 ) ) ;
#1203 = CARTESIAN_POINT ( 'NONE',  ( -2.749999999999998668, -0.2584727589844910134, -9.797953184584977129E-15 ) ) ;
#1204 = CARTESIAN_POINT ( 'NONE',  ( 2.285076645648614679, -2.552342108996017878, 0.9471984856003577979 ) ) ;
#1205 = CARTESIAN_POINT ( 'NONE',  ( -3.024713627046456299, -10.62005276994930547, -1.282877197436619099 ) ) ;
#1206 = CARTESIAN_POINT ( 'NONE',  ( 1.122980677478955913, -3.409534372820478332, 2.756616452667262962 ) ) ;
#1207 = EDGE_LOOP ( 'NONE', ( #132, #187, #3050, #573 ) ) ;
#1208 = CARTESIAN_POINT ( 'NONE',  ( -1.231664351094881926, 5.254947230050697193, -3.045926682568936616 ) ) ;
#1209 = DIRECTION ( 'NONE',  ( -1.000000000000000000, 0.000000000000000000, 0.000000000000000000 ) ) ;
#1210 = CARTESIAN_POINT ( 'NONE',  ( 1.615549682510059704, -1.614842108996016989, 1.616381074783570515 ) ) ;
#1211 = CARTESIAN_POINT ( 'NONE',  ( 0.9471984856003590192, -6.302342108996017878, -2.285076645648612459 ) ) ;
#1212 = VERTEX_POINT ( 'NONE', #779 ) ;
#1213 = CARTESIAN_POINT ( 'NONE',  ( -1.616381074783566962, -11.86484210899601699, 1.615549682510057927 ) ) ;
#1214 = CARTESIAN_POINT ( 'NONE',  ( -2.285563663966783565, 0.07265789100398267752, 0.9460227193715031735 ) ) ;
#1215 = CARTESIAN_POINT ( 'NONE',  ( -1.232840117323735774, -2.234631448042730728, 3.045439664250764178 ) ) ;
#1216 = EDGE_CURVE ( 'NONE', #3593, #3742, #2075, .T. ) ;
#1217 =( BOUNDED_CURVE ( )  B_SPLINE_CURVE ( 2, ( #2329, #3973, #665, #1343, #3244, #1322, #1963, #3932, #32, #3267, #1620 ),
 .UNSPECIFIED., .F., .F. ) 
 B_SPLINE_CURVE_WITH_KNOTS ( ( 3, 2, 2, 2, 2, 3 ),
 ( 0.7381407073685177789, 0.7440476190476190688, 0.7500000000000000000, 0.7559523809523809312, 0.7619047619047618625, 0.7619502311780415038 ),
 .UNSPECIFIED. ) 
 CURVE ( )  GEOMETRIC_REPRESENTATION_ITEM ( )  RATIONAL_B_SPLINE_CURVE ( ( 0.9988459397136756346, 0.9244610044241410307, 1.000000000000000000, 0.9238795325112867385, 1.000000000000000000, 0.9238795325112867385, 1.000000000000000000, 0.9238795325112867385, 1.000000000000000000, 0.9994185280871457078, 0.9988459397136755236 ) ) 
 REPRESENTATION_ITEM ( '' )  );
#1218 = CARTESIAN_POINT ( 'NONE',  ( 2.750000000000001776, 5.778849373046509363, 1.017953129163769706E-14 ) ) ;
#1219 = CARTESIAN_POINT ( 'NONE',  ( 2.163118328882306596, 7.500000000000004441, 1.033670396333656649 ) ) ;
#1220 = CARTESIAN_POINT ( 'NONE',  ( -2.749999999999998668, -2.258062755129493837, 0.007455846486311585967 ) ) ;
#1221 = CARTESIAN_POINT ( 'NONE',  ( 2.743289438998260721, -7.284534372820480108, 1.155154934624598617 ) ) ;
#1222 = DIRECTION ( 'NONE',  ( -1.224646799147353454E-16, 1.000000000000000000, -0.000000000000000000 ) ) ;
#1223 = CARTESIAN_POINT ( 'NONE',  ( -2.285076645648610683, -1.052342108996018322, -0.9471984856003564657 ) ) ;
#1224 = EDGE_CURVE ( 'NONE', #816, #3593, #242, .T. ) ;
#1225 = CARTESIAN_POINT ( 'NONE',  ( -3.045926682568934396, -6.495052769949305471, 1.231664351094882814 ) ) ;
#1226 = AXIS2_PLACEMENT_3D ( 'NONE', #1387, #731, #3328 ) ;
#1227 = CARTESIAN_POINT ( 'NONE',  ( 4.468337651538803533E-16, 12.50000000000000000, 0.000000000000000000 ) ) ;
#1228 = VERTEX_POINT ( 'NONE', #2352 ) ;
#1229 = CARTESIAN_POINT ( 'NONE',  ( 2.750000000000005329, 2.840982065803919543, -1.129674997702171391 ) ) ;
#1230 = CARTESIAN_POINT ( 'NONE',  ( -2.285076645648609350, -8.052342108996016989, -0.9471984856003564657 ) ) ;
#1231 = ORIENTED_EDGE ( 'NONE', *, *, #2315, .T. ) ;
#1232 = CARTESIAN_POINT ( 'NONE',  ( 4.468337651538803533E-16, 12.50000000000000000, 0.000000000000000000 ) ) ;
#1233 = CARTESIAN_POINT ( 'NONE',  ( 2.285563663966787118, -11.42734210899601699, -0.9460227193715035066 ) ) ;
#1234 = CARTESIAN_POINT ( 'NONE',  ( -1.615549682510056151, -0.1148421089960174890, -1.616381074783570293 ) ) ;
#1235 = CARTESIAN_POINT ( 'NONE',  ( -0.02443065694201335125, 3.327868551957269272, -3.035320154807698234 ) ) ;
#1236 = DATE_TIME_ROLE ( 'creation_date' ) ;
#1237 = CARTESIAN_POINT ( 'NONE',  ( 2.750000000000002220, 2.241527241015508043, 9.486758998627150629E-15 ) ) ;
#1238 = CARTESIAN_POINT ( 'NONE',  ( -0.01491158336209911540, 4.492346335909285671, -2.749959571463121311 ) ) ;
#1239 = CARTESIAN_POINT ( 'NONE',  ( -2.129020381344180812, -8.297131448042730284, 2.163570547729265492 ) ) ;
#1240 = CARTESIAN_POINT ( 'NONE',  ( 1.955059142683997830, -8.882653664090717882, 1.933970979256855793 ) ) ;
#1241 = DIRECTION ( 'NONE',  ( -1.224646799147353454E-16, 1.000000000000000000, -0.000000000000000000 ) ) ;
#1242 = CARTESIAN_POINT ( 'NONE',  ( -0.0005878831144245893602, -1.739842108996017211, 2.285320154807698234 ) ) ;
#1243 = DIRECTION ( 'NONE',  ( -1.000000000000000000, 0.000000000000000000, 0.000000000000000000 ) ) ;
#1244 = ORIENTED_EDGE ( 'NONE', *, *, #1349, .F. ) ;
#1245 = ADVANCED_FACE ( 'NONE', ( #736 ), #714, .T. ) ;
#1246 = CARTESIAN_POINT ( 'NONE',  ( -1.231664351094881704, 4.254947230050696305, -3.045926682568936616 ) ) ;
#1247 = CARTESIAN_POINT ( 'NONE',  ( -2.743782991398080462, -4.195153664090715218, 1.153982133839829727 ) ) ;
#1248 = CARTESIAN_POINT ( 'NONE',  ( 2.285076645648613791, 0.4476578910039830661, 0.9471984856003577979 ) ) ;
#1249 = CARTESIAN_POINT ( 'NONE',  ( 2.285563663966786674, -8.427342108996018766, -0.9460227193715035066 ) ) ;
#1250 = EDGE_LOOP ( 'NONE', ( #1467, #454 ) ) ;
#1251 = CYLINDRICAL_SURFACE ( 'NONE', #1129, 2.750000000000000000 ) ;
#1252 = CARTESIAN_POINT ( 'NONE',  ( -0.9460227193715005090, -7.177342108996017878, -2.285563663966784009 ) ) ;
#1253 = AXIS2_PLACEMENT_3D ( 'NONE', #763, #1440, #2080 ) ;
#1254 = CARTESIAN_POINT ( 'NONE',  ( -2.285320154807696458, 3.010157891003981678, -0.0005878831144266401286 ) ) ;
#1255 = CARTESIAN_POINT ( 'NONE',  ( -3.045439664250763290, 0.5153685519572684948, -1.232840117323736662 ) ) ;
#1256 = PERSON_AND_ORGANIZATION ( #3910, #3882 ) ;
#1257 = CARTESIAN_POINT ( 'NONE',  ( -2.750000000000003109, 6.340982065803919987, 1.129674997702170502 ) ) ;
#1258 = CARTESIAN_POINT ( 'NONE',  ( -2.743289438998257168, 6.215465627179520780, -1.155154934624597285 ) ) ;
#1259 = CARTESIAN_POINT ( 'NONE',  ( 2.253810059784005837, -11.60765280228570973, -1.391060702286159412 ) ) ;
#1260 = CARTESIAN_POINT ( 'NONE',  ( 2.743782991398085791, -6.695153664090716106, -1.153982133839830615 ) ) ;
#1261 = CARTESIAN_POINT ( 'NONE',  ( 1.616381074783572735, -3.364842108996018766, -1.615549682510057927 ) ) ;
#1262 = ADVANCED_FACE ( 'NONE', ( #403 ), #1712, .T. ) ;
#1263 = ORIENTED_EDGE ( 'NONE', *, *, #4122, .F. ) ;
#1264 = CARTESIAN_POINT ( 'NONE',  ( -1.231664351094881926, 6.254947230050694529, -3.045926682568936616 ) ) ;
#1265 = CARTESIAN_POINT ( 'NONE',  ( 1.124158967115630015, 6.429846335909283894, -2.756136151528160827 ) ) ;
#1266 = CARTESIAN_POINT ( 'NONE',  ( 1.615549682510059259, 2.385157891003983011, 1.616381074783570515 ) ) ;
#1267 = EDGE_LOOP ( 'NONE', ( #2357, #3206, #3181, #1799 ) ) ;
#1268 = CARTESIAN_POINT ( 'NONE',  ( -0.9460227193715007310, -5.177342108996019654, -2.285563663966784009 ) ) ;
#1269 = VERTEX_POINT ( 'NONE', #612 ) ;
#1270 = CARTESIAN_POINT ( 'NONE',  ( 2.750000000000005329, 3.840982065803921319, -1.129674997702171169 ) ) ;
#1271 = CARTESIAN_POINT ( 'NONE',  ( -2.285563663966781345, -8.927342108996018766, 0.9460227193715031735 ) ) ;
#1272 = CARTESIAN_POINT ( 'NONE',  ( 2.285076645648613347, 4.447657891003983011, 0.9471984856003577979 ) ) ;
#1273 = EDGE_CURVE ( 'NONE', #2626, #415, #2259, .T. ) ;
#1274 = CARTESIAN_POINT ( 'NONE',  ( -2.163570547729263716, 0.4528685519572684393, -2.129020381344183477 ) ) ;
#1275 = ORIENTED_EDGE ( 'NONE', *, *, #3778, .F. ) ;
#1276 = SHAPE_DEFINITION_REPRESENTATION ( #3750, #2795 ) ;
#1277 = CARTESIAN_POINT ( 'NONE',  ( -2.749999999999998668, 1.278849373046505811, -1.022193187182612512E-14 ) ) ;
#1278 = CARTESIAN_POINT ( 'NONE',  ( -2.749999999999998668, -2.721150626953492857, 9.429889033906309885E-15 ) ) ;
#1279 = CARTESIAN_POINT ( 'NONE',  ( 3.025200645364634511, -9.859631448042732060, -1.281701431207766362 ) ) ;
#1280 = DIRECTION ( 'NONE',  ( -1.000000000000000000, 0.000000000000000000, 0.000000000000000000 ) ) ;
#1281 = DIRECTION ( 'NONE',  ( -1.000000000000000000, 0.000000000000000000, 0.000000000000000000 ) ) ;
#1282 = CARTESIAN_POINT ( 'NONE',  ( 0.0005878831144283846099, 0.7601578910039815673, -2.285320154807698234 ) ) ;
#1283 = CARTESIAN_POINT ( 'NONE',  ( 2.449293598294706907E-16, 10.50000000000000000, 0.000000000000000000 ) ) ;
#1284 = ORIENTED_EDGE ( 'NONE', *, *, #2086, .F. ) ;
#1285 = DIRECTION ( 'NONE',  ( -1.000000000000000000, 0.000000000000000000, 0.000000000000000000 ) ) ;
#1286 = CARTESIAN_POINT ( 'NONE',  ( 2.164401940002778524, 7.067447230050694529, -2.128188989070671777 ) ) ;
#1287 = CARTESIAN_POINT ( 'NONE',  ( -2.285563663966781345, -7.927342108996017878, 0.9460227193715032845 ) ) ;
#1288 = CARTESIAN_POINT ( 'NONE',  ( -2.285320154807696458, 3.010157891003981678, -0.0005878831144266431644 ) ) ;
#1289 = VERTEX_POINT ( 'NONE', #3418 ) ;
#1290 = CARTESIAN_POINT ( 'NONE',  ( -2.285320154807695125, -7.989842108996017878, -0.0005878831144266401286 ) ) ;
#1291 = EDGE_LOOP ( 'NONE', ( #2065, #3940, #1951, #2104 ) ) ;
#1292 = CARTESIAN_POINT ( 'NONE',  ( -0.02560642317086585587, -4.307552769949304583, 3.035320154807698234 ) ) ;
#1293 = CARTESIAN_POINT ( 'NONE',  ( -2.749999999999997335, -10.25847275898449062, -4.849372069462697146E-15 ) ) ;
#1294 = CARTESIAN_POINT ( 'NONE',  ( 1.615549682510060370, -7.614842108996017878, 1.616381074783570515 ) ) ;
#1295 = LOCAL_TIME ( 15, 16, 59.00000000000000000, #280 ) ;
#1296 = CARTESIAN_POINT ( 'NONE',  ( -2.285076645648611571, 5.947657891003981234, -0.9471984856003564657 ) ) ;
#1297 = CARTESIAN_POINT ( 'NONE',  ( 0.02443065694201630375, 1.827868551957269716, 3.035320154807698234 ) ) ;
#1298 = EDGE_CURVE ( 'NONE', #438, #652, #1672, .T. ) ;
#1299 = CARTESIAN_POINT ( 'NONE',  ( -1.153982133839828395, 0.5548463359092838942, -2.743782991398082238 ) ) ;
#1300 = CARTESIAN_POINT ( 'NONE',  ( 3.024713627046461184, -5.120052769949304583, 1.282877197436620875 ) ) ;
#1301 = CARTESIAN_POINT ( 'NONE',  ( 1.232840117323739326, -9.734631448042730284, -3.045439664250765954 ) ) ;
#1302 = CARTESIAN_POINT ( 'NONE',  ( -2.749999999999998668, -0.2584727589844910134, -9.797953184584977129E-15 ) ) ;
#1303 = DIRECTION ( 'NONE',  ( -1.224646799147353454E-16, 1.000000000000000000, -0.000000000000000000 ) ) ;
#1304 = CARTESIAN_POINT ( 'NONE',  ( -1.615549682510056373, 2.885157891003981678, -1.616381074783570293 ) ) ;
#1305 = CARTESIAN_POINT ( 'NONE',  ( -2.749999999999998668, -2.258472758984491069, -9.797953184584977129E-15 ) ) ;
#1306 = CARTESIAN_POINT ( 'NONE',  ( 2.750000000000003553, -11.22159303081761728, 0.008043633102129315107 ) ) ;
#1307 = CARTESIAN_POINT ( 'NONE',  ( -3.045926682568936616, 7.504947230050695417, 1.231664351094882814 ) ) ;
#1308 = CARTESIAN_POINT ( 'NONE',  ( 1.616381074783573180, -9.364842108996018766, -1.615549682510057927 ) ) ;
#1309 = CARTESIAN_POINT ( 'NONE',  ( -1.616381074783568739, 2.135157891003982567, 1.615549682510057927 ) ) ;
#1310 = EDGE_LOOP ( 'NONE', ( #2618, #853, #149, #3768 ) ) ;
#1311 = ORIENTED_EDGE ( 'NONE', *, *, #761, .F. ) ;
#1312 = CARTESIAN_POINT ( 'NONE',  ( 0.02560642317087018921, -1.807552769949304361, -3.035320154807698234 ) ) ;
#1313 = CARTESIAN_POINT ( 'NONE',  ( -1.153982133839827728, -4.445153664090716106, -2.743782991398082238 ) ) ;
#1314 = CARTESIAN_POINT ( 'NONE',  ( -2.285563663966781345, -7.927342108996016989, 0.9460227193715031735 ) ) ;
#1315 = CARTESIAN_POINT ( 'NONE',  ( -1.615549682510056595, 5.885157891003981234, -1.616381074783570293 ) ) ;
#1316 = CARTESIAN_POINT ( 'NONE',  ( 0.02443065694201568966, 6.827868551957268828, 3.035320154807698234 ) ) ;
#1317 = EDGE_LOOP ( 'NONE', ( #906, #3386, #3623, #764 ) ) ;
#1318 = CARTESIAN_POINT ( 'NONE',  ( -2.749999999999999556, 12.50000000000000000, 0.000000000000000000 ) ) ;
#1319 = CARTESIAN_POINT ( 'NONE',  ( 3.045926682568939281, -6.995052769949305471, -1.231664351094883481 ) ) ;
#1320 = CARTESIAN_POINT ( 'NONE',  ( 0.02443065694201777480, -10.17213144804273206, 3.035320154807698234 ) ) ;
#1321 = CARTESIAN_POINT ( 'NONE',  ( -2.743289438998255836, -5.784534372820478332, -1.155154934624597285 ) ) ;
#1322 = CARTESIAN_POINT ( 'NONE',  ( 1.122980677478955025, 3.590465627179520780, 2.756616452667262962 ) ) ;
#1323 = CARTESIAN_POINT ( 'NONE',  ( 0.9460227193715057270, 2.322657891003983011, 2.285563663966783565 ) ) ;
#1324 = AXIS2_PLACEMENT_3D ( 'NONE', #2370, #1431, #753 ) ;
#1325 =( BOUNDED_CURVE ( )  B_SPLINE_CURVE ( 2, ( #4000, #1751, #1095, #1434, #2818, #3675, #4121, #3312, #4021, #803, #2373 ),
 .UNSPECIFIED., .F., .F. ) 
 B_SPLINE_CURVE_WITH_KNOTS ( ( 3, 2, 2, 2, 2, 3 ),
 ( 0.07147071983621944291, 0.07738095238095232808, 0.08333333333333325932, 0.08928571428571430157, 0.09523809523809523281, 0.09528024364574327887 ),
 .UNSPECIFIED. ) 
 CURVE ( )  GEOMETRIC_REPRESENTATION_ITEM ( )  RATIONAL_B_SPLINE_CURVE ( ( 0.9989296255183136575, 0.9244185364022912132, 1.000000000000000000, 0.9238795325112867385, 1.000000000000000000, 0.9238795325112867385, 1.000000000000000000, 0.9238795325112867385, 1.000000000000000000, 0.9994609961089955252, 0.9989296255183136575 ) ) 
 REPRESENTATION_ITEM ( '' )  );
#1326 = EDGE_CURVE ( 'NONE', #432, #2834, #2114, .T. ) ;
#1327 = FACE_OUTER_BOUND ( 'NONE', #911, .T. ) ;
#1328 = CARTESIAN_POINT ( 'NONE',  ( -2.749999999999996891, -6.721593030817616388, -0.008043633102125939335 ) ) ;
#1329 = CARTESIAN_POINT ( 'NONE',  ( 2.750000000000002665, -0.2211506269534935509, 9.882727230318703812E-15 ) ) ;
#1330 = CARTESIAN_POINT ( 'NONE',  ( 2.285320154807701343, -9.489842108996018766, 0.0005878831144263602961 ) ) ;
#1331 = CARTESIAN_POINT ( 'NONE',  ( -0.9460227193715020633, 4.822657891003983899, -2.285563663966784009 ) ) ;
#1332 = ORIENTED_EDGE ( 'NONE', *, *, #1675, .F. ) ;
#1333 = ORIENTED_EDGE ( 'NONE', *, *, #1012, .F. ) ;
#1334 = CARTESIAN_POINT ( 'NONE',  ( 3.035320154807700899, -4.057552769949304583, 0.02560642317086780570 ) ) ;
#1335 = CARTESIAN_POINT ( 'NONE',  ( -4.250000000000000000, 12.50000000000000000, 0.000000000000000000 ) ) ;
#1336 = CARTESIAN_POINT ( 'NONE',  ( 2.285563663966786674, -9.427342108996020542, -0.9460227193715035066 ) ) ;
#1337 = CARTESIAN_POINT ( 'NONE',  ( 2.285320154807699566, 3.510157891003982122, 0.0005878831144263602961 ) ) ;
#1338 = CARTESIAN_POINT ( 'NONE',  ( -2.129020381344182589, 4.702868551957270604, 2.163570547729265492 ) ) ;
#1339 = ORIENTED_EDGE ( 'NONE', *, *, #1507, .F. ) ;
#1340 = CARTESIAN_POINT ( 'NONE',  ( -1.933970979256853351, -5.132653664090716106, 1.955059142683995166 ) ) ;
#1341 = CARTESIAN_POINT ( 'NONE',  ( -0.02560642317086537015, -8.307552769949305471, 3.035320154807698234 ) ) ;
#1342 = CARTESIAN_POINT ( 'NONE',  ( -2.749999999999999556, 12.50000000000000000, 0.000000000000000000 ) ) ;
#1343 = CARTESIAN_POINT ( 'NONE',  ( -1.155154934624596841, 3.465465627179520780, 2.743289438998258056 ) ) ;
#1344 = CARTESIAN_POINT ( 'NONE',  ( -2.285076645648611127, 0.9476578910039817893, -0.9471984856003564657 ) ) ;
#1345 = CARTESIAN_POINT ( 'NONE',  ( -2.749999999999997780, -3.721150626953492857, 9.429889033906309885E-15 ) ) ;
#1346 = CARTESIAN_POINT ( 'NONE',  ( -2.749999999999998668, 0.2788493730465068654, -1.022193187182612512E-14 ) ) ;
#1347 = CARTESIAN_POINT ( 'NONE',  ( -2.164401940002776747, 7.567447230050695417, 2.128188989070671777 ) ) ;
#1348 =( BOUNDED_CURVE ( )  B_SPLINE_CURVE ( 2, ( #334, #1962, #3586, #1913, #353, #664, #1982, #686, #2586, #3287, #1661 ),
 .UNSPECIFIED., .F., .F. ) 
 B_SPLINE_CURVE_WITH_KNOTS ( ( 3, 2, 2, 2, 2, 3 ),
 ( 0.6190897674552672258, 0.6250000000000000000, 0.6309523809523809312, 0.6369047619047618625, 0.6428571428571427937, 0.6428992912647908398 ),
 .UNSPECIFIED. ) 
 CURVE ( )  GEOMETRIC_REPRESENTATION_ITEM ( )  RATIONAL_B_SPLINE_CURVE ( ( 0.9989296255183109929, 0.9244185364022926565, 1.000000000000000000, 0.9238795325112867385, 1.000000000000000000, 0.9238795325112867385, 1.000000000000000000, 0.9238795325112867385, 1.000000000000000000, 0.9994609961089955252, 0.9989296255183136575 ) ) 
 REPRESENTATION_ITEM ( '' )  );
#1349 = EDGE_CURVE ( 'NONE', #3228, #432, #2547, .T. ) ;
#1350 = CARTESIAN_POINT ( 'NONE',  ( -0.9471984856003542452, -10.80234210899602054, 2.285076645648612459 ) ) ;
#1351 = CARTESIAN_POINT ( 'NONE',  ( 1.616381074783571625, 4.635157891003983011, -1.615549682510057927 ) ) ;
#1352 = ORIENTED_EDGE ( 'NONE', *, *, #484, .F. ) ;
#1353 = ORIENTED_EDGE ( 'NONE', *, *, #2887, .F. ) ;
#1354 = CARTESIAN_POINT ( 'NONE',  ( 3.045926682568938393, -1.995052769949304583, -1.231664351094883481 ) ) ;
#1355 = CARTESIAN_POINT ( 'NONE',  ( -1.933135058238602211, -10.84703437282047922, -1.955885693645930345 ) ) ;
#1356 = CARTESIAN_POINT ( 'NONE',  ( -0.9471984856003551334, -2.802342108996018322, 2.285076645648612459 ) ) ;
#1357 = CARTESIAN_POINT ( 'NONE',  ( -2.285076645648611571, 3.947657891003982567, -0.9471984856003564657 ) ) ;
#1358 = CARTESIAN_POINT ( 'NONE',  ( 3.045439664250766398, 5.015368551957270604, 1.232840117323737994 ) ) ;
#1359 = ORIENTED_EDGE ( 'NONE', *, *, #3026, .T. ) ;
#1360 = VECTOR ( 'NONE', #2742, 1000.000000000000000 ) ;
#1361 = LINE ( 'NONE', #2111, #225 ) ;
#1362 = CARTESIAN_POINT ( 'NONE',  ( 3.035320154807700899, -6.057552769949304583, 0.02560642317086780570 ) ) ;
#1363 = EDGE_CURVE ( 'NONE', #1570, #1102, #693, .T. ) ;
#1364 = CARTESIAN_POINT ( 'NONE',  ( 1.232840117323739326, -7.734631448042730284, -3.045439664250765954 ) ) ;
#1365 = CARTESIAN_POINT ( 'NONE',  ( -1.933970979256854017, 1.867346335909285227, 1.955059142683995166 ) ) ;
#1366 = DIRECTION ( 'NONE',  ( -1.224646799147353454E-16, 1.000000000000000000, -0.000000000000000000 ) ) ;
#1367 = CARTESIAN_POINT ( 'NONE',  ( 2.285563663966785786, 2.572657891003981234, -0.9460227193715036176 ) ) ;
#1368 = CARTESIAN_POINT ( 'NONE',  ( 2.743782991398084459, 2.304846335909283894, -1.153982133839830615 ) ) ;
#1369 = CARTESIAN_POINT ( 'NONE',  ( -0.5071745914237755226, -11.49999999999999289, 2.702827026247541120 ) ) ;
#1370 = CARTESIAN_POINT ( 'NONE',  ( 1.842642527687446963, 7.500000000000001776, -1.712713664258223689 ) ) ;
#1371 = CARTESIAN_POINT ( 'NONE',  ( -0.0005878831144238544880, -7.739842108996017878, 2.285320154807698234 ) ) ;
#1372 = CARTESIAN_POINT ( 'NONE',  ( -2.285320154807696902, 5.010157891003983899, -0.0005878831144266431644 ) ) ;
#1373 = LINE ( 'NONE', #3982, #356 ) ;
#1374 = EDGE_CURVE ( 'NONE', #1549, #3681, #1510, .T. ) ;
#1375 = ORIENTED_EDGE ( 'NONE', *, *, #3076, .T. ) ;
#1376 =( BOUNDED_CURVE ( )  B_SPLINE_CURVE ( 2, ( #238, #2169, #3148, #3753, #2151, #835, #215, #1846, #3470, #1806, #1551 ),
 .UNSPECIFIED., .F., .F. ) 
 B_SPLINE_CURVE_WITH_KNOTS ( ( 3, 2, 2, 2, 2, 3 ),
 ( 0.5952835645113748742, 0.6011904761904761640, 0.6071428571428570953, 0.6130952380952381375, 0.6190476190476190688, 0.6190930883208987101 ),
 .UNSPECIFIED. ) 
 CURVE ( )  GEOMETRIC_REPRESENTATION_ITEM ( )  RATIONAL_B_SPLINE_CURVE ( ( 0.9988459397136756346, 0.9244610044241410307, 1.000000000000000000, 0.9238795325112867385, 1.000000000000000000, 0.9238795325112867385, 1.000000000000000000, 0.9238795325112867385, 1.000000000000000000, 0.9994185280871457078, 0.9988459397136756346 ) ) 
 REPRESENTATION_ITEM ( '' )  );
#1377 = CARTESIAN_POINT ( 'NONE',  ( -1.282877197436618433, -1.370052769949304139, 3.024713627046458964 ) ) ;
#1378 = CARTESIAN_POINT ( 'NONE',  ( -1.155154934624597729, 6.465465627179520780, 2.743289438998258056 ) ) ;
#1379 = CARTESIAN_POINT ( 'NONE',  ( -2.285076645648610238, -4.052342108996017878, -0.9471984856003564657 ) ) ;
#1380 = CARTESIAN_POINT ( 'NONE',  ( 0.0005878831144275274397, 7.760157891003983011, -2.285320154807698234 ) ) ;
#1381 = CARTESIAN_POINT ( 'NONE',  ( -1.232840117323736662, 3.765368551957269716, 3.045439664250764178 ) ) ;
#1382 = ORIENTED_EDGE ( 'NONE', *, *, #62, .T. ) ;
#1383 = ORIENTED_EDGE ( 'NONE', *, *, #3283, .F. ) ;
#1384 = CARTESIAN_POINT ( 'NONE',  ( 2.749952945832763174, -0.2220343728204790534, 0.01608712857282199732 ) ) ;
#1385 = CARTESIAN_POINT ( 'NONE',  ( 0.9471984856003589082, -3.302342108996019210, -2.285076645648612459 ) ) ;
#1386 = CARTESIAN_POINT ( 'NONE',  ( -3.025200645364629626, -5.359631448042731172, 1.281701431207765474 ) ) ;
#1387 = CARTESIAN_POINT ( 'NONE',  ( 4.468337651538803533E-16, 12.50000000000000000, 0.000000000000000000 ) ) ;
#1388 = CARTESIAN_POINT ( 'NONE',  ( 2.750000000000000444, 12.50000000000000000, 3.367778697655221012E-16 ) ) ;
#1389 = CARTESIAN_POINT ( 'NONE',  ( 1.122980677478957023, -10.40953437282048100, 2.756616452667262962 ) ) ;
#1390 = AXIS2_PLACEMENT_3D ( 'NONE', #1965, #2239, #2288 ) ;
#1391 = CARTESIAN_POINT ( 'NONE',  ( 2.749999999999997780, -1.820632406416703875, 1.130362027696530713 ) ) ;
#1392 = LINE ( 'NONE', #1142, #3299 ) ;
#1393 = CONICAL_SURFACE ( 'NONE', #3988, 4.250000000000000888, 0.7853981633974533860 ) ;
#1394 = CARTESIAN_POINT ( 'NONE',  ( 2.307179250964908057, 7.500000000000006217, -0.5601509588968963671 ) ) ;
#1395 = CARTESIAN_POINT ( 'NONE',  ( 1.616381074783572958, -7.364842108996017878, -1.615549682510057927 ) ) ;
#1396 = CARTESIAN_POINT ( 'NONE',  ( 1.615549682510059037, 3.385157891003982122, 1.616381074783570515 ) ) ;
#1397 = EDGE_CURVE ( 'NONE', #387, #3551, #3855, .T. ) ;
#1398 = ORIENTED_EDGE ( 'NONE', *, *, #3799, .F. ) ;
#1399 = AXIS2_PLACEMENT_3D ( 'NONE', #375, #1662, #3908 ) ;
#1400 = ORIENTED_EDGE ( 'NONE', *, *, #1707, .F. ) ;
#1401 = CARTESIAN_POINT ( 'NONE',  ( -3.045926682568935728, 1.504947230050694973, 1.231664351094882814 ) ) ;
#1402 = CARTESIAN_POINT ( 'NONE',  ( -2.749952945832759177, -1.722034372820478554, -0.01608712857282233039 ) ) ;
#1403 = CARTESIAN_POINT ( 'NONE',  ( -0.0005878831144241024450, -5.739842108996017878, 2.285320154807698234 ) ) ;
#1404 = CARTESIAN_POINT ( 'NONE',  ( -1.305063462652751305, -11.62882579643827619, 2.276828761483799202 ) ) ;
#1405 = CARTESIAN_POINT ( 'NONE',  ( 2.129020381344184809, 4.202868551957269716, -2.163570547729265492 ) ) ;
#1406 = VERTEX_POINT ( 'NONE', #834 ) ;
#1407 = ORIENTED_EDGE ( 'NONE', *, *, #3981, .T. ) ;
#1408 = EDGE_CURVE ( 'NONE', #816, #1228, #4117, .T. ) ;
#1409 = CARTESIAN_POINT ( 'NONE',  ( 2.750000000000003109, -10.75847275898449062, -3.739417874861075103E-16 ) ) ;
#1410 = PRODUCT_RELATED_PRODUCT_CATEGORY ( 'detail', '', ( #300 ) ) ;
#1411 = CARTESIAN_POINT ( 'NONE',  ( 2.285076645648614235, -0.5523421089960178776, 0.9471984856003577979 ) ) ;
#1412 = CARTESIAN_POINT ( 'NONE',  ( 3.045439664250766842, -5.984631448042731172, 1.232840117323737994 ) ) ;
#1413 = CARTESIAN_POINT ( 'NONE',  ( 2.750000000000002665, -9.159017934196080901, -1.129674997702174943 ) ) ;
#1414 = DIRECTION ( 'NONE',  ( -1.224646799147353454E-16, 1.000000000000000000, -0.000000000000000000 ) ) ;
#1415 = CARTESIAN_POINT ( 'NONE',  ( -2.285320154807696902, 6.010157891003981234, -0.0005878831144266401286 ) ) ;
#1416 = CARTESIAN_POINT ( 'NONE',  ( 1.122980677478955247, 2.590465627179521668, 2.756616452667262962 ) ) ;
#1417 = DIRECTION ( 'NONE',  ( -1.000000000000000000, 0.000000000000000000, 0.000000000000000000 ) ) ;
#1418 = DIRECTION ( 'NONE',  ( 1.000000000000000000, 0.000000000000000000, 0.000000000000000000 ) ) ;
#1419 = CARTESIAN_POINT ( 'NONE',  ( 2.285076645648614679, -6.552342108996018766, 0.9471984856003577979 ) ) ;
#1420 = CARTESIAN_POINT ( 'NONE',  ( -0.0005878831144253271598, 4.260157891003983011, 2.285320154807698234 ) ) ;
#1421 = ORIENTED_EDGE ( 'NONE', *, *, #1195, .T. ) ;
#1422 = VERTEX_POINT ( 'NONE', #2432 ) ;
#1423 = CARTESIAN_POINT ( 'NONE',  ( 3.045926682568938393, 0.004947230050695444747, -1.231664351094883481 ) ) ;
#1424 = LINE ( 'NONE', #3111, #3811 ) ;
#1425 = CARTESIAN_POINT ( 'NONE',  ( 0.9460227193715063931, -3.677342108996016989, 2.285563663966783565 ) ) ;
#1426 = CARTESIAN_POINT ( 'NONE',  ( -1.615549682510055041, -9.114842108996018766, -1.616381074783570293 ) ) ;
#1427 = VERTEX_POINT ( 'NONE', #1805 ) ;
#1428 = CARTESIAN_POINT ( 'NONE',  ( 0.0005878831144288745609, -3.239842108996018322, -2.285320154807698234 ) ) ;
#1429 = CARTESIAN_POINT ( 'NONE',  ( 1.281701431207769470, -5.109631448042731172, 3.025200645364631402 ) ) ;
#1430 = CARTESIAN_POINT ( 'NONE',  ( 2.750000000000001776, 1.778849373046506255, 1.017953129163769706E-14 ) ) ;
#1431 = DIRECTION ( 'NONE',  ( -1.224646799147353454E-16, 1.000000000000000000, -0.000000000000000000 ) ) ;
#1432 = CARTESIAN_POINT ( 'NONE',  ( -0.9460227193715021743, 5.822657891003981234, -2.285563663966784009 ) ) ;
#1433 = CARTESIAN_POINT ( 'NONE',  ( 1.933970979256857348, 1.367346335909284782, -1.955059142683995166 ) ) ;
#1434 = CARTESIAN_POINT ( 'NONE',  ( 1.153982133839831947, 6.054846335909283006, 2.743782991398082238 ) ) ;
#1435 = CARTESIAN_POINT ( 'NONE',  ( 2.750000000000003109, -12.50000000000000000, 0.000000000000000000 ) ) ;
#1436 = DIRECTION ( 'NONE',  ( -1.224646799147353454E-16, 1.000000000000000000, -0.000000000000000000 ) ) ;
#1437 = DIRECTION ( 'NONE',  ( -1.000000000000000000, 0.000000000000000000, 0.000000000000000000 ) ) ;
#1438 = CARTESIAN_POINT ( 'NONE',  ( -2.285320154807695570, -4.989842108996018766, -0.0005878831144266401286 ) ) ;
#1439 = CARTESIAN_POINT ( 'NONE',  ( 3.045926682568939281, -9.995052769949305471, -1.231664351094883481 ) ) ;
#1440 = DIRECTION ( 'NONE',  ( 1.224646799147353454E-16, -1.000000000000000000, 0.000000000000000000 ) ) ;
#1441 = VERTEX_POINT ( 'NONE', #4140 ) ;
#1442 = CARTESIAN_POINT ( 'NONE',  ( 0.02560642317086994288, 0.1924472300506956113, -3.035320154807698234 ) ) ;
#1443 = CARTESIAN_POINT ( 'NONE',  ( -0.0005878831144243474747, -3.739842108996017433, 2.285320154807698234 ) ) ;
#1444 = CARTESIAN_POINT ( 'NONE',  ( 1.616381074783573180, -9.364842108996018766, -1.615549682510057927 ) ) ;
#1445 = ORIENTED_EDGE ( 'NONE', *, *, #1675, .T. ) ;
#1446 = CARTESIAN_POINT ( 'NONE',  ( -2.743782991398081350, -1.195153664090716328, 1.153982133839829727 ) ) ;
#1447 = CARTESIAN_POINT ( 'NONE',  ( 1.616381074783572735, -3.364842108996018766, -1.615549682510057927 ) ) ;
#1448 = CARTESIAN_POINT ( 'NONE',  ( 2.129020381344185697, -2.797131448042731172, -2.163570547729265492 ) ) ;
#1449 = LINE ( 'NONE', #2070, #2796 ) ;
#1450 = CYLINDRICAL_SURFACE ( 'NONE', #3578, 4.250000000000000888 ) ;
#1451 = CARTESIAN_POINT ( 'NONE',  ( 0.9471984856003575759, 6.697657891003980346, -2.285076645648612459 ) ) ;
#1452 = CARTESIAN_POINT ( 'NONE',  ( 3.025200645364634511, -12.85963144804273028, -1.281701431207766362 ) ) ;
#1453 = CARTESIAN_POINT ( 'NONE',  ( 2.750000000000003109, -10.75847275898449062, -3.739417874861075103E-16 ) ) ;
#1454 = CARTESIAN_POINT ( 'NONE',  ( -1.933970979256854017, 2.867346335909284338, 1.955059142683995166 ) ) ;
#1455 = CARTESIAN_POINT ( 'NONE',  ( -1.122980677478949696, -10.90953437282048100, -2.756616452667264294 ) ) ;
#1456 = CARTESIAN_POINT ( 'NONE',  ( -0.9471984856003548003, -6.802342108996017878, 2.285076645648612459 ) ) ;
#1457 = AXIS2_PLACEMENT_3D ( 'NONE', #1642, #1623, #4236 ) ;
#1458 = ADVANCED_FACE ( 'NONE', ( #2470 ), #1528, .T. ) ;
#1459 = CARTESIAN_POINT ( 'NONE',  ( -2.128188989070668224, -11.68255276994930369, -2.164401940002777192 ) ) ;
#1460 = CARTESIAN_POINT ( 'NONE',  ( -1.153982133839827284, -9.445153664090716106, -2.743782991398082238 ) ) ;
#1462 = ORIENTED_EDGE ( 'NONE', *, *, #1216, .T. ) ;
#1461 = AXIS2_PLACEMENT_3D ( 'NONE', #4022, #2440, #2395 ) ;
#1463 = CARTESIAN_POINT ( 'NONE',  ( -2.164401940002775859, 1.567447230050695195, 2.128188989070671777 ) ) ;
#1464 = CARTESIAN_POINT ( 'NONE',  ( 2.264928303129083886, -11.71162076863245716, 1.155930683725010288 ) ) ;
#1465 = CARTESIAN_POINT ( 'NONE',  ( 2.285076645648614235, -0.5523421089960178776, 0.9471984856003577979 ) ) ;
#1466 = CARTESIAN_POINT ( 'NONE',  ( 1.615549682510060814, -10.61484210899601877, 1.616381074783570515 ) ) ;
#1467 = ORIENTED_EDGE ( 'NONE', *, *, #52, .T. ) ;
#1468 = CARTESIAN_POINT ( 'NONE',  ( -2.749999999999998668, -2.258472758984491069, -9.797953184584977129E-15 ) ) ;
#1469 = CARTESIAN_POINT ( 'NONE',  ( 2.000000000000000888, 12.50000000000000000, -1.154700538379252128 ) ) ;
#1470 = CARTESIAN_POINT ( 'NONE',  ( 2.285563663966785786, -3.427342108996019210, -0.9460227193715035066 ) ) ;
#1471 = CARTESIAN_POINT ( 'NONE',  ( 3.035320154807700455, -1.922131448042731838, -0.02443065694201510679 ) ) ;
#1472 = CARTESIAN_POINT ( 'NONE',  ( 2.750000000000001332, 7.241527241015509375, 9.486758998627150629E-15 ) ) ;
#1473 = CARTESIAN_POINT ( 'NONE',  ( -2.285320154807697346, 7.010157891003982122, -0.0005878831144266401286 ) ) ;
#1474 = CARTESIAN_POINT ( 'NONE',  ( -1.153982133839828172, -1.445153664090716328, -2.743782991398082238 ) ) ;
#1475 = CARTESIAN_POINT ( 'NONE',  ( -3.999999999999996447, 7.499999999999997335, 0.000000000000000000 ) ) ;
#1476 = CARTESIAN_POINT ( 'NONE',  ( -2.749999999999997335, -7.659017934196079125, 1.129674997702174277 ) ) ;
#1477 = DIRECTION ( 'NONE',  ( 1.224646799147353947E-16, -1.000000000000000000, 0.000000000000000000 ) ) ;
#1478 = CARTESIAN_POINT ( 'NONE',  ( -0.9460227193715007310, -5.177342108996018766, -2.285563663966784009 ) ) ;
#1479 = CARTESIAN_POINT ( 'NONE',  ( 2.285320154807699122, 7.510157891003982122, 0.0005878831144263633318 ) ) ;
#1480 = CARTESIAN_POINT ( 'NONE',  ( -2.749999999999997780, -7.258472758984493289, -9.659738873110522393E-15 ) ) ;
#1481 = EDGE_LOOP ( 'NONE', ( #934, #1666, #1375, #1083 ) ) ;
#1482 = EDGE_CURVE ( 'NONE', #2809, #2144, #2150, .T. ) ;
#1483 = CARTESIAN_POINT ( 'NONE',  ( 3.024713627046460740, 1.879947230050695417, 1.282877197436620875 ) ) ;
#1484 = CARTESIAN_POINT ( 'NONE',  ( 2.750000000000002220, 1.241527241015508931, 9.486758998627150629E-15 ) ) ;
#1485 = CARTESIAN_POINT ( 'NONE',  ( -0.9460227193714999538, -12.17734210899601877, -2.285563663966784009 ) ) ;
#1486 = ORIENTED_EDGE ( 'NONE', *, *, #4094, .F. ) ;
#1487 = CARTESIAN_POINT ( 'NONE',  ( 1.124158967115631347, -2.570153664090716106, -2.756136151528160827 ) ) ;
#1488 =( BOUNDED_CURVE ( )  B_SPLINE_CURVE ( 2, ( #3536, #3986, #2359, #3859, #979 ),
 .UNSPECIFIED., .F., .F. ) 
 B_SPLINE_CURVE_WITH_KNOTS ( ( 3, 2, 3 ),
 ( 0.9048040531695527022, 0.9107142857142856984, 0.9162779354815836497 ),
 .UNSPECIFIED. ) 
 CURVE ( )  GEOMETRIC_REPRESENTATION_ITEM ( )  RATIONAL_B_SPLINE_CURVE ( ( 0.9989296255183164330, 0.9244185364022897700, 1.000000000000000000, 0.9288507196333276594, 0.9907069307908881184 ) ) 
 REPRESENTATION_ITEM ( '' )  );
#1489 = CARTESIAN_POINT ( 'NONE',  ( 0.9460227193715075034, -10.67734210899602054, 2.285563663966783565 ) ) ;
#1490 = CARTESIAN_POINT ( 'NONE',  ( -1.616381074783568739, 1.135157891003981900, 1.615549682510057927 ) ) ;
#1491 = CARTESIAN_POINT ( 'NONE',  ( 3.025200645364633179, -1.859631448042731616, -1.281701431207766362 ) ) ;
#1492 = CARTESIAN_POINT ( 'NONE',  ( 1.933135058238606652, 5.652965627179522556, 1.955885693645930790 ) ) ;
#1493 = DIRECTION ( 'NONE',  ( -0.8660254037844387076, 0.000000000000000000, 0.4999999999999998890 ) ) ;
#1494 = CARTESIAN_POINT ( 'NONE',  ( 2.743782991398083571, 5.304846335909283006, -1.153982133839830615 ) ) ;
#1495 = EDGE_CURVE ( 'NONE', #2034, #1950, #499, .T. ) ;
#1496 = LINE ( 'NONE', #2803, #3161 ) ;
#1497 = CC_DESIGN_PERSON_AND_ORGANIZATION_ASSIGNMENT ( #585, #2230, ( #470 ) ) ;
#1498 = CARTESIAN_POINT ( 'NONE',  ( 2.750000000000002220, -6.221593030817616388, 0.008043633102135502866 ) ) ;
#1499 = CARTESIAN_POINT ( 'NONE',  ( 2.750000000000000444, 12.50000000000000000, 3.367778697655221012E-16 ) ) ;
#1500 = AXIS2_PLACEMENT_3D ( 'NONE', #4193, #890, #1209 ) ;
#1501 = CARTESIAN_POINT ( 'NONE',  ( -0.9460227193715012861, -1.177342108996018322, -2.285563663966784009 ) ) ;
#1502 = CARTESIAN_POINT ( 'NONE',  ( 2.164401940002780744, -11.93255276994930547, -2.128188989070671777 ) ) ;
#1503 = CARTESIAN_POINT ( 'NONE',  ( 1.124158967115630459, 3.429846335909284782, -2.756136151528160827 ) ) ;
#1504 = ORIENTED_EDGE ( 'NONE', *, *, #3476, .T. ) ;
#1505 = CARTESIAN_POINT ( 'NONE',  ( -1.282877197436619099, 3.629947230050694973, 3.024713627046458964 ) ) ;
#1506 = CARTESIAN_POINT ( 'NONE',  ( 0.01608712857282377021, 3.027965627179520780, -2.749952945832760953 ) ) ;
#1507 = EDGE_CURVE ( 'NONE', #2793, #1862, #3573, .T. ) ;
#1508 = CARTESIAN_POINT ( 'NONE',  ( -2.285320154807695125, -9.989842108996016989, -0.0005878831144266401286 ) ) ;
#1509 = EDGE_LOOP ( 'NONE', ( #474, #1031, #1648 ) ) ;
#1510 = LINE ( 'NONE', #872, #2484 ) ;
#1511 = CARTESIAN_POINT ( 'NONE',  ( -0.9460227193715003979, -10.17734210899601877, -2.285563663966784009 ) ) ;
#1512 = CARTESIAN_POINT ( 'NONE',  ( 2.285320154807700010, 2.510157891003981234, 0.0005878831144263602961 ) ) ;
#1513 = EDGE_CURVE ( 'NONE', #2886, #2507, #1136, .T. ) ;
#1514 = CARTESIAN_POINT ( 'NONE',  ( -3.045439664250762846, -1.484631448042731394, -1.232840117323736662 ) ) ;
#1515 = CARTESIAN_POINT ( 'NONE',  ( -2.743782991398080462, -6.195153664090716994, 1.153982133839829727 ) ) ;
#1516 = CARTESIAN_POINT ( 'NONE',  ( 1.153982133839834168, -9.945153664090716106, 2.743782991398082238 ) ) ;
#1517 = CARTESIAN_POINT ( 'NONE',  ( -2.749999999999997780, -4.721150626953493301, 9.429889033906309885E-15 ) ) ;
#1518 = CARTESIAN_POINT ( 'NONE',  ( -1.955059142683993390, -1.382653664090716106, -1.933970979256855349 ) ) ;
#1519 = CARTESIAN_POINT ( 'NONE',  ( 2.743782991398084903, -3.695153664090716550, -1.153982133839830615 ) ) ;
#1520 = CARTESIAN_POINT ( 'NONE',  ( 1.124158967115631791, -6.570153664090716106, -2.756136151528160827 ) ) ;
#1521 = CARTESIAN_POINT ( 'NONE',  ( -2.285320154807696458, 0.01015789100398262201, -0.0005878831144266401286 ) ) ;
#1522 = CARTESIAN_POINT ( 'NONE',  ( 3.045926682568939725, -11.99505276994930369, -1.231664351094883481 ) ) ;
#1523 = FACE_OUTER_BOUND ( 'NONE', #369, .T. ) ;
#1524 = ORIENTED_EDGE ( 'NONE', *, *, #1349, .T. ) ;
#1525 = CARTESIAN_POINT ( 'NONE',  ( -3.024713627046458519, 5.379947230050696305, -1.282877197436619099 ) ) ;
#1526 = CARTESIAN_POINT ( 'NONE',  ( -1.122980677478951028, 0.09046562717952122412, -2.756616452667264294 ) ) ;
#1527 = EDGE_CURVE ( 'NONE', #2873, #415, #1996, .T. ) ;
#1528 = CONICAL_SURFACE ( 'NONE', #2073, 2.750000000000000000, 0.7853981633974469467 ) ;
#1529 = CARTESIAN_POINT ( 'NONE',  ( 0.9460227193715066152, -5.677342108996018766, 2.285563663966783565 ) ) ;
#1530 = VERTEX_POINT ( 'NONE', #3896 ) ;
#1531 = CARTESIAN_POINT ( 'NONE',  ( 2.743782991398085791, -10.69515366409071788, -1.153982133839830615 ) ) ;
#1532 = CARTESIAN_POINT ( 'NONE',  ( 2.285320154807701787, -12.48984210899601877, 0.0005878831144263633318 ) ) ;
#1533 = CARTESIAN_POINT ( 'NONE',  ( -0.9460227193715018412, 2.822657891003981678, -2.285563663966784009 ) ) ;
#1534 = CARTESIAN_POINT ( 'NONE',  ( -0.02443065694201286206, -0.6721314480427308391, -3.035320154807698234 ) ) ;
#1535 = EDGE_CURVE ( 'NONE', #432, #409, #2917, .T. ) ;
#1536 = CARTESIAN_POINT ( 'NONE',  ( -2.749999999999996891, -8.258472758984490625, 2.798203851936858590E-17 ) ) ;
#1537 = CARTESIAN_POINT ( 'NONE',  ( 0.01608712857282475206, -4.972034372820479220, -2.749952945832760953 ) ) ;
#1538 = CARTESIAN_POINT ( 'NONE',  ( 2.750000000000002665, -1.758062755129495169, -0.007455846486311910361 ) ) ;
#1539 = CARTESIAN_POINT ( 'NONE',  ( -2.749959571463118646, -9.257653664090716106, 0.01491158336210037481 ) ) ;
#1540 = DIRECTION ( 'NONE',  ( -1.224646799147353454E-16, 1.000000000000000000, -0.000000000000000000 ) ) ;
#1541 = CARTESIAN_POINT ( 'NONE',  ( -2.285563663966782677, -0.9273421089960182107, 0.9460227193715032845 ) ) ;
#1542 = CARTESIAN_POINT ( 'NONE',  ( -1.231664351094880150, -7.745052769949305471, -3.045926682568936616 ) ) ;
#1543 = CARTESIAN_POINT ( 'NONE',  ( -2.750000000000003997, 7.340982065803920875, 1.129674997702170502 ) ) ;
#1544 = ORIENTED_EDGE ( 'NONE', *, *, #4083, .F. ) ;
#1545 = CARTESIAN_POINT ( 'NONE',  ( 1.282877197436620209, 5.129947230050697193, -3.024713627046460296 ) ) ;
#1546 = CARTESIAN_POINT ( 'NONE',  ( -2.749999999999994227, 6.679367593583295459, -1.130362027696530047 ) ) ;
#1547 = CARTESIAN_POINT ( 'NONE',  ( -2.285076645648610683, -1.052342108996018322, -0.9471984856003564657 ) ) ;
#1548 = CARTESIAN_POINT ( 'NONE',  ( 2.285076645648615123, -7.552342108996018766, 0.9471984856003577979 ) ) ;
#1549 = VERTEX_POINT ( 'NONE', #344 ) ;
#1550 = CARTESIAN_POINT ( 'NONE',  ( -1.955059142683993390, -2.382653664090715218, -1.933970979256855349 ) ) ;
#1551 = CARTESIAN_POINT ( 'NONE',  ( 2.750000000000002220, 0.7788493730465073650, 9.882727230318703812E-15 ) ) ;
#1552 = CARTESIAN_POINT ( 'NONE',  ( 0.0005878831144285071248, -0.2398421089960176000, -2.285320154807698234 ) ) ;
#1553 = CARTESIAN_POINT ( 'NONE',  ( 3.025200645364632290, 3.140368551957268828, -1.281701431207766362 ) ) ;
#1554 = CARTESIAN_POINT ( 'NONE',  ( -0.01491158336209752293, -8.507653664090716106, -2.749959571463121311 ) ) ;
#1555 = CARTESIAN_POINT ( 'NONE',  ( 2.215150018876134386, 7.499999999999994671, 0.8595595929703454541 ) ) ;
#1556 = CARTESIAN_POINT ( 'NONE',  ( 2.750000000000002665, -10.22115062695349330, 1.322898101878941796E-16 ) ) ;
#1557 = EDGE_CURVE ( 'NONE', #2336, #2082, #1652, .T. ) ;
#1558 = CARTESIAN_POINT ( 'NONE',  ( -1.281701431207762809, -8.609631448042730284, -3.025200645364631846 ) ) ;
#1559 = CARTESIAN_POINT ( 'NONE',  ( 2.750000000000002665, -0.7584727589844915130, 9.486758998627150629E-15 ) ) ;
#1560 = CARTESIAN_POINT ( 'NONE',  ( -0.01491158336209776752, -6.507653664090715218, -2.749959571463121311 ) ) ;
#1561 = CARTESIAN_POINT ( 'NONE',  ( 2.285076645648614679, -1.552342108996016989, 0.9471984856003577979 ) ) ;
#1562 = AXIS2_PLACEMENT_3D ( 'NONE', #3497, #3817, #1813 ) ;
#1563 = CARTESIAN_POINT ( 'NONE',  ( -2.749999999999999556, 3.741527241015509375, -9.797953184584977129E-15 ) ) ;
#1564 = EDGE_LOOP ( 'NONE', ( #105, #1076, #2754, #269 ) ) ;
#1565 = CIRCLE ( 'NONE', #1500, 1.749999999999994227 ) ;
#1566 = CARTESIAN_POINT ( 'NONE',  ( -2.128188989070670445, 6.317447230050694529, -2.164401940002777192 ) ) ;
#1567 = CARTESIAN_POINT ( 'NONE',  ( 1.155154934624599061, -0.03453437282047885915, -2.743289438998258500 ) ) ;
#1568 = CARTESIAN_POINT ( 'NONE',  ( -2.285563663966783565, 3.072657891003982122, 0.9460227193715031735 ) ) ;
#1569 = CARTESIAN_POINT ( 'NONE',  ( -1.616381074783567628, -6.864842108996017878, 1.615549682510057927 ) ) ;
#1570 = VERTEX_POINT ( 'NONE', #1293 ) ;
#1571 = DIRECTION ( 'NONE',  ( -1.224646799147353454E-16, 1.000000000000000000, -0.000000000000000000 ) ) ;
#1572 = CARTESIAN_POINT ( 'NONE',  ( 1.616381074783572958, -7.364842108996017878, -1.615549682510057927 ) ) ;
#1573 = CARTESIAN_POINT ( 'NONE',  ( -2.285076645648611127, 0.9476578910039819004, -0.9471984856003564657 ) ) ;
#1574 = CARTESIAN_POINT ( 'NONE',  ( 0.02443065694201618232, 2.827868551957268828, 3.035320154807698234 ) ) ;
#1575 = CARTESIAN_POINT ( 'NONE',  ( -2.749952945832759177, 1.277965627179520558, -0.01608712857282233039 ) ) ;
#1576 = CARTESIAN_POINT ( 'NONE',  ( 0.7203432852515313511, 7.499999999999999112, 2.530081503206120352 ) ) ;
#1577 = CARTESIAN_POINT ( 'NONE',  ( 2.163570547729268156, -10.04713144804273206, 2.129020381344183921 ) ) ;
#1578 = CARTESIAN_POINT ( 'NONE',  ( -2.749959571463120422, 3.742346335909285227, 0.01491158336210037481 ) ) ;
#1579 = CARTESIAN_POINT ( 'NONE',  ( 4.468337651538803533E-16, 12.50000000000000000, 0.000000000000000000 ) ) ;
#1580 = CARTESIAN_POINT ( 'NONE',  ( 2.285076645648614679, -3.552342108996016989, 0.9471984856003577979 ) ) ;
#1581 = FACE_OUTER_BOUND ( 'NONE', #1762, .T. ) ;
#1582 = EDGE_LOOP ( 'NONE', ( #1333, #3067, #4241, #2379 ) ) ;
#1583 = CARTESIAN_POINT ( 'NONE',  ( 0.01608712857282413797, 0.02796562717952118943, -2.749952945832760953 ) ) ;
#1584 = CARTESIAN_POINT ( 'NONE',  ( 2.285076645648613791, 1.447657891003982122, 0.9471984856003577979 ) ) ;
#1585 = ORIENTED_EDGE ( 'NONE', *, *, #586, .T. ) ;
#1586 = CARTESIAN_POINT ( 'NONE',  ( -1.615549682510055263, -7.114842108996017878, -1.616381074783570293 ) ) ;
#1587 = ORIENTED_EDGE ( 'NONE', *, *, #1966, .F. ) ;
#1588 = FACE_OUTER_BOUND ( 'NONE', #1737, .T. ) ;
#1589 = CARTESIAN_POINT ( 'NONE',  ( 0.9460227193715067262, -6.677342108996017878, 2.285563663966783565 ) ) ;
#1590 = CARTESIAN_POINT ( 'NONE',  ( 1.615549682510058593, 7.385157891003982122, 1.616381074783570515 ) ) ;
#1591 = CARTESIAN_POINT ( 'NONE',  ( -3.045439664250763290, 2.515368551957268384, -1.232840117323736662 ) ) ;
#1592 = AXIS2_PLACEMENT_3D ( 'NONE', #12, #3611, #1285 ) ;
#1593 = COORDINATED_UNIVERSAL_TIME_OFFSET ( 3, 0, .AHEAD. ) ;
#1594 = CARTESIAN_POINT ( 'NONE',  ( -2.743782991398081350, -3.195153664090716550, 1.153982133839829727 ) ) ;
#1595 = CARTESIAN_POINT ( 'NONE',  ( -1.122980677478951694, 6.090465627179520780, -2.756616452667264294 ) ) ;
#1596 = VECTOR ( 'NONE', #2255, 1000.000000000000000 ) ;
#1597 = CARTESIAN_POINT ( 'NONE',  ( 3.035320154807701343, -10.92213144804273206, -0.02443065694201510679 ) ) ;
#1598 = CARTESIAN_POINT ( 'NONE',  ( -2.749999999999999112, 4.741937244870507051, 0.007455846486311724745 ) ) ;
#1599 = CARTESIAN_POINT ( 'NONE',  ( -1.616381074783568739, 2.135157891003982567, 1.615549682510057927 ) ) ;
#1600 = DIRECTION ( 'NONE',  ( -1.224646799147353454E-16, 1.000000000000000000, -0.000000000000000000 ) ) ;
#1601 = ORIENTED_EDGE ( 'NONE', *, *, #506, .F. ) ;
#1602 = LINE ( 'NONE', #2241, #855 ) ;
#1603 = CARTESIAN_POINT ( 'NONE',  ( -3.035320154807697346, 8.442447230050696305, -0.02560642317086817693 ) ) ;
#1604 = CARTESIAN_POINT ( 'NONE',  ( 2.285563663966787118, -10.42734210899602054, -0.9460227193715036176 ) ) ;
#1605 = CARTESIAN_POINT ( 'NONE',  ( 1.616381074783571847, 2.635157891003981678, -1.615549682510057927 ) ) ;
#1606 = ORIENTED_EDGE ( 'NONE', *, *, #3486, .F. ) ;
#1607 = ADVANCED_FACE ( 'NONE', ( #2205 ), #973, .T. ) ;
#1608 = CARTESIAN_POINT ( 'NONE',  ( -0.0005878831144238544880, -7.739842108996017878, 2.285320154807698234 ) ) ;
#1609 = ORIENTED_EDGE ( 'NONE', *, *, #3106, .F. ) ;
#1610 = CARTESIAN_POINT ( 'NONE',  ( -2.749999999999998668, 4.278406969182382724, -0.008043633102135766544 ) ) ;
#1611 = CARTESIAN_POINT ( 'NONE',  ( -0.0005878831144237351173, -8.739842108996018766, 2.285320154807698234 ) ) ;
#1612 = CARTESIAN_POINT ( 'NONE',  ( 0.9471984856003575759, 6.697657891003982122, -2.285076645648612459 ) ) ;
#1613 = CARTESIAN_POINT ( 'NONE',  ( -0.02443065694201298349, 0.3278685519572683282, -3.035320154807698234 ) ) ;
#1614 = DATE_TIME_ROLE ( 'classification_date' ) ;
#1615 = CARTESIAN_POINT ( 'NONE',  ( -1.124158967115628238, -3.070153664090716550, 2.756136151528160383 ) ) ;
#1616 = CARTESIAN_POINT ( 'NONE',  ( -2.000000000000000000, 12.50000000000000000, -1.154700538379251684 ) ) ;
#1617 = CARTESIAN_POINT ( 'NONE',  ( -2.128188989070668669, -8.682552769949305471, -2.164401940002777192 ) ) ;
#1618 = CARTESIAN_POINT ( 'NONE',  ( 1.281701431207769692, -8.109631448042730284, 3.025200645364631402 ) ) ;
#1619 = CARTESIAN_POINT ( 'NONE',  ( 1.153982133839832391, 4.054846335909286559, 2.743782991398082238 ) ) ;
#1620 = CARTESIAN_POINT ( 'NONE',  ( 2.750000000000001776, 3.778849373046506699, 1.017953129163769706E-14 ) ) ;
#1621 = CARTESIAN_POINT ( 'NONE',  ( 0.9471984856003582420, 0.6976578910039816783, -2.285076645648612459 ) ) ;
#1622 =( BOUNDED_CURVE ( )  B_SPLINE_CURVE ( 2, ( #2652, #335, #2929, #1640, #3884, #2950, #2347, #286, #614, #1598, #2674 ),
 .UNSPECIFIED., .F., .F. ) 
 B_SPLINE_CURVE_WITH_KNOTS ( ( 3, 2, 2, 2, 2, 3 ),
 ( 0.1190897674552671148, 0.1250000000000000000, 0.1309523809523809312, 0.1369047619047618625, 0.1428571428571427937, 0.1428992912647908398 ),
 .UNSPECIFIED. ) 
 CURVE ( )  GEOMETRIC_REPRESENTATION_ITEM ( )  RATIONAL_B_SPLINE_CURVE ( ( 0.9989296255183136575, 0.9244185364022912132, 1.000000000000000000, 0.9238795325112867385, 1.000000000000000000, 0.9238795325112867385, 1.000000000000000000, 0.9238795325112867385, 1.000000000000000000, 0.9994609961089955252, 0.9989296255183136575 ) ) 
 REPRESENTATION_ITEM ( '' )  );
#1623 = DIRECTION ( 'NONE',  ( -1.224646799147353454E-16, 1.000000000000000000, -0.000000000000000000 ) ) ;
#1624 = CARTESIAN_POINT ( 'NONE',  ( -1.122980677478950140, -6.909534372820479220, -2.756616452667264294 ) ) ;
#1625 = CARTESIAN_POINT ( 'NONE',  ( -2.743289438998257168, 5.215465627179522556, -1.155154934624597285 ) ) ;
#1626 = CARTESIAN_POINT ( 'NONE',  ( 1.615549682510061036, -11.61484210899601699, 1.616381074783570515 ) ) ;
#1627 = CARTESIAN_POINT ( 'NONE',  ( 0.9460227193715060601, 0.3226578910039828996, 2.285563663966783565 ) ) ;
#1628 = ORIENTED_EDGE ( 'NONE', *, *, #2687, .F. ) ;
#1629 = LOCAL_TIME ( 15, 16, 59.00000000000000000, #1593 ) ;
#1630 = ORIENTED_EDGE ( 'NONE', *, *, #2551, .F. ) ;
#1631 = CARTESIAN_POINT ( 'NONE',  ( 2.128188989070673554, -2.182552769949304583, 2.164401940002777636 ) ) ;
#1632 = CARTESIAN_POINT ( 'NONE',  ( 0.9471984856003593523, -9.302342108996018766, -2.285076645648612459 ) ) ;
#1633 = CARTESIAN_POINT ( 'NONE',  ( 0.9460227193715053939, 4.322657891003983011, 2.285563663966783565 ) ) ;
#1634 = CARTESIAN_POINT ( 'NONE',  ( -1.232840117323736218, 0.7653685519572689389, 3.045439664250764178 ) ) ;
#1635 = ADVANCED_FACE ( 'NONE', ( #1588 ), #3188, .T. ) ;
#1636 = CARTESIAN_POINT ( 'NONE',  ( 1.933970979256857348, 0.3673463359092837277, -1.955059142683995166 ) ) ;
#1637 = CARTESIAN_POINT ( 'NONE',  ( 3.045926682568939281, -7.995052769949305471, -1.231664351094883481 ) ) ;
#1638 = CARTESIAN_POINT ( 'NONE',  ( 2.129020381344186585, -10.79713144804273028, -2.163570547729265492 ) ) ;
#1639 = CARTESIAN_POINT ( 'NONE',  ( -1.933970979256854461, 3.867346335909285227, 1.955059142683995166 ) ) ;
#1640 = CARTESIAN_POINT ( 'NONE',  ( 1.153982133839832391, 5.054846335909287447, 2.743782991398082238 ) ) ;
#1641 = CARTESIAN_POINT ( 'NONE',  ( 0.9471984856003579090, 3.697657891003982567, -2.285076645648612459 ) ) ;
#1642 = CARTESIAN_POINT ( 'NONE',  ( 4.468337651538801561E-16, 12.50000000000000000, 0.000000000000000000 ) ) ;
#1643 = CARTESIAN_POINT ( 'NONE',  ( 4.250000000000001776, 7.750000000000000000, 5.204748896376251685E-16 ) ) ;
#1644 = CARTESIAN_POINT ( 'NONE',  ( 1.282877197436620209, 8.129947230050696305, -3.024713627046460296 ) ) ;
#1645 =( BOUNDED_CURVE ( )  B_SPLINE_CURVE ( 2, ( #2734, #462, #771, #2090, #439, #2755, #796, #1446, #2066, #48, #1763 ),
 .UNSPECIFIED., .F., .F. ) 
 B_SPLINE_CURVE_WITH_KNOTS ( ( 3, 2, 2, 2, 2, 3 ),
 ( 0.4048040531695528133, 0.4107142857142856984, 0.4166666666666666297, 0.4226190476190475609, 0.4285714285714284921, 0.4286135769790765382 ),
 .UNSPECIFIED. ) 
 CURVE ( )  GEOMETRIC_REPRESENTATION_ITEM ( )  RATIONAL_B_SPLINE_CURVE ( ( 0.9989296255183136575, 0.9244185364022912132, 1.000000000000000000, 0.9238795325112867385, 1.000000000000000000, 0.9238795325112867385, 1.000000000000000000, 0.9238795325112867385, 1.000000000000000000, 0.9994609961089955252, 0.9989296255183136575 ) ) 
 REPRESENTATION_ITEM ( '' )  );
#1646 = CARTESIAN_POINT ( 'NONE',  ( -0.9460227193715003979, -9.177342108996020542, -2.285563663966784009 ) ) ;
#1647 = CARTESIAN_POINT ( 'NONE',  ( -2.285320154807696458, 0.01015789100398262201, -0.0005878831144266431644 ) ) ;
#1648 = ORIENTED_EDGE ( 'NONE', *, *, #1892, .F. ) ;
#1649 = ORIENTED_EDGE ( 'NONE', *, *, #648, .T. ) ;
#1650 = CARTESIAN_POINT ( 'NONE',  ( -3.045926682568934396, -4.495052769949304583, 1.231664351094882814 ) ) ;
#1651 = ADVANCED_FACE ( 'NONE', ( #4177 ), #1251, .T. ) ;
#1652 = LINE ( 'NONE', #4160, #1860 ) ;
#1653 = CARTESIAN_POINT ( 'NONE',  ( -1.616381074783567184, -9.864842108996016989, 1.615549682510057927 ) ) ;
#1654 = CARTESIAN_POINT ( 'NONE',  ( -2.285563663966783565, 5.072657891003983899, 0.9460227193715031735 ) ) ;
#1655 = CARTESIAN_POINT ( 'NONE',  ( -3.045439664250763734, 6.515368551957269716, -1.232840117323736662 ) ) ;
#1656 = DIRECTION ( 'NONE',  ( -1.224646799147353454E-16, 1.000000000000000000, -0.000000000000000000 ) ) ;
#1657 = CARTESIAN_POINT ( 'NONE',  ( -3.024713627046457187, -6.620052769949305471, -1.282877197436619099 ) ) ;
#1658 = CARTESIAN_POINT ( 'NONE',  ( 2.163570547729267712, -6.047131448042731172, 2.129020381344183921 ) ) ;
#1659 = CIRCLE ( 'NONE', #2002, 3.999999999999997335 ) ;
#1660 = EDGE_CURVE ( 'NONE', #595, #2793, #1674, .T. ) ;
#1661 = CARTESIAN_POINT ( 'NONE',  ( 2.750000000000002665, -5.758472758984493289, 9.486758998627150629E-15 ) ) ;
#1662 = DIRECTION ( 'NONE',  ( -1.224646799147353454E-16, 1.000000000000000000, -0.000000000000000000 ) ) ;
#1663 = CARTESIAN_POINT ( 'NONE',  ( -2.285563663966783565, 3.072657891003981234, 0.9460227193715032845 ) ) ;
#1664 = VECTOR ( 'NONE', #1983, 1000.000000000000000 ) ;
#1665 = DIRECTION ( 'NONE',  ( -1.224646799147353454E-16, 1.000000000000000000, -0.000000000000000000 ) ) ;
#1666 = ORIENTED_EDGE ( 'NONE', *, *, #4083, .T. ) ;
#1667 = CARTESIAN_POINT ( 'NONE',  ( -2.749999999999997780, -6.721150626953494189, 9.429889033906309885E-15 ) ) ;
#1668 = CARTESIAN_POINT ( 'NONE',  ( 0.9471984856003594633, -9.302342108996020542, -2.285076645648612459 ) ) ;
#1669 = CARTESIAN_POINT ( 'NONE',  ( 2.285320154807699566, 4.510157891003983011, 0.0005878831144263633318 ) ) ;
#1670 = EDGE_LOOP ( 'NONE', ( #3169, #501, #275, #127 ) ) ;
#1671 = ORIENTED_EDGE ( 'NONE', *, *, #4173, .T. ) ;
#1672 =( BOUNDED_CURVE ( )  B_SPLINE_CURVE ( 2, ( #1176, #2211, #3455, #2819, #4123, #2496, #876, #485, #3153, #2838, #2560 ),
 .UNSPECIFIED., .F., .F. ) 
 B_SPLINE_CURVE_WITH_KNOTS ( ( 3, 2, 2, 2, 2, 3 ),
 ( 0.5238549930828034773, 0.5297619047619047672, 0.5357142857142856984, 0.5416666666666666297, 0.5476190476190476719, 0.5476645168923273133 ),
 .UNSPECIFIED. ) 
 CURVE ( )  GEOMETRIC_REPRESENTATION_ITEM ( )  RATIONAL_B_SPLINE_CURVE ( ( 0.9988459397136756346, 0.9244610044241410307, 1.000000000000000000, 0.9238795325112867385, 1.000000000000000000, 0.9238795325112867385, 1.000000000000000000, 0.9238795325112867385, 1.000000000000000000, 0.9994185280871457078, 0.9988459397136756346 ) ) 
 REPRESENTATION_ITEM ( '' )  );
#1673 = CARTESIAN_POINT ( 'NONE',  ( -3.045926682568934840, -1.495052769949304139, 1.231664351094882814 ) ) ;
#1674 = LINE ( 'NONE', #1335, #2006 ) ;
#1675 = EDGE_CURVE ( 'NONE', #4076, #2269, #384, .T. ) ;
#1676 = CARTESIAN_POINT ( 'NONE',  ( 1.616381074783572513, -2.364842108996017878, -1.615549682510057927 ) ) ;
#1677 = CARTESIAN_POINT ( 'NONE',  ( -0.0005878831144256915602, 7.260157891003982122, 2.285320154807698234 ) ) ;
#1678 = CARTESIAN_POINT ( 'NONE',  ( -3.045439664250763734, 5.515368551957269716, -1.232840117323736662 ) ) ;
#1679 = VERTEX_POINT ( 'NONE', #3618 ) ;
#1680 = CARTESIAN_POINT ( 'NONE',  ( -2.749999999999999556, 12.50000000000000000, 0.000000000000000000 ) ) ;
#1681 = CARTESIAN_POINT ( 'NONE',  ( -0.02560642317086561301, -6.307552769949304583, 3.035320154807698234 ) ) ;
#1682 = CARTESIAN_POINT ( 'NONE',  ( -2.129020381344181256, -4.297131448042730284, 2.163570547729265492 ) ) ;
#1683 = CARTESIAN_POINT ( 'NONE',  ( 0.2098076944308910619, -11.51272917567826326, -2.735207282758767899 ) ) ;
#1684 = FACE_OUTER_BOUND ( 'NONE', #1207, .T. ) ;
#1685 = CARTESIAN_POINT ( 'NONE',  ( -0.9460227193715018412, 3.822657891003982567, -2.285563663966784009 ) ) ;
#1686 = EDGE_CURVE ( 'NONE', #2834, #1441, #3104, .T. ) ;
#1687 = CARTESIAN_POINT ( 'NONE',  ( 2.750000000000002220, 2.778849373046505367, 9.882727230318703812E-15 ) ) ;
#1688 = CARTESIAN_POINT ( 'NONE',  ( -2.749999999999997335, -6.258062755129494725, 0.007455846486311724745 ) ) ;
#1689 = FACE_OUTER_BOUND ( 'NONE', #392, .T. ) ;
#1690 = CARTESIAN_POINT ( 'NONE',  ( 4.468337651538803533E-16, 12.50000000000000000, 0.000000000000000000 ) ) ;
#1691 = CARTESIAN_POINT ( 'NONE',  ( 2.285320154807701343, -8.489842108996018766, 0.0005878831144263602961 ) ) ;
#1692 = CARTESIAN_POINT ( 'NONE',  ( 0.9460227193715051719, 6.322657891003981234, 2.285563663966783565 ) ) ;
#1693 = CARTESIAN_POINT ( 'NONE',  ( 1.955059142683997830, -7.882653664090716106, 1.933970979256855793 ) ) ;
#1694 = ORIENTED_EDGE ( 'NONE', *, *, #902, .T. ) ;
#1695 = CARTESIAN_POINT ( 'NONE',  ( -1.282877197436617989, -4.370052769949304583, 3.024713627046458964 ) ) ;
#1696 = CARTESIAN_POINT ( 'NONE',  ( -0.01608712857282132078, 6.527965627179519892, 2.749952945832760953 ) ) ;
#1697 = CARTESIAN_POINT ( 'NONE',  ( 2.285563663966786230, -5.427342108996018766, -0.9460227193715035066 ) ) ;
#1698 = CARTESIAN_POINT ( 'NONE',  ( -1.679697152380684289, -11.70387175956925851, 1.917771254564505812 ) ) ;
#1699 =( BOUNDED_CURVE ( )  B_SPLINE_CURVE ( 2, ( #1716, #2356, #1693, #3019, #3723, #2378, #3361, #1101, #3044, #2424, #104 ),
 .UNSPECIFIED., .F., .F. ) 
 B_SPLINE_CURVE_WITH_KNOTS ( ( 3, 2, 2, 2, 2, 3 ),
 ( 0.7381373865028861836, 0.7440476190476190688, 0.7500000000000000000, 0.7559523809523809312, 0.7619047619047618625, 0.7619469103124099085 ),
 .UNSPECIFIED. ) 
 CURVE ( )  GEOMETRIC_REPRESENTATION_ITEM ( )  RATIONAL_B_SPLINE_CURVE ( ( 0.9989296255183136575, 0.9244185364022912132, 1.000000000000000000, 0.9238795325112867385, 1.000000000000000000, 0.9238795325112867385, 1.000000000000000000, 0.9238795325112867385, 1.000000000000000000, 0.9994609961089955252, 0.9989296255183136575 ) ) 
 REPRESENTATION_ITEM ( '' )  );
#1700 = CARTESIAN_POINT ( 'NONE',  ( 3.045439664250766398, 4.015368551957269716, 1.232840117323737994 ) ) ;
#1701 = EDGE_LOOP ( 'NONE', ( #2204, #2733, #1407, #1504, #977, #2407, #3960, #829, #2978, #1383, #40, #1030, #2129, #3247, #748, #540, #3005, #68, #696, #1839, #208, #1170, #2221, #3271, #3091, #3941, #296, #1587, #1630, #3615, #1166, #1606, #3962, #305, #2464, #3324, #3276, #1284, #2323, #1010, #2999, #1957, #4006 ) ) ;
#1702 = VECTOR ( 'NONE', #3342, 1000.000000000000000 ) ;
#1703 = CARTESIAN_POINT ( 'NONE',  ( 1.933135058238607318, -0.3470343728204791645, 1.955885693645930790 ) ) ;
#1704 = CARTESIAN_POINT ( 'NONE',  ( -2.285563663966783121, -0.9273421089960182107, 0.9460227193715031735 ) ) ;
#1705 = CARTESIAN_POINT ( 'NONE',  ( -2.129020381344181256, -6.297131448042731172, 2.163570547729265492 ) ) ;
#1706 = CARTESIAN_POINT ( 'NONE',  ( -2.749959571463119534, 1.742346335909284782, 0.01491158336210037481 ) ) ;
#1707 = EDGE_CURVE ( 'NONE', #4110, #2225, #4024, .T. ) ;
#1708 = CARTESIAN_POINT ( 'NONE',  ( -2.749999999999996447, -10.72115062695349508, -4.714944516953152182E-16 ) ) ;
#1709 = CARTESIAN_POINT ( 'NONE',  ( 2.285563663966785342, 5.572657891003980346, -0.9460227193715036176 ) ) ;
#1710 = CARTESIAN_POINT ( 'NONE',  ( -1.933135058238603321, -3.847034372820478776, -1.955885693645930345 ) ) ;
#1711 = CARTESIAN_POINT ( 'NONE',  ( 2.750000000000002220, 5.241937244870508827, -0.007455846486311910361 ) ) ;
#1712 = CYLINDRICAL_SURFACE ( 'NONE', #3710, 2.750000000000000000 ) ;
#1713 = CARTESIAN_POINT ( 'NONE',  ( 2.278240447492752896, 7.500000000000005329, -0.7401753526476982925 ) ) ;
#1714 = CARTESIAN_POINT ( 'NONE',  ( 2.285076645648614679, -5.552342108996018766, 0.9471984856003577979 ) ) ;
#1715 = CARTESIAN_POINT ( 'NONE',  ( 0.0005878831144280203180, 3.760157891003982567, -2.285320154807698234 ) ) ;
#1716 = CARTESIAN_POINT ( 'NONE',  ( 2.750000000000002665, -7.758472758984490625, -3.400241650383879346E-16 ) ) ;
#1717 = VERTEX_POINT ( 'NONE', #2644 ) ;
#1718 = EDGE_CURVE ( 'NONE', #893, #695, #2641, .T. ) ;
#1719 = CARTESIAN_POINT ( 'NONE',  ( -3.035320154807696014, -0.5575527699493050271, -0.02560642317086817693 ) ) ;
#1720 = CARTESIAN_POINT ( 'NONE',  ( 2.285563663966785786, -3.427342108996019210, -0.9460227193715035066 ) ) ;
#1721 = CARTESIAN_POINT ( 'NONE',  ( -1.406420206259393790, -11.64790443278391230, 2.193009944888967944 ) ) ;
#1722 = CARTESIAN_POINT ( 'NONE',  ( 0.02443065694201606089, 3.827868551957269716, 3.035320154807698234 ) ) ;
#1723 = EDGE_LOOP ( 'NONE', ( #1909, #924, #2642, #599, #4159 ) ) ;
#1724 = DIRECTION ( 'NONE',  ( -1.224646799147353454E-16, 1.000000000000000000, -0.000000000000000000 ) ) ;
#1725 = CARTESIAN_POINT ( 'NONE',  ( 2.285076645648614235, -3.552342108996016989, 0.9471984856003577979 ) ) ;
#1726 = CARTESIAN_POINT ( 'NONE',  ( -3.035320154807695570, -7.422131448042731172, 0.02443065694201473556 ) ) ;
#1727 = CARTESIAN_POINT ( 'NONE',  ( -0.01608712857281984973, -5.472034372820479220, 2.749952945832760953 ) ) ;
#1728 = CARTESIAN_POINT ( 'NONE',  ( 4.250000000000001776, 7.749999999999999112, 5.204748896376251685E-16 ) ) ;
#1729 = CARTESIAN_POINT ( 'NONE',  ( 1.616381074783571625, 5.635157891003980346, -1.615549682510057927 ) ) ;
#1730 = CARTESIAN_POINT ( 'NONE',  ( 2.749952945832762730, 2.777965627179519892, 0.01608712857282199732 ) ) ;
#1731 = FACE_OUTER_BOUND ( 'NONE', #41, .T. ) ;
#1732 = AXIS2_PLACEMENT_3D ( 'NONE', #1059, #3662, #2038 ) ;
#1733 = CYLINDRICAL_SURFACE ( 'NONE', #2727, 2.750000000000000000 ) ;
#1734 = CARTESIAN_POINT ( 'NONE',  ( -2.285563663966781345, -5.927342108996018766, 0.9460227193715032845 ) ) ;
#1735 = CARTESIAN_POINT ( 'NONE',  ( -2.285563663966783565, 4.072657891003983011, 0.9460227193715031735 ) ) ;
#1736 = DIRECTION ( 'NONE',  ( -1.224646799147353454E-16, 1.000000000000000000, -0.000000000000000000 ) ) ;
#1737 = EDGE_LOOP ( 'NONE', ( #1819, #4213, #2109, #90 ) ) ;
#1738 = CARTESIAN_POINT ( 'NONE',  ( -2.164401940002775859, 2.567447230050695861, 2.128188989070671777 ) ) ;
#1739 = CARTESIAN_POINT ( 'NONE',  ( 4.468337651538803533E-16, 12.50000000000000000, 0.000000000000000000 ) ) ;
#1740 = CARTESIAN_POINT ( 'NONE',  ( 0.0005878831144287550818, -2.239842108996017433, -2.285320154807698234 ) ) ;
#1741 = EDGE_CURVE ( 'NONE', #652, #3463, #3943, .T. ) ;
#1742 = CARTESIAN_POINT ( 'NONE',  ( 2.163570547729265936, 6.952868551957268828, 2.129020381344183921 ) ) ;
#1743 = ORIENTED_EDGE ( 'NONE', *, *, #3664, .F. ) ;
#1744 = DIRECTION ( 'NONE',  ( -1.000000000000000000, 0.000000000000000000, 0.000000000000000000 ) ) ;
#1745 = CARTESIAN_POINT ( 'NONE',  ( 0.9460227193715060601, -0.6773421089960179886, 2.285563663966783565 ) ) ;
#1746 = CARTESIAN_POINT ( 'NONE',  ( -1.232840117323735107, -5.234631448042731172, 3.045439664250764178 ) ) ;
#1747 = DIRECTION ( 'NONE',  ( -1.224646799147353454E-16, 1.000000000000000000, -0.000000000000000000 ) ) ;
#1748 = CARTESIAN_POINT ( 'NONE',  ( 4.468337651538803533E-16, 12.50000000000000000, 0.000000000000000000 ) ) ;
#1749 = CARTESIAN_POINT ( 'NONE',  ( 1.616381074783571625, 4.635157891003983011, -1.615549682510057927 ) ) ;
#1750 = CARTESIAN_POINT ( 'NONE',  ( -0.01491158336209886907, 2.492346335909284338, -2.749959571463121311 ) ) ;
#1751 = CARTESIAN_POINT ( 'NONE',  ( 2.749999999999996447, 6.179367593583294571, 1.130362027696530713 ) ) ;
#1752 = CARTESIAN_POINT ( 'NONE',  ( -0.01608712857282070668, 1.527965627179520780, 2.749952945832760953 ) ) ;
#1753 = CARTESIAN_POINT ( 'NONE',  ( -2.749999999999998224, 2.741937244870506163, 0.007455846486311724745 ) ) ;
#1754 = CARTESIAN_POINT ( 'NONE',  ( 0.01608712857282548064, -10.97203437282047922, -2.749952945832760953 ) ) ;
#1755 = CARTESIAN_POINT ( 'NONE',  ( 0.0005878831144291194822, -5.239842108996017878, -2.285320154807698234 ) ) ;
#1756 = CARTESIAN_POINT ( 'NONE',  ( -2.285563663966783565, 6.072657891003981234, 0.9460227193715031735 ) ) ;
#1757 = ORIENTED_EDGE ( 'NONE', *, *, #1917, .F. ) ;
#1758 = CARTESIAN_POINT ( 'NONE',  ( 3.024713627046460740, -0.1200527699493046663, 1.282877197436620875 ) ) ;
#1759 = CARTESIAN_POINT ( 'NONE',  ( 0.4593631861312795772, -11.80363059360819378, 2.407575529875334741 ) ) ;
#1760 = CARTESIAN_POINT ( 'NONE',  ( -0.9460227193715010641, -3.177342108996019210, -2.285563663966784009 ) ) ;
#1761 = CARTESIAN_POINT ( 'NONE',  ( -2.285320154807695125, -8.989842108996018766, -0.0005878831144266401286 ) ) ;
#1762 = EDGE_LOOP ( 'NONE', ( #3526, #2789, #3142, #769 ) ) ;
#1763 = CARTESIAN_POINT ( 'NONE',  ( -2.749999999999997780, -1.258472758984492179, -9.520676621074870057E-15 ) ) ;
#1764 = CARTESIAN_POINT ( 'NONE',  ( -0.9471984856003551334, -2.802342108996018322, 2.285076645648612459 ) ) ;
#1765 = CARTESIAN_POINT ( 'NONE',  ( 1.232840117323738216, -2.734631448042730728, -3.045439664250765954 ) ) ;
#1766 = APPROVAL_PERSON_ORGANIZATION ( #4203, #3347, #260 ) ;
#1767 = ADVANCED_FACE ( 'NONE', ( #824 ), #1773, .T. ) ;
#1768 = CARTESIAN_POINT ( 'NONE',  ( -1.155154934624595953, -5.534534372820479220, 2.743289438998258056 ) ) ;
#1769 = CARTESIAN_POINT ( 'NONE',  ( -1.955885693645928569, -1.597034372820478554, 1.933135058238605763 ) ) ;
#1770 = CARTESIAN_POINT ( 'NONE',  ( -0.0005878831144256915602, 7.260157891003982122, 2.285320154807698234 ) ) ;
#1771 = CARTESIAN_POINT ( 'NONE',  ( 0.01491158336210242699, -2.007653664090715218, 2.749959571463121311 ) ) ;
#1772 = CARTESIAN_POINT ( 'NONE',  ( -1.955059142683993390, -0.3826536640907152176, -1.933970979256855349 ) ) ;
#1773 = CYLINDRICAL_SURFACE ( 'NONE', #2147, 2.750000000000000000 ) ;
#1774 = CARTESIAN_POINT ( 'NONE',  ( -2.285320154807695570, -5.989842108996017878, -0.0005878831144266401286 ) ) ;
#1775 = CARTESIAN_POINT ( 'NONE',  ( -0.02560642317086512035, -10.30755276994930547, 3.035320154807698234 ) ) ;
#1776 = CARTESIAN_POINT ( 'NONE',  ( 4.468337651538803533E-16, 12.50000000000000000, 0.000000000000000000 ) ) ;
#1777 = ORIENTED_EDGE ( 'NONE', *, *, #4071, .T. ) ;
#1778 = CARTESIAN_POINT ( 'NONE',  ( -2.128188989070669557, 0.3174472300506957501, -2.164401940002777192 ) ) ;
#1779 = CARTESIAN_POINT ( 'NONE',  ( 2.749999999999998224, -6.820632406416704541, 1.130362027696530713 ) ) ;
#1780 = CARTESIAN_POINT ( 'NONE',  ( 0.9460227193715060601, -0.6773421089960179886, 2.285563663966783565 ) ) ;
#1781 = CARTESIAN_POINT ( 'NONE',  ( -1.616381074783567184, -9.864842108996016989, 1.615549682510057927 ) ) ;
#1782 = EDGE_LOOP ( 'NONE', ( #2088, #3469, #342, #3532 ) ) ;
#1783 =( BOUNDED_CURVE ( )  B_SPLINE_CURVE ( 2, ( #1536, #3154, #1157, #899, #1554, #2155, #4101, #508, #179, #4164, #221 ),
 .UNSPECIFIED., .F., .F. ) 
 B_SPLINE_CURVE_WITH_KNOTS ( ( 3, 2, 2, 2, 2, 3 ),
 ( 0.7619469103124099085, 0.7678571428571427937, 0.7738095238095237249, 0.7797619047619047672, 0.7857142857142856984, 0.7857564341219337445 ),
 .UNSPECIFIED. ) 
 CURVE ( )  GEOMETRIC_REPRESENTATION_ITEM ( )  RATIONAL_B_SPLINE_CURVE ( ( 0.9989296255183136575, 0.9244185364022912132, 1.000000000000000000, 0.9238795325112867385, 1.000000000000000000, 0.9238795325112867385, 1.000000000000000000, 0.9238795325112867385, 1.000000000000000000, 0.9994609961089955252, 0.9989296255183136575 ) ) 
 REPRESENTATION_ITEM ( '' )  );
#1784 = CARTESIAN_POINT ( 'NONE',  ( 4.468337651538803533E-16, 12.50000000000000000, 0.000000000000000000 ) ) ;
#1785 = CARTESIAN_POINT ( 'NONE',  ( 0.0005878831144286296396, -1.239842108996018544, -2.285320154807698234 ) ) ;
#1786 = CARTESIAN_POINT ( 'NONE',  ( -3.025200645364630070, -2.359631448042730728, 1.281701431207765474 ) ) ;
#1787 = CARTESIAN_POINT ( 'NONE',  ( -1.124158967115627572, -10.07015366409071611, 2.756136151528160383 ) ) ;
#1788 = CARTESIAN_POINT ( 'NONE',  ( 1.933135058238607318, -1.347034372820478332, 1.955885693645930790 ) ) ;
#1789 = CARTESIAN_POINT ( 'NONE',  ( 1.615549682510058593, 6.385157891003981234, 1.616381074783570515 ) ) ;
#1790 = ADVANCED_FACE ( 'NONE', ( #698 ), #2627, .T. ) ;
#1791 = CARTESIAN_POINT ( 'NONE',  ( 2.000000000000000888, 12.50000000000000000, -1.154700538379252128 ) ) ;
#1792 = CARTESIAN_POINT ( 'NONE',  ( 1.122980677478955469, 1.590465627179520780, 2.756616452667262962 ) ) ;
#1793 = CARTESIAN_POINT ( 'NONE',  ( 4.468337651538803533E-16, 12.50000000000000000, 0.000000000000000000 ) ) ;
#1794 = CARTESIAN_POINT ( 'NONE',  ( 4.468337651538803533E-16, 12.50000000000000000, 0.000000000000000000 ) ) ;
#1795 = CARTESIAN_POINT ( 'NONE',  ( 0.0005878831144293644034, -7.239842108996017878, -2.285320154807698234 ) ) ;
#1796 = CIRCLE ( 'NONE', #3029, 4.250000000000000888 ) ;
#1797 = CARTESIAN_POINT ( 'NONE',  ( -1.282877197436617323, -10.37005276994930369, 3.024713627046458964 ) ) ;
#1798 = CARTESIAN_POINT ( 'NONE',  ( 2.750000000000003553, -7.758062755129493837, -0.007455846486311910361 ) ) ;
#1799 = ORIENTED_EDGE ( 'NONE', *, *, #986, .F. ) ;
#1800 = CARTESIAN_POINT ( 'NONE',  ( 1.231664351094885701, 1.754947230050695195, 3.045926682568936172 ) ) ;
#1801 = CARTESIAN_POINT ( 'NONE',  ( 0.9025194660628534926, -11.78454995844664843, 2.299312272547781255 ) ) ;
#1802 = AXIS2_PLACEMENT_3D ( 'NONE', #1835, #881, #2177 ) ;
#1803 = CARTESIAN_POINT ( 'NONE',  ( 2.285076645648615123, -8.552342108996018766, 0.9471984856003577979 ) ) ;
#1804 = ORIENTED_EDGE ( 'NONE', *, *, #2782, .F. ) ;
#1805 = CARTESIAN_POINT ( 'NONE',  ( 2.750000000000002220, 0.2415272410155094029, 9.486758998627150629E-15 ) ) ;
#1806 = CARTESIAN_POINT ( 'NONE',  ( 2.750000000000001776, 0.7784069691823833903, 0.008043633102135430007 ) ) ;
#1807 = CARTESIAN_POINT ( 'NONE',  ( -0.9471984856003561326, 3.197657891003981678, 2.285076645648612459 ) ) ;
#1808 = CARTESIAN_POINT ( 'NONE',  ( 3.035320154807700455, -0.9221314480427310611, -0.02443065694201510679 ) ) ;
#1809 =( BOUNDED_CURVE ( )  B_SPLINE_CURVE ( 2, ( #2946, #3284, #371, #1299, #2985, #937, #1636, #2325, #4230, #3240, #3903 ),
 .UNSPECIFIED., .F., .F. ) 
 B_SPLINE_CURVE_WITH_KNOTS ( ( 3, 2, 2, 2, 2, 3 ),
 ( 0.3333754817409813054, 0.3392857142857143016, 0.3452380952380952328, 0.3511904761904761640, 0.3571428571428570953, 0.3571850055505051413 ),
 .UNSPECIFIED. ) 
 CURVE ( )  GEOMETRIC_REPRESENTATION_ITEM ( )  RATIONAL_B_SPLINE_CURVE ( ( 0.9989296255183136575, 0.9244185364022912132, 1.000000000000000000, 0.9238795325112867385, 1.000000000000000000, 0.9238795325112867385, 1.000000000000000000, 0.9238795325112867385, 1.000000000000000000, 0.9994609961089955252, 0.9989296255183136575 ) ) 
 REPRESENTATION_ITEM ( '' )  );
#1810 = CARTESIAN_POINT ( 'NONE',  ( -3.127383801155243658E-16, 12.50000000000000000, 2.309401076758504257 ) ) ;
#1811 = CARTESIAN_POINT ( 'NONE',  ( 4.468337651538803533E-16, 12.50000000000000000, 0.000000000000000000 ) ) ;
#1812 = CARTESIAN_POINT ( 'NONE',  ( -2.749999999999998668, -0.7211506269534939673, -1.022193187182612512E-14 ) ) ;
#1813 = DIRECTION ( 'NONE',  ( -1.000000000000000000, 0.000000000000000000, 0.000000000000000000 ) ) ;
#1814 = ADVANCED_FACE ( 'NONE', ( #3739 ), #2397, .T. ) ;
#1815 = LINE ( 'NONE', #1499, #3377 ) ;
#1816 = CARTESIAN_POINT ( 'NONE',  ( -1.615549682510055929, -1.114842108996018322, -1.616381074783570293 ) ) ;
#1817 = CARTESIAN_POINT ( 'NONE',  ( 1.282877197436622430, -10.87005276994930547, -3.024713627046460296 ) ) ;
#1818 = FACE_OUTER_BOUND ( 'NONE', #459, .T. ) ;
#1819 = ORIENTED_EDGE ( 'NONE', *, *, #1326, .T. ) ;
#1820 = CARTESIAN_POINT ( 'NONE',  ( -1.282877197436619543, 6.629947230050693641, 3.024713627046458964 ) ) ;
#1821 = ADVANCED_FACE ( 'NONE', ( #3382 ), #566, .T. ) ;
#1822 = CARTESIAN_POINT ( 'NONE',  ( 4.468337651538803533E-16, 12.50000000000000000, 0.000000000000000000 ) ) ;
#1823 = CARTESIAN_POINT ( 'NONE',  ( -0.0005878831144234871603, -10.73984210899601877, 2.285320154807698234 ) ) ;
#1824 = EDGE_LOOP ( 'NONE', ( #154, #3222, #3429, #517, #720, #4096 ) ) ;
#1825 = CARTESIAN_POINT ( 'NONE',  ( -1.616381074783567184, -10.86484210899601877, 1.615549682510057927 ) ) ;
#1826 = CARTESIAN_POINT ( 'NONE',  ( 0.9471984856003580200, 2.697657891003981678, -2.285076645648612459 ) ) ;
#1827 = CARTESIAN_POINT ( 'NONE',  ( -1.281701431207763919, -1.609631448042731616, -3.025200645364631846 ) ) ;
#1828 = CC_DESIGN_DATE_AND_TIME_ASSIGNMENT ( #1910, #1236, ( #4108 ) ) ;
#1829 = CARTESIAN_POINT ( 'NONE',  ( 1.155154934624600394, -8.034534372820479220, -2.743289438998258500 ) ) ;
#1830 = CARTESIAN_POINT ( 'NONE',  ( 2.750000000000002665, -5.221150626953492413, 1.002858522616689488E-14 ) ) ;
#1831 = DIRECTION ( 'NONE',  ( -1.224646799147353454E-16, 1.000000000000000000, -0.000000000000000000 ) ) ;
#1832 =( BOUNDED_CURVE ( )  B_SPLINE_CURVE ( 2, ( #3059, #4042, #3653, #2698, #2028, #401, #1710, #3013, #1116, #3999, #1345 ),
 .UNSPECIFIED., .F., .T. ) 
 B_SPLINE_CURVE_WITH_KNOTS ( ( 3, 2, 2, 2, 2, 3 ),
 ( 0.3809978502256606281, 0.3869047619047619180, 0.3928571428571428492, 0.3988095238095238360, 0.4047619047619047672, 0.4048073740351844640 ),
 .UNSPECIFIED. ) 
 CURVE ( )  GEOMETRIC_REPRESENTATION_ITEM ( )  RATIONAL_B_SPLINE_CURVE ( ( 0.9988459397136740803, 0.9244610044241416968, 1.000000000000000000, 0.9238795325112867385, 1.000000000000000000, 0.9238795325112867385, 1.000000000000000000, 0.9238795325112867385, 1.000000000000000000, 0.9994185280871450416, 0.9988459397136741913 ) ) 
 REPRESENTATION_ITEM ( '' )  );
#1833 = EDGE_CURVE ( 'NONE', #3967, #535, #3803, .T. ) ;
#1834 = CARTESIAN_POINT ( 'NONE',  ( 1.933135058238608206, -7.347034372820479220, 1.955885693645930790 ) ) ;
#1835 = CARTESIAN_POINT ( 'NONE',  ( -1.999999999999999556, 10.50000000000000000, 1.154700538379252128 ) ) ;
#1836 = CARTESIAN_POINT ( 'NONE',  ( -2.285076645648611127, -0.05234210899601743350, -0.9471984856003564657 ) ) ;
#1837 = CARTESIAN_POINT ( 'NONE',  ( -1.231664351094879928, -10.74505276994930547, -3.045926682568936616 ) ) ;
#1838 = CYLINDRICAL_SURFACE ( 'NONE', #3773, 2.750000000000000000 ) ;
#1839 = ORIENTED_EDGE ( 'NONE', *, *, #3992, .F. ) ;
#1840 = CARTESIAN_POINT ( 'NONE',  ( 0.02560642317086957859, 3.192447230050694973, -3.035320154807698234 ) ) ;
#1841 = CARTESIAN_POINT ( 'NONE',  ( -1.955059142683994278, 6.617346335909284782, -1.933970979256855349 ) ) ;
#1842 = EDGE_CURVE ( 'NONE', #3809, #2431, #1815, .T. ) ;
#1843 = CARTESIAN_POINT ( 'NONE',  ( -2.285076645648609350, -10.05234210899602054, -0.9471984856003564657 ) ) ;
#1844 = ORIENTED_EDGE ( 'NONE', *, *, #616, .T. ) ;
#1845 = CARTESIAN_POINT ( 'NONE',  ( 2.743782991398084903, -2.695153664090716106, -1.153982133839830615 ) ) ;
#1846 = CARTESIAN_POINT ( 'NONE',  ( 2.743289438998259389, 0.7154656271795217792, 1.155154934624598617 ) ) ;
#1847 = CARTESIAN_POINT ( 'NONE',  ( -0.0005878831144249566879, 1.260157891003981900, 2.285320154807698234 ) ) ;
#1848 = CARTESIAN_POINT ( 'NONE',  ( -1.281701431207763919, -2.609631448042730728, -3.025200645364631846 ) ) ;
#1849 = CARTESIAN_POINT ( 'NONE',  ( -2.749999999999997335, -10.25847275898449062, -4.849372069462697146E-15 ) ) ;
#1850 = CARTESIAN_POINT ( 'NONE',  ( 2.743782991398083571, 4.304846335909286559, -1.153982133839830615 ) ) ;
#1851 = CARTESIAN_POINT ( 'NONE',  ( -2.750000000000003109, 4.340982065803921763, 1.129674997702170502 ) ) ;
#1852 = CARTESIAN_POINT ( 'NONE',  ( 2.750000000000002665, -3.758062755129494281, -0.007455846486292260281 ) ) ;
#1853 = CARTESIAN_POINT ( 'NONE',  ( -2.749959571463119534, 0.7423463359092841163, 0.01491158336210037481 ) ) ;
#1854 = CARTESIAN_POINT ( 'NONE',  ( 1.616381074783572513, -1.364842108996018544, -1.615549682510057927 ) ) ;
#1855 = CARTESIAN_POINT ( 'NONE',  ( -3.024713627046456743, -9.620052769949305471, -1.282877197436619099 ) ) ;
#1856 = LINE ( 'NONE', #1184, #2758 ) ;
#1857 = ORIENTED_EDGE ( 'NONE', *, *, #1495, .F. ) ;
#1858 = CARTESIAN_POINT ( 'NONE',  ( 3.045926682568937505, 5.004947230050697193, -1.231664351094883481 ) ) ;
#1859 = CARTESIAN_POINT ( 'NONE',  ( 2.750000000000006217, -0.1590179341960790138, -1.129674997702171391 ) ) ;
#1860 = VECTOR ( 'NONE', #3872, 1000.000000000000000 ) ;
#1861 = CARTESIAN_POINT ( 'NONE',  ( 1.616381074783572958, -6.364842108996017878, -1.615549682510057927 ) ) ;
#1862 = VERTEX_POINT ( 'NONE', #184 ) ;
#1863 = VECTOR ( 'NONE', #481, 1000.000000000000000 ) ;
#1864 = EDGE_CURVE ( 'NONE', #4076, #1102, #227, .T. ) ;
#1865 = CARTESIAN_POINT ( 'NONE',  ( 1.616381074783573402, -11.36484210899601699, -1.615549682510057927 ) ) ;
#1866 = CARTESIAN_POINT ( 'NONE',  ( 0.0005878831144282622035, 1.760157891003982344, -2.285320154807698234 ) ) ;
#1867 = CARTESIAN_POINT ( 'NONE',  ( -0.02443065694201310492, 1.327868551957269272, -3.035320154807698234 ) ) ;
#1868 = AXIS2_PLACEMENT_3D ( 'NONE', #1784, #2692, #2433 ) ;
#1869 = COORDINATED_UNIVERSAL_TIME_OFFSET ( 3, 0, .AHEAD. ) ;
#1870 = CARTESIAN_POINT ( 'NONE',  ( -2.743289438998255392, -7.784534372820480108, -1.155154934624597285 ) ) ;
#1871 = CARTESIAN_POINT ( 'NONE',  ( 2.750000000000006661, -5.159017934196078237, -1.129674997702171391 ) ) ;
#1872 = CARTESIAN_POINT ( 'NONE',  ( 2.743289438998260721, -10.28453437282047922, 1.155154934624598617 ) ) ;
#1873 = CARTESIAN_POINT ( 'NONE',  ( 3.025200645364634511, -10.85963144804273206, -1.281701431207766362 ) ) ;
#1874 = CARTESIAN_POINT ( 'NONE',  ( -2.749999999999996891, -9.258472758984490625, 2.798203851936858590E-17 ) ) ;
#1875 = CARTESIAN_POINT ( 'NONE',  ( -2.749999999999999556, 7.278849373046506699, -1.022193187182612512E-14 ) ) ;
#1876 = CARTESIAN_POINT ( 'NONE',  ( 0.9471984856003586861, -2.302342108996018322, -2.285076645648612459 ) ) ;
#1877 = CARTESIAN_POINT ( 'NONE',  ( -2.749999999999997780, -3.721150626953492857, 9.429889033906309885E-15 ) ) ;
#1878 = EDGE_LOOP ( 'NONE', ( #4226, #2041, #363, #3947 ) ) ;
#1879 = CARTESIAN_POINT ( 'NONE',  ( 3.045926682568937505, 6.004947230050693641, -1.231664351094883481 ) ) ;
#1880 = CARTESIAN_POINT ( 'NONE',  ( -2.749999999999998224, 0.2784069691823828352, -0.008043633102135766544 ) ) ;
#1881 = CARTESIAN_POINT ( 'NONE',  ( 2.285320154807700010, 2.510157891003981234, 0.0005878831144263633318 ) ) ;
#1882 = CARTESIAN_POINT ( 'NONE',  ( -0.9471984856003546893, -7.802342108996018766, 2.285076645648612459 ) ) ;
#1883 = ORIENTED_EDGE ( 'NONE', *, *, #1557, .F. ) ;
#1884 = CARTESIAN_POINT ( 'NONE',  ( -0.01491158336209801039, -4.507653664090716106, -2.749959571463121311 ) ) ;
#1885 = CARTESIAN_POINT ( 'NONE',  ( 2.285563663966786674, -7.427342108996017878, -0.9460227193715035066 ) ) ;
#1886 = CARTESIAN_POINT ( 'NONE',  ( -0.0005878831144250792028, 2.260157891003983011, 2.285320154807698234 ) ) ;
#1887 = CARTESIAN_POINT ( 'NONE',  ( -3.025200645364631402, 3.640368551957269716, 1.281701431207765474 ) ) ;
#1888 = ORIENTED_EDGE ( 'NONE', *, *, #730, .F. ) ;
#1889 = CARTESIAN_POINT ( 'NONE',  ( -1.122980677478951250, 1.090465627179520336, -2.756616452667264294 ) ) ;
#1890 = DIRECTION ( 'NONE',  ( -1.000000000000000000, -1.224646799147353454E-16, 0.000000000000000000 ) ) ;
#1891 = CARTESIAN_POINT ( 'NONE',  ( 2.163570547729268156, -11.04713144804273206, 2.129020381344183921 ) ) ;
#1892 = EDGE_CURVE ( 'NONE', #3303, #2957, #4128, .T. ) ;
#1893 = CYLINDRICAL_SURFACE ( 'NONE', #1562, 2.750000000000000000 ) ;
#1894 = DIRECTION ( 'NONE',  ( -1.224646799147353454E-16, 1.000000000000000000, -0.000000000000000000 ) ) ;
#1895 = CARTESIAN_POINT ( 'NONE',  ( 0.0005878831144286296396, -1.239842108996018544, -2.285320154807698234 ) ) ;
#1896 = CARTESIAN_POINT ( 'NONE',  ( -1.999999999999999556, 10.50000000000000000, 1.154700538379252128 ) ) ;
#1897 = VERTEX_POINT ( 'NONE', #3179 ) ;
#1898 = CC_DESIGN_SECURITY_CLASSIFICATION ( #2316, ( #470 ) ) ;
#1899 = CARTESIAN_POINT ( 'NONE',  ( -0.02560642317086708405, 5.692447230050697193, 3.035320154807698234 ) ) ;
#1900 = CARTESIAN_POINT ( 'NONE',  ( -2.749999999999998668, 3.278849373046505811, -1.022193187182612512E-14 ) ) ;
#1901 = CARTESIAN_POINT ( 'NONE',  ( -1.615549682510056151, -0.1148421089960174890, -1.616381074783570293 ) ) ;
#1902 = EDGE_LOOP ( 'NONE', ( #2599, #1486, #2620, #618, #3282 ) ) ;
#1903 = CARTESIAN_POINT ( 'NONE',  ( -2.285320154807695570, -5.989842108996017878, -0.0005878831144266401286 ) ) ;
#1904 = ORIENTED_EDGE ( 'NONE', *, *, #3052, .T. ) ;
#1905 = DIRECTION ( 'NONE',  ( -1.000000000000000000, 0.000000000000000000, 0.000000000000000000 ) ) ;
#1906 = CARTESIAN_POINT ( 'NONE',  ( -2.285320154807695570, -5.989842108996017878, -0.0005878831144266431644 ) ) ;
#1907 = CARTESIAN_POINT ( 'NONE',  ( 2.285076645648613347, 6.447657891003982122, 0.9471984856003577979 ) ) ;
#1908 = CARTESIAN_POINT ( 'NONE',  ( -1.232840117323736218, 1.765368551957269494, 3.045439664250764178 ) ) ;
#1909 = ORIENTED_EDGE ( 'NONE', *, *, #889, .T. ) ;
#1910 = DATE_AND_TIME ( #957, #2455 ) ;
#1911 = FACE_OUTER_BOUND ( 'NONE', #1011, .T. ) ;
#1912 = CARTESIAN_POINT ( 'NONE',  ( -0.02443065694201163388, -10.67213144804273028, -3.035320154807698234 ) ) ;
#1913 = CARTESIAN_POINT ( 'NONE',  ( -1.153982133839827728, -5.445153664090716106, -2.743782991398082238 ) ) ;
#1914 = CARTESIAN_POINT ( 'NONE',  ( 1.122980677478955913, -2.409534372820479220, 2.756616452667262962 ) ) ;
#1915 = CARTESIAN_POINT ( 'NONE',  ( -2.285076645648611127, 1.947657891003982567, -0.9471984856003564657 ) ) ;
#1916 =( BOUNDED_CURVE ( )  B_SPLINE_CURVE ( 2, ( #511, #2843, #3477, #4149, #2479, #183, #2459, #1180, #246, #1498, #4129 ),
 .UNSPECIFIED., .F., .F. ) 
 B_SPLINE_CURVE_WITH_KNOTS ( ( 3, 2, 2, 2, 2, 3 ),
 ( 0.2619502311780416148, 0.2678571428571428492, 0.2738095238095238360, 0.2797619047619047672, 0.2857142857142856984, 0.2857597549875653398 ),
 .UNSPECIFIED. ) 
 CURVE ( )  GEOMETRIC_REPRESENTATION_ITEM ( )  RATIONAL_B_SPLINE_CURVE ( ( 0.9988459397136741913, 0.9244610044241416968, 1.000000000000000000, 0.9238795325112867385, 1.000000000000000000, 0.9238795325112867385, 1.000000000000000000, 0.9238795325112867385, 1.000000000000000000, 0.9994185280871457078, 0.9988459397136755236 ) ) 
 REPRESENTATION_ITEM ( '' )  );
#1917 = EDGE_CURVE ( 'NONE', #625, #3303, #2555, .T. ) ;
#1918 = DIRECTION ( 'NONE',  ( -1.000000000000000000, 0.000000000000000000, 0.000000000000000000 ) ) ;
#1919 = EDGE_LOOP ( 'NONE', ( #3507, #1421, #4035, #3851 ) ) ;
#1920 = CARTESIAN_POINT ( 'NONE',  ( 1.122980677478957023, -11.40953437282047744, 2.756616452667262962 ) ) ;
#1921 = DIRECTION ( 'NONE',  ( -1.224646799147353454E-16, 1.000000000000000000, -0.000000000000000000 ) ) ;
#1922 = CARTESIAN_POINT ( 'NONE',  ( 1.955059142683997386, -3.882653664090715218, 1.933970979256855793 ) ) ;
#1923 = CARTESIAN_POINT ( 'NONE',  ( 0.0005878831144281428328, 2.760157891003981678, -2.285320154807698234 ) ) ;
#1924 = ORIENTED_EDGE ( 'NONE', *, *, #2231, .T. ) ;
#1925 = CARTESIAN_POINT ( 'NONE',  ( -1.616381074783567851, -5.864842108996017878, 1.615549682510057927 ) ) ;
#1926 = ORIENTED_EDGE ( 'NONE', *, *, #3150, .F. ) ;
#1927 = CARTESIAN_POINT ( 'NONE',  ( 3.024713627046460740, -3.120052769949303695, 1.282877197436620875 ) ) ;
#1928 = CARTESIAN_POINT ( 'NONE',  ( 2.743782991398085791, -4.695153664090716106, -1.153982133839830615 ) ) ;
#1929 = CARTESIAN_POINT ( 'NONE',  ( -2.285076645648609350, -8.052342108996016989, -0.9471984856003564657 ) ) ;
#1930 = VECTOR ( 'NONE', #2972, 1000.000000000000000 ) ;
#1931 = CARTESIAN_POINT ( 'NONE',  ( 0.9460227193715051719, 6.322657891003981234, 2.285563663966783565 ) ) ;
#1932 = CARTESIAN_POINT ( 'NONE',  ( 3.045439664250766398, 2.015368551957269716, 1.232840117323737994 ) ) ;
#1933 = ADVANCED_FACE ( 'NONE', ( #3517 ), #2805, .T. ) ;
#1934 = VECTOR ( 'NONE', #293, 1000.000000000000227 ) ;
#1935 = CARTESIAN_POINT ( 'NONE',  ( -1.933135058238602655, -9.847034372820479220, -1.955885693645930345 ) ) ;
#1936 = CARTESIAN_POINT ( 'NONE',  ( 2.750000000000002665, -4.758472758984492401, 9.486758998627150629E-15 ) ) ;
#1937 = CARTESIAN_POINT ( 'NONE',  ( -3.045926682568933952, -8.495052769949305471, 1.231664351094882814 ) ) ;
#1938 = AXIS2_PLACEMENT_3D ( 'NONE', #1941, #1303, #984 ) ;
#1939 = CARTESIAN_POINT ( 'NONE',  ( -2.163570547729262827, -10.54713144804273028, -2.129020381344183477 ) ) ;
#1940 = CARTESIAN_POINT ( 'NONE',  ( 2.750000000000002220, 4.241527241015509375, 9.486758998627150629E-15 ) ) ;
#1941 = CARTESIAN_POINT ( 'NONE',  ( 4.468337651538803533E-16, 12.50000000000000000, 0.000000000000000000 ) ) ;
#1942 = CARTESIAN_POINT ( 'NONE',  ( 2.285076645648614235, 0.4476578910039830661, 0.9471984856003577979 ) ) ;
#1943 = CARTESIAN_POINT ( 'NONE',  ( -2.749999999999997780, -2.721593030817616832, -0.008043633102125939335 ) ) ;
#1944 = ORIENTED_EDGE ( 'NONE', *, *, #2601, .T. ) ;
#1945 = CARTESIAN_POINT ( 'NONE',  ( -1.933135058238603099, -6.847034372820479220, -1.955885693645930345 ) ) ;
#1946 = CARTESIAN_POINT ( 'NONE',  ( 3.024713627046460296, 7.879947230050694529, 1.282877197436620875 ) ) ;
#1947 =( BOUNDED_CURVE ( )  B_SPLINE_CURVE ( 2, ( #2135, #3514, #2174, #3474, #1238, #2538, #546, #1850, #2821, #4125, #3155 ),
 .UNSPECIFIED., .F., .T. ) 
 B_SPLINE_CURVE_WITH_KNOTS ( ( 3, 2, 2, 2, 2, 3 ),
 ( 0.1428992912647908398, 0.1488095238095238360, 0.1547619047619047672, 0.1607142857142856984, 0.1666666666666666297, 0.1667088150743146757 ),
 .UNSPECIFIED. ) 
 CURVE ( )  GEOMETRIC_REPRESENTATION_ITEM ( )  RATIONAL_B_SPLINE_CURVE ( ( 0.9989296255183136575, 0.9244185364022912132, 1.000000000000000000, 0.9238795325112867385, 1.000000000000000000, 0.9238795325112867385, 1.000000000000000000, 0.9238795325112867385, 1.000000000000000000, 0.9994609961089955252, 0.9989296255183136575 ) ) 
 REPRESENTATION_ITEM ( '' )  );
#1948 = CARTESIAN_POINT ( 'NONE',  ( -1.615549682510055041, -8.114842108996016989, -1.616381074783570293 ) ) ;
#1949 = CARTESIAN_POINT ( 'NONE',  ( -2.285563663966783565, 1.072657891003981900, 0.9460227193715031735 ) ) ;
#1950 = VERTEX_POINT ( 'NONE', #1875 ) ;
#1951 = ORIENTED_EDGE ( 'NONE', *, *, #2576, .T. ) ;
#1952 = EDGE_CURVE ( 'NONE', #1897, #1406, #3971, .T. ) ;
#1953 = CARTESIAN_POINT ( 'NONE',  ( 3.024713627046461184, -4.120052769949305471, 1.282877197436620875 ) ) ;
#1954 = CARTESIAN_POINT ( 'NONE',  ( -0.9471984856003546893, -6.802342108996017878, 2.285076645648612459 ) ) ;
#1955 = CARTESIAN_POINT ( 'NONE',  ( -0.9471984856003562436, 6.197657891003981234, 2.285076645648612459 ) ) ;
#1956 = CARTESIAN_POINT ( 'NONE',  ( 2.163570547729266824, -0.04713144804273025623, 2.129020381344183921 ) ) ;
#1957 = ORIENTED_EDGE ( 'NONE', *, *, #2160, .F. ) ;
#1958 = CARTESIAN_POINT ( 'NONE',  ( 2.750000000000002665, -1.758472758984492623, 9.486758998627150629E-15 ) ) ;
#1959 = DIRECTION ( 'NONE',  ( -1.000000000000000000, 0.000000000000000000, 0.000000000000000000 ) ) ;
#1960 = CARTESIAN_POINT ( 'NONE',  ( 1.231664351094886589, -7.245052769949305471, 3.045926682568936172 ) ) ;
#1961 = CARTESIAN_POINT ( 'NONE',  ( -3.035320154807694681, -11.42213144804273206, 0.02443065694201473556 ) ) ;
#1962 = CARTESIAN_POINT ( 'NONE',  ( -2.749999999999977351, -5.320632406416707205, -1.130362027696545146 ) ) ;
#1963 = CARTESIAN_POINT ( 'NONE',  ( 1.933135058238606874, 3.652965627179520780, 1.955885693645930790 ) ) ;
#1964 = CARTESIAN_POINT ( 'NONE',  ( -1.616381074783568517, 0.1351578910039827330, 1.615549682510057927 ) ) ;
#1965 = CARTESIAN_POINT ( 'NONE',  ( 4.468337651538803533E-16, 12.50000000000000000, 0.000000000000000000 ) ) ;
#1966 = EDGE_CURVE ( 'NONE', #1427, #3463, #2499, .T. ) ;
#1967 = DIRECTION ( 'NONE',  ( 0.7071067811865464625, 0.7071067811865486830, 8.659560562354922997E-17 ) ) ;
#1968 = CARTESIAN_POINT ( 'NONE',  ( -1.122980677478951694, 5.090465627179522556, -2.756616452667264294 ) ) ;
#1969 = CARTESIAN_POINT ( 'NONE',  ( -0.9471984856003548003, -7.802342108996017878, 2.285076645648612459 ) ) ;
#1970 = CARTESIAN_POINT ( 'NONE',  ( -2.285076645648611127, 0.9476578910039819004, -0.9471984856003564657 ) ) ;
#1971 = ORIENTED_EDGE ( 'NONE', *, *, #902, .F. ) ;
#1972 = ORIENTED_EDGE ( 'NONE', *, *, #561, .T. ) ;
#1973 = CARTESIAN_POINT ( 'NONE',  ( -2.164401940002774971, -4.432552769949305471, 2.128188989070671777 ) ) ;
#1974 = CARTESIAN_POINT ( 'NONE',  ( 2.750000000000002665, -4.758472758984492401, 9.486758998627150629E-15 ) ) ;
#1975 = CARTESIAN_POINT ( 'NONE',  ( -1.616381074783567406, -8.864842108996018766, 1.615549682510057927 ) ) ;
#1976 = CARTESIAN_POINT ( 'NONE',  ( 2.285563663966784897, 4.572657891003983011, -0.9460227193715035066 ) ) ;
#1977 = ADVANCED_FACE ( 'NONE', ( #266 ), #3797, .T. ) ;
#1978 = CARTESIAN_POINT ( 'NONE',  ( 3.035320154807699566, 5.077868551957270604, -0.02443065694201510679 ) ) ;
#1979 = CARTESIAN_POINT ( 'NONE',  ( 1.955059142683997830, -4.882653664090716106, 1.933970979256855793 ) ) ;
#1980 = CARTESIAN_POINT ( 'NONE',  ( 2.164401940002780300, -7.932552769949304583, -2.128188989070671777 ) ) ;
#1981 = CARTESIAN_POINT ( 'NONE',  ( -3.035320154807695570, -5.422131448042731172, 0.02443065694201473556 ) ) ;
#1982 = CARTESIAN_POINT ( 'NONE',  ( 1.933970979256858458, -5.632653664090716106, -1.955059142683995166 ) ) ;
#1983 = DIRECTION ( 'NONE',  ( -1.224646799147353454E-16, 1.000000000000000000, -0.000000000000000000 ) ) ;
#1984 = CARTESIAN_POINT ( 'NONE',  ( -0.0005878831144249566879, 1.260157891003981900, 2.285320154807698234 ) ) ;
#1985 = CARTESIAN_POINT ( 'NONE',  ( 0.01608712857282450226, -2.972034372820479664, -2.749952945832760953 ) ) ;
#1986 = CARTESIAN_POINT ( 'NONE',  ( 0.01608712857282388817, 2.027965627179521224, -2.749952945832760953 ) ) ;
#1987 = CARTESIAN_POINT ( 'NONE',  ( 0.02560642317086896450, 8.192447230050696305, -3.035320154807698234 ) ) ;
#1988 = CARTESIAN_POINT ( 'NONE',  ( 0.9460227193715073923, -10.67734210899602054, 2.285563663966783565 ) ) ;
#1989 = CARTESIAN_POINT ( 'NONE',  ( 2.285563663966784897, 3.572657891003982567, -0.9460227193715035066 ) ) ;
#1990 = ORIENTED_EDGE ( 'NONE', *, *, #2160, .T. ) ;
#1991 = ORIENTED_EDGE ( 'NONE', *, *, #4229, .T. ) ;
#1992 = CARTESIAN_POINT ( 'NONE',  ( -2.164401940002774971, -3.432552769949304139, 2.128188989070671777 ) ) ;
#1993 = CARTESIAN_POINT ( 'NONE',  ( 1.955885693645933232, -11.09703437282047744, -1.933135058238605763 ) ) ;
#1994 = CARTESIAN_POINT ( 'NONE',  ( -2.285076645648610683, -3.052342108996018766, -0.9471984856003564657 ) ) ;
#1995 = CARTESIAN_POINT ( 'NONE',  ( -1.616381074783569405, 7.135157891003982122, 1.615549682510057927 ) ) ;
#1996 =( BOUNDED_CURVE ( )  B_SPLINE_CURVE ( 2, ( #929, #4245, #677, #1313, #1884, #626, #2297, #1928, #3234, #602, #1974 ),
 .UNSPECIFIED., .F., .T. ) 
 B_SPLINE_CURVE_WITH_KNOTS ( ( 3, 2, 2, 2, 2, 3 ),
 ( 0.5714707198362194429, 0.5773809523809523281, 0.5833333333333332593, 0.5892857142857141906, 0.5952380952380952328, 0.5952802436457432789 ),
 .UNSPECIFIED. ) 
 CURVE ( )  GEOMETRIC_REPRESENTATION_ITEM ( )  RATIONAL_B_SPLINE_CURVE ( ( 0.9989296255183136575, 0.9244185364022912132, 1.000000000000000000, 0.9238795325112867385, 1.000000000000000000, 0.9238795325112867385, 1.000000000000000000, 0.9238795325112867385, 1.000000000000000000, 0.9994609961089955252, 0.9989296255183136575 ) ) 
 REPRESENTATION_ITEM ( '' )  );
#1997 = CARTESIAN_POINT ( 'NONE',  ( -2.163570547729264160, 6.452868551957268828, -2.129020381344183477 ) ) ;
#1998 = ORIENTED_EDGE ( 'NONE', *, *, #2663, .T. ) ;
#1999 = CARTESIAN_POINT ( 'NONE',  ( -2.749959571463118646, -5.257653664090716106, 0.01491158336210037481 ) ) ;
#2000 = CARTESIAN_POINT ( 'NONE',  ( 3.024713627046462072, -7.120052769949305471, 1.282877197436620875 ) ) ;
#2001 = CARTESIAN_POINT ( 'NONE',  ( -3.025200645364629626, -4.359631448042731172, 1.281701431207765474 ) ) ;
#2002 = AXIS2_PLACEMENT_3D ( 'NONE', #3344, #3567, #4237 ) ;
#2003 = CARTESIAN_POINT ( 'NONE',  ( -2.750000000000003109, 5.340982065803922652, 1.129674997702170502 ) ) ;
#2004 = CARTESIAN_POINT ( 'NONE',  ( 1.933135058238607318, -2.347034372820478776, 1.955885693645930790 ) ) ;
#2005 = CARTESIAN_POINT ( 'NONE',  ( 2.285563663966785342, 3.572657891003982122, -0.9460227193715036176 ) ) ;
#2006 = VECTOR ( 'NONE', #1144, 1000.000000000000000 ) ;
#2007 = CARTESIAN_POINT ( 'NONE',  ( -1.955059142683993834, 2.617346335909284338, -1.933970979256855349 ) ) ;
#2008 = CARTESIAN_POINT ( 'NONE',  ( 0.01491158336210291965, -6.007653664090716106, 2.749959571463121311 ) ) ;
#2009 = CARTESIAN_POINT ( 'NONE',  ( -2.749999999999997780, -4.721150626953493301, 9.429889033906309885E-15 ) ) ;
#2010 = CARTESIAN_POINT ( 'NONE',  ( -0.02560642317086720549, 6.692447230050694529, 3.035320154807698234 ) ) ;
#2011 = CARTESIAN_POINT ( 'NONE',  ( -0.9471984856003545783, -8.802342108996018766, 2.285076645648612459 ) ) ;
#2012 = CARTESIAN_POINT ( 'NONE',  ( 2.285076645648613347, 4.447657891003983011, 0.9471984856003577979 ) ) ;
#2013 = CARTESIAN_POINT ( 'NONE',  ( -2.749999999999996891, -9.258472758984490625, 2.798203851936858590E-17 ) ) ;
#2014 = VERTEX_POINT ( 'NONE', #941 ) ;
#2015 = CARTESIAN_POINT ( 'NONE',  ( -3.024713627046457187, -4.620052769949303695, -1.282877197436619099 ) ) ;
#2016 = CARTESIAN_POINT ( 'NONE',  ( -2.285076645648610683, -2.052342108996017433, -0.9471984856003564657 ) ) ;
#2017 = CARTESIAN_POINT ( 'NONE',  ( 2.285320154807699122, 7.510157891003982122, 0.0005878831144263602961 ) ) ;
#2018 = CARTESIAN_POINT ( 'NONE',  ( 3.045439664250765954, 7.015368551957270604, 1.232840117323737994 ) ) ;
#2019 = ADVANCED_FACE ( 'NONE', ( #2236 ), #2480, .F. ) ;
#2020 = VERTEX_POINT ( 'NONE', #3478 ) ;
#2021 = CARTESIAN_POINT ( 'NONE',  ( 2.750000000000002220, -0.2215930308176176089, 0.008043633102135430007 ) ) ;
#2022 = CARTESIAN_POINT ( 'NONE',  ( -1.615549682510055929, -1.114842108996018322, -1.616381074783570293 ) ) ;
#2023 = CARTESIAN_POINT ( 'NONE',  ( -3.035320154807695570, -6.422131448042730284, 0.02443065694201473556 ) ) ;
#2024 = CARTESIAN_POINT ( 'NONE',  ( -2.743289438998255392, -8.784534372820479220, -1.155154934624597285 ) ) ;
#2025 = CARTESIAN_POINT ( 'NONE',  ( 2.743782991398083126, 7.304846335909284782, -1.153982133839830615 ) ) ;
#2026 = CARTESIAN_POINT ( 'NONE',  ( -0.01608712857281923911, -10.47203437282047922, 2.749952945832760953 ) ) ;
#2027 = EDGE_CURVE ( 'NONE', #4029, #2490, #3562, .T. ) ;
#2028 = CARTESIAN_POINT ( 'NONE',  ( 0.01608712857282462716, -3.972034372820478776, -2.749952945832760953 ) ) ;
#2029 = CARTESIAN_POINT ( 'NONE',  ( 1.028540994748873392E-15, 7.749999999999999112, 0.000000000000000000 ) ) ;
#2030 = FACE_OUTER_BOUND ( 'NONE', #128, .T. ) ;
#2031 = CARTESIAN_POINT ( 'NONE',  ( -1.616381074783567628, -7.864842108996016989, 1.615549682510057927 ) ) ;
#2032 = CARTESIAN_POINT ( 'NONE',  ( -0.9460227193715022853, 6.822657891003981234, -2.285563663966784009 ) ) ;
#2033 = CARTESIAN_POINT ( 'NONE',  ( 1.933135058238608428, -8.347034372820479220, 1.955885693645930790 ) ) ;
#2034 = VERTEX_POINT ( 'NONE', #3629 ) ;
#2035 = CARTESIAN_POINT ( 'NONE',  ( 1.282877197436620875, 2.129947230050695861, -3.024713627046460296 ) ) ;
#2036 = DIRECTION ( 'NONE',  ( 0.8660254037844387076, 0.000000000000000000, -0.4999999999999998335 ) ) ;
#2037 = CARTESIAN_POINT ( 'NONE',  ( 2.285320154807700899, -5.489842108996017878, 0.0005878831144263633318 ) ) ;
#2038 = DIRECTION ( 'NONE',  ( -1.000000000000000000, 0.000000000000000000, 0.000000000000000000 ) ) ;
#2039 = AXIS2_PLACEMENT_3D ( 'NONE', #2949, #3907, #2632 ) ;
#2040 = CARTESIAN_POINT ( 'NONE',  ( -2.129020381344182589, 3.702868551957269716, 2.163570547729265492 ) ) ;
#2041 = ORIENTED_EDGE ( 'NONE', *, *, #4208, .T. ) ;
#2042 = ORIENTED_EDGE ( 'NONE', *, *, #1298, .T. ) ;
#2043 = VECTOR ( 'NONE', #2191, 1000.000000000000000 ) ;
#2044 = CARTESIAN_POINT ( 'NONE',  ( 1.122980677478955469, -0.4095343728204792200, 2.756616452667262962 ) ) ;
#2045 = CARTESIAN_POINT ( 'NONE',  ( -0.0005878831144244668454, -2.739842108996017878, 2.285320154807698234 ) ) ;
#2046 = CARTESIAN_POINT ( 'NONE',  ( -3.045439664250762402, -7.484631448042731172, -1.232840117323736662 ) ) ;
#2047 = CARTESIAN_POINT ( 'NONE',  ( 0.7425918514331155684, -11.53294381314037942, -2.619801642247290285 ) ) ;
#2048 = LINE ( 'NONE', #3353, #4190 ) ;
#2049 = CARTESIAN_POINT ( 'NONE',  ( -1.615549682510056595, 4.885157891003983899, -1.616381074783570293 ) ) ;
#2050 = LINE ( 'NONE', #2393, #638 ) ;
#2051 = CARTESIAN_POINT ( 'NONE',  ( 2.750000000000002665, -5.758472758984493289, 9.486758998627150629E-15 ) ) ;
#2052 = CARTESIAN_POINT ( 'NONE',  ( -2.749952945832759177, 2.277965627179521668, -0.01608712857282233039 ) ) ;
#2053 = CARTESIAN_POINT ( 'NONE',  ( 2.182715203532432646, 7.500000000000000888, -1.083414322124348628 ) ) ;
#2054 = EDGE_CURVE ( 'NONE', #2337, #2886, #1217, .T. ) ;
#2055 = CARTESIAN_POINT ( 'NONE',  ( -0.9460227193715008420, -4.177342108996017878, -2.285563663966784009 ) ) ;
#2056 = CARTESIAN_POINT ( 'NONE',  ( -2.285563663966783565, 5.072657891003983899, 0.9460227193715031735 ) ) ;
#2057 = CARTESIAN_POINT ( 'NONE',  ( -2.749999999999999556, 12.50000000000000000, 0.000000000000000000 ) ) ;
#2058 = ORIENTED_EDGE ( 'NONE', *, *, #327, .T. ) ;
#2059 = CARTESIAN_POINT ( 'NONE',  ( -3.035320154807696458, 2.442447230050695861, -0.02560642317086817693 ) ) ;
#2060 = CARTESIAN_POINT ( 'NONE',  ( 2.101749490353315597, -11.72381326063064577, 1.409601136357096829 ) ) ;
#2061 = CARTESIAN_POINT ( 'NONE',  ( -0.9460227193715008420, -4.177342108996017878, -2.285563663966784009 ) ) ;
#2062 =( BOUNDED_CURVE ( )  B_SPLINE_CURVE ( 2, ( #3308, #1413, #2716, #3077, #1042, #2346, #1090, #2024, #3374, #374, #2759 ),
 .UNSPECIFIED., .F., .F. ) 
 B_SPLINE_CURVE_WITH_KNOTS ( ( 3, 2, 2, 2, 2, 3 ),
 ( 0.1429026121304225183, 0.1488095238095238082, 0.1547619047619047672, 0.1607142857142857262, 0.1666666666666666574, 0.1667121359399463265 ),
 .UNSPECIFIED. ) 
 CURVE ( )  GEOMETRIC_REPRESENTATION_ITEM ( )  RATIONAL_B_SPLINE_CURVE ( ( 0.9988459397136748574, 0.9244610044241413638, 1.000000000000000000, 0.9238795325112867385, 1.000000000000000000, 0.9238795325112867385, 1.000000000000000000, 0.9238795325112867385, 1.000000000000000000, 0.9994185280871453747, 0.9988459397136748574 ) ) 
 REPRESENTATION_ITEM ( '' )  );
#2063 = CARTESIAN_POINT ( 'NONE',  ( 1.281701431207768138, 4.890368551957269716, 3.025200645364631402 ) ) ;
#2064 = EDGE_LOOP ( 'NONE', ( #1275, #3658, #1998, #1339 ) ) ;
#2065 = ORIENTED_EDGE ( 'NONE', *, *, #4208, .F. ) ;
#2066 = CARTESIAN_POINT ( 'NONE',  ( -2.749959571463119534, -1.257653664090716106, 0.01491158336210037481 ) ) ;
#2067 = CARTESIAN_POINT ( 'NONE',  ( 0.9471984856003583531, -1.302342108996018544, -2.285076645648612459 ) ) ;
#2068 = CARTESIAN_POINT ( 'NONE',  ( -3.045439664250762402, -6.484631448042730284, -1.232840117323736662 ) ) ;
#2069 = AXIS2_PLACEMENT_3D ( 'NONE', #4109, #2568, #1243 ) ;
#2070 = CARTESIAN_POINT ( 'NONE',  ( -2.749999999999999556, 12.50000000000000000, 0.000000000000000000 ) ) ;
#2071 = DIRECTION ( 'NONE',  ( 0.4999999999999998335, 6.123233995736764803E-17, 0.8660254037844387076 ) ) ;
#2072 = CARTESIAN_POINT ( 'NONE',  ( 2.285320154807699566, 4.510157891003983011, 0.0005878831144263602961 ) ) ;
#2073 = AXIS2_PLACEMENT_3D ( 'NONE', #3769, #522, #854 ) ;
#2074 = LINE ( 'NONE', #802, #3637 ) ;
#2075 = LINE ( 'NONE', #3737, #288 ) ;
#2076 = LINE ( 'NONE', #3381, #884 ) ;
#2077 = CARTESIAN_POINT ( 'NONE',  ( 2.750000000000000444, 12.50000000000000000, 3.367778697655221012E-16 ) ) ;
#2078 = CARTESIAN_POINT ( 'NONE',  ( -2.285076645648610238, -6.052342108996017878, -0.9471984856003564657 ) ) ;
#2079 = CARTESIAN_POINT ( 'NONE',  ( 2.285320154807699566, 5.510157891003983899, 0.0005878831144263633318 ) ) ;
#2080 = DIRECTION ( 'NONE',  ( -1.000000000000000000, -2.168404344971010347E-16, 0.000000000000000000 ) ) ;
#2081 = VECTOR ( 'NONE', #309, 1000.000000000000000 ) ;
#2082 = VERTEX_POINT ( 'NONE', #3219 ) ;
#2083 = CARTESIAN_POINT ( 'NONE',  ( -2.164401940002775415, -0.4325527699493049161, 2.128188989070671777 ) ) ;
#2084 = DIRECTION ( 'NONE',  ( -1.000000000000000000, 0.000000000000000000, 0.000000000000000000 ) ) ;
#2085 = CARTESIAN_POINT ( 'NONE',  ( -0.0005878831144244698811, -2.739842108996017878, 2.285320154807698234 ) ) ;
#2086 = EDGE_CURVE ( 'NONE', #4242, #1717, #1622, .T. ) ;
#2087 = CARTESIAN_POINT ( 'NONE',  ( -0.9460227193715003979, -10.17734210899601877, -2.285563663966784009 ) ) ;
#2088 = ORIENTED_EDGE ( 'NONE', *, *, #1842, .F. ) ;
#2089 =( BOUNDED_CURVE ( )  B_SPLINE_CURVE ( 2, ( #2138, #3796, #1240, #1202, #880, #863, #2216, #2541, #1539, #3516, #1874 ),
 .UNSPECIFIED., .F., .T. ) 
 B_SPLINE_CURVE_WITH_KNOTS ( ( 3, 2, 2, 2, 2, 3 ),
 ( 0.7857564341219337445, 0.7916666666666666297, 0.7976190476190475609, 0.8035714285714286031, 0.8095238095238095344, 0.8095659579314575804 ),
 .UNSPECIFIED. ) 
 CURVE ( )  GEOMETRIC_REPRESENTATION_ITEM ( )  RATIONAL_B_SPLINE_CURVE ( ( 0.9989296255183136575, 0.9244185364022912132, 1.000000000000000000, 0.9238795325112867385, 1.000000000000000000, 0.9238795325112867385, 1.000000000000000000, 0.9238795325112867385, 1.000000000000000000, 0.9994609961089955252, 0.9989296255183136575 ) ) 
 REPRESENTATION_ITEM ( '' )  );
#2090 = CARTESIAN_POINT ( 'NONE',  ( 1.153982133839832835, -0.9451536640907156617, 2.743782991398082238 ) ) ;
#2091 = CARTESIAN_POINT ( 'NONE',  ( -1.615549682510055707, -4.114842108996017878, -1.616381074783570293 ) ) ;
#2092 = CARTESIAN_POINT ( 'NONE',  ( 2.163570547729267268, -1.047131448042731172, 2.129020381344183921 ) ) ;
#2093 = CARTESIAN_POINT ( 'NONE',  ( -2.749999999999999112, 5.278849373046508475, -1.022193187182612512E-14 ) ) ;
#2094 = CARTESIAN_POINT ( 'NONE',  ( -1.124158967115629126, 6.929846335909284782, 2.756136151528160383 ) ) ;
#2095 = CARTESIAN_POINT ( 'NONE',  ( -1.615549682510056817, 6.885157891003982122, -1.616381074783570293 ) ) ;
#2096 = CARTESIAN_POINT ( 'NONE',  ( 2.750000000000002665, -1.758472758984492623, 9.486758998627150629E-15 ) ) ;
#2097 = CARTESIAN_POINT ( 'NONE',  ( 2.749959571463123975, -0.7576536640907155506, -0.01491158336210071135 ) ) ;
#2098 = LINE ( 'NONE', #2744, #4091 ) ;
#2099 = CARTESIAN_POINT ( 'NONE',  ( 4.468337651538803533E-16, 12.50000000000000000, 0.000000000000000000 ) ) ;
#2100 = CARTESIAN_POINT ( 'NONE',  ( 1.615549682510060370, -6.614842108996017878, 1.616381074783570515 ) ) ;
#2101 = CARTESIAN_POINT ( 'NONE',  ( -3.045926682568933952, -9.495052769949303695, 1.231664351094882814 ) ) ;
#2102 = ADVANCED_FACE ( 'NONE', ( #313 ), #2905, .F. ) ;
#2103 = CARTESIAN_POINT ( 'NONE',  ( 2.743782991398085791, -9.695153664090717882, -1.153982133839830615 ) ) ;
#2104 = ORIENTED_EDGE ( 'NONE', *, *, #1952, .T. ) ;
#2105 = CARTESIAN_POINT ( 'NONE',  ( -1.231664351094881260, 0.2549472300506956945, -3.045926682568936616 ) ) ;
#2106 = CARTESIAN_POINT ( 'NONE',  ( -2.237522407266946178, -11.95795105194443231, 0.5198993306628363342 ) ) ;
#2107 = CARTESIAN_POINT ( 'NONE',  ( -1.616381074783568517, -0.8648421089960180996, 1.615549682510057927 ) ) ;
#2108 = CARTESIAN_POINT ( 'NONE',  ( 0.9471984856003596853, -11.30234210899602232, -2.285076645648612459 ) ) ;
#2109 = ORIENTED_EDGE ( 'NONE', *, *, #3283, .T. ) ;
#2110 = EDGE_CURVE ( 'NONE', #2580, #3413, #192, .T. ) ;
#2111 = CARTESIAN_POINT ( 'NONE',  ( -6.780902028605369976E-17, 10.50000000000000000, 2.309401076758504257 ) ) ;
#2112 = VECTOR ( 'NONE', #1436, 1000.000000000000000 ) ;
#2113 = CARTESIAN_POINT ( 'NONE',  ( 2.285320154807700455, -1.489842108996018766, 0.0005878831144263602961 ) ) ;
#2114 =( BOUNDED_CURVE ( )  B_SPLINE_CURVE ( 2, ( #587, #3192, #3948, #2964, #3535, #2945, #3927, #3901, #659, #281, #3261 ),
 .UNSPECIFIED., .F., .F. ) 
 B_SPLINE_CURVE_WITH_KNOTS ( ( 3, 2, 2, 2, 2, 3 ),
 ( 0.1190930883208987240, 0.1250000000000000000, 0.1309523809523809590, 0.1369047619047619180, 0.1428571428571428492, 0.1429026121304225183 ),
 .UNSPECIFIED. ) 
 CURVE ( )  GEOMETRIC_REPRESENTATION_ITEM ( )  RATIONAL_B_SPLINE_CURVE ( ( 0.9988459397136745244, 0.9244610044241415858, 1.000000000000000000, 0.9238795325112867385, 1.000000000000000000, 0.9238795325112867385, 1.000000000000000000, 0.9238795325112867385, 1.000000000000000000, 0.9994185280871453747, 0.9988459397136748574 ) ) 
 REPRESENTATION_ITEM ( '' )  );
#2115 = CARTESIAN_POINT ( 'NONE',  ( 1.955059142683997830, -9.882653664090717882, 1.933970979256855793 ) ) ;
#2116 = CARTESIAN_POINT ( 'NONE',  ( -2.750000000000002665, -1.659017934196078681, 1.129674997702170502 ) ) ;
#2117 = CARTESIAN_POINT ( 'NONE',  ( -0.0005878831144253241240, 4.260157891003983011, 2.285320154807698234 ) ) ;
#2118 = APPLICATION_CONTEXT ( 'configuration controlled 3d designs of mechanical parts and assemblies' ) ;
#2119 = CARTESIAN_POINT ( 'NONE',  ( -2.749999999999998668, 2.278849373046507143, -1.022193187182612512E-14 ) ) ;
#2120 = CARTESIAN_POINT ( 'NONE',  ( 1.040752327156769796, 7.499999999999999112, -2.414431547122283028 ) ) ;
#2121 = CARTESIAN_POINT ( 'NONE',  ( 2.743289438998260277, -4.284534372820480108, 1.155154934624598617 ) ) ;
#2122 = CARTESIAN_POINT ( 'NONE',  ( -1.616381074783567851, -5.864842108996017878, 1.615549682510057927 ) ) ;
#2123 = CARTESIAN_POINT ( 'NONE',  ( 1.282877197436622652, -11.87005276994930547, -3.024713627046460296 ) ) ;
#2124 = CARTESIAN_POINT ( 'NONE',  ( -0.01491158336209764436, -7.507653664090716106, -2.749959571463121311 ) ) ;
#2125 = VERTEX_POINT ( 'NONE', #2307 ) ;
#2126 = CARTESIAN_POINT ( 'NONE',  ( 3.024713627046460740, 0.8799472300506961941, 1.282877197436620875 ) ) ;
#2127 = CARTESIAN_POINT ( 'NONE',  ( 2.750000000000002665, -5.758472758984493289, 9.486758998627150629E-15 ) ) ;
#2128 = CARTESIAN_POINT ( 'NONE',  ( 0.0005878831144299767608, -12.23984210899601699, -2.285320154807698234 ) ) ;
#2129 = ORIENTED_EDGE ( 'NONE', *, *, #193, .F. ) ;
#2130 = CARTESIAN_POINT ( 'NONE',  ( 0.9460227193715075034, -11.67734210899601877, 2.285563663966783565 ) ) ;
#2131 = CARTESIAN_POINT ( 'NONE',  ( 0.9460227193715060601, 0.3226578910039828996, 2.285563663966783565 ) ) ;
#2132 = CARTESIAN_POINT ( 'NONE',  ( 1.232840117323738660, -3.734631448042731616, -3.045439664250765954 ) ) ;
#2133 = ADVANCED_FACE ( 'NONE', ( #3309 ), #4210, .T. ) ;
#2134 = FACE_OUTER_BOUND ( 'NONE', #1250, .T. ) ;
#2135 = CARTESIAN_POINT ( 'NONE',  ( -2.749999999999998668, 4.741527241015510263, -9.520676621074870057E-15 ) ) ;
#2136 = DIRECTION ( 'NONE',  ( -1.224646799147353454E-16, 1.000000000000000000, -0.000000000000000000 ) ) ;
#2137 = ADVANCED_FACE ( 'NONE', ( #1684 ), #3607, .T. ) ;
#2138 = CARTESIAN_POINT ( 'NONE',  ( 2.750000000000002665, -8.758472758984492401, -3.400241650383879346E-16 ) ) ;
#2139 = DIRECTION ( 'NONE',  ( -1.224646799147353454E-16, 1.000000000000000000, -0.000000000000000000 ) ) ;
#2140 = CARTESIAN_POINT ( 'NONE',  ( -0.9460227193715010641, -2.177342108996017433, -2.285563663966784009 ) ) ;
#2141 = CARTESIAN_POINT ( 'NONE',  ( 2.128188989070674442, -9.182552769949305471, 2.164401940002777636 ) ) ;
#2142 = CARTESIAN_POINT ( 'NONE',  ( 2.749959571463124863, -7.757653664090715218, -0.01491158336210071135 ) ) ;
#2144 = VERTEX_POINT ( 'NONE', #687 ) ;
#2143 = AXIS2_PLACEMENT_3D ( 'NONE', #143, #1096, #1417 ) ;
#2145 = CARTESIAN_POINT ( 'NONE',  ( -3.035320154807696902, 6.442447230050694529, -0.02560642317086817693 ) ) ;
#2146 = CARTESIAN_POINT ( 'NONE',  ( -1.901623140359629760, -11.91757023399580184, 1.359045262372959639 ) ) ;
#2147 = AXIS2_PLACEMENT_3D ( 'NONE', #1794, #2139, #1437 ) ;
#2148 = CARTESIAN_POINT ( 'NONE',  ( 1.615549682510060592, -9.614842108996018766, 1.616381074783570515 ) ) ;
#2149 = ORIENTED_EDGE ( 'NONE', *, *, #1216, .F. ) ;
#2150 = LINE ( 'NONE', #196, #4126 ) ;
#2151 = CARTESIAN_POINT ( 'NONE',  ( -0.01608712857282058525, 0.5279656271795216682, 2.749952945832760953 ) ) ;
#2152 = CARTESIAN_POINT ( 'NONE',  ( 1.616381074783571847, 2.635157891003981678, -1.615549682510057927 ) ) ;
#2153 = CARTESIAN_POINT ( 'NONE',  ( -0.02443065694201274063, -1.672131448042731616, -3.035320154807698234 ) ) ;
#2154 = ADVANCED_FACE ( 'NONE', ( #963 ), #640, .T. ) ;
#2155 = CARTESIAN_POINT ( 'NONE',  ( 1.124158967115632013, -8.570153664090714329, -2.756136151528160827 ) ) ;
#2156 = PLANE ( 'NONE',  #290 ) ;
#2157 = DIRECTION ( 'NONE',  ( -1.224646799147360603E-16, 1.000000000000000000, -0.000000000000000000 ) ) ;
#2158 = CARTESIAN_POINT ( 'NONE',  ( -2.749999999999999556, 12.50000000000000000, 0.000000000000000000 ) ) ;
#2159 = CARTESIAN_POINT ( 'NONE',  ( -2.285320154807696014, -0.9898421089960183217, -0.0005878831144266401286 ) ) ;
#2160 = EDGE_CURVE ( 'NONE', #2938, #4139, #3828, .T. ) ;
#2161 = CARTESIAN_POINT ( 'NONE',  ( -2.164401940002774083, -11.43255276994930369, 2.128188989070671777 ) ) ;
#2162 = CARTESIAN_POINT ( 'NONE',  ( -0.01491158336209899050, 3.492346335909285227, -2.749959571463121311 ) ) ;
#2163 = EDGE_LOOP ( 'NONE', ( #809, #2324, #3991, #1190 ) ) ;
#2164 = CARTESIAN_POINT ( 'NONE',  ( 0.02560642317086945369, 4.192447230050695417, -3.035320154807698234 ) ) ;
#2165 = CARTESIAN_POINT ( 'NONE',  ( 0.01491158336210267332, -4.007653664090715218, 2.749959571463121311 ) ) ;
#2166 = CARTESIAN_POINT ( 'NONE',  ( -2.285563663966780901, -10.92734210899602054, 0.9460227193715031735 ) ) ;
#2167 = VERTEX_POINT ( 'NONE', #139 ) ;
#2168 = CARTESIAN_POINT ( 'NONE',  ( 2.750000000000002665, -2.758472758984491513, 9.486758998627150629E-15 ) ) ;
#2169 = CARTESIAN_POINT ( 'NONE',  ( -2.750000000000002665, 0.3409820658039214303, 1.129674997702170502 ) ) ;
#2170 = CARTESIAN_POINT ( 'NONE',  ( -2.285076645648611127, -0.05234210899601743350, -0.9471984856003564657 ) ) ;
#2171 = CARTESIAN_POINT ( 'NONE',  ( -1.232840117323735551, -3.234631448042731616, 3.045439664250764178 ) ) ;
#2172 = APPROVAL_ROLE ( '' ) ;
#2173 = CARTESIAN_POINT ( 'NONE',  ( -2.749952945832757845, -7.722034372820478332, -0.01608712857282233039 ) ) ;
#2174 = CARTESIAN_POINT ( 'NONE',  ( -1.955059142683994278, 4.617346335909285671, -1.933970979256855349 ) ) ;
#2175 = FACE_OUTER_BOUND ( 'NONE', #1701, .T. ) ;
#2176 = DIRECTION ( 'NONE',  ( -1.224646799147353454E-16, 1.000000000000000000, -0.000000000000000000 ) ) ;
#2177 = DIRECTION ( 'NONE',  ( 0.8660254037844384856, 0.000000000000000000, 0.5000000000000002220 ) ) ;
#2178 = CARTESIAN_POINT ( 'NONE',  ( 0.9471984856003584641, -1.302342108996018544, -2.285076645648612459 ) ) ;
#2179 = CARTESIAN_POINT ( 'NONE',  ( -1.231664351094879928, -9.745052769949303695, -3.045926682568936616 ) ) ;
#2180 = CARTESIAN_POINT ( 'NONE',  ( 2.750000000000002665, -7.758472758984490625, -3.400241650383879346E-16 ) ) ;
#2181 = VERTEX_POINT ( 'NONE', #1728 ) ;
#2182 = CARTESIAN_POINT ( 'NONE',  ( -3.035320154807696902, 4.442447230050696305, -0.02560642317086817693 ) ) ;
#2183 = CARTESIAN_POINT ( 'NONE',  ( -1.749999999999990674, -12.50000000000000000, 0.000000000000000000 ) ) ;
#2184 = CARTESIAN_POINT ( 'NONE',  ( -2.285320154807695570, -4.989842108996018766, -0.0005878831144266401286 ) ) ;
#2185 = ORIENTED_EDGE ( 'NONE', *, *, #2500, .T. ) ;
#2186 = CARTESIAN_POINT ( 'NONE',  ( 2.750000000000003109, -10.75847275898449062, -3.739417874861075103E-16 ) ) ;
#2187 = CARTESIAN_POINT ( 'NONE',  ( 2.750000000000001776, 3.778849373046506699, 1.017953129163769706E-14 ) ) ;
#2188 = CARTESIAN_POINT ( 'NONE',  ( 2.285076645648613791, 1.447657891003982122, 0.9471984856003577979 ) ) ;
#2189 = CARTESIAN_POINT ( 'NONE',  ( 2.163570547729266824, 0.9528685519572689389, 2.129020381344183921 ) ) ;
#2190 = APPROVAL_STATUS ( 'not_yet_approved' ) ;
#2191 = DIRECTION ( 'NONE',  ( -1.224646799147353454E-16, 1.000000000000000000, -0.000000000000000000 ) ) ;
#2192 = CARTESIAN_POINT ( 'NONE',  ( -0.5071745914239055297, 7.499999999999995559, 2.702827026247515807 ) ) ;
#2193 =( BOUNDED_CURVE ( )  B_SPLINE_CURVE ( 2, ( #737, #4023, #1072, #1049, #3082, #4045, #1454, #2396, #2765, #1753, #4065 ),
 .UNSPECIFIED., .F., .F. ) 
 B_SPLINE_CURVE_WITH_KNOTS ( ( 3, 2, 2, 2, 2, 3 ),
 ( 0.2143278626933623476, 0.2202380952380952328, 0.2261904761904761640, 0.2321428571428570953, 0.2380952380952380265, 0.2381373865028860726 ),
 .UNSPECIFIED. ) 
 CURVE ( )  GEOMETRIC_REPRESENTATION_ITEM ( )  RATIONAL_B_SPLINE_CURVE ( ( 0.9989296255183136575, 0.9244185364022912132, 1.000000000000000000, 0.9238795325112867385, 1.000000000000000000, 0.9238795325112867385, 1.000000000000000000, 0.9238795325112867385, 1.000000000000000000, 0.9994609961089955252, 0.9989296255183136575 ) ) 
 REPRESENTATION_ITEM ( '' )  );
#2194 = CARTESIAN_POINT ( 'NONE',  ( 2.750000000000002220, 0.7788493730465073650, 9.882727230318703812E-15 ) ) ;
#2195 = CARTESIAN_POINT ( 'NONE',  ( 2.749959571463123975, -3.757653664090714773, -0.01491158336210071135 ) ) ;
#2196 = DIRECTION ( 'NONE',  ( -1.000000000000000000, 0.000000000000000000, 0.000000000000000000 ) ) ;
#2197 = CARTESIAN_POINT ( 'NONE',  ( -2.285563663966782677, -1.927342108996017433, 0.9460227193715032845 ) ) ;
#2198 = CARTESIAN_POINT ( 'NONE',  ( 1.124158967115631791, -7.570153664090716994, -2.756136151528160827 ) ) ;
#2199 = VERTEX_POINT ( 'NONE', #3651 ) ;
#2200 = CARTESIAN_POINT ( 'NONE',  ( 3.045926682568937505, 4.004947230050695417, -1.231664351094883481 ) ) ;
#2201 = CARTESIAN_POINT ( 'NONE',  ( -1.933135058238603765, 0.1529656271795213074, -1.955885693645930345 ) ) ;
#2202 = CARTESIAN_POINT ( 'NONE',  ( 1.616381074783572069, 1.635157891003982344, -1.615549682510057927 ) ) ;
#2203 = CARTESIAN_POINT ( 'NONE',  ( -0.9460227193715003979, -8.177342108996018766, -2.285563663966784009 ) ) ;
#2204 = ORIENTED_EDGE ( 'NONE', *, *, #3150, .T. ) ;
#2205 = FACE_OUTER_BOUND ( 'NONE', #1782, .T. ) ;
#2206 = VECTOR ( 'NONE', #2745, 1000.000000000000000 ) ;
#2207 = CARTESIAN_POINT ( 'NONE',  ( 2.285320154807701787, -11.48984210899601699, 0.0005878831144263633318 ) ) ;
#2208 = CARTESIAN_POINT ( 'NONE',  ( 0.9460227193715059490, 1.322657891003981900, 2.285563663966783565 ) ) ;
#2209 = ADVANCED_FACE ( 'NONE', ( #3078 ), #95, .F. ) ;
#2210 = CARTESIAN_POINT ( 'NONE',  ( -2.163570547729263716, 1.452868551957269272, -2.129020381344183477 ) ) ;
#2211 = CARTESIAN_POINT ( 'NONE',  ( 2.750000000000006217, -1.159017934196079791, -1.129674997702171391 ) ) ;
#2212 = CARTESIAN_POINT ( 'NONE',  ( -2.743289438998255836, -1.784534372820478776, -1.155154934624597285 ) ) ;
#2213 = CARTESIAN_POINT ( 'NONE',  ( 1.736316646633435656, 7.499999999999997335, 1.818775934586507770 ) ) ;
#2214 = CARTESIAN_POINT ( 'NONE',  ( 1.933970979256856904, 5.367346335909283006, -1.955059142683995166 ) ) ;
#2215 = CARTESIAN_POINT ( 'NONE',  ( 0.02443065694201789623, -11.17213144804273206, 3.035320154807698234 ) ) ;
#2216 = CARTESIAN_POINT ( 'NONE',  ( -1.933970979256853129, -9.132653664090716106, 1.955059142683995166 ) ) ;
#2217 = CARTESIAN_POINT ( 'NONE',  ( 1.933970979256858458, -6.632653664090715218, -1.955059142683995166 ) ) ;
#2218 = CARTESIAN_POINT ( 'NONE',  ( 2.285320154807700455, -1.489842108996018766, 0.0005878831144263602961 ) ) ;
#2219 =( BOUNDED_CURVE ( )  B_SPLINE_CURVE ( 2, ( #2093, #2003, #138, #3670, #4145, #527, #1492, #3774, #3473, #3438, #1218 ),
 .UNSPECIFIED., .F., .F. ) 
 B_SPLINE_CURVE_WITH_KNOTS ( ( 3, 2, 2, 2, 2, 3 ),
 ( 0.8333788026066130117, 0.8392857142857143016, 0.8452380952380952328, 0.8511904761904761640, 0.8571428571428570953, 0.8571883264161367366 ),
 .UNSPECIFIED. ) 
 CURVE ( )  GEOMETRIC_REPRESENTATION_ITEM ( )  RATIONAL_B_SPLINE_CURVE ( ( 0.9988459397136756346, 0.9244610044241410307, 1.000000000000000000, 0.9238795325112867385, 1.000000000000000000, 0.9238795325112867385, 1.000000000000000000, 0.9238795325112867385, 1.000000000000000000, 0.9994185280871457078, 0.9988459397136755236 ) ) 
 REPRESENTATION_ITEM ( '' )  );
#2220 = CARTESIAN_POINT ( 'NONE',  ( 2.000000000000001332, 10.50000000000000000, -1.154700538379252128 ) ) ;
#2221 = ORIENTED_EDGE ( 'NONE', *, *, #1397, .F. ) ;
#2222 = CARTESIAN_POINT ( 'NONE',  ( 3.035320154807699566, 3.942447230050695417, 0.02560642317086780570 ) ) ;
#2223 = CARTESIAN_POINT ( 'NONE',  ( -1.616381074783568517, 0.1351578910039827330, 1.615549682510057927 ) ) ;
#2224 = CARTESIAN_POINT ( 'NONE',  ( 1.616381074783572958, -5.364842108996017878, -1.615549682510057927 ) ) ;
#2225 = VERTEX_POINT ( 'NONE', #1139 ) ;
#2226 = CARTESIAN_POINT ( 'NONE',  ( 4.468337651538803533E-16, 12.50000000000000000, 0.000000000000000000 ) ) ;
#2227 = CARTESIAN_POINT ( 'NONE',  ( 2.285320154807700899, -6.489842108996017878, 0.0005878831144263633318 ) ) ;
#2228 = CARTESIAN_POINT ( 'NONE',  ( -1.616381074783569183, 5.135157891003983899, 1.615549682510057927 ) ) ;
#2229 = CARTESIAN_POINT ( 'NONE',  ( 3.045439664250766398, 0.01536855195726979928, 1.232840117323737994 ) ) ;
#2230 = PERSON_AND_ORGANIZATION_ROLE ( 'creator' ) ;
#2231 = EDGE_CURVE ( 'NONE', #625, #2938, #333, .T. ) ;
#2232 = CARTESIAN_POINT ( 'NONE',  ( 2.750000000000002665, -8.221150626953493301, 1.322898101878941796E-16 ) ) ;
#2233 = CARTESIAN_POINT ( 'NONE',  ( 2.749999999999998224, -4.820632406416704541, 1.130362027696530713 ) ) ;
#2234 = CARTESIAN_POINT ( 'NONE',  ( -3.025200645364629182, -9.359631448042730284, 1.281701431207765474 ) ) ;
#2235 = CYLINDRICAL_SURFACE ( 'NONE', #2039, 4.250000000000000888 ) ;
#2236 = FACE_OUTER_BOUND ( 'NONE', #3566, .T. ) ;
#2237 = CARTESIAN_POINT ( 'NONE',  ( -1.615549682510056151, 1.885157891003982567, -1.616381074783570293 ) ) ;
#2238 = CIRCLE ( 'NONE', #4020, 2.750000000000000000 ) ;
#2239 = DIRECTION ( 'NONE',  ( -1.224646799147353454E-16, 1.000000000000000000, -0.000000000000000000 ) ) ;
#2240 = VERTEX_POINT ( 'NONE', #398 ) ;
#2241 = CARTESIAN_POINT ( 'NONE',  ( -2.749999999999999556, 12.50000000000000000, 0.000000000000000000 ) ) ;
#2242 = LINE ( 'NONE', #3546, #119 ) ;
#2243 =( BOUNDED_CURVE ( )  B_SPLINE_CURVE ( 2, ( #1409, #3030, #3393, #3073, #2712, #4014, #417, #749, #1087, #3731, #3689 ),
 .UNSPECIFIED., .F., .F. ) 
 B_SPLINE_CURVE_WITH_KNOTS ( ( 3, 2, 2, 2, 2, 3 ),
 ( 0.8809945293600289773, 0.8869047619047618625, 0.8928571428571427937, 0.8988095238095237249, 0.9047619047619047672, 0.9048040531695527022 ),
 .UNSPECIFIED. ) 
 CURVE ( )  GEOMETRIC_REPRESENTATION_ITEM ( )  RATIONAL_B_SPLINE_CURVE ( ( 0.9989296255183136575, 0.9244185364022912132, 1.000000000000000000, 0.9238795325112867385, 1.000000000000000000, 0.9238795325112867385, 1.000000000000000000, 0.9238795325112867385, 1.000000000000000000, 0.9994609961089969685, 0.9989296255183164330 ) ) 
 REPRESENTATION_ITEM ( '' )  );
#2244 = CARTESIAN_POINT ( 'NONE',  ( -2.743289438998256724, 3.215465627179520336, -1.155154934624597285 ) ) ;
#2245 = CARTESIAN_POINT ( 'NONE',  ( 0.9460227193715058380, 2.322657891003983011, 2.285563663966783565 ) ) ;
#2246 = ORIENTED_EDGE ( 'NONE', *, *, #3856, .T. ) ;
#2247 = CARTESIAN_POINT ( 'NONE',  ( 1.616381074783572958, -7.364842108996017878, -1.615549682510057927 ) ) ;
#2248 = ORIENTED_EDGE ( 'NONE', *, *, #2282, .F. ) ;
#2249 = CARTESIAN_POINT ( 'NONE',  ( -2.749999999999999556, 7.278849373046506699, -1.022193187182612512E-14 ) ) ;
#2250 = CARTESIAN_POINT ( 'NONE',  ( 2.285320154807701343, -8.489842108996018766, 0.0005878831144263633318 ) ) ;
#2251 = CARTESIAN_POINT ( 'NONE',  ( -0.9471984856003561326, 4.197657891003983011, 2.285076645648612459 ) ) ;
#2252 = CARTESIAN_POINT ( 'NONE',  ( 1.281701431207768582, 1.890368551957269716, 3.025200645364631402 ) ) ;
#2253 = PERSON_AND_ORGANIZATION_ROLE ( 'classification_officer' ) ;
#2254 = CARTESIAN_POINT ( 'NONE',  ( 2.749999999999998668, -2.159017934196078681, -1.129674997702179606 ) ) ;
#2255 = DIRECTION ( 'NONE',  ( 3.755786496842895113E-16, 0.000000000000000000, -1.000000000000000000 ) ) ;
#2256 = CARTESIAN_POINT ( 'NONE',  ( -2.164401940002774971, -5.432552769949305471, 2.128188989070671777 ) ) ;
#2257 = EDGE_CURVE ( 'NONE', #3228, #4176, #2437, .T. ) ;
#2258 = CARTESIAN_POINT ( 'NONE',  ( 3.035320154807701787, -11.92213144804273028, -0.02443065694201510679 ) ) ;
#2259 = LINE ( 'NONE', #3033, #3776 ) ;
#2260 = CYLINDRICAL_SURFACE ( 'NONE', #3534, 2.750000000000000000 ) ;
#2261 = CARTESIAN_POINT ( 'NONE',  ( 4.468337651538803533E-16, 12.50000000000000000, 0.000000000000000000 ) ) ;
#2262 = CARTESIAN_POINT ( 'NONE',  ( 0.9471984856003580200, 2.697657891003981678, -2.285076645648612459 ) ) ;
#2263 = ADVANCED_FACE ( 'NONE', ( #3671 ), #1450, .T. ) ;
#2264 = CARTESIAN_POINT ( 'NONE',  ( 4.468337651538803533E-16, 12.50000000000000000, 0.000000000000000000 ) ) ;
#2265 = EDGE_LOOP ( 'NONE', ( #1185, #2042, #362, #3295 ) ) ;
#2266 = CARTESIAN_POINT ( 'NONE',  ( 2.750000000000001776, 1.778849373046506255, 1.017953129163769706E-14 ) ) ;
#2267 = CARTESIAN_POINT ( 'NONE',  ( 2.750000000000002220, 4.778849373046508475, 9.882727230318703812E-15 ) ) ;
#2268 = CARTESIAN_POINT ( 'NONE',  ( -2.285320154807695125, -8.989842108996018766, -0.0005878831144266401286 ) ) ;
#2269 = VERTEX_POINT ( 'NONE', #1708 ) ;
#2270 = CARTESIAN_POINT ( 'NONE',  ( 0.9460227193715070593, -7.677342108996018766, 2.285563663966783565 ) ) ;
#2271 = EDGE_LOOP ( 'NONE', ( #1352, #2364, #2868, #4219, #1971, #1743 ) ) ;
#2272 = CARTESIAN_POINT ( 'NONE',  ( -3.024713627046457631, -2.620052769949305027, -1.282877197436619099 ) ) ;
#2273 = DIRECTION ( 'NONE',  ( 1.000000000000000000, 0.000000000000000000, 0.000000000000000000 ) ) ;
#2274 = CARTESIAN_POINT ( 'NONE',  ( 0.9460227193715072813, -8.677342108996018766, 2.285563663966783565 ) ) ;
#2275 = AXIS2_PLACEMENT_3D ( 'NONE', #1776, #3680, #2748 ) ;
#2276 = CARTESIAN_POINT ( 'NONE',  ( -1.615549682510056595, 4.885157891003983899, -1.616381074783570293 ) ) ;
#2277 = CARTESIAN_POINT ( 'NONE',  ( -0.02443065694201322635, 2.327868551957268384, -3.035320154807698234 ) ) ;
#2278 = AXIS2_PLACEMENT_3D ( 'NONE', #301, #3922, #2273 ) ;
#2279 = CARTESIAN_POINT ( 'NONE',  ( 2.750000000000002220, 0.7788493730465073650, 9.882727230318703812E-15 ) ) ;
#2280 = CARTESIAN_POINT ( 'NONE',  ( 2.750000000000001776, 5.778849373046509363, 1.017953129163769706E-14 ) ) ;
#2281 = CARTESIAN_POINT ( 'NONE',  ( 3.035320154807700899, -5.057552769949304583, 0.02560642317086780570 ) ) ;
#2282 = EDGE_CURVE ( 'NONE', #3749, #438, #3695, .T. ) ;
#2283 = AXIS2_PLACEMENT_3D ( 'NONE', #3097, #2071, #2414 ) ;
#2284 = CARTESIAN_POINT ( 'NONE',  ( -1.281701431207762587, -11.60963144804273028, -3.025200645364631846 ) ) ;
#2285 = CARTESIAN_POINT ( 'NONE',  ( 2.750000000000003109, -7.221593030817617276, 0.008043633102130553700 ) ) ;
#2286 = CARTESIAN_POINT ( 'NONE',  ( 2.000000000000000444, 10.50000000000000000, 1.154700538379252572 ) ) ;
#2287 = CARTESIAN_POINT ( 'NONE',  ( 2.285320154807699566, 3.510157891003982122, 0.0005878831144263602961 ) ) ;
#2288 = DIRECTION ( 'NONE',  ( -1.000000000000000000, 0.000000000000000000, 0.000000000000000000 ) ) ;
#2289 = CARTESIAN_POINT ( 'NONE',  ( -0.2637529837961141710, -11.48562365685538644, 2.748504109240079263 ) ) ;
#2290 = CARTESIAN_POINT ( 'NONE',  ( -3.024713627046458519, 7.379947230050695417, -1.282877197436619099 ) ) ;
#2291 = ADVANCED_FACE ( 'NONE', ( #3997 ), #819, .T. ) ;
#2292 = CARTESIAN_POINT ( 'NONE',  ( 2.285076645648615123, -11.55234210899601699, 0.9471984856003577979 ) ) ;
#2293 = CARTESIAN_POINT ( 'NONE',  ( 2.285320154807700010, 0.5101578910039830106, 0.0005878831144263633318 ) ) ;
#2294 = ORIENTED_EDGE ( 'NONE', *, *, #2054, .F. ) ;
#2295 = VERTEX_POINT ( 'NONE', #2717 ) ;
#2296 = CARTESIAN_POINT ( 'NONE',  ( -0.02560642317086597730, -3.307552769949304139, 3.035320154807698234 ) ) ;
#2297 = CARTESIAN_POINT ( 'NONE',  ( 1.933970979256858236, -4.632653664090716106, -1.955059142683995166 ) ) ;
#2298 = CARTESIAN_POINT ( 'NONE',  ( -2.285076645648610238, -7.052342108996017878, -0.9471984856003564657 ) ) ;
#2299 = CARTESIAN_POINT ( 'NONE',  ( -1.615549682510056817, 6.885157891003982122, -1.616381074783570293 ) ) ;
#2300 = CARTESIAN_POINT ( 'NONE',  ( 2.129020381344184365, 7.202868551957268828, -2.163570547729265492 ) ) ;
#2301 = ORIENTED_EDGE ( 'NONE', *, *, #536, .T. ) ;
#2302 = CARTESIAN_POINT ( 'NONE',  ( -1.122980677478949696, -9.909534372820480996, -2.756616452667264294 ) ) ;
#2303 = CARTESIAN_POINT ( 'NONE',  ( 2.586195758820854618, -11.66380424117913961, 3.392057949005159829E-12 ) ) ;
#2304 = CARTESIAN_POINT ( 'NONE',  ( -2.128188989070669113, -6.682552769949304583, -2.164401940002777192 ) ) ;
#2305 = CARTESIAN_POINT ( 'NONE',  ( -1.281701431207762809, -9.609631448042732060, -3.025200645364631846 ) ) ;
#2306 = CARTESIAN_POINT ( 'NONE',  ( -2.749999999999999556, 3.741527241015509375, -9.797953184584977129E-15 ) ) ;
#2307 = CARTESIAN_POINT ( 'NONE',  ( 2.750000000000002220, 4.778849373046508475, 9.882727230318703812E-15 ) ) ;
#2308 = CARTESIAN_POINT ( 'NONE',  ( 2.285320154807700010, 2.510157891003981234, 0.0005878831144263602961 ) ) ;
#2309 = CARTESIAN_POINT ( 'NONE',  ( 1.028540994748873392E-15, 7.749999999999999112, 0.000000000000000000 ) ) ;
#2310 = CARTESIAN_POINT ( 'NONE',  ( 3.035320154807699566, 6.942447230050694529, 0.02560642317086780570 ) ) ;
#2311 = AXIS2_PLACEMENT_3D ( 'NONE', #1690, #58, #2570 ) ;
#2312 = CARTESIAN_POINT ( 'NONE',  ( -2.285320154807695125, -7.989842108996017878, -0.0005878831144266401286 ) ) ;
#2313 = CARTESIAN_POINT ( 'NONE',  ( -2.285563663966783565, 7.072657891003982122, 0.9460227193715031735 ) ) ;
#2314 = EDGE_LOOP ( 'NONE', ( #3502, #2511, #1990, #1062 ) ) ;
#2315 = EDGE_CURVE ( 'NONE', #348, #2240, #2048, .T. ) ;
#2316 = SECURITY_CLASSIFICATION ( '', '', #3492 ) ;
#2317 = ORIENTED_EDGE ( 'NONE', *, *, #3824, .T. ) ;
#2318 = CARTESIAN_POINT ( 'NONE',  ( 0.02560642317087055697, -4.807552769949304583, -3.035320154807698234 ) ) ;
#2319 = CARTESIAN_POINT ( 'NONE',  ( -2.749999999999996447, -10.72115062695349508, -4.714944516953152182E-16 ) ) ;
#2320 = CARTESIAN_POINT ( 'NONE',  ( 2.285320154807701343, -9.489842108996018766, 0.0005878831144263633318 ) ) ;
#2321 = CARTESIAN_POINT ( 'NONE',  ( -2.285320154807697346, 7.010157891003982122, -0.0005878831144266401286 ) ) ;
#2322 = CARTESIAN_POINT ( 'NONE',  ( 1.232840117323737328, 7.265368551957269716, -3.045439664250765954 ) ) ;
#2323 = ORIENTED_EDGE ( 'NONE', *, *, #4147, .F. ) ;
#2324 = ORIENTED_EDGE ( 'NONE', *, *, #4031, .T. ) ;
#2325 = CARTESIAN_POINT ( 'NONE',  ( 2.743782991398084459, 0.3048463359092837277, -1.153982133839830615 ) ) ;
#2326 = CARTESIAN_POINT ( 'NONE',  ( 2.128188989070674442, -7.182552769949304583, 2.164401940002777636 ) ) ;
#2327 = CARTESIAN_POINT ( 'NONE',  ( -0.02443065694201236940, -4.672131448042731172, -3.035320154807698234 ) ) ;
#2328 = DIRECTION ( 'NONE',  ( -1.224646799147353454E-16, 1.000000000000000000, -0.000000000000000000 ) ) ;
#2329 = CARTESIAN_POINT ( 'NONE',  ( -2.749999999999998668, 3.278849373046505811, -1.022193187182612512E-14 ) ) ;
#2330 = CARTESIAN_POINT ( 'NONE',  ( 2.285076645648614235, 1.447657891003982122, 0.9471984856003577979 ) ) ;
#2331 = CARTESIAN_POINT ( 'NONE',  ( -1.153982133839828617, 2.554846335909283894, -2.743782991398082238 ) ) ;
#2332 = CARTESIAN_POINT ( 'NONE',  ( 2.750000000000002665, -7.221150626953493301, 1.322898101878941796E-16 ) ) ;
#2333 = CARTESIAN_POINT ( 'NONE',  ( 2.750000000000002665, -3.758472758984490625, 9.486758998627150629E-15 ) ) ;
#2334 = CARTESIAN_POINT ( 'NONE',  ( 1.616381074783573402, -11.36484210899601699, -1.615549682510057927 ) ) ;
#2335 = CARTESIAN_POINT ( 'NONE',  ( -0.0005878831144254495662, 5.260157891003983899, 2.285320154807698234 ) ) ;
#2336 = VERTEX_POINT ( 'NONE', #161 ) ;
#2337 = VERTEX_POINT ( 'NONE', #1091 ) ;
#2338 = CARTESIAN_POINT ( 'NONE',  ( -0.02560642317086622710, -1.307552769949303917, 3.035320154807698234 ) ) ;
#2339 = CARTESIAN_POINT ( 'NONE',  ( 2.285320154807700455, -2.489842108996017878, 0.0005878831144263633318 ) ) ;
#2340 = CARTESIAN_POINT ( 'NONE',  ( -2.285076645648612459, 7.947657891003983011, -0.9471984856003564657 ) ) ;
#2341 = CARTESIAN_POINT ( 'NONE',  ( 2.129020381344184809, 5.202868551957267051, -2.163570547729265492 ) ) ;
#2342 = ORIENTED_EDGE ( 'NONE', *, *, #1067, .F. ) ;
#2343 = CARTESIAN_POINT ( 'NONE',  ( -1.955885693645928569, -0.5970343728204793310, 1.933135058238605763 ) ) ;
#2344 = CARTESIAN_POINT ( 'NONE',  ( 2.164401940002779856, -5.932552769949304583, -2.128188989070671777 ) ) ;
#2345 = CARTESIAN_POINT ( 'NONE',  ( -2.129020381344181256, -7.297131448042731172, 2.163570547729265492 ) ) ;
#2346 = CARTESIAN_POINT ( 'NONE',  ( -1.122980677478950140, -8.909534372820479220, -2.756616452667264294 ) ) ;
#2347 = CARTESIAN_POINT ( 'NONE',  ( -1.933970979256854683, 4.867346335909286559, 1.955059142683995166 ) ) ;
#2348 = CARTESIAN_POINT ( 'NONE',  ( -0.9471984856003563547, 7.197657891003982122, 2.285076645648612459 ) ) ;
#2349 = VECTOR ( 'NONE', #1656, 1000.000000000000000 ) ;
#2350 = CARTESIAN_POINT ( 'NONE',  ( -0.01608712857282083158, 2.527965627179522112, 2.749952945832760953 ) ) ;
#2351 = CARTESIAN_POINT ( 'NONE',  ( 2.750000000000002220, 5.241527241015511152, 9.486758998627150629E-15 ) ) ;
#2352 = CARTESIAN_POINT ( 'NONE',  ( -2.749999999999998668, 1.741527241015508931, -9.797953184584977129E-15 ) ) ;
#2353 = CARTESIAN_POINT ( 'NONE',  ( 2.313170824071247633, 7.499999999999997335, -0.02544126432911670080 ) ) ;
#2354 = CARTESIAN_POINT ( 'NONE',  ( -2.285076645648609350, -9.052342108996020542, -0.9471984856003564657 ) ) ;
#2355 = CARTESIAN_POINT ( 'NONE',  ( -0.9471984856003561326, 3.197657891003981678, 2.285076645648612459 ) ) ;
#2356 = CARTESIAN_POINT ( 'NONE',  ( 2.749999999999998668, -7.820632406416705429, 1.130362027696530713 ) ) ;
#2357 = ORIENTED_EDGE ( 'NONE', *, *, #4122, .T. ) ;
#2358 = CARTESIAN_POINT ( 'NONE',  ( 1.282877197436621319, -1.870052769949304583, -3.024713627046460296 ) ) ;
#2359 = CARTESIAN_POINT ( 'NONE',  ( -1.955059142683992057, -11.38265366409071611, -1.933970979256855349 ) ) ;
#2360 = CARTESIAN_POINT ( 'NONE',  ( -2.285320154807696014, -1.989842108996017433, -0.0005878831144266431644 ) ) ;
#2361 = CARTESIAN_POINT ( 'NONE',  ( -2.749999999999998668, 1.278849373046505811, -1.022193187182612512E-14 ) ) ;
#2362 =( BOUNDED_CURVE ( )  B_SPLINE_CURVE ( 2, ( #3183, #1859, #3522, #1567, #1583, #1526, #2201, #2832, #4136, #1880, #2889 ),
 .UNSPECIFIED., .F., .F. ) 
 B_SPLINE_CURVE_WITH_KNOTS ( ( 3, 2, 2, 2, 2, 3 ),
 ( 0.5714740407018510382, 0.5773809523809523281, 0.5833333333333333703, 0.5892857142857143016, 0.5952380952380952328, 0.5952835645113748742 ),
 .UNSPECIFIED. ) 
 CURVE ( )  GEOMETRIC_REPRESENTATION_ITEM ( )  RATIONAL_B_SPLINE_CURVE ( ( 0.9988459397136756346, 0.9244610044241410307, 1.000000000000000000, 0.9238795325112867385, 1.000000000000000000, 0.9238795325112867385, 1.000000000000000000, 0.9238795325112867385, 1.000000000000000000, 0.9994185280871457078, 0.9988459397136756346 ) ) 
 REPRESENTATION_ITEM ( '' )  );
#2363 = CARTESIAN_POINT ( 'NONE',  ( -2.129020381344182589, 5.702868551957267940, 2.163570547729265492 ) ) ;
#2364 = ORIENTED_EDGE ( 'NONE', *, *, #2866, .F. ) ;
#2365 = VERTEX_POINT ( 'NONE', #2391 ) ;
#2366 = CARTESIAN_POINT ( 'NONE',  ( -0.9460227193715012861, -2.177342108996017433, -2.285563663966784009 ) ) ;
#2367 = CARTESIAN_POINT ( 'NONE',  ( 3.025200645364634511, -7.859631448042730284, -1.281701431207766362 ) ) ;
#2368 = ADVANCED_FACE ( 'NONE', ( #878 ), #2457, .F. ) ;
#2369 = CARTESIAN_POINT ( 'NONE',  ( 1.122980677478956357, -5.409534372820480108, 2.756616452667262962 ) ) ;
#2370 = CARTESIAN_POINT ( 'NONE',  ( 4.468337651538803533E-16, 12.50000000000000000, 0.000000000000000000 ) ) ;
#2371 = CARTESIAN_POINT ( 'NONE',  ( 1.615549682510058815, 5.385157891003983899, 1.616381074783570515 ) ) ;
#2372 = CARTESIAN_POINT ( 'NONE',  ( -2.743782991398081350, -2.195153664090715218, 1.153982133839829727 ) ) ;
#2373 = CARTESIAN_POINT ( 'NONE',  ( -2.749999999999999556, 5.741527241015507599, -9.797953184584977129E-15 ) ) ;
#2374 = CARTESIAN_POINT ( 'NONE',  ( -1.153982133839828172, -0.4451536640907153286, -2.743782991398082238 ) ) ;
#2375 = FACE_OUTER_BOUND ( 'NONE', #2163, .T. ) ;
#2376 = CARTESIAN_POINT ( 'NONE',  ( 0.9471984856003589082, -4.302342108996018766, -2.285076645648612459 ) ) ;
#2377 = CARTESIAN_POINT ( 'NONE',  ( 0.0005878831144276529903, 6.760157891003981234, -2.285320154807698234 ) ) ;
#2378 = CARTESIAN_POINT ( 'NONE',  ( -1.124158967115627794, -8.070153664090714329, 2.756136151528160383 ) ) ;
#2379 = ORIENTED_EDGE ( 'NONE', *, *, #648, .F. ) ;
#2380 = VECTOR ( 'NONE', #3358, 1000.000000000000000 ) ;
#2381 = CARTESIAN_POINT ( 'NONE',  ( -2.128188989070670001, 2.317447230050695861, -2.164401940002777192 ) ) ;
#2382 = CARTESIAN_POINT ( 'NONE',  ( -2.749999999999997780, -7.258472758984493289, -9.659738873110522393E-15 ) ) ;
#2383 = CARTESIAN_POINT ( 'NONE',  ( 1.615549682510059704, -2.614842108996017878, 1.616381074783570515 ) ) ;
#2384 = CARTESIAN_POINT ( 'NONE',  ( -1.838508409543597510, -11.74045840166190757, 1.712934894751562132 ) ) ;
#2385 = CARTESIAN_POINT ( 'NONE',  ( 2.129020381344184809, 6.202868551957267940, -2.163570547729265492 ) ) ;
#2386 = EDGE_LOOP ( 'NONE', ( #650, #1037, #3208, #3724 ) ) ;
#2387 = ORIENTED_EDGE ( 'NONE', *, *, #3509, .F. ) ;
#2388 = CARTESIAN_POINT ( 'NONE',  ( 0.0005878831144287520460, -2.239842108996017433, -2.285320154807698234 ) ) ;
#2389 = CARTESIAN_POINT ( 'NONE',  ( 0.02443065694201740357, -7.172131448042731172, 3.035320154807698234 ) ) ;
#2390 = CARTESIAN_POINT ( 'NONE',  ( 0.02950174279272792244, -11.50646563739930706, -2.749430713271293403 ) ) ;
#2391 = CARTESIAN_POINT ( 'NONE',  ( -2.749999999999999556, 3.741527241015509375, -9.797953184584977129E-15 ) ) ;
#2392 = CARTESIAN_POINT ( 'NONE',  ( 0.9460227193715050609, 7.322657891003982122, 2.285563663966783565 ) ) ;
#2393 = CARTESIAN_POINT ( 'NONE',  ( 4.250000000000001776, 12.50000000000000000, 5.204748896376251685E-16 ) ) ;
#2394 =( NAMED_UNIT ( * ) SI_UNIT ( $, .STERADIAN. ) SOLID_ANGLE_UNIT ( ) );
#2395 = DIRECTION ( 'NONE',  ( -1.000000000000000000, 0.000000000000000000, 0.000000000000000000 ) ) ;
#2396 = CARTESIAN_POINT ( 'NONE',  ( -2.743782991398081794, 2.804846335909283894, 1.153982133839829727 ) ) ;
#2397 = CYLINDRICAL_SURFACE ( 'NONE', #3441, 2.750000000000000000 ) ;
#2398 = CARTESIAN_POINT ( 'NONE',  ( -1.616381074783567851, -4.864842108996017878, 1.615549682510057927 ) ) ;
#2399 = ADVANCED_FACE ( 'NONE', ( #4146, #1178 ), #3177, .F. ) ;
#2400 = CARTESIAN_POINT ( 'NONE',  ( -1.615549682510056595, 4.885157891003983899, -1.616381074783570293 ) ) ;
#2401 = CARTESIAN_POINT ( 'NONE',  ( -1.955885693645927681, -8.597034372820479220, 1.933135058238605763 ) ) ;
#2402 = ORIENTED_EDGE ( 'NONE', *, *, #3253, .T. ) ;
#2403 = CARTESIAN_POINT ( 'NONE',  ( -3.035320154807696458, 0.4424472300506958611, -0.02560642317086817693 ) ) ;
#2404 = CARTESIAN_POINT ( 'NONE',  ( 2.334974984036471302, -11.70549673066622276, 1.022456075270608888 ) ) ;
#2405 = CARTESIAN_POINT ( 'NONE',  ( -0.9471984856003550224, -3.802342108996017433, 2.285076645648612459 ) ) ;
#2406 = CARTESIAN_POINT ( 'NONE',  ( -0.0005878831144237319731, -8.739842108996018766, 2.285320154807698234 ) ) ;
#2407 = ORIENTED_EDGE ( 'NONE', *, *, #2711, .F. ) ;
#2408 = CARTESIAN_POINT ( 'NONE',  ( -2.749999999999999556, 12.50000000000000000, 0.000000000000000000 ) ) ;
#2409 = CARTESIAN_POINT ( 'NONE',  ( 0.9471984856003589082, -4.302342108996017878, -2.285076645648612459 ) ) ;
#2410 = CARTESIAN_POINT ( 'NONE',  ( 1.232840117323738660, -4.734631448042731172, -3.045439664250765954 ) ) ;
#2411 =( BOUNDED_CURVE ( )  B_SPLINE_CURVE ( 2, ( #2266, #3290, #3914, #690, #1986, #358, #2973, #3956, #2052, #3357, #2119 ),
 .UNSPECIFIED., .F., .F. ) 
 B_SPLINE_CURVE_WITH_KNOTS ( ( 3, 2, 2, 2, 2, 3 ),
 ( 0.6667121359399462710, 0.6726190476190476719, 0.6785714285714286031, 0.6845238095238095344, 0.6904761904761904656, 0.6905216597494701070 ),
 .UNSPECIFIED. ) 
 CURVE ( )  GEOMETRIC_REPRESENTATION_ITEM ( )  RATIONAL_B_SPLINE_CURVE ( ( 0.9988459397136755236, 0.9244610044241410307, 1.000000000000000000, 0.9238795325112867385, 1.000000000000000000, 0.9238795325112867385, 1.000000000000000000, 0.9238795325112867385, 1.000000000000000000, 0.9994185280871457078, 0.9988459397136756346 ) ) 
 REPRESENTATION_ITEM ( '' )  );
#2412 = CARTESIAN_POINT ( 'NONE',  ( 2.000000000000000000, 12.50000000000000000, 1.154700538379252572 ) ) ;
#2413 = EDGE_CURVE ( 'NONE', #2295, #2957, #3821, .T. ) ;
#2414 = DIRECTION ( 'NONE',  ( 0.8660254037844387076, 0.000000000000000000, -0.4999999999999998335 ) ) ;
#2415 = CARTESIAN_POINT ( 'NONE',  ( -0.0005878831144255690453, 6.260157891003981234, 2.285320154807698234 ) ) ;
#2416 = VECTOR ( 'NONE', #490, 1000.000000000000000 ) ;
#2417 = DIRECTION ( 'NONE',  ( 0.000000000000000000, 0.000000000000000000, 1.000000000000000000 ) ) ;
#2418 = CARTESIAN_POINT ( 'NONE',  ( -2.750000000000002665, 1.340982065803920431, 1.129674997702170502 ) ) ;
#2419 = CIRCLE ( 'NONE', #3167, 1.749999999999994227 ) ;
#2420 = DIRECTION ( 'NONE',  ( -1.224646799147353454E-16, 1.000000000000000000, -0.000000000000000000 ) ) ;
#2421 = CARTESIAN_POINT ( 'NONE',  ( 1.955059142683996942, 1.117346335909284338, 1.933970979256855793 ) ) ;
#2422 = CARTESIAN_POINT ( 'NONE',  ( -2.285076645648610238, -4.052342108996017878, -0.9471984856003564657 ) ) ;
#2423 = CARTESIAN_POINT ( 'NONE',  ( -2.164401940002774527, -9.432552769949303695, 2.128188989070671777 ) ) ;
#2424 = CARTESIAN_POINT ( 'NONE',  ( -2.749999999999997780, -8.258062755129497390, 0.007455846486311585967 ) ) ;
#2425 = ORIENTED_EDGE ( 'NONE', *, *, #862, .F. ) ;
#2426 = ADVANCED_FACE ( 'NONE', ( #4184 ), #2156, .F. ) ;
#2427 = CARTESIAN_POINT ( 'NONE',  ( -1.282877197436618655, 0.6299472300506959721, 3.024713627046458964 ) ) ;
#2428 = CARTESIAN_POINT ( 'NONE',  ( -1.124158967115627794, -7.070153664090716106, 2.756136151528160383 ) ) ;
#2429 = CARTESIAN_POINT ( 'NONE',  ( -2.285076645648610238, -5.052342108996018766, -0.9471984856003564657 ) ) ;
#2430 = CARTESIAN_POINT ( 'NONE',  ( 2.285320154807701343, -9.489842108996018766, 0.0005878831144263602961 ) ) ;
#2431 = VERTEX_POINT ( 'NONE', #2517 ) ;
#2432 = CARTESIAN_POINT ( 'NONE',  ( -2.749999999999996891, -8.258472758984490625, 2.798203851936858590E-17 ) ) ;
#2433 = DIRECTION ( 'NONE',  ( -1.000000000000000000, 0.000000000000000000, 0.000000000000000000 ) ) ;
#2434 = CARTESIAN_POINT ( 'NONE',  ( 1.616381074783572735, -4.364842108996017878, -1.615549682510057927 ) ) ;
#2435 = CARTESIAN_POINT ( 'NONE',  ( -3.045439664250762846, -3.484631448042731616, -1.232840117323736662 ) ) ;
#2436 = CARTESIAN_POINT ( 'NONE',  ( 0.5660574290301800815, -11.52603416614972609, -2.670635773301812677 ) ) ;
#2437 = LINE ( 'NONE', #1388, #2895 ) ;
#2438 = CARTESIAN_POINT ( 'NONE',  ( -0.9471984856003561326, 5.197657891003983899, 2.285076645648612459 ) ) ;
#2439 = CARTESIAN_POINT ( 'NONE',  ( 2.743782991398084903, -1.695153664090716772, -1.153982133839830615 ) ) ;
#2440 = DIRECTION ( 'NONE',  ( -1.224646799147353454E-16, 1.000000000000000000, -0.000000000000000000 ) ) ;
#2441 = CARTESIAN_POINT ( 'NONE',  ( 0.5473754328177964368, 7.499999999999987566, -2.629462827031102012 ) ) ;
#2442 = CARTESIAN_POINT ( 'NONE',  ( -2.749999999999996447, -10.72159303081761728, -0.008043633102128435602 ) ) ;
#2443 = CARTESIAN_POINT ( 'NONE',  ( 0.0005878831144292419970, -6.239842108996017878, -2.285320154807698234 ) ) ;
#2444 = CARTESIAN_POINT ( 'NONE',  ( -3.035320154807695125, -9.557552769949303695, -0.02560642317086817693 ) ) ;
#2445 = CARTESIAN_POINT ( 'NONE',  ( 4.468337651538803533E-16, 12.50000000000000000, 0.000000000000000000 ) ) ;
#2446 = ORIENTED_EDGE ( 'NONE', *, *, #536, .F. ) ;
#2447 = CARTESIAN_POINT ( 'NONE',  ( -3.045926682568935728, 0.5049472300506958611, 1.231664351094882814 ) ) ;
#2448 = CYLINDRICAL_SURFACE ( 'NONE', #887, 2.750000000000000000 ) ;
#2449 = EDGE_CURVE ( 'NONE', #2626, #893, #2826, .T. ) ;
#2450 = CARTESIAN_POINT ( 'NONE',  ( 1.616381074783573402, -11.36484210899601699, -1.615549682510057927 ) ) ;
#2451 = ORIENTED_EDGE ( 'NONE', *, *, #1012, .T. ) ;
#2452 = CARTESIAN_POINT ( 'NONE',  ( 2.749959571463123975, -2.757653664090715662, -0.01491158336210071135 ) ) ;
#2453 = CARTESIAN_POINT ( 'NONE',  ( -2.285076645648610238, -4.052342108996017878, -0.9471984856003564657 ) ) ;
#2454 = CARTESIAN_POINT ( 'NONE',  ( 0.02443065694201667151, -1.172131448042731172, 3.035320154807698234 ) ) ;
#2455 = LOCAL_TIME ( 15, 16, 59.00000000000000000, #2878 ) ;
#2456 = CARTESIAN_POINT ( 'NONE',  ( -2.749999999999999556, 12.50000000000000000, 0.000000000000000000 ) ) ;
#2457 = PLANE ( 'NONE',  #3102 ) ;
#2458 = CARTESIAN_POINT ( 'NONE',  ( -2.749999999999999556, 5.741527241015507599, -9.797953184584977129E-15 ) ) ;
#2459 = CARTESIAN_POINT ( 'NONE',  ( 1.933135058238607762, -6.347034372820479220, 1.955885693645930790 ) ) ;
#2460 = CARTESIAN_POINT ( 'NONE',  ( -2.749952945832757401, -10.72203437282047922, -0.01608712857282233039 ) ) ;
#2461 = CARTESIAN_POINT ( 'NONE',  ( -0.0005878831144242219241, -4.739842108996017878, 2.285320154807698234 ) ) ;
#2462 = CARTESIAN_POINT ( 'NONE',  ( -2.164401940002774083, -10.43255276994930547, 2.128188989070671777 ) ) ;
#2463 = CARTESIAN_POINT ( 'NONE',  ( -0.5071745914239055297, 7.499999999999995559, 2.702827026247515807 ) ) ;
#2464 = ORIENTED_EDGE ( 'NONE', *, *, #214, .F. ) ;
#2465 = CARTESIAN_POINT ( 'NONE',  ( 3.045926682568937949, 2.004947230050695417, -1.231664351094883481 ) ) ;
#2466 = FACE_OUTER_BOUND ( 'NONE', #273, .T. ) ;
#2467 = EDGE_CURVE ( 'NONE', #1717, #2199, #1947, .T. ) ;
#2468 = CARTESIAN_POINT ( 'NONE',  ( 0.9471984856003595743, -10.30234210899602054, -2.285076645648612459 ) ) ;
#2469 = ORIENTED_EDGE ( 'NONE', *, *, #3595, .T. ) ;
#2470 = FACE_OUTER_BOUND ( 'NONE', #1902, .T. ) ;
#2471 = CARTESIAN_POINT ( 'NONE',  ( -0.9460227193715001759, -11.17734210899602054, -2.285563663966784009 ) ) ;
#2472 = CARTESIAN_POINT ( 'NONE',  ( 2.285563663966785342, 2.572657891003981234, -0.9460227193715035066 ) ) ;
#2473 = CARTESIAN_POINT ( 'NONE',  ( -1.232840117323735996, -1.234631448042731172, 3.045439664250764178 ) ) ;
#2474 = ADVANCED_FACE ( 'NONE', ( #3837 ), #509, .T. ) ;
#2475 = DIRECTION ( 'NONE',  ( -1.224646799147360603E-16, 1.000000000000000000, -0.000000000000000000 ) ) ;
#2476 = DIRECTION ( 'NONE',  ( -1.224646799147353454E-16, 1.000000000000000000, -0.000000000000000000 ) ) ;
#2477 = CARTESIAN_POINT ( 'NONE',  ( -1.955059142683994278, 5.617346335909283894, -1.933970979256855349 ) ) ;
#2478 = CARTESIAN_POINT ( 'NONE',  ( 2.749959571463123975, -1.757653664090716550, -0.01491158336210071135 ) ) ;
#2479 = CARTESIAN_POINT ( 'NONE',  ( -0.01608712857281972830, -6.472034372820479220, 2.749952945832760953 ) ) ;
#2480 = PLANE ( 'NONE',  #1802 ) ;
#2481 = CARTESIAN_POINT ( 'NONE',  ( 0.0005878831144285071248, -0.2398421089960176000, -2.285320154807698234 ) ) ;
#2482 = CARTESIAN_POINT ( 'NONE',  ( -3.045926682568933508, -11.49505276994930369, 1.231664351094882814 ) ) ;
#2483 = CARTESIAN_POINT ( 'NONE',  ( -2.749999999999993339, -7.320632406416705429, -1.130362027696528715 ) ) ;
#2485 = VERTEX_POINT ( 'NONE', #2562 ) ;
#2484 = VECTOR ( 'NONE', #237, 1000.000000000000000 ) ;
#2486 = CARTESIAN_POINT ( 'NONE',  ( 3.024713627046460740, 3.879947230050695417, 1.282877197436620875 ) ) ;
#2487 = CARTESIAN_POINT ( 'NONE',  ( -1.122980677478951694, 3.090465627179520336, -2.756616452667264294 ) ) ;
#2488 = CARTESIAN_POINT ( 'NONE',  ( -0.9471984856003552444, -1.802342108996017211, 2.285076645648612459 ) ) ;
#2489 = CARTESIAN_POINT ( 'NONE',  ( -1.616381074783567184, -10.86484210899601877, 1.615549682510057927 ) ) ;
#2490 = VERTEX_POINT ( 'NONE', #1616 ) ;
#2491 = CARTESIAN_POINT ( 'NONE',  ( -0.01491158336209825498, -2.507653664090715662, -2.749959571463121311 ) ) ;
#2492 = DIRECTION ( 'NONE',  ( -0.8660254037844387076, 0.000000000000000000, -0.4999999999999997780 ) ) ;
#2493 = CARTESIAN_POINT ( 'NONE',  ( 1.615549682510059037, 3.385157891003982122, 1.616381074783570515 ) ) ;
#2494 = CARTESIAN_POINT ( 'NONE',  ( 1.281701431207769248, -4.109631448042730284, 3.025200645364631402 ) ) ;
#2495 = APPROVAL_STATUS ( 'not_yet_approved' ) ;
#2496 = CARTESIAN_POINT ( 'NONE',  ( -1.122980677478950806, -0.9095343728204795530, -2.756616452667264294 ) ) ;
#2497 = CARTESIAN_POINT ( 'NONE',  ( 2.750000000000002665, -7.221150626953493301, 1.322898101878941796E-16 ) ) ;
#2498 = CARTESIAN_POINT ( 'NONE',  ( 2.277664242311298270, 7.499999999999995559, 0.5095341691205516055 ) ) ;
#2499 =( BOUNDED_CURVE ( )  B_SPLINE_CURVE ( 2, ( #4105, #2566, #592, #4130, #2824, #3818, #4150, #570, #3199, #2864, #1203 ),
 .UNSPECIFIED., .F., .F. ) 
 B_SPLINE_CURVE_WITH_KNOTS ( ( 3, 2, 2, 2, 2, 3 ),
 ( 0.3571850055505051413, 0.3630952380952380265, 0.3690476190476190688, 0.3750000000000000000, 0.3809523809523809312, 0.3809945293600289773 ),
 .UNSPECIFIED. ) 
 CURVE ( )  GEOMETRIC_REPRESENTATION_ITEM ( )  RATIONAL_B_SPLINE_CURVE ( ( 0.9989296255183136575, 0.9244185364022912132, 1.000000000000000000, 0.9238795325112867385, 1.000000000000000000, 0.9238795325112867385, 1.000000000000000000, 0.9238795325112867385, 1.000000000000000000, 0.9994609961089955252, 0.9989296255183136575 ) ) 
 REPRESENTATION_ITEM ( '' )  );
#2500 = EDGE_CURVE ( 'NONE', #3544, #658, #1020, .T. ) ;
#2501 = DIRECTION ( 'NONE',  ( -1.000000000000000000, -2.040851148208007998E-16, 0.000000000000000000 ) ) ;
#2502 = CYLINDRICAL_SURFACE ( 'NONE', #2657, 2.750000000000000000 ) ;
#2503 = CARTESIAN_POINT ( 'NONE',  ( -1.955059142683992945, -6.382653664090716106, -1.933970979256855349 ) ) ;
#2504 = CARTESIAN_POINT ( 'NONE',  ( -0.0005878831144243444390, -3.739842108996017433, 2.285320154807698234 ) ) ;
#2505 = CARTESIAN_POINT ( 'NONE',  ( -3.035320154807694681, -10.55755276994930547, -0.02560642317086817693 ) ) ;
#2506 = CARTESIAN_POINT ( 'NONE',  ( 2.743289438998259389, -3.284534372820477888, 1.155154934624598617 ) ) ;
#2507 = VERTEX_POINT ( 'NONE', #980 ) ;
#2508 = CARTESIAN_POINT ( 'NONE',  ( -3.035320154807696902, 5.442447230050697193, -0.02560642317086817693 ) ) ;
#2509 = CARTESIAN_POINT ( 'NONE',  ( 2.285076645648614235, -1.552342108996017211, 0.9471984856003577979 ) ) ;
#2510 = CARTESIAN_POINT ( 'NONE',  ( -0.0005878831144242219241, -4.739842108996017878, 2.285320154807698234 ) ) ;
#2511 = ORIENTED_EDGE ( 'NONE', *, *, #730, .T. ) ;
#2512 = LINE ( 'NONE', #1469, #3717 ) ;
#2513 = CARTESIAN_POINT ( 'NONE',  ( 2.285320154807700010, 0.5101578910039830106, 0.0005878831144263602961 ) ) ;
#2514 = CARTESIAN_POINT ( 'NONE',  ( 3.045439664250766398, 3.015368551957268828, 1.232840117323737994 ) ) ;
#2515 = DATE_AND_TIME ( #2559, #1295 ) ;
#2516 = CARTESIAN_POINT ( 'NONE',  ( -2.749999999999996891, -7.721150626953492413, -4.714944516953152182E-16 ) ) ;
#2517 = CARTESIAN_POINT ( 'NONE',  ( 2.750000000000002665, -7.758472758984490625, -3.400241650383879346E-16 ) ) ;
#2518 = CARTESIAN_POINT ( 'NONE',  ( 1.124158967115631125, -1.570153664090716328, -2.756136151528160827 ) ) ;
#2519 = FACE_OUTER_BOUND ( 'NONE', #1723, .T. ) ;
#2520 = CARTESIAN_POINT ( 'NONE',  ( 2.750000000000002665, -6.758472758984491513, 9.486758998627150629E-15 ) ) ;
#2521 = CARTESIAN_POINT ( 'NONE',  ( -1.615549682510055929, -2.114842108996017433, -1.616381074783570293 ) ) ;
#2522 =( BOUNDED_CURVE ( )  B_SPLINE_CURVE ( 2, ( #2988, #3692, #465, #752, #3996, #421, #1365, #3351, #1706, #51, #2737 ),
 .UNSPECIFIED., .F., .F. ) 
 B_SPLINE_CURVE_WITH_KNOTS ( ( 3, 2, 2, 2, 2, 3 ),
 ( 0.2619469103124099085, 0.2678571428571427937, 0.2738095238095238360, 0.2797619047619047672, 0.2857142857142856984, 0.2857564341219337445 ),
 .UNSPECIFIED. ) 
 CURVE ( )  GEOMETRIC_REPRESENTATION_ITEM ( )  RATIONAL_B_SPLINE_CURVE ( ( 0.9989296255183136575, 0.9244185364022912132, 1.000000000000000000, 0.9238795325112867385, 1.000000000000000000, 0.9238795325112867385, 1.000000000000000000, 0.9238795325112867385, 1.000000000000000000, 0.9994609961089955252, 0.9989296255183136575 ) ) 
 REPRESENTATION_ITEM ( '' )  );
#2523 = CARTESIAN_POINT ( 'NONE',  ( -1.231664351094881038, -5.745052769949303695, -3.045926682568936616 ) ) ;
#2524 = CYLINDRICAL_SURFACE ( 'NONE', #1122, 2.750000000000000000 ) ;
#2525 = VERTEX_POINT ( 'NONE', #2280 ) ;
#2526 = CARTESIAN_POINT ( 'NONE',  ( 1.231664351094885479, 3.754947230050694973, 3.045926682568936172 ) ) ;
#2527 = EDGE_CURVE ( 'NONE', #2922, #1289, #3949, .T. ) ;
#2528 = CARTESIAN_POINT ( 'NONE',  ( -1.933970979256853573, -4.132653664090714329, 1.955059142683995166 ) ) ;
#2529 = CARTESIAN_POINT ( 'NONE',  ( -1.615549682510056151, 0.8851578910039816783, -1.616381074783570293 ) ) ;
#2530 = CARTESIAN_POINT ( 'NONE',  ( -2.285076645648610238, -7.052342108996017878, -0.9471984856003564657 ) ) ;
#2531 = ORIENTED_EDGE ( 'NONE', *, *, #3752, .F. ) ;
#2532 = DIRECTION ( 'NONE',  ( -1.224646799147353454E-16, 1.000000000000000000, -0.000000000000000000 ) ) ;
#2533 = DIRECTION ( 'NONE',  ( 1.000000000000000000, 0.000000000000000000, 0.000000000000000000 ) ) ;
#2534 = CARTESIAN_POINT ( 'NONE',  ( -1.616381074783568739, 2.135157891003982567, 1.615549682510057927 ) ) ;
#2535 = CARTESIAN_POINT ( 'NONE',  ( -3.035320154807696458, 2.577868551957268828, 0.02443065694201473556 ) ) ;
#2536 = PERSON_AND_ORGANIZATION ( #3910, #3882 ) ;
#2537 = DIRECTION ( 'NONE',  ( -1.000000000000000000, -2.040851148208007998E-16, 0.000000000000000000 ) ) ;
#2538 = CARTESIAN_POINT ( 'NONE',  ( 1.124158967115630459, 4.429846335909286559, -2.756136151528160827 ) ) ;
#2539 = CARTESIAN_POINT ( 'NONE',  ( 2.750000000000003109, -10.22159303081761728, 0.008043633102128097331 ) ) ;
#2540 = CARTESIAN_POINT ( 'NONE',  ( -1.232840117323734885, -8.234631448042730284, 3.045439664250764178 ) ) ;
#2541 = CARTESIAN_POINT ( 'NONE',  ( -2.743782991398080462, -9.195153664090716106, 1.153982133839829727 ) ) ;
#2542 = CARTESIAN_POINT ( 'NONE',  ( 2.750000000000000444, 12.50000000000000000, 3.367778697655221012E-16 ) ) ;
#2543 = CARTESIAN_POINT ( 'NONE',  ( -1.616381074783568295, -1.864842108996017211, 1.615549682510057927 ) ) ;
#2544 = DIRECTION ( 'NONE',  ( -1.000000000000000000, 0.000000000000000000, 0.000000000000000000 ) ) ;
#2545 = EDGE_LOOP ( 'NONE', ( #3665, #2662, #195, #1777 ) ) ;
#2546 = CARTESIAN_POINT ( 'NONE',  ( 2.164401940002778524, 4.067447230050695417, -2.128188989070671777 ) ) ;
#2547 =( BOUNDED_CURVE ( )  B_SPLINE_CURVE ( 2, ( #261, #2900, #4204, #27, #632, #2302, #1935, #3238, #307, #2606, #3688 ),
 .UNSPECIFIED., .F., .F. ) 
 B_SPLINE_CURVE_WITH_KNOTS ( ( 3, 2, 2, 2, 2, 3 ),
 ( 0.09528356451137491578, 0.1011904761904761918, 0.1071428571428571369, 0.1130952380952380959, 0.1190476190476190410, 0.1190930883208987240 ),
 .UNSPECIFIED. ) 
 CURVE ( )  GEOMETRIC_REPRESENTATION_ITEM ( )  RATIONAL_B_SPLINE_CURVE ( ( 0.9988459397136745244, 0.9244610044241415858, 1.000000000000000000, 0.9238795325112867385, 1.000000000000000000, 0.9238795325112867385, 1.000000000000000000, 0.9238795325112867385, 1.000000000000000000, 0.9994185280871451527, 0.9988459397136745244 ) ) 
 REPRESENTATION_ITEM ( '' )  );
#2548 = CARTESIAN_POINT ( 'NONE',  ( 2.750000000000003109, -11.22115062695349330, 1.119375316974489326E-16 ) ) ;
#2549 = CARTESIAN_POINT ( 'NONE',  ( 0.9460227193715059490, 1.322657891003981900, 2.285563663966783565 ) ) ;
#2550 = AXIS2_PLACEMENT_3D ( 'NONE', #1435, #1071, #446 ) ;
#2551 = EDGE_CURVE ( 'NONE', #535, #1427, #1809, .T. ) ;
#2552 = CARTESIAN_POINT ( 'NONE',  ( -2.285563663966782233, -5.927342108996019654, 0.9460227193715031735 ) ) ;
#2553 = ORIENTED_EDGE ( 'NONE', *, *, #3439, .F. ) ;
#2554 = CARTESIAN_POINT ( 'NONE',  ( 1.955885693645931678, 6.902965627179520780, -1.933135058238605763 ) ) ;
#2555 = CIRCLE ( 'NONE', #3779, 2.750000000000000444 ) ;
#2556 = CARTESIAN_POINT ( 'NONE',  ( 1.616381074783573180, -9.364842108996018766, -1.615549682510057927 ) ) ;
#2557 = CARTESIAN_POINT ( 'NONE',  ( -1.616381074783568961, 3.135157891003982122, 1.615549682510057927 ) ) ;
#2558 = CARTESIAN_POINT ( 'NONE',  ( 0.02443065694201642518, 0.8278685519572688278, 3.035320154807698234 ) ) ;
#2559 = CALENDAR_DATE ( 2026, 26, 5 ) ;
#2560 = CARTESIAN_POINT ( 'NONE',  ( -2.749999999999998668, -0.7211506269534939673, -1.022193187182612512E-14 ) ) ;
#2561 = CARTESIAN_POINT ( 'NONE',  ( -1.955885693645929457, 6.402965627179519892, 1.933135058238605763 ) ) ;
#2562 = CARTESIAN_POINT ( 'NONE',  ( -2.749999999999998668, 2.278849373046507143, -1.022193187182612512E-14 ) ) ;
#2563 = CARTESIAN_POINT ( 'NONE',  ( -1.232840117323734441, -11.23463144804273206, 3.045439664250764178 ) ) ;
#2564 = EDGE_CURVE ( 'NONE', #2337, #2365, #3, .T. ) ;
#2565 = CARTESIAN_POINT ( 'NONE',  ( 2.054451768955276592, -11.59387555908196710, -1.693202859801081317 ) ) ;
#2566 = CARTESIAN_POINT ( 'NONE',  ( 2.749999999999997335, 0.1793675935832964030, 1.130362027696530713 ) ) ;
#2567 = CARTESIAN_POINT ( 'NONE',  ( -2.285320154807696014, -2.989842108996018322, -0.0005878831144266401286 ) ) ;
#2568 = DIRECTION ( 'NONE',  ( -1.224646799147353454E-16, 1.000000000000000000, -0.000000000000000000 ) ) ;
#2569 = ORIENTED_EDGE ( 'NONE', *, *, #1495, .T. ) ;
#2570 = DIRECTION ( 'NONE',  ( -1.000000000000000000, 0.000000000000000000, 0.000000000000000000 ) ) ;
#2571 = CARTESIAN_POINT ( 'NONE',  ( -0.0005878831144248373173, 0.2601578910039828441, 2.285320154807698234 ) ) ;
#2572 = ORIENTED_EDGE ( 'NONE', *, *, #2110, .T. ) ;
#2573 = CARTESIAN_POINT ( 'NONE',  ( 0.0005878831144291194822, -5.239842108996017878, -2.285320154807698234 ) ) ;
#2574 = ORIENTED_EDGE ( 'NONE', *, *, #3307, .F. ) ;
#2575 = CARTESIAN_POINT ( 'NONE',  ( -2.743289438998257168, 4.215465627179521668, -1.155154934624597285 ) ) ;
#2576 = EDGE_CURVE ( 'NONE', #2682, #1897, #3625, .T. ) ;
#2577 = CARTESIAN_POINT ( 'NONE',  ( 0.0005878831144294899540, -8.239842108996016989, -2.285320154807698234 ) ) ;
#2578 = CARTESIAN_POINT ( 'NONE',  ( 1.615549682510058815, 4.385157891003983011, 1.616381074783570515 ) ) ;
#2579 = CARTESIAN_POINT ( 'NONE',  ( -3.025200645364630514, 0.6403685519572688278, 1.281701431207765474 ) ) ;
#2580 = VERTEX_POINT ( 'NONE', #1278 ) ;
#2581 = PERSON_AND_ORGANIZATION_ROLE ( 'design_supplier' ) ;
#2582 = CARTESIAN_POINT ( 'NONE',  ( 2.749999999999997780, -2.820632406416704097, 1.130362027696530713 ) ) ;
#2583 = EDGE_CURVE ( 'NONE', #2525, #231, #939, .T. ) ;
#2584 = DIRECTION ( 'NONE',  ( -1.224646799147353454E-16, 1.000000000000000000, -0.000000000000000000 ) ) ;
#2585 = CARTESIAN_POINT ( 'NONE',  ( -3.045439664250761957, -8.484631448042730284, -1.232840117323736662 ) ) ;
#2586 = CARTESIAN_POINT ( 'NONE',  ( 2.749959571463123975, -5.757653664090716106, -0.01491158336210071135 ) ) ;
#2587 = CARTESIAN_POINT ( 'NONE',  ( -1.155154934624596175, -2.534534372820479664, 2.743289438998258056 ) ) ;
#2588 = CARTESIAN_POINT ( 'NONE',  ( -0.9460227193715016192, 0.8226578910039816783, -2.285563663966784009 ) ) ;
#2589 = DIRECTION ( 'NONE',  ( 0.8660254037844384856, 0.000000000000000000, 0.5000000000000002220 ) ) ;
#2590 = ORIENTED_EDGE ( 'NONE', *, *, #3728, .T. ) ;
#2591 = LOCAL_TIME ( 15, 16, 59.00000000000000000, #2923 ) ;
#2592 = LINE ( 'NONE', #2932, #3372 ) ;
#2593 = FACE_OUTER_BOUND ( 'NONE', #1878, .T. ) ;
#2594 = CC_DESIGN_PERSON_AND_ORGANIZATION_ASSIGNMENT ( #2536, #3213, ( #4108 ) ) ;
#2595 = CARTESIAN_POINT ( 'NONE',  ( 1.615549682510060592, -8.614842108996018766, 1.616381074783570515 ) ) ;
#2596 = CARTESIAN_POINT ( 'NONE',  ( 0.0005878831144282653477, 1.760157891003982344, -2.285320154807698234 ) ) ;
#2597 = ORIENTED_EDGE ( 'NONE', *, *, #1864, .F. ) ;
#2598 = CARTESIAN_POINT ( 'NONE',  ( 2.285320154807701343, -7.489842108996017878, 0.0005878831144263602961 ) ) ;
#2599 = ORIENTED_EDGE ( 'NONE', *, *, #951, .F. ) ;
#2600 = CARTESIAN_POINT ( 'NONE',  ( -1.231664351094881038, -3.745052769949304583, -3.045926682568936616 ) ) ;
#2601 = EDGE_CURVE ( 'NONE', #695, #2977, #350, .T. ) ;
#2602 = CARTESIAN_POINT ( 'NONE',  ( 2.750000000000005329, 6.840982065803920875, -1.129674997702171391 ) ) ;
#2603 = CARTESIAN_POINT ( 'NONE',  ( -1.615549682510055041, -8.114842108996016989, -1.616381074783570293 ) ) ;
#2604 = CARTESIAN_POINT ( 'NONE',  ( 1.616381074783571625, 5.635157891003980346, -1.615549682510057927 ) ) ;
#2605 = CARTESIAN_POINT ( 'NONE',  ( 3.035320154807700010, 2.077868551957267940, -0.02443065694201510679 ) ) ;
#2606 = CARTESIAN_POINT ( 'NONE',  ( -2.749999999999996891, -9.721593030817617276, -0.008043633102128435602 ) ) ;
#2607 = CARTESIAN_POINT ( 'NONE',  ( 1.933135058238606430, 6.652965627179520780, 1.955885693645930790 ) ) ;
#2608 = DIRECTION ( 'NONE',  ( -1.224646799147353454E-16, 1.000000000000000000, -0.000000000000000000 ) ) ;
#2609 = CARTESIAN_POINT ( 'NONE',  ( -3.024713627046456743, -8.620052769949305471, -1.282877197436619099 ) ) ;
#2610 = CARTESIAN_POINT ( 'NONE',  ( -1.281701431207762587, -10.60963144804273206, -3.025200645364631846 ) ) ;
#2611 = EDGE_CURVE ( 'NONE', #415, #3892, #172, .T. ) ;
#2612 = FACE_OUTER_BOUND ( 'NONE', #3109, .T. ) ;
#2613 = CARTESIAN_POINT ( 'NONE',  ( 2.749952945832763174, -2.222034372820479220, 0.01608712857282199732 ) ) ;
#2614 = CARTESIAN_POINT ( 'NONE',  ( 2.285076645648613791, 3.447657891003982122, 0.9471984856003577979 ) ) ;
#2615 = LINE ( 'NONE', #3201, #3840 ) ;
#2616 = CARTESIAN_POINT ( 'NONE',  ( 2.750000000000002665, -7.159017934196079125, -1.129674997702174943 ) ) ;
#2617 = CARTESIAN_POINT ( 'NONE',  ( 2.285076645648615123, -9.552342108996018766, 0.9471984856003577979 ) ) ;
#2618 = ORIENTED_EDGE ( 'NONE', *, *, #1195, .F. ) ;
#2620 = ORIENTED_EDGE ( 'NONE', *, *, #1707, .T. ) ;
#2619 = AXIS2_PLACEMENT_3D ( 'NONE', #2264, #3565, #1918 ) ;
#2621 = CARTESIAN_POINT ( 'NONE',  ( -1.231664351094881038, -1.745052769949304361, -3.045926682568936616 ) ) ;
#2622 = CARTESIAN_POINT ( 'NONE',  ( -2.749952945832760065, 7.277965627179520780, -0.01608712857282233039 ) ) ;
#2623 = CARTESIAN_POINT ( 'NONE',  ( 2.285076645648614679, -6.552342108996018766, 0.9471984856003577979 ) ) ;
#2624 = CARTESIAN_POINT ( 'NONE',  ( -2.285076645648611571, 4.947657891003983899, -0.9471984856003564657 ) ) ;
#2625 = CARTESIAN_POINT ( 'NONE',  ( 1.232840117323737550, 4.265368551957269716, -3.045439664250765954 ) ) ;
#2626 = VERTEX_POINT ( 'NONE', #4206 ) ;
#2627 = CONICAL_SURFACE ( 'NONE', #4058, 2.750000000000000000, 0.7853981633974469467 ) ;
#2628 = CARTESIAN_POINT ( 'NONE',  ( 1.153982133839833502, -4.945153664090716106, 2.743782991398082238 ) ) ;
#2629 = CARTESIAN_POINT ( 'NONE',  ( 3.045926682568939281, -8.995052769949307248, -1.231664351094883481 ) ) ;
#2630 = CONICAL_SURFACE ( 'NONE', #21, 3.999999999999999112, 0.7853981633974378429 ) ;
#2631 = CARTESIAN_POINT ( 'NONE',  ( 1.281701431207770137, -9.109631448042730284, 3.025200645364631402 ) ) ;
#2632 = DIRECTION ( 'NONE',  ( -1.000000000000000000, 0.000000000000000000, 0.000000000000000000 ) ) ;
#2633 = CARTESIAN_POINT ( 'NONE',  ( 1.616381074783571847, 2.635157891003981678, -1.615549682510057927 ) ) ;
#2634 = ADVANCED_FACE ( 'NONE', ( #1911 ), #2902, .T. ) ;
#2635 = CARTESIAN_POINT ( 'NONE',  ( -2.749999999999996891, -9.258472758984490625, 2.798203851936858590E-17 ) ) ;
#2636 = CARTESIAN_POINT ( 'NONE',  ( 1.933135058238608650, -11.34703437282047744, 1.955885693645930790 ) ) ;
#2637 = CARTESIAN_POINT ( 'NONE',  ( 4.468337651538803533E-16, 12.50000000000000000, 0.000000000000000000 ) ) ;
#2638 = CARTESIAN_POINT ( 'NONE',  ( -1.616381074783567406, -8.864842108996018766, 1.615549682510057927 ) ) ;
#2639 = CARTESIAN_POINT ( 'NONE',  ( 0.9471984856003575759, 5.697657891003980346, -2.285076645648612459 ) ) ;
#2640 = EDGE_LOOP ( 'NONE', ( #2908, #3045, #25, #833, #1857, #1398, #3869, #770, #1018, #1311, #4070, #2294, #3124, #1153, #2342, #321, #2913, #1353, #1544, #1131, #4197, #2248, #521, #579, #848, #1108, #4195, #322, #4090, #2387, #2553, #2574, #250, #2893, #1147, #496, #702, #3488, #1244, #1263, #1332, #4171 ) ) ;
#2641 =( BOUNDED_CURVE ( )  B_SPLINE_CURVE ( 2, ( #2766, #3297, #781, #3063, #4066, #1161, #123, #2121, #469, #365, #2785 ),
 .UNSPECIFIED., .F., .F. ) 
 B_SPLINE_CURVE_WITH_KNOTS ( ( 3, 2, 2, 2, 2, 3 ),
 ( 0.3571883264161368476, 0.3630952380952380820, 0.3690476190476190688, 0.3750000000000000000, 0.3809523809523809312, 0.3809978502256606281 ),
 .UNSPECIFIED. ) 
 CURVE ( )  GEOMETRIC_REPRESENTATION_ITEM ( )  RATIONAL_B_SPLINE_CURVE ( ( 0.9988459397136741913, 0.9244610044241416968, 1.000000000000000000, 0.9238795325112867385, 1.000000000000000000, 0.9238795325112867385, 1.000000000000000000, 0.9238795325112867385, 1.000000000000000000, 0.9994185280871449306, 0.9988459397136740803 ) ) 
 REPRESENTATION_ITEM ( '' )  );
#2642 = ORIENTED_EDGE ( 'NONE', *, *, #2711, .T. ) ;
#2643 = CARTESIAN_POINT ( 'NONE',  ( 2.164401940002779412, -2.932552769949305471, -2.128188989070671777 ) ) ;
#2644 = CARTESIAN_POINT ( 'NONE',  ( -2.749999999999998668, 4.741527241015510263, -9.520676621074870057E-15 ) ) ;
#2645 = CARTESIAN_POINT ( 'NONE',  ( 0.0005878831144293675476, -7.239842108996017878, -2.285320154807698234 ) ) ;
#2646 = CARTESIAN_POINT ( 'NONE',  ( 1.616381074783571625, 4.635157891003983011, -1.615549682510057927 ) ) ;
#2647 = CARTESIAN_POINT ( 'NONE',  ( -3.025200645364631846, 6.640368551957269716, 1.281701431207765474 ) ) ;
#2648 = CARTESIAN_POINT ( 'NONE',  ( 2.000000000000000000, 12.50000000000000000, 1.154700538379252572 ) ) ;
#2649 = CARTESIAN_POINT ( 'NONE',  ( 1.282877197436622208, -8.870052769949305471, -3.024713627046460296 ) ) ;
#2650 = CARTESIAN_POINT ( 'NONE',  ( -1.232840117323735107, -6.234631448042732060, 3.045439664250764178 ) ) ;
#2651 = CARTESIAN_POINT ( 'NONE',  ( -1.933135058238603321, -5.847034372820478332, -1.955885693645930345 ) ) ;
#2652 = CARTESIAN_POINT ( 'NONE',  ( 2.750000000000002220, 5.241527241015511152, 9.486758998627150629E-15 ) ) ;
#2653 = CARTESIAN_POINT ( 'NONE',  ( 0.9471984856003581310, 1.697657891003982344, -2.285076645648612459 ) ) ;
#2654 = CARTESIAN_POINT ( 'NONE',  ( -1.124158967115628460, -2.070153664090715218, 2.756136151528160383 ) ) ;
#2655 = DIRECTION ( 'NONE',  ( -1.224646799147353454E-16, 1.000000000000000000, -0.000000000000000000 ) ) ;
#2656 = CARTESIAN_POINT ( 'NONE',  ( -1.231664351094882148, 7.254947230050694529, -3.045926682568936616 ) ) ;
#2657 = AXIS2_PLACEMENT_3D ( 'NONE', #4167, #2176, #843 ) ;
#2658 = CARTESIAN_POINT ( 'NONE',  ( 2.285563663966788006, -11.42734210899601699, -0.9460227193715036176 ) ) ;
#2659 = CARTESIAN_POINT ( 'NONE',  ( 2.285563663966784897, 5.572657891003980346, -0.9460227193715035066 ) ) ;
#2660 = VERTEX_POINT ( 'NONE', #2303 ) ;
#2661 = AXIS2_PLACEMENT_3D ( 'NONE', #486, #4124, #839 ) ;
#2662 = ORIENTED_EDGE ( 'NONE', *, *, #2583, .T. ) ;
#2663 = EDGE_CURVE ( 'NONE', #1212, #1862, #683, .T. ) ;
#2664 = CARTESIAN_POINT ( 'NONE',  ( 1.282877197436621541, -2.870052769949305471, -3.024713627046460296 ) ) ;
#2665 = CARTESIAN_POINT ( 'NONE',  ( -0.9460227193715012861, -2.177342108996017433, -2.285563663966784009 ) ) ;
#2666 = CARTESIAN_POINT ( 'NONE',  ( 2.750000000000002665, -6.221150626953493301, 1.002858522616689488E-14 ) ) ;
#2667 =( BOUNDED_CURVE ( )  B_SPLINE_CURVE ( 2, ( #538, #1229, #3226, #1187, #1506, #2487, #3547, #2244, #3466, #3848, #1900 ),
 .UNSPECIFIED., .F., .T. ) 
 B_SPLINE_CURVE_WITH_KNOTS ( ( 3, 2, 2, 2, 2, 3 ),
 ( 0.7143311835589939429, 0.7202380952380952328, 0.7261904761904761640, 0.7321428571428570953, 0.7380952380952381375, 0.7381407073685177789 ),
 .UNSPECIFIED. ) 
 CURVE ( )  GEOMETRIC_REPRESENTATION_ITEM ( )  RATIONAL_B_SPLINE_CURVE ( ( 0.9988459397136756346, 0.9244610044241410307, 1.000000000000000000, 0.9238795325112867385, 1.000000000000000000, 0.9238795325112867385, 1.000000000000000000, 0.9238795325112867385, 1.000000000000000000, 0.9994185280871457078, 0.9988459397136756346 ) ) 
 REPRESENTATION_ITEM ( '' )  );
#2668 = CARTESIAN_POINT ( 'NONE',  ( 1.281701431207768360, 3.890368551957270160, 3.025200645364631402 ) ) ;
#2669 = ORIENTED_EDGE ( 'NONE', *, *, #1660, .T. ) ;
#2670 = CARTESIAN_POINT ( 'NONE',  ( 2.750000000000000444, 12.50000000000000000, 3.367778697655221012E-16 ) ) ;
#2671 = CARTESIAN_POINT ( 'NONE',  ( -1.231664351094880372, -6.745052769949306359, -3.045926682568936616 ) ) ;
#2672 = CARTESIAN_POINT ( 'NONE',  ( -3.025200645364629626, -6.359631448042731172, 1.281701431207765474 ) ) ;
#2673 = CARTESIAN_POINT ( 'NONE',  ( -2.749999999999995115, -5.659017934196078237, 1.129674997702178718 ) ) ;
#2674 = CARTESIAN_POINT ( 'NONE',  ( -2.749999999999998668, 4.741527241015510263, -9.520676621074870057E-15 ) ) ;
#2675 = CARTESIAN_POINT ( 'NONE',  ( -1.616381074783568739, 1.135157891003981900, 1.615549682510057927 ) ) ;
#2676 = CARTESIAN_POINT ( 'NONE',  ( 2.743289438998259389, 2.715465627179521668, 1.155154934624598617 ) ) ;
#2677 = CARTESIAN_POINT ( 'NONE',  ( -0.01608712857281911768, -11.47203437282047922, 2.749952945832760953 ) ) ;
#2678 = CARTESIAN_POINT ( 'NONE',  ( 4.468337651538803533E-16, 12.50000000000000000, 0.000000000000000000 ) ) ;
#2679 = CARTESIAN_POINT ( 'NONE',  ( -2.285320154807694681, -10.98984210899601877, -0.0005878831144266401286 ) ) ;
#2680 = CARTESIAN_POINT ( 'NONE',  ( -2.285320154807696902, 6.010157891003981234, -0.0005878831144266431644 ) ) ;
#2681 = CARTESIAN_POINT ( 'NONE',  ( 2.750000000000003109, -8.221593030817619052, 0.008043633102130553700 ) ) ;
#2682 = VERTEX_POINT ( 'NONE', #134 ) ;
#2683 = CARTESIAN_POINT ( 'NONE',  ( 2.164401940002779856, -3.932552769949304583, -2.128188989070671777 ) ) ;
#2684 = CARTESIAN_POINT ( 'NONE',  ( 1.153982133839833057, -2.945153664090716550, 2.743782991398082238 ) ) ;
#2685 = CARTESIAN_POINT ( 'NONE',  ( -1.616381074783568073, -3.864842108996017433, 1.615549682510057927 ) ) ;
#2686 = CYLINDRICAL_SURFACE ( 'NONE', #1732, 2.750000000000000000 ) ;
#2687 = EDGE_CURVE ( 'NONE', #4202, #1422, #3711, .T. ) ;
#2688 = CARTESIAN_POINT ( 'NONE',  ( -1.281701431207764585, 5.390368551957268828, -3.025200645364631846 ) ) ;
#2689 = ORIENTED_EDGE ( 'NONE', *, *, #3879, .T. ) ;
#2690 = ORIENTED_EDGE ( 'NONE', *, *, #1408, .T. ) ;
#2691 =( BOUNDED_CURVE ( )  B_SPLINE_CURVE ( 2, ( #1940, #3561, #962, #1619, #3951, #2928, #1639, #7, #1578, #639, #2306 ),
 .UNSPECIFIED., .F., .F. ) 
 B_SPLINE_CURVE_WITH_KNOTS ( ( 3, 2, 2, 2, 2, 3 ),
 ( 0.1667088150743146757, 0.1726190476190475609, 0.1785714285714284921, 0.1845238095238095344, 0.1904761904761904656, 0.1905183388838385117 ),
 .UNSPECIFIED. ) 
 CURVE ( )  GEOMETRIC_REPRESENTATION_ITEM ( )  RATIONAL_B_SPLINE_CURVE ( ( 0.9989296255183136575, 0.9244185364022912132, 1.000000000000000000, 0.9238795325112867385, 1.000000000000000000, 0.9238795325112867385, 1.000000000000000000, 0.9238795325112867385, 1.000000000000000000, 0.9994609961089955252, 0.9989296255183136575 ) ) 
 REPRESENTATION_ITEM ( '' )  );
#2692 = DIRECTION ( 'NONE',  ( -1.224646799147353454E-16, 1.000000000000000000, -0.000000000000000000 ) ) ;
#2693 = CARTESIAN_POINT ( 'NONE',  ( 2.285320154807700455, -2.489842108996017878, 0.0005878831144263602961 ) ) ;
#2694 = CARTESIAN_POINT ( 'NONE',  ( 3.035320154807700899, -4.922131448042731172, -0.02443065694201510679 ) ) ;
#2695 = VECTOR ( 'NONE', #3736, 1000.000000000000000 ) ;
#2696 = CARTESIAN_POINT ( 'NONE',  ( -0.01491158336209948317, 7.492346335909284782, -2.749959571463121311 ) ) ;
#2697 = CARTESIAN_POINT ( 'NONE',  ( 0.9460227193715051719, 6.322657891003981234, 2.285563663966783565 ) ) ;
#2698 = CARTESIAN_POINT ( 'NONE',  ( 1.155154934624599505, -4.034534372820478332, -2.743289438998258500 ) ) ;
#2699 = DIRECTION ( 'NONE',  ( -1.224646799147353454E-16, 1.000000000000000000, -0.000000000000000000 ) ) ;
#2700 = CARTESIAN_POINT ( 'NONE',  ( 2.323898429284034783, 7.500000000000004441, -0.2035142228785221663 ) ) ;
#2701 = CARTESIAN_POINT ( 'NONE',  ( -1.616381074783567628, -6.864842108996017878, 1.615549682510057927 ) ) ;
#2702 = CARTESIAN_POINT ( 'NONE',  ( 1.616381074783571847, 3.635157891003982567, -1.615549682510057927 ) ) ;
#2703 = FACE_OUTER_BOUND ( 'NONE', #2386, .T. ) ;
#2704 = VERTEX_POINT ( 'NONE', #91 ) ;
#2705 = CARTESIAN_POINT ( 'NONE',  ( -0.02560642317086659139, 1.692447230050695195, 3.035320154807698234 ) ) ;
#2706 = DIRECTION ( 'NONE',  ( -1.224646799147353454E-16, 1.000000000000000000, -0.000000000000000000 ) ) ;
#2707 = CARTESIAN_POINT ( 'NONE',  ( 0.0005878831144290001115, -4.239842108996017878, -2.285320154807698234 ) ) ;
#2708 = CARTESIAN_POINT ( 'NONE',  ( -2.285320154807697346, 8.010157891003983011, -0.0005878831144266401286 ) ) ;
#2709 = CARTESIAN_POINT ( 'NONE',  ( 1.232840117323737550, 5.265368551957268828, -3.045439664250765954 ) ) ;
#2710 = EDGE_LOOP ( 'NONE', ( #2058, #1904 ) ) ;
#2711 = EDGE_CURVE ( 'NONE', #1102, #2853, #2243, .T. ) ;
#2712 = CARTESIAN_POINT ( 'NONE',  ( 0.01491158336210353201, -11.00765366409071611, 2.749959571463121311 ) ) ;
#2713 = CARTESIAN_POINT ( 'NONE',  ( -0.0005878831144243444390, -3.739842108996017433, 2.285320154807698234 ) ) ;
#2714 = CARTESIAN_POINT ( 'NONE',  ( 3.025200645364634067, -6.859631448042731172, -1.281701431207766362 ) ) ;
#2715 = EDGE_CURVE ( 'NONE', #3294, #2014, #1645, .T. ) ;
#2716 = CARTESIAN_POINT ( 'NONE',  ( 1.955885693645933232, -9.097034372820479220, -1.933135058238605763 ) ) ;
#2717 = CARTESIAN_POINT ( 'NONE',  ( 2.280236653855483464, 7.499999999999998224, 0.1523461781299133844 ) ) ;
#2718 = CARTESIAN_POINT ( 'NONE',  ( -2.285076645648611571, 6.947657891003982122, -0.9471984856003564657 ) ) ;
#2719 = CARTESIAN_POINT ( 'NONE',  ( 2.750000000000001776, 2.778406969182381392, 0.008043633102135430007 ) ) ;
#2720 = FACE_OUTER_BOUND ( 'NONE', #3113, .T. ) ;
#2721 = CARTESIAN_POINT ( 'NONE',  ( 2.750000000000001776, -3.221150626953491969, -9.619843633150466576E-15 ) ) ;
#2722 = CARTESIAN_POINT ( 'NONE',  ( -2.749999999999999556, 12.50000000000000000, 0.000000000000000000 ) ) ;
#2723 = CARTESIAN_POINT ( 'NONE',  ( -2.285563663966781345, -3.927342108996017433, 0.9460227193715032845 ) ) ;
#2724 = CARTESIAN_POINT ( 'NONE',  ( -0.0005878831144252046450, 3.260157891003982122, 2.285320154807698234 ) ) ;
#2725 = CARTESIAN_POINT ( 'NONE',  ( 2.743289438998260721, -8.284534372820479220, 1.155154934624598617 ) ) ;
#2726 = EDGE_LOOP ( 'NONE', ( #676, #1524, #175, #4049 ) ) ;
#2727 = AXIS2_PLACEMENT_3D ( 'NONE', #2678, #3738, #3401 ) ;
#2728 = CARTESIAN_POINT ( 'NONE',  ( -3.024713627046458075, 1.379947230050694973, -1.282877197436619099 ) ) ;
#2729 = CARTESIAN_POINT ( 'NONE',  ( -2.050135986122713749, -11.93086851315796437, 1.094650296420733193 ) ) ;
#2730 = CARTESIAN_POINT ( 'NONE',  ( -2.285563663966782233, -5.927342108996019654, 0.9460227193715031735 ) ) ;
#2731 = CARTESIAN_POINT ( 'NONE',  ( -2.285076645648609350, -9.052342108996018766, -0.9471984856003564657 ) ) ;
#2732 = EDGE_CURVE ( 'NONE', #2020, #4110, #2419, .T. ) ;
#2733 = ORIENTED_EDGE ( 'NONE', *, *, #4114, .F. ) ;
#2734 = CARTESIAN_POINT ( 'NONE',  ( 2.750000000000002665, -0.7584727589844915130, 9.486758998627150629E-15 ) ) ;
#2735 = CARTESIAN_POINT ( 'NONE',  ( -2.285563663966783121, -1.927342108996017433, 0.9460227193715031735 ) ) ;
#2736 = CARTESIAN_POINT ( 'NONE',  ( 3.025200645364634067, -4.859631448042732060, -1.281701431207766362 ) ) ;
#2737 = CARTESIAN_POINT ( 'NONE',  ( -2.749999999999998668, 1.741527241015508931, -9.797953184584977129E-15 ) ) ;
#2738 = CARTESIAN_POINT ( 'NONE',  ( 2.750000000000002665, -1.221150626953494411, 9.882727230318703812E-15 ) ) ;
#2739 = CARTESIAN_POINT ( 'NONE',  ( -0.9471984856003562436, 6.197657891003981234, 2.285076645648612459 ) ) ;
#2740 = ADVANCED_FACE ( 'NONE', ( #1134 ), #3414, .T. ) ;
#2741 = CARTESIAN_POINT ( 'NONE',  ( 1.124158967115630459, 2.429846335909283894, -2.756136151528160827 ) ) ;
#2742 = DIRECTION ( 'NONE',  ( -1.224646799147353454E-16, 1.000000000000000000, -0.000000000000000000 ) ) ;
#2743 = CYLINDRICAL_SURFACE ( 'NONE', #1461, 2.750000000000000000 ) ;
#2744 = CARTESIAN_POINT ( 'NONE',  ( -2.749999999999999556, 12.50000000000000000, 0.000000000000000000 ) ) ;
#2745 = DIRECTION ( 'NONE',  ( -1.224646799147353454E-16, 1.000000000000000000, -0.000000000000000000 ) ) ;
#2746 = CARTESIAN_POINT ( 'NONE',  ( -0.9471984856003549114, -4.802342108996018766, 2.285076645648612459 ) ) ;
#2747 = CARTESIAN_POINT ( 'NONE',  ( -0.0005878831144256945959, 7.260157891003982122, 2.285320154807698234 ) ) ;
#2748 = DIRECTION ( 'NONE',  ( -1.000000000000000000, 0.000000000000000000, 0.000000000000000000 ) ) ;
#2749 = EDGE_LOOP ( 'NONE', ( #992, #2301, #1585, #16 ) ) ;
#2750 = CARTESIAN_POINT ( 'NONE',  ( -0.02560642317086646996, 0.6924472300506960831, 3.035320154807698234 ) ) ;
#2751 = FACE_OUTER_BOUND ( 'NONE', #2726, .T. ) ;
#2752 = CARTESIAN_POINT ( 'NONE',  ( -2.285563663966782233, -4.927342108996018766, 0.9460227193715031735 ) ) ;
#2753 = CARTESIAN_POINT ( 'NONE',  ( 0.9471984856003597963, -12.30234210899601877, -2.285076645648612459 ) ) ;
#2754 = ORIENTED_EDGE ( 'NONE', *, *, #3331, .T. ) ;
#2755 = CARTESIAN_POINT ( 'NONE',  ( -1.124158967115628460, -1.070153664090716106, 2.756136151528160383 ) ) ;
#2756 = CARTESIAN_POINT ( 'NONE',  ( 1.616381074783572513, -2.364842108996017878, -1.615549682510057927 ) ) ;
#2757 = CARTESIAN_POINT ( 'NONE',  ( 2.129020381344185697, -3.797131448042732060, -2.163570547729265492 ) ) ;
#2758 = VECTOR ( 'NONE', #885, 1000.000000000000000 ) ;
#2759 = CARTESIAN_POINT ( 'NONE',  ( -2.749999999999996891, -8.721150626953495077, -4.714944516953152182E-16 ) ) ;
#2760 = CARTESIAN_POINT ( 'NONE',  ( 2.749999999999996003, 7.179367593583296348, 1.130362027696530935 ) ) ;
#2761 = CARTESIAN_POINT ( 'NONE',  ( 2.285320154807699566, 6.510157891003981234, 0.0005878831144263602961 ) ) ;
#2762 = CARTESIAN_POINT ( 'NONE',  ( -2.129020381344180368, -12.29713144804273028, 2.163570547729265492 ) ) ;
#2763 = CARTESIAN_POINT ( 'NONE',  ( 3.999999999999998224, 7.499999999999999112, 5.051668046482830778E-16 ) ) ;
#2764 = AXIS2_PLACEMENT_3D ( 'NONE', #2261, #1366, #1281 ) ;
#2765 = CARTESIAN_POINT ( 'NONE',  ( -2.749959571463119534, 2.742346335909284338, 0.01491158336210037481 ) ) ;
#2766 = CARTESIAN_POINT ( 'NONE',  ( -2.749999999999997780, -4.721150626953493301, 9.429889033906309885E-15 ) ) ;
#2767 = CARTESIAN_POINT ( 'NONE',  ( -0.0005878831144240994093, -5.739842108996017878, 2.285320154807698234 ) ) ;
#2768 = CARTESIAN_POINT ( 'NONE',  ( -2.128188989070668224, -10.68255276994930547, -2.164401940002777192 ) ) ;
#2769 = CARTESIAN_POINT ( 'NONE',  ( 4.468337651538803533E-16, 12.50000000000000000, 0.000000000000000000 ) ) ;
#2770 = ORIENTED_EDGE ( 'NONE', *, *, #3527, .T. ) ;
#2771 = CARTESIAN_POINT ( 'NONE',  ( 2.164401940002779412, -0.9325527699493053602, -2.128188989070671777 ) ) ;
#2772 = CARTESIAN_POINT ( 'NONE',  ( 2.561457697293134217, -11.67521782473119529, 0.3018023484969769021 ) ) ;
#2773 = CARTESIAN_POINT ( 'NONE',  ( 0.9471984856003593523, -9.302342108996018766, -2.285076645648612459 ) ) ;
#2774 = ORIENTED_EDGE ( 'NONE', *, *, #3331, .F. ) ;
#2775 = CARTESIAN_POINT ( 'NONE',  ( 4.468337651538803533E-16, 12.50000000000000000, 0.000000000000000000 ) ) ;
#2776 = CARTESIAN_POINT ( 'NONE',  ( -2.285563663966783121, -2.927342108996018766, 0.9460227193715031735 ) ) ;
#2777 = CARTESIAN_POINT ( 'NONE',  ( 2.129020381344185697, -1.797131448042731838, -2.163570547729265492 ) ) ;
#2778 = CARTESIAN_POINT ( 'NONE',  ( 2.750000000000002665, -8.221150626953493301, 1.322898101878941796E-16 ) ) ;
#2779 = CARTESIAN_POINT ( 'NONE',  ( -2.749959571463120422, 6.742346335909284782, 0.01491158336210037481 ) ) ;
#2780 = CARTESIAN_POINT ( 'NONE',  ( -2.749999999999999556, 6.741527241015509375, -9.797953184584977129E-15 ) ) ;
#2781 = CARTESIAN_POINT ( 'NONE',  ( 2.743289438998259389, 4.715465627179522556, 1.155154934624598617 ) ) ;
#2782 = EDGE_CURVE ( 'NONE', #1549, #2336, #1361, .T. ) ;
#2783 = CARTESIAN_POINT ( 'NONE',  ( 2.750000000000001776, 1.778849373046506255, 1.017953129163769706E-14 ) ) ;
#2784 = CARTESIAN_POINT ( 'NONE',  ( -1.955885693645927681, -7.597034372820478332, 1.933135058238605763 ) ) ;
#2785 = CARTESIAN_POINT ( 'NONE',  ( 2.750000000000002220, -4.221150626953493301, -9.619843633150466576E-15 ) ) ;
#2786 = CARTESIAN_POINT ( 'NONE',  ( -2.285563663966781345, -6.927342108996018766, 0.9460227193715032845 ) ) ;
#2787 = CARTESIAN_POINT ( 'NONE',  ( 0.0005878831144275304755, 7.760157891003983011, -2.285320154807698234 ) ) ;
#2788 = CYLINDRICAL_SURFACE ( 'NONE', #3157, 2.750000000000000000 ) ;
#2789 = ORIENTED_EDGE ( 'NONE', *, *, #742, .T. ) ;
#2790 = CARTESIAN_POINT ( 'NONE',  ( 3.035320154807700010, 1.942447230050695417, 0.02560642317086780570 ) ) ;
#2791 = CARTESIAN_POINT ( 'NONE',  ( 1.446262665116975876, -11.75942516092676371, 2.033244527348805342 ) ) ;
#2792 = CARTESIAN_POINT ( 'NONE',  ( -2.285563663966780901, -11.92734210899601877, 0.9460227193715031735 ) ) ;
#2793 = VERTEX_POINT ( 'NONE', #3053 ) ;
#2794 = CARTESIAN_POINT ( 'NONE',  ( 0.0005878831144297348753, -10.23984210899601699, -2.285320154807698234 ) ) ;
#2795 = ADVANCED_BREP_SHAPE_REPRESENTATION ( 'Par\X2\00e7\X0\a 215 - M5x20', ( #671, #400 ), #124 ) ;
#2796 = VECTOR ( 'NONE', #1747, 1000.000000000000000 ) ;
#2797 = CARTESIAN_POINT ( 'NONE',  ( 2.285320154807700010, 1.510157891003982122, 0.0005878831144263602961 ) ) ;
#2798 = CARTESIAN_POINT ( 'NONE',  ( -2.163570547729263716, -0.5471314480427307281, -2.129020381344183477 ) ) ;
#2799 = CIRCLE ( 'NONE', #4025, 4.250000000000000888 ) ;
#2800 = CARTESIAN_POINT ( 'NONE',  ( -1.122980677478950140, -7.909534372820478332, -2.756616452667264294 ) ) ;
#2801 = CARTESIAN_POINT ( 'NONE',  ( -1.933135058238603321, -4.847034372820479220, -1.955885693645930345 ) ) ;
#2802 =( BOUNDED_CURVE ( )  B_SPLINE_CURVE ( 2, ( #3484, #3867, #2870, #555, #3166, #575, #1626, #2292, #2975, #2658, #2334, #38, #3570, #294, #692, #3979, #2679, #1028, #319, #1350, #3917, #1988, #2995, #3958, #383, #1604, #14, #3273, #59, #3890, #4216, #3613, #2934, #3938, #2911, #1051, #3591, #339, #968, #2617, #1330, #3634, #1308, #1668, #3656, #1646, #738, #2354, #2268, #716, #2638, #2011, #989, #3250, #2595, #672, #1691, #4239, #1008, #3292, #2955, #649, #1948, #3315, #2312, #1287, #2031, #1969, #1371, #360, #3403, #493, #101, #1073, #1395, #826, #1795, #3678, #428, #3336, #3041, #2786, #2701, #1456, #3740, #3721, #2100, #1419, #471, #3760, #807, #4003, #2443, #3064, #1099, #2078, #1774, #1734, #2122, #4087, #2767, #3084, #3383, #1714, #3105, #3017, #168, #450, #1755, #1478, #1163, #125, #1438, #3702, #2398, #2746, #2461, #845, #782, #406, #4046, #4067, #78, #2376, #760, #2055, #1121, #2422, #3359, #2723, #146, #1145, #2504, #2825, #550, #1580, #3200, #3798, #1261, #3160, #882, #228, #4106, #4151, #2567, #3518, #3499, #4131, #3139, #2865, #3460, #1204, #571, #248, #4169, #1876, #1182, #2140, #2521, #2884, #4188, #2197, #2543, #3479, #1242, #3819, #593, #1561, #2218, #3442, #1854, #2178, #1895, #1501, #1816, #1223, #2159, #1541, #513, #3864, #2845, #3843, #3180, #3780, #185, #922, #205, #2806, #2481, #865, #532, #1836, #1521, #3608, #1964, #688, #3245, #3885, #3220, #1942, #1024, #4211, #3587, #1621, #1282, #2588, #964, #1344, #666, #942, #2675, #615, #1984, #314, #1004, #2330, #2930, #2906, #287, #2653, #3630, #3542, #2237, #1915, #2989, #376, #1599, #3288, #3953, #1323, #3933, #4235, #2308, #1367, #2633, #2262, #33, #3268, #1304, #3909, #355, #1663, #3563, #2970, #641, #710, #985, #2614, #2287, #2005, #336, #1641, #3310, #1685, #54, #2951, #9, #3974, #117, #3421, #2117, #3998, #801, #3354, #2072, #820, #1749, #399, #3036, #754, #2049, #1069, #96, #3058, #423, #2438, #3098, #162, #2371, #488, #4018, #1709, #1729, #777, #1140, #1432, #4041, #3330, #1415, #3012, #1115, #2739, #2415, #2697, #1789, #3716, #2761, #140, #3672, #1451, #4062, #3694, #2095, #2718, #1473, #1092, #1044, #2348, #1770, #2392, #75, #3376, #3398 ),
 .UNSPECIFIED., .F., .F. ) 
 B_SPLINE_CURVE_WITH_KNOTS ( ( 3, 2, 2, 2, 2, 2, 2, 2, 2, 2, 2, 2, 2, 2, 2, 2, 2, 2, 2, 2, 2, 2, 2, 2, 2, 2, 2, 2, 2, 2, 2, 2, 2, 2, 2, 2, 2, 2, 2, 2, 2, 2, 2, 2, 2, 2, 2, 2, 2, 2, 2, 2, 2, 2, 2, 2, 2, 2, 2, 2, 2, 2, 2, 2, 2, 2, 2, 2, 2, 2, 2, 2, 2, 2, 2, 2, 2, 2, 2, 2, 2, 2, 2, 2, 2, 2, 2, 2, 2, 2, 2, 2, 2, 2, 2, 2, 2, 2, 2, 2, 2, 2, 2, 2, 2, 2, 2, 2, 2, 2, 2, 2, 2, 2, 2, 2, 2, 2, 2, 2, 2, 2, 2, 2, 2, 2, 2, 2, 2, 2, 2, 2, 2, 2, 2, 2, 2, 2, 2, 2, 2, 2, 2, 2, 2, 2, 2, 2, 2, 2, 2, 2, 2, 2, 2, 2, 3 ),
 ( 0.02505244961331143383, 0.02976190476190476025, 0.03571428571428571230, 0.04166666666666666435, 0.04761904761904761640, 0.05357142857142856845, 0.05952380952380952051, 0.06547619047619047949, 0.07142857142857142461, 0.07738095238095238360, 0.08333333333333332871, 0.08928571428571428770, 0.09523809523809523281, 0.1011904761904761918, 0.1071428571428571369, 0.1130952380952380959, 0.1190476190476190549, 0.1250000000000000000, 0.1309523809523809590, 0.1369047619047619180, 0.1428571428571428492, 0.1488095238095238082, 0.1547619047619047672, 0.1607142857142857262, 0.1666666666666666574, 0.1726190476190476164, 0.1785714285714285754, 0.1845238095238095344, 0.1904761904761904656, 0.1964285714285714246, 0.2023809523809523836, 0.2083333333333333426, 0.2142857142857142738, 0.2202380952380952051, 0.2261904761904761918, 0.2321428571428571508, 0.2380952380952380820, 0.2440476190476190410, 0.2500000000000000000, 0.2559523809523809312, 0.2619047619047619180, 0.2678571428571428492, 0.2738095238095238360, 0.2797619047619047672, 0.2857142857142856984, 0.2916666666666666852, 0.2976190476190476164, 0.3035714285714285476, 0.3095238095238095344, 0.3154761904761904656, 0.3214285714285714524, 0.3273809523809523836, 0.3333333333333333148, 0.3392857142857143016, 0.3452380952380952328, 0.3511904761904761640, 0.3571428571428571508, 0.3630952380952380820, 0.3690476190476190688, 0.3750000000000000000, 0.3809523809523808757, 0.3869047619047619180, 0.3928571428571428492, 0.3988095238095238360, 0.4047619047619047672, 0.4107142857142856984, 0.4166666666666666852, 0.4226190476190476164, 0.4285714285714285476, 0.4345238095238095899, 0.4404761904761904656, 0.4464285714285714524, 0.4523809523809523836, 0.4583333333333333148, 0.4642857142857143016, 0.4702380952380952328, 0.4761904761904761640, 0.4821428571428571508, 0.4880952380952380820, 0.4940476190476190688, 0.5000000000000000000, 0.5059523809523809312, 0.5119047619047618625, 0.5178571428571429047, 0.5238095238095238360, 0.5297619047619047672, 0.5357142857142856984, 0.5416666666666666297, 0.5476190476190476719, 0.5535714285714286031, 0.5595238095238095344, 0.5654761904761904656, 0.5714285714285713969, 0.5773809523809523281, 0.5833333333333333703, 0.5892857142857143016, 0.5952380952380952328, 0.6011904761904761640, 0.6071428571428570953, 0.6130952380952381375, 0.6190476190476190688, 0.6250000000000000000, 0.6309523809523809312, 0.6369047619047618625, 0.6428571428571427937, 0.6488095238095238360, 0.6547619047619047672, 0.6607142857142856984, 0.6666666666666666297, 0.6726190476190476719, 0.6785714285714286031, 0.6845238095238095344, 0.6904761904761904656, 0.6964285714285713969, 0.7023809523809522171, 0.7083333333333333703, 0.7142857142857143016, 0.7202380952380952328, 0.7261904761904761640, 0.7321428571428570953, 0.7380952380952381375, 0.7440476190476190688, 0.7500000000000000000, 0.7559523809523808202, 0.7619047619047618625, 0.7678571428571429047, 0.7738095238095238360, 0.7797619047619047672, 0.7857142857142856984, 0.7916666666666666297, 0.7976190476190476719, 0.8035714285714286031, 0.8095238095238096454, 0.8154761904761904656, 0.8214285714285713969, 0.8273809523809523281, 0.8333333333333333703, 0.8392857142857143016, 0.8452380952380952328, 0.8511904761904761640, 0.8571428571428570953, 0.8630952380952382486, 0.8690476190476190688, 0.8750000000000000000, 0.8809523809523809312, 0.8869047619047618625, 0.8928571428571429047, 0.8988095238095238360, 0.9047619047619047672, 0.9107142857142856984, 0.9166666666666666297, 0.9226190476190476719, 0.9285714285714286031, 0.9345238095238095344, 0.9404761904761904656, 0.9464285714285713969, 0.9518673255254302967 ),
 .UNSPECIFIED. ) 
 CURVE ( )  GEOMETRIC_REPRESENTATION_ITEM ( )  RATIONAL_B_SPLINE_CURVE ( ( 0.9748483850698065334, 0.9397743641752873689, 1.000000000000000000, 0.9238795325112867385, 1.000000000000000000, 0.9238795325112867385, 1.000000000000000000, 0.9238795325112867385, 1.000000000000000000, 0.9238795325112867385, 1.000000000000000000, 0.9238795325112867385, 1.000000000000000000, 0.9238795325112867385, 1.000000000000000000, 0.9238795325112867385, 1.000000000000000000, 0.9238795325112867385, 1.000000000000000000, 0.9238795325112867385, 1.000000000000000000, 0.9238795325112867385, 1.000000000000000000, 0.9238795325112867385, 1.000000000000000000, 0.9238795325112867385, 1.000000000000000000, 0.9238795325112867385, 1.000000000000000000, 0.9238795325112867385, 1.000000000000000000, 0.9238795325112867385, 1.000000000000000000, 0.9238795325112867385, 1.000000000000000000, 0.9238795325112867385, 1.000000000000000000, 0.9238795325112867385, 1.000000000000000000, 0.9238795325112867385, 1.000000000000000000, 0.9238795325112867385, 1.000000000000000000, 0.9238795325112867385, 1.000000000000000000, 0.9238795325112867385, 1.000000000000000000, 0.9238795325112867385, 1.000000000000000000, 0.9238795325112867385, 1.000000000000000000, 0.9238795325112867385, 1.000000000000000000, 0.9238795325112867385, 1.000000000000000000, 0.9238795325112867385, 1.000000000000000000, 0.9238795325112867385, 1.000000000000000000, 0.9238795325112867385, 1.000000000000000000, 0.9238795325112867385, 1.000000000000000000, 0.9238795325112867385, 1.000000000000000000, 0.9238795325112867385, 1.000000000000000000, 0.9238795325112867385, 1.000000000000000000, 0.9238795325112867385, 1.000000000000000000, 0.9238795325112867385, 1.000000000000000000, 0.9238795325112867385, 1.000000000000000000, 0.9238795325112867385, 1.000000000000000000, 0.9238795325112867385, 1.000000000000000000, 0.9238795325112867385, 1.000000000000000000, 0.9238795325112867385, 1.000000000000000000, 0.9238795325112867385, 1.000000000000000000, 0.9238795325112867385, 1.000000000000000000, 0.9238795325112867385, 1.000000000000000000, 0.9238795325112867385, 1.000000000000000000, 0.9238795325112867385, 1.000000000000000000, 0.9238795325112867385, 1.000000000000000000, 0.9238795325112867385, 1.000000000000000000, 0.9238795325112867385, 1.000000000000000000, 0.9238795325112867385, 1.000000000000000000, 0.9238795325112867385, 1.000000000000000000, 0.9238795325112867385, 1.000000000000000000, 0.9238795325112867385, 1.000000000000000000, 0.9238795325112867385, 1.000000000000000000, 0.9238795325112867385, 1.000000000000000000, 0.9238795325112867385, 1.000000000000000000, 0.9238795325112867385, 1.000000000000000000, 0.9238795325112867385, 1.000000000000000000, 0.9238795325112867385, 1.000000000000000000, 0.9238795325112867385, 1.000000000000000000, 0.9238795325112867385, 1.000000000000000000, 0.9238795325112867385, 1.000000000000000000, 0.9238795325112867385, 1.000000000000000000, 0.9238795325112867385, 1.000000000000000000, 0.9238795325112867385, 1.000000000000000000, 0.9238795325112867385, 1.000000000000000000, 0.9238795325112867385, 1.000000000000000000, 0.9238795325112867385, 1.000000000000000000, 0.9238795325112867385, 1.000000000000000000, 0.9238795325112867385, 1.000000000000000000, 0.9238795325112867385, 1.000000000000000000, 0.9238795325112867385, 1.000000000000000000, 0.9238795325112867385, 1.000000000000000000, 0.9238795325112867385, 1.000000000000000000, 0.9238795325112867385, 1.000000000000000000, 0.9238795325112867385, 1.000000000000000000, 0.9238795325112867385, 1.000000000000000000, 0.9238795325112867385, 1.000000000000000000, 0.9238795325112867385, 1.000000000000000000, 0.9238795325112867385, 1.000000000000000000, 0.9238795325112867385, 1.000000000000000000, 0.9238795325112867385, 1.000000000000000000, 0.9238795325112867385, 1.000000000000000000, 0.9238795325112867385, 1.000000000000000000, 0.9238795325112867385, 1.000000000000000000, 0.9238795325112867385, 1.000000000000000000, 0.9238795325112867385, 1.000000000000000000, 0.9238795325112867385, 1.000000000000000000, 0.9238795325112867385, 1.000000000000000000, 0.9238795325112867385, 1.000000000000000000, 0.9238795325112867385, 1.000000000000000000, 0.9238795325112867385, 1.000000000000000000, 0.9238795325112867385, 1.000000000000000000, 0.9238795325112867385, 1.000000000000000000, 0.9238795325112867385, 1.000000000000000000, 0.9238795325112867385, 1.000000000000000000, 0.9238795325112867385, 1.000000000000000000, 0.9238795325112867385, 1.000000000000000000, 0.9238795325112867385, 1.000000000000000000, 0.9238795325112867385, 1.000000000000000000, 0.9238795325112867385, 1.000000000000000000, 0.9238795325112867385, 1.000000000000000000, 0.9238795325112867385, 1.000000000000000000, 0.9238795325112867385, 1.000000000000000000, 0.9238795325112867385, 1.000000000000000000, 0.9238795325112867385, 1.000000000000000000, 0.9238795325112867385, 1.000000000000000000, 0.9238795325112867385, 1.000000000000000000, 0.9238795325112867385, 1.000000000000000000, 0.9238795325112867385, 1.000000000000000000, 0.9238795325112867385, 1.000000000000000000, 0.9238795325112867385, 1.000000000000000000, 0.9238795325112867385, 1.000000000000000000, 0.9238795325112867385, 1.000000000000000000, 0.9238795325112867385, 1.000000000000000000, 0.9238795325112867385, 1.000000000000000000, 0.9238795325112867385, 1.000000000000000000, 0.9238795325112867385, 1.000000000000000000, 0.9238795325112867385, 1.000000000000000000, 0.9238795325112867385, 1.000000000000000000, 0.9238795325112867385, 1.000000000000000000, 0.9238795325112867385, 1.000000000000000000, 0.9238795325112867385, 1.000000000000000000, 0.9238795325112867385, 1.000000000000000000, 0.9238795325112867385, 1.000000000000000000, 0.9238795325112867385, 1.000000000000000000, 0.9238795325112867385, 1.000000000000000000, 0.9238795325112867385, 1.000000000000000000, 0.9238795325112867385, 1.000000000000000000, 0.9238795325112867385, 1.000000000000000000, 0.9238795325112867385, 1.000000000000000000, 0.9238795325112867385, 1.000000000000000000, 0.9238795325112867385, 1.000000000000000000, 0.9238795325112867385, 1.000000000000000000, 0.9238795325112867385, 1.000000000000000000, 0.9238795325112867385, 1.000000000000000000, 0.9238795325112867385, 1.000000000000000000, 0.9238795325112867385, 1.000000000000000000, 0.9238795325112867385, 1.000000000000000000, 0.9238795325112867385, 1.000000000000000000, 0.9238795325112867385, 1.000000000000000000, 0.9238795325112867385, 1.000000000000000000, 0.9238795325112867385, 1.000000000000000000, 0.9238795325112867385, 1.000000000000000000, 0.9238795325112867385, 1.000000000000000000, 0.9238795325112867385, 1.000000000000000000, 0.9238795325112867385, 1.000000000000000000, 0.9238795325112867385, 1.000000000000000000, 0.9238795325112867385, 1.000000000000000000, 0.9238795325112867385, 1.000000000000000000, 0.9238795325112867385, 1.000000000000000000, 0.9238795325112867385, 1.000000000000000000, 0.9238795325112867385, 1.000000000000000000, 0.9238795325112867385, 1.000000000000000000, 0.9238795325112867385, 1.000000000000000000, 0.9304479152592787239, 0.9879967969569927178 ) ) 
 REPRESENTATION_ITEM ( '' )  );
#2803 = CARTESIAN_POINT ( 'NONE',  ( 2.750000000000000444, 12.50000000000000000, 3.367778697655221012E-16 ) ) ;
#2804 = DIRECTION ( 'NONE',  ( -1.224646799147353454E-16, 1.000000000000000000, -0.000000000000000000 ) ) ;
#2805 = CYLINDRICAL_SURFACE ( 'NONE', #1194, 2.750000000000000000 ) ;
#2806 = CARTESIAN_POINT ( 'NONE',  ( 0.9471984856003583531, -0.3023421089960176555, -2.285076645648612459 ) ) ;
#2807 = CARTESIAN_POINT ( 'NONE',  ( -3.035320154807694681, -11.55755276994930369, -0.02560642317086817693 ) ) ;
#2808 = CYLINDRICAL_SURFACE ( 'NONE', #2069, 2.750000000000000000 ) ;
#2809 = VERTEX_POINT ( 'NONE', #4036 ) ;
#2810 = CARTESIAN_POINT ( 'NONE',  ( -3.024713627046458519, 4.379947230050696305, -1.282877197436619099 ) ) ;
#2811 = CARTESIAN_POINT ( 'NONE',  ( 2.285320154807701787, -11.48984210899601699, 0.0005878831144263602961 ) ) ;
#2812 = ORIENTED_EDGE ( 'NONE', *, *, #506, .T. ) ;
#2813 = CARTESIAN_POINT ( 'NONE',  ( 2.749959571463124863, -10.75765366409071611, -0.01491158336210071135 ) ) ;
#2814 = EDGE_CURVE ( 'NONE', #438, #3294, #1110, .T. ) ;
#2815 = CARTESIAN_POINT ( 'NONE',  ( -1.615549682510054819, -10.11484210899601699, -1.616381074783570293 ) ) ;
#2816 = CARTESIAN_POINT ( 'NONE',  ( 0.9460227193715056160, 3.322657891003982122, 2.285563663966783565 ) ) ;
#2817 = CARTESIAN_POINT ( 'NONE',  ( 1.281701431207769026, -1.109631448042731172, 3.025200645364631402 ) ) ;
#2818 = CARTESIAN_POINT ( 'NONE',  ( 0.01491158336210144861, 5.992346335909283894, 2.749959571463121311 ) ) ;
#2819 = CARTESIAN_POINT ( 'NONE',  ( 1.155154934624599283, -1.034534372820479664, -2.743289438998258500 ) ) ;
#2820 = CARTESIAN_POINT ( 'NONE',  ( -2.743782991398080462, -10.19515366409071611, 1.153982133839829727 ) ) ;
#2821 = CARTESIAN_POINT ( 'NONE',  ( 2.749959571463123087, 4.242346335909285671, -0.01491158336210071135 ) ) ;
#2822 = CARTESIAN_POINT ( 'NONE',  ( 2.750000000000002220, 4.778849373046508475, 9.882727230318703812E-15 ) ) ;
#2823 = CARTESIAN_POINT ( 'NONE',  ( -0.01608712857281960687, -7.472034372820480108, 2.749952945832760953 ) ) ;
#2824 = CARTESIAN_POINT ( 'NONE',  ( 0.01491158336210218413, -0.007653664090714876710, 2.749959571463121311 ) ) ;
#2825 = CARTESIAN_POINT ( 'NONE',  ( 0.9460227193715063931, -3.677342108996016989, 2.285563663966783565 ) ) ;
#2826 =( BOUNDED_CURVE ( )  B_SPLINE_CURVE ( 2, ( #1830, #1871, #840, #3137, #1537, #243, #2801, #201, #1198, #4165, #1517 ),
 .UNSPECIFIED., .F., .F. ) 
 B_SPLINE_CURVE_WITH_KNOTS ( ( 3, 2, 2, 2, 2, 3 ),
 ( 0.3333788026066129562, 0.3392857142857143016, 0.3452380952380952328, 0.3511904761904761640, 0.3571428571428571508, 0.3571883264161368476 ),
 .UNSPECIFIED. ) 
 CURVE ( )  GEOMETRIC_REPRESENTATION_ITEM ( )  RATIONAL_B_SPLINE_CURVE ( ( 0.9988459397136755236, 0.9244610044241410307, 1.000000000000000000, 0.9238795325112867385, 1.000000000000000000, 0.9238795325112867385, 1.000000000000000000, 0.9238795325112867385, 1.000000000000000000, 0.9994185280871450416, 0.9988459397136741913 ) ) 
 REPRESENTATION_ITEM ( '' )  );
#2827 = CARTESIAN_POINT ( 'NONE',  ( 2.164401940002780744, -10.93255276994930369, -2.128188989070671777 ) ) ;
#2828 = CARTESIAN_POINT ( 'NONE',  ( -0.01608712857282009606, -3.472034372820478776, 2.749952945832760953 ) ) ;
#2829 = EDGE_LOOP ( 'NONE', ( #2425, #2451, #2531, #18 ) ) ;
#2830 = CARTESIAN_POINT ( 'NONE',  ( 3.045926682568937949, 3.004947230050694529, -1.231664351094883481 ) ) ;
#2831 = CC_DESIGN_DATE_AND_TIME_ASSIGNMENT ( #898, #1614, ( #2316 ) ) ;
#2832 = CARTESIAN_POINT ( 'NONE',  ( -2.743289438998256724, 0.2154656271795213629, -1.155154934624597285 ) ) ;
#2833 = CARTESIAN_POINT ( 'NONE',  ( -1.616381074783567851, -4.864842108996017878, 1.615549682510057927 ) ) ;
#2834 = VERTEX_POINT ( 'NONE', #3968 ) ;
#2835 = CARTESIAN_POINT ( 'NONE',  ( 0.9471984856003597963, -12.30234210899601877, -2.285076645648612459 ) ) ;
#2836 = CARTESIAN_POINT ( 'NONE',  ( -2.285563663966783565, 3.072657891003982122, 0.9460227193715031735 ) ) ;
#2837 = CARTESIAN_POINT ( 'NONE',  ( 0.02443065694201691784, -3.172131448042731172, 3.035320154807698234 ) ) ;
#2838 = CARTESIAN_POINT ( 'NONE',  ( -2.749999999999998224, -0.7215930308176178309, -0.008043633102135766544 ) ) ;
#2839 = FACE_BOUND ( 'NONE', #558, .T. ) ;
#2840 = CARTESIAN_POINT ( 'NONE',  ( -1.999999999999999556, 10.50000000000000000, -1.154700538379251684 ) ) ;
#2841 = LINE ( 'NONE', #4148, #2695 ) ;
#2842 = EDGE_CURVE ( 'NONE', #652, #2958, #607, .T. ) ;
#2843 = CARTESIAN_POINT ( 'NONE',  ( -2.749999999999995115, -6.659017934196080013, 1.129674997702178718 ) ) ;
#2844 = DIRECTION ( 'NONE',  ( -1.224646799147353454E-16, 1.000000000000000000, -0.000000000000000000 ) ) ;
#2845 = CARTESIAN_POINT ( 'NONE',  ( -0.0005878831144247117666, -0.7398421089960180996, 2.285320154807698234 ) ) ;
#2846 = CARTESIAN_POINT ( 'NONE',  ( -3.035320154807695125, -7.557552769949304583, -0.02560642317086817693 ) ) ;
#2847 = CARTESIAN_POINT ( 'NONE',  ( -1.155154934624596175, -3.534534372820478332, 2.743289438998258056 ) ) ;
#2848 = ORIENTED_EDGE ( 'NONE', *, *, #2527, .F. ) ;
#2849 = CARTESIAN_POINT ( 'NONE',  ( -3.024713627046458075, 3.379947230050694973, -1.282877197436619099 ) ) ;
#2850 =( BOUNDED_CURVE ( )  B_SPLINE_CURVE ( 2, ( #3039, #426, #1772, #2374, #99, #804, #467, #3081, #2097, #76, #1048 ),
 .UNSPECIFIED., .F., .F. ) 
 B_SPLINE_CURVE_WITH_KNOTS ( ( 3, 2, 2, 2, 2, 3 ),
 ( 0.3809945293600289773, 0.3869047619047618625, 0.3928571428571427937, 0.3988095238095238360, 0.4047619047619047672, 0.4048040531695528133 ),
 .UNSPECIFIED. ) 
 CURVE ( )  GEOMETRIC_REPRESENTATION_ITEM ( )  RATIONAL_B_SPLINE_CURVE ( ( 0.9989296255183136575, 0.9244185364022912132, 1.000000000000000000, 0.9238795325112867385, 1.000000000000000000, 0.9238795325112867385, 1.000000000000000000, 0.9238795325112867385, 1.000000000000000000, 0.9994609961089955252, 0.9989296255183136575 ) ) 
 REPRESENTATION_ITEM ( '' )  );
#2851 = CARTESIAN_POINT ( 'NONE',  ( 2.749999999999981792, -3.820632406416704985, 1.130362027696546923 ) ) ;
#2852 = CARTESIAN_POINT ( 'NONE',  ( 2.285320154807700899, -5.489842108996017878, 0.0005878831144263602961 ) ) ;
#2853 = VERTEX_POINT ( 'NONE', #3666 ) ;
#2854 = CARTESIAN_POINT ( 'NONE',  ( -1.153982133839828172, -2.445153664090715218, -2.743782991398082238 ) ) ;
#2855 = CARTESIAN_POINT ( 'NONE',  ( 1.616381074783573624, -12.36484210899601877, -1.615549682510057927 ) ) ;
#2856 = CARTESIAN_POINT ( 'NONE',  ( -2.285320154807696458, 0.01015789100398262201, -0.0005878831144266401286 ) ) ;
#2857 = CARTESIAN_POINT ( 'NONE',  ( 2.129020381344184809, 3.202868551957269272, -2.163570547729265492 ) ) ;
#2858 = ADVANCED_FACE ( 'NONE', ( #3348 ), #2630, .T. ) ;
#2859 = CARTESIAN_POINT ( 'NONE',  ( -2.749999999999997335, -7.721593030817617276, -0.008043633102130891971 ) ) ;
#2860 = DIRECTION ( 'NONE',  ( 1.000000000000000000, 1.224646799147353454E-16, 0.000000000000000000 ) ) ;
#2861 = CARTESIAN_POINT ( 'NONE',  ( -2.749999999999994671, 5.679367593583293683, -1.130362027696529159 ) ) ;
#2862 = CARTESIAN_POINT ( 'NONE',  ( -3.035320154807695125, -8.422131448042730284, 0.02443065694201473556 ) ) ;
#2863 = CARTESIAN_POINT ( 'NONE',  ( 2.750000000000002665, -3.758472758984490625, 9.486758998627150629E-15 ) ) ;
#2864 = CARTESIAN_POINT ( 'NONE',  ( -2.749999999999998668, -0.2580627551294935040, 0.007455846486311585967 ) ) ;
#2865 = CARTESIAN_POINT ( 'NONE',  ( 0.9460227193715062821, -2.677342108996017878, 2.285563663966783565 ) ) ;
#2866 = EDGE_CURVE ( 'NONE', #658, #83, #2512, .T. ) ;
#2867 = CARTESIAN_POINT ( 'NONE',  ( 2.749952945832763174, -3.222034372820477888, 0.01608712857282199732 ) ) ;
#2868 = ORIENTED_EDGE ( 'NONE', *, *, #2500, .F. ) ;
#2869 = CARTESIAN_POINT ( 'NONE',  ( 2.164401940002778524, 6.067447230050693641, -2.128188989070671777 ) ) ;
#2870 = CARTESIAN_POINT ( 'NONE',  ( -1.616381074783566962, -11.86484210899601699, 1.615549682510057927 ) ) ;
#2871 = CARTESIAN_POINT ( 'NONE',  ( -1.616381074783568961, 3.135157891003982122, 1.615549682510057927 ) ) ;
#2872 = CARTESIAN_POINT ( 'NONE',  ( -2.285076645648610238, -6.052342108996017878, -0.9471984856003564657 ) ) ;
#2873 = VERTEX_POINT ( 'NONE', #3832 ) ;
#2874 = DIRECTION ( 'NONE',  ( -1.000000000000000000, 0.000000000000000000, 0.000000000000000000 ) ) ;
#2875 = CARTESIAN_POINT ( 'NONE',  ( -0.0005878831144239800386, -6.739842108996017878, 2.285320154807698234 ) ) ;
#2876 = CARTESIAN_POINT ( 'NONE',  ( 0.0005878831144281397971, 2.760157891003981678, -2.285320154807698234 ) ) ;
#2877 = CARTESIAN_POINT ( 'NONE',  ( -1.232840117323735996, -0.2346314480427304505, 3.045439664250764178 ) ) ;
#2878 = COORDINATED_UNIVERSAL_TIME_OFFSET ( 3, 0, .AHEAD. ) ;
#2879 = CARTESIAN_POINT ( 'NONE',  ( 0.01608712857282438083, -1.972034372820478554, -2.749952945832760953 ) ) ;
#2880 = CARTESIAN_POINT ( 'NONE',  ( 0.2041132847127170025, 7.499999999999996447, 2.678226092323361396 ) ) ;
#2881 = CARTESIAN_POINT ( 'NONE',  ( -3.035320154807695125, -10.42213144804273028, 0.02443065694201473556 ) ) ;
#2882 = CARTESIAN_POINT ( 'NONE',  ( 2.592932175826223595, -11.65706782417401399, -0.1819294278730979875 ) ) ;
#2883 = DIRECTION ( 'NONE',  ( -1.224646799147353454E-16, 1.000000000000000000, -0.000000000000000000 ) ) ;
#2884 = CARTESIAN_POINT ( 'NONE',  ( -2.285076645648610683, -2.052342108996017433, -0.9471984856003564657 ) ) ;
#2885 = CARTESIAN_POINT ( 'NONE',  ( -1.933135058238603543, -2.847034372820479220, -1.955885693645930345 ) ) ;
#2886 = VERTEX_POINT ( 'NONE', #2187 ) ;
#2887 = EDGE_CURVE ( 'NONE', #966, #740, #1376, .T. ) ;
#2888 = CARTESIAN_POINT ( 'NONE',  ( 1.231664351094885257, 5.754947230050697193, 3.045926682568936172 ) ) ;
#2889 = CARTESIAN_POINT ( 'NONE',  ( -2.749999999999998668, 0.2788493730465068654, -1.022193187182612512E-14 ) ) ;
#2890 = CARTESIAN_POINT ( 'NONE',  ( 0.0005878831144285102690, -0.2398421089960176000, -2.285320154807698234 ) ) ;
#2891 = ORIENTED_EDGE ( 'NONE', *, *, #214, .T. ) ;
#2892 = CARTESIAN_POINT ( 'NONE',  ( 1.615549682510060370, -6.614842108996017878, 1.616381074783570515 ) ) ;
#2893 = ORIENTED_EDGE ( 'NONE', *, *, #3352, .F. ) ;
#2894 = DIRECTION ( 'NONE',  ( -1.224646799147353454E-16, 1.000000000000000000, -0.000000000000000000 ) ) ;
#2895 = VECTOR ( 'NONE', #4017, 1000.000000000000000 ) ;
#2896 = CARTESIAN_POINT ( 'NONE',  ( -0.0005878831144236127109, -9.739842108996018766, 2.285320154807698234 ) ) ;
#2897 = CARTESIAN_POINT ( 'NONE',  ( 2.285076645648612903, 7.447657891003982122, 0.9471984856003577979 ) ) ;
#2898 = CARTESIAN_POINT ( 'NONE',  ( 3.045439664250766398, 1.015368551957269050, 1.232840117323737994 ) ) ;
#2899 = APPROVAL_DATE_TIME ( #2515, #1077 ) ;
#2900 = CARTESIAN_POINT ( 'NONE',  ( 2.750000000000000888, -10.15901793419607735, -1.129674997702177164 ) ) ;
#2901 = CARTESIAN_POINT ( 'NONE',  ( -2.749999999999998224, 1.278406969182382058, -0.008043633102135766544 ) ) ;
#2902 = CYLINDRICAL_SURFACE ( 'NONE', #17, 2.750000000000000000 ) ;
#2903 = CARTESIAN_POINT ( 'NONE',  ( 3.025200645364634511, -8.859631448042730284, -1.281701431207766362 ) ) ;
#2904 = CARTESIAN_POINT ( 'NONE',  ( 2.750000000000001776, -2.221150626953493301, -9.619843633150466576E-15 ) ) ;
#2905 = PLANE ( 'NONE',  #3923 ) ;
#2906 = CARTESIAN_POINT ( 'NONE',  ( 2.285563663966785786, 1.572657891003982344, -0.9460227193715036176 ) ) ;
#2907 = CARTESIAN_POINT ( 'NONE',  ( -0.01491158336209874591, 1.492346335909284782, -2.749959571463121311 ) ) ;
#2908 = ORIENTED_EDGE ( 'NONE', *, *, #813, .T. ) ;
#2909 = LINE ( 'NONE', #1643, #3500 ) ;
#2910 = CARTESIAN_POINT ( 'NONE',  ( 2.750000000000001332, 7.241527241015509375, 9.486758998627150629E-15 ) ) ;
#2911 = CARTESIAN_POINT ( 'NONE',  ( -1.616381074783567184, -9.864842108996016989, 1.615549682510057927 ) ) ;
#2912 = CARTESIAN_POINT ( 'NONE',  ( -2.285320154807696458, 2.010157891003982567, -0.0005878831144266431644 ) ) ;
#2913 = ORIENTED_EDGE ( 'NONE', *, *, #3856, .F. ) ;
#2914 = CARTESIAN_POINT ( 'NONE',  ( 1.616381074783573180, -8.364842108996018766, -1.615549682510057927 ) ) ;
#2915 = ORIENTED_EDGE ( 'NONE', *, *, #514, .T. ) ;
#2916 = CARTESIAN_POINT ( 'NONE',  ( 1.231664351094886589, -4.245052769949304583, 3.045926682568936172 ) ) ;
#2917 = LINE ( 'NONE', #3278, #436 ) ;
#2918 = CARTESIAN_POINT ( 'NONE',  ( 0.0005878831144296124689, -9.239842108996018766, -2.285320154807698234 ) ) ;
#2919 = CARTESIAN_POINT ( 'NONE',  ( 0.0005878831144276499545, 6.760157891003981234, -2.285320154807698234 ) ) ;
#2920 = ADVANCED_FACE ( 'NONE', ( #873 ), #894, .F. ) ;
#2921 = CARTESIAN_POINT ( 'NONE',  ( -2.129020381344182145, 1.702868551957269494, 2.163570547729265492 ) ) ;
#2922 = VERTEX_POINT ( 'NONE', #3612 ) ;
#2923 = COORDINATED_UNIVERSAL_TIME_OFFSET ( 3, 0, .AHEAD. ) ;
#2924 = CARTESIAN_POINT ( 'NONE',  ( -2.749959571463119534, -3.257653664090716550, 0.01491158336210037481 ) ) ;
#2925 = CARTESIAN_POINT ( 'NONE',  ( 4.468337651538803533E-16, 12.50000000000000000, 0.000000000000000000 ) ) ;
#2926 = CARTESIAN_POINT ( 'NONE',  ( 1.231664351094886589, -5.245052769949304583, 3.045926682568936172 ) ) ;
#2927 = CARTESIAN_POINT ( 'NONE',  ( 3.035320154807701343, -8.922131448042732060, -0.02443065694201510679 ) ) ;
#2928 = CARTESIAN_POINT ( 'NONE',  ( -1.124158967115628904, 3.929846335909286559, 2.756136151528160383 ) ) ;
#2929 = CARTESIAN_POINT ( 'NONE',  ( 1.955059142683996054, 5.117346335909286559, 1.933970979256855793 ) ) ;
#2930 = CARTESIAN_POINT ( 'NONE',  ( 2.285320154807700010, 1.510157891003982122, 0.0005878831144263602961 ) ) ;
#2931 = DIRECTION ( 'NONE',  ( -1.224646799147353454E-16, 1.000000000000000000, -0.000000000000000000 ) ) ;
#2932 = CARTESIAN_POINT ( 'NONE',  ( 2.000000000000001332, 10.50000000000000000, -1.154700538379252128 ) ) ;
#2933 = CARTESIAN_POINT ( 'NONE',  ( -1.282877197436619543, 7.629947230050695417, 3.024713627046458964 ) ) ;
#2934 = CARTESIAN_POINT ( 'NONE',  ( -2.285320154807695125, -9.989842108996016989, -0.0005878831144266401286 ) ) ;
#2935 = CARTESIAN_POINT ( 'NONE',  ( -0.9460227193715018412, 1.822657891003982567, -2.285563663966784009 ) ) ;
#2936 = ORIENTED_EDGE ( 'NONE', *, *, #1482, .F. ) ;
#2937 =( BOUNDED_CURVE ( )  B_SPLINE_CURVE ( 2, ( #4182, #1257, #2561, #1378, #1696, #3836, #2607, #917, #588, #3902, #1057 ),
 .UNSPECIFIED., .F., .T. ) 
 B_SPLINE_CURVE_WITH_KNOTS ( ( 3, 2, 2, 2, 2, 3 ),
 ( 0.8809978502256605726, 0.8869047619047618625, 0.8928571428571429047, 0.8988095238095238360, 0.9047619047619047672, 0.9048073740351844085 ),
 .UNSPECIFIED. ) 
 CURVE ( )  GEOMETRIC_REPRESENTATION_ITEM ( )  RATIONAL_B_SPLINE_CURVE ( ( 0.9988459397136756346, 0.9244610044241410307, 1.000000000000000000, 0.9238795325112867385, 1.000000000000000000, 0.9238795325112867385, 1.000000000000000000, 0.9238795325112867385, 1.000000000000000000, 0.9994185280871457078, 0.9988459397136756346 ) ) 
 REPRESENTATION_ITEM ( '' )  );
#2938 = VERTEX_POINT ( 'NONE', #2910 ) ;
#2939 = CARTESIAN_POINT ( 'NONE',  ( -2.128188989070669557, -2.682552769949305027, -2.164401940002777192 ) ) ;
#2940 = CARTESIAN_POINT ( 'NONE',  ( -1.933135058238604431, 4.152965627179521668, -1.955885693645930345 ) ) ;
#2941 = CARTESIAN_POINT ( 'NONE',  ( -0.9460227193715003979, -9.177342108996020542, -2.285563663966784009 ) ) ;
#2942 = CARTESIAN_POINT ( 'NONE',  ( 2.285563663966784897, 6.572657891003982122, -0.9460227193715035066 ) ) ;
#2943 = CARTESIAN_POINT ( 'NONE',  ( 1.281701431207768582, 0.8903685519572689389, 3.025200645364631402 ) ) ;
#2944 = EDGE_CURVE ( 'NONE', #2125, #2922, #3230, .T. ) ;
#2945 = CARTESIAN_POINT ( 'NONE',  ( 1.122980677478956801, -9.409534372820480996, 2.756616452667262962 ) ) ;
#2946 = CARTESIAN_POINT ( 'NONE',  ( -2.749999999999997780, 0.7415272410155080429, -9.520676621074870057E-15 ) ) ;
#2947 = CARTESIAN_POINT ( 'NONE',  ( -0.02560642317086549158, -7.307552769949304583, 3.035320154807698234 ) ) ;
#2948 = CARTESIAN_POINT ( 'NONE',  ( -3.045439664250761957, -10.48463144804273028, -1.232840117323736662 ) ) ;
#2949 = CARTESIAN_POINT ( 'NONE',  ( 4.468337651538803533E-16, 12.50000000000000000, 0.000000000000000000 ) ) ;
#2950 = CARTESIAN_POINT ( 'NONE',  ( -1.124158967115628904, 4.929846335909287447, 2.756136151528160383 ) ) ;
#2951 = CARTESIAN_POINT ( 'NONE',  ( -2.285076645648611571, 3.947657891003982567, -0.9471984856003564657 ) ) ;
#2952 = FACE_OUTER_BOUND ( 'NONE', #1824, .T. ) ;
#2953 = CARTESIAN_POINT ( 'NONE',  ( -2.743289438998255836, -6.784534372820480108, -1.155154934624597285 ) ) ;
#2954 = CARTESIAN_POINT ( 'NONE',  ( -3.035320154807697346, 7.442447230050695417, -0.02560642317086817693 ) ) ;
#2955 = CARTESIAN_POINT ( 'NONE',  ( 0.0005878831144294868099, -8.239842108996016989, -2.285320154807698234 ) ) ;
#2956 = CARTESIAN_POINT ( 'NONE',  ( -2.285563663966783565, 0.07265789100398267752, 0.9460227193715031735 ) ) ;
#2957 = VERTEX_POINT ( 'NONE', #37 ) ;
#2958 = VERTEX_POINT ( 'NONE', #1329 ) ;
#2959 = CARTESIAN_POINT ( 'NONE',  ( -3.024713627046457187, -3.620052769949304139, -1.282877197436619099 ) ) ;
#2960 = CARTESIAN_POINT ( 'NONE',  ( 1.153982133839832391, 1.054846335909284560, 2.743782991398082238 ) ) ;
#2961 = CARTESIAN_POINT ( 'NONE',  ( -1.615549682510055485, -6.114842108996017878, -1.616381074783570293 ) ) ;
#2962 = CARTESIAN_POINT ( 'NONE',  ( 2.285320154807699566, 6.510157891003981234, 0.0005878831144263602961 ) ) ;
#2963 = CARTESIAN_POINT ( 'NONE',  ( -3.035320154807697346, 6.577868551957268828, 0.02443065694201473556 ) ) ;
#2964 = CARTESIAN_POINT ( 'NONE',  ( -1.155154934624595509, -9.534534372820480996, 2.743289438998258056 ) ) ;
#2965 = CARTESIAN_POINT ( 'NONE',  ( 1.155154934624598395, 5.965465627179520780, -2.743289438998258500 ) ) ;
#2966 = CARTESIAN_POINT ( 'NONE',  ( 2.128188989070673998, -6.182552769949304583, 2.164401940002777636 ) ) ;
#2967 = CARTESIAN_POINT ( 'NONE',  ( 0.02443065694201716070, -5.172131448042731172, 3.035320154807698234 ) ) ;
#2968 = CARTESIAN_POINT ( 'NONE',  ( 2.750000000000002665, -6.221150626953493301, 1.002858522616689488E-14 ) ) ;
#2969 = CARTESIAN_POINT ( 'NONE',  ( -2.749999999999995115, -2.659017934196078681, 1.129674997702178718 ) ) ;
#2970 = CARTESIAN_POINT ( 'NONE',  ( -0.9471984856003561326, 3.197657891003982122, 2.285076645648612459 ) ) ;
#2971 = ADVANCED_FACE ( 'NONE', ( #2993 ), #4238, .T. ) ;
#2972 = DIRECTION ( 'NONE',  ( -0.8660254037844387076, 0.000000000000000000, 0.4999999999999999445 ) ) ;
#2973 = CARTESIAN_POINT ( 'NONE',  ( -1.933135058238603987, 2.152965627179521668, -1.955885693645930345 ) ) ;
#2974 = CARTESIAN_POINT ( 'NONE',  ( -2.749952945832759621, 5.277965627179522556, -0.01608712857282233039 ) ) ;
#2975 = CARTESIAN_POINT ( 'NONE',  ( 2.285320154807701787, -11.48984210899601699, 0.0005878831144263602961 ) ) ;
#2976 = CARTESIAN_POINT ( 'NONE',  ( 2.285563663966784897, 4.572657891003983011, -0.9460227193715035066 ) ) ;
#2977 = VERTEX_POINT ( 'NONE', #2333 ) ;
#2978 = ORIENTED_EDGE ( 'NONE', *, *, #114, .F. ) ;
#2979 = CARTESIAN_POINT ( 'NONE',  ( 1.231664351094886367, -1.245052769949304139, 3.045926682568936172 ) ) ;
#2980 = CARTESIAN_POINT ( 'NONE',  ( -0.9471984856003549114, -4.802342108996018766, 2.285076645648612459 ) ) ;
#2981 = CARTESIAN_POINT ( 'NONE',  ( 0.9460227193715050609, 7.322657891003982122, 2.285563663966783565 ) ) ;
#2982 = CARTESIAN_POINT ( 'NONE',  ( -3.045439664250764178, 7.515368551957270604, -1.232840117323736662 ) ) ;
#2983 = ORIENTED_EDGE ( 'NONE', *, *, #3700, .F. ) ;
#2984 = ORIENTED_EDGE ( 'NONE', *, *, #2027, .F. ) ;
#2985 = CARTESIAN_POINT ( 'NONE',  ( -0.01491158336209862448, 0.4923463359092838387, -2.749959571463121311 ) ) ;
#2986 = CARTESIAN_POINT ( 'NONE',  ( -1.282877197436617767, -7.370052769949306359, 3.024713627046458964 ) ) ;
#2987 = CARTESIAN_POINT ( 'NONE',  ( 3.045439664250766842, -4.984631448042731172, 1.232840117323737994 ) ) ;
#2988 = CARTESIAN_POINT ( 'NONE',  ( 2.750000000000002220, 2.241527241015508043, 9.486758998627150629E-15 ) ) ;
#2989 = CARTESIAN_POINT ( 'NONE',  ( -2.285320154807696458, 2.010157891003982567, -0.0005878831144266401286 ) ) ;
#2990 = CARTESIAN_POINT ( 'NONE',  ( -4.250000000000000000, 7.749999999999997335, 0.000000000000000000 ) ) ;
#2991 = CARTESIAN_POINT ( 'NONE',  ( -2.749999999999999556, 12.50000000000000000, 0.000000000000000000 ) ) ;
#2992 = LINE ( 'NONE', #381, #155 ) ;
#2993 = FACE_OUTER_BOUND ( 'NONE', #3894, .T. ) ;
#2994 = ADVANCED_FACE ( 'NONE', ( #3633 ), #382, .T. ) ;
#2995 = CARTESIAN_POINT ( 'NONE',  ( 1.615549682510060814, -10.61484210899601877, 1.616381074783570515 ) ) ;
#2996 = CARTESIAN_POINT ( 'NONE',  ( 1.615549682510058593, 6.385157891003981234, 1.616381074783570515 ) ) ;
#2997 = CARTESIAN_POINT ( 'NONE',  ( 1.124158967115632013, -9.570153664090716106, -2.756136151528160827 ) ) ;
#2998 = CC_DESIGN_APPROVAL ( #1077, ( #470 ) ) ;
#2999 = ORIENTED_EDGE ( 'NONE', *, *, #4071, .F. ) ;
#3000 = CARTESIAN_POINT ( 'NONE',  ( -1.231664351094881038, -2.745052769949305027, -3.045926682568936616 ) ) ;
#3001 = CARTESIAN_POINT ( 'NONE',  ( 1.955059142683996942, -2.882653664090715662, 1.933970979256855793 ) ) ;
#3002 = CARTESIAN_POINT ( 'NONE',  ( -1.616381074783567851, -5.864842108996017878, 1.615549682510057927 ) ) ;
#3003 = FACE_OUTER_BOUND ( 'NONE', #3643, .T. ) ;
#3004 = CARTESIAN_POINT ( 'NONE',  ( -2.163570547729264160, 4.452868551957270604, -2.129020381344183477 ) ) ;
#3005 = ORIENTED_EDGE ( 'NONE', *, *, #3417, .F. ) ;
#3006 = DIRECTION ( 'NONE',  ( 0.7071067811865402453, -0.7071067811865547892, 0.000000000000000000 ) ) ;
#3007 = CARTESIAN_POINT ( 'NONE',  ( -1.616381074783568517, -0.8648421089960180996, 1.615549682510057927 ) ) ;
#3008 = EDGE_CURVE ( 'NONE', #3413, #3866, #2242, .T. ) ;
#3009 = B_SPLINE_CURVE_WITH_KNOTS ( 'NONE', 3,
 ( #31, #2882, #3628, #708, #265, #4186, #1259, #2565, #613, #285, #1138, #2047, #2436, #1683, #2390, #3396 ),
 .UNSPECIFIED., .F., .F.,
 ( 4, 2, 2, 2, 2, 2, 2, 4 ),
 ( 0.007238991302312291695, 0.007779862471324272381, 0.008320733640336253067, 0.008861604809348232886, 0.009402475978360212705, 0.01048421831638417408, 0.01102508948539615563, 0.01156596065440813545 ),
 .UNSPECIFIED. ) ;
#3010 = CARTESIAN_POINT ( 'NONE',  ( 0.02443065694201728213, -6.172131448042731172, 3.035320154807698234 ) ) ;
#3011 = CARTESIAN_POINT ( 'NONE',  ( -0.01608712857282034239, -1.472034372820478554, 2.749952945832760953 ) ) ;
#3012 = CARTESIAN_POINT ( 'NONE',  ( -2.285563663966783565, 6.072657891003981234, 0.9460227193715032845 ) ) ;
#3013 = CARTESIAN_POINT ( 'NONE',  ( -2.743289438998255836, -3.784534372820478332, -1.155154934624597285 ) ) ;
#3014 =( NAMED_UNIT ( * ) PLANE_ANGLE_UNIT ( ) SI_UNIT ( $, .RADIAN. ) );
#3015 = CARTESIAN_POINT ( 'NONE',  ( 4.468337651538803533E-16, 12.50000000000000000, 0.000000000000000000 ) ) ;
#3016 = DIRECTION ( 'NONE',  ( -1.224646799147360110E-16, 1.000000000000000000, -0.000000000000000000 ) ) ;
#3017 = CARTESIAN_POINT ( 'NONE',  ( 2.285563663966786674, -5.427342108996018766, -0.9460227193715036176 ) ) ;
#3018 = CARTESIAN_POINT ( 'NONE',  ( -2.285076645648611571, 3.947657891003982567, -0.9471984856003564657 ) ) ;
#3019 = CARTESIAN_POINT ( 'NONE',  ( 1.153982133839833724, -7.945153664090716106, 2.743782991398082238 ) ) ;
#3020 = ADVANCED_FACE ( 'NONE', ( #2593 ), #1733, .T. ) ;
#3021 = ORIENTED_EDGE ( 'NONE', *, *, #166, .T. ) ;
#3022 = CARTESIAN_POINT ( 'NONE',  ( -3.024713627046458075, 0.3799472300506957501, -1.282877197436619099 ) ) ;
#3023 = CARTESIAN_POINT ( 'NONE',  ( -2.749999999999998668, -1.721150626953493079, -1.022193187182612512E-14 ) ) ;
#3024 = CARTESIAN_POINT ( 'NONE',  ( 1.616381074783572735, -3.364842108996018766, -1.615549682510057927 ) ) ;
#3025 = CARTESIAN_POINT ( 'NONE',  ( 2.285563663966784453, 7.572657891003982122, -0.9460227193715035066 ) ) ;
#3026 = EDGE_CURVE ( 'NONE', #3072, #3551, #122, .T. ) ;
#3027 = CARTESIAN_POINT ( 'NONE',  ( 3.035320154807699566, 6.077868551957267940, -0.02443065694201510679 ) ) ;
#3028 = VERTEX_POINT ( 'NONE', #823 ) ;
#3029 = AXIS2_PLACEMENT_3D ( 'NONE', #3119, #2157, #2501 ) ;
#3030 = CARTESIAN_POINT ( 'NONE',  ( 2.749999999999998668, -10.82063240641670632, 1.130362027696530713 ) ) ;
#3031 = CARTESIAN_POINT ( 'NONE',  ( -0.9460227193715008420, -4.177342108996017878, -2.285563663966784009 ) ) ;
#3032 = CARTESIAN_POINT ( 'NONE',  ( 3.045439664250766842, -6.984631448042731172, 1.232840117323737994 ) ) ;
#3033 = CARTESIAN_POINT ( 'NONE',  ( 2.750000000000000444, 12.50000000000000000, 3.367778697655221012E-16 ) ) ;
#3034 = CARTESIAN_POINT ( 'NONE',  ( 1.933135058238607762, -5.347034372820479220, 1.955885693645930790 ) ) ;
#3035 = CARTESIAN_POINT ( 'NONE',  ( -0.1529455385166017534, 7.499999999999998224, -2.745743553620380251 ) ) ;
#3036 = CARTESIAN_POINT ( 'NONE',  ( 0.0005878831144278948758, 4.760157891003983011, -2.285320154807698234 ) ) ;
#3037 = CARTESIAN_POINT ( 'NONE',  ( -1.155154934624596619, 2.465465627179521224, 2.743289438998258056 ) ) ;
#3038 = DIRECTION ( 'NONE',  ( -1.000000000000000000, 0.000000000000000000, 0.000000000000000000 ) ) ;
#3039 = CARTESIAN_POINT ( 'NONE',  ( -2.749999999999998668, -0.2584727589844910134, -9.797953184584977129E-15 ) ) ;
#3040 = DIRECTION ( 'NONE',  ( -1.224646799147353454E-16, 1.000000000000000000, -0.000000000000000000 ) ) ;
#3041 = CARTESIAN_POINT ( 'NONE',  ( -2.285320154807695570, -6.989842108996018766, -0.0005878831144266401286 ) ) ;
#3042 = CARTESIAN_POINT ( 'NONE',  ( -0.9471984856003561326, 4.197657891003983011, 2.285076645648612459 ) ) ;
#3043 = ADVANCED_FACE ( 'NONE', ( #2030 ), #1097, .T. ) ;
#3044 = CARTESIAN_POINT ( 'NONE',  ( -2.749959571463118646, -8.257653664090716106, 0.01491158336210037481 ) ) ;
#3045 = ORIENTED_EDGE ( 'NONE', *, *, #4114, .T. ) ;
#3046 = CARTESIAN_POINT ( 'NONE',  ( -1.282877197436618877, 2.629947230050695861, 3.024713627046458964 ) ) ;
#3047 = CARTESIAN_POINT ( 'NONE',  ( -1.933970979256853351, -7.132653664090716106, 1.955059142683995166 ) ) ;
#3048 = CARTESIAN_POINT ( 'NONE',  ( -0.0005878831144242249599, -4.739842108996017878, 2.285320154807698234 ) ) ;
#3049 = CARTESIAN_POINT ( 'NONE',  ( 3.035320154807699122, 7.077868551957268828, -0.02443065694201510679 ) ) ;
#3050 = ORIENTED_EDGE ( 'NONE', *, *, #3700, .T. ) ;
#3051 = EDGE_LOOP ( 'NONE', ( #3021, #1359, #3846, #2936 ) ) ;
#3052 = EDGE_CURVE ( 'NONE', #3028, #1212, #3407, .T. ) ;
#3053 = CARTESIAN_POINT ( 'NONE',  ( -4.250000000000000000, 12.24999999999999289, 0.000000000000000000 ) ) ;
#3054 = CARTESIAN_POINT ( 'NONE',  ( -1.615549682510055707, -3.114842108996018322, -1.616381074783570293 ) ) ;
#3055 = CARTESIAN_POINT ( 'NONE',  ( -2.129020381344181256, -5.297131448042731172, 2.163570547729265492 ) ) ;
#3056 = CARTESIAN_POINT ( 'NONE',  ( 2.750000000000002665, -2.758472758984491513, 9.486758998627150629E-15 ) ) ;
#3057 = DIRECTION ( 'NONE',  ( -1.000000000000000000, 0.000000000000000000, 0.000000000000000000 ) ) ;
#3058 = CARTESIAN_POINT ( 'NONE',  ( -2.285563663966783565, 5.072657891003983899, 0.9460227193715032845 ) ) ;
#3059 = CARTESIAN_POINT ( 'NONE',  ( 2.750000000000002220, -4.221150626953493301, -9.619843633150466576E-15 ) ) ;
#3060 = CARTESIAN_POINT ( 'NONE',  ( -2.749999999999997780, -6.258472758984491513, -9.659738873110522393E-15 ) ) ;
#3061 = CARTESIAN_POINT ( 'NONE',  ( 2.749952945832762730, 1.777965627179520780, 0.01608712857282199732 ) ) ;
#3062 = CARTESIAN_POINT ( 'NONE',  ( 3.385986083107527755E-15, -11.49999999999999289, 0.000000000000000000 ) ) ;
#3063 = CARTESIAN_POINT ( 'NONE',  ( -1.155154934624595953, -4.534534372820479220, 2.743289438998258056 ) ) ;
#3064 = CARTESIAN_POINT ( 'NONE',  ( -0.9460227193715006200, -6.177342108996017878, -2.285563663966784009 ) ) ;
#3065 = CARTESIAN_POINT ( 'NONE',  ( -1.615549682510056595, 5.885157891003981234, -1.616381074783570293 ) ) ;
#3066 = CARTESIAN_POINT ( 'NONE',  ( 1.933970979256858680, -9.632653664090717882, -1.955059142683995166 ) ) ;
#3067 = ORIENTED_EDGE ( 'NONE', *, *, #52, .F. ) ;
#3068 = CARTESIAN_POINT ( 'NONE',  ( 2.164401940002779412, 0.06744723005069550026, -2.128188989070671777 ) ) ;
#3069 = CARTESIAN_POINT ( 'NONE',  ( 0.6104170493475102877, -11.79725133652767433, 2.380399428236146697 ) ) ;
#3070 = CARTESIAN_POINT ( 'NONE',  ( 0.9471984856003586861, -2.302342108996017878, -2.285076645648612459 ) ) ;
#3071 = CARTESIAN_POINT ( 'NONE',  ( 2.285563663966786674, -10.42734210899602054, -0.9460227193715035066 ) ) ;
#3072 = VERTEX_POINT ( 'NONE', #2721 ) ;
#3073 = CARTESIAN_POINT ( 'NONE',  ( 1.153982133839834168, -10.94515366409071788, 2.743782991398082238 ) ) ;
#3074 = CARTESIAN_POINT ( 'NONE',  ( -0.0005878831144245893602, -1.739842108996017211, 2.285320154807698234 ) ) ;
#3075 = CARTESIAN_POINT ( 'NONE',  ( -3.035320154807696458, -0.4221314480427306171, 0.02443065694201473556 ) ) ;
#3076 = EDGE_CURVE ( 'NONE', #966, #535, #2098, .T. ) ;
#3077 = CARTESIAN_POINT ( 'NONE',  ( 1.155154934624600394, -9.034534372820479220, -2.743289438998258500 ) ) ;
#3078 = FACE_OUTER_BOUND ( 'NONE', #111, .T. ) ;
#3079 = CARTESIAN_POINT ( 'NONE',  ( -2.749999999999995115, -10.65901793419607912, 1.129674997702176498 ) ) ;
#3080 = CARTESIAN_POINT ( 'NONE',  ( -3.025200645364628738, -12.35963144804273028, 1.281701431207765474 ) ) ;
#3081 = CARTESIAN_POINT ( 'NONE',  ( 2.743782991398084903, -0.6951536640907155506, -1.153982133839830615 ) ) ;
#3082 = CARTESIAN_POINT ( 'NONE',  ( 0.01491158336210181810, 2.992346335909284782, 2.749959571463121311 ) ) ;
#3083 = CARTESIAN_POINT ( 'NONE',  ( -1.933970979256854017, 0.8673463359092843383, 1.955059142683995166 ) ) ;
#3084 = CARTESIAN_POINT ( 'NONE',  ( 0.9460227193715066152, -5.677342108996018766, 2.285563663966783565 ) ) ;
#3085 = CARTESIAN_POINT ( 'NONE',  ( 3.045926682568939725, -10.99505276994930369, -1.231664351094883481 ) ) ;
#3086 = CARTESIAN_POINT ( 'NONE',  ( -0.01491158336209739976, -9.507653664090717882, -2.749959571463121311 ) ) ;
#3087 = ORIENTED_EDGE ( 'NONE', *, *, #986, .T. ) ;
#3088 = CARTESIAN_POINT ( 'NONE',  ( 1.231664351094885923, 0.7549472300506960831, 3.045926682568936172 ) ) ;
#3089 = DIRECTION ( 'NONE',  ( -1.000000000000000000, 0.000000000000000000, 0.000000000000000000 ) ) ;
#3090 = CARTESIAN_POINT ( 'NONE',  ( -2.285320154807694681, -11.98984210899601699, -0.0005878831144266401286 ) ) ;
#3091 = ORIENTED_EDGE ( 'NONE', *, *, #704, .F. ) ;
#3092 = CARTESIAN_POINT ( 'NONE',  ( 1.615549682510061036, -11.61484210899601699, 1.616381074783570515 ) ) ;
#3093 = CARTESIAN_POINT ( 'NONE',  ( -1.616381074783568073, -2.864842108996018322, 1.615549682510057927 ) ) ;
#3094 = CARTESIAN_POINT ( 'NONE',  ( 3.045439664250766398, -1.984631448042730062, 1.232840117323737994 ) ) ;
#3095 = AXIS2_PLACEMENT_3D ( 'NONE', #3718, #711, #778 ) ;
#3096 = CARTESIAN_POINT ( 'NONE',  ( -1.933970979256852907, -10.13265366409071433, 1.955059142683995166 ) ) ;
#3097 = CARTESIAN_POINT ( 'NONE',  ( -6.780902028605369976E-17, 10.50000000000000000, 2.309401076758504257 ) ) ;
#3098 = CARTESIAN_POINT ( 'NONE',  ( -0.0005878831144254465305, 5.260157891003983899, 2.285320154807698234 ) ) ;
#3099 = AXIS2_PLACEMENT_3D ( 'NONE', #2029, #3333, #4001 ) ;
#3100 = DIRECTION ( 'NONE',  ( -1.224646799147353454E-16, 1.000000000000000000, -0.000000000000000000 ) ) ;
#3101 = CARTESIAN_POINT ( 'NONE',  ( 1.933135058238606874, 1.652965627179521002, 1.955885693645930790 ) ) ;
#3102 = AXIS2_PLACEMENT_3D ( 'NONE', #2840, #1890, #589 ) ;
#3103 = DIRECTION ( 'NONE',  ( -1.000000000000000000, 0.000000000000000000, 0.000000000000000000 ) ) ;
#3104 = LINE ( 'NONE', #2077, #2206 ) ;
#3105 = CARTESIAN_POINT ( 'NONE',  ( 2.285320154807700899, -5.489842108996017878, 0.0005878831144263602961 ) ) ;
#3106 = EDGE_CURVE ( 'NONE', #2225, #747, #2238, .T. ) ;
#3107 = CARTESIAN_POINT ( 'NONE',  ( 2.285563663966784453, 7.572657891003982122, -0.9460227193715035066 ) ) ;
#3108 = CARTESIAN_POINT ( 'NONE',  ( 2.743782991398083571, 3.304846335909284338, -1.153982133839830615 ) ) ;
#3109 = EDGE_LOOP ( 'NONE', ( #2446, #1649, #2669, #623 ) ) ;
#3110 = CARTESIAN_POINT ( 'NONE',  ( 2.128188989070673109, 1.817447230050695417, 2.164401940002777636 ) ) ;
#3111 = CARTESIAN_POINT ( 'NONE',  ( -1.999999999999999556, 10.50000000000000000, -1.154700538379251684 ) ) ;
#3112 = CARTESIAN_POINT ( 'NONE',  ( 2.285320154807701343, -8.489842108996018766, 0.0005878831144263602961 ) ) ;
#3113 = EDGE_LOOP ( 'NONE', ( #703, #3252 ) ) ;
#3114 = CARTESIAN_POINT ( 'NONE',  ( 0.9471984856003596853, -11.30234210899602232, -2.285076645648612459 ) ) ;
#3115 = CARTESIAN_POINT ( 'NONE',  ( 2.285563663966785342, 0.5726578910039814563, -0.9460227193715035066 ) ) ;
#3116 = CARTESIAN_POINT ( 'NONE',  ( -2.129020381344181700, -2.297131448042730728, 2.163570547729265492 ) ) ;
#3117 = LINE ( 'NONE', #2456, #2043 ) ;
#3118 = DIRECTION ( 'NONE',  ( 1.224646799147353454E-16, -1.000000000000000000, 0.000000000000000000 ) ) ;
#3119 = CARTESIAN_POINT ( 'NONE',  ( 1.028540994748873589E-15, 7.749999999999998224, 0.000000000000000000 ) ) ;
#3120 = DIRECTION ( 'NONE',  ( -1.000000000000000000, 0.000000000000000000, 0.000000000000000000 ) ) ;
#3121 =( BOUNDED_CURVE ( )  B_SPLINE_CURVE ( 2, ( #444, #3079, #3652, #733, #2026, #1389, #1199, #1872, #3495, #2539, #1556 ),
 .UNSPECIFIED., .F., .F. ) 
 B_SPLINE_CURVE_WITH_KNOTS ( ( 3, 2, 2, 2, 2, 3 ),
 ( 0.07147404070185110758, 0.07738095238095238360, 0.08333333333333332871, 0.08928571428571428770, 0.09523809523809523281, 0.09528356451137491578 ),
 .UNSPECIFIED. ) 
 CURVE ( )  GEOMETRIC_REPRESENTATION_ITEM ( )  RATIONAL_B_SPLINE_CURVE ( ( 0.9988459397136745244, 0.9244610044241415858, 1.000000000000000000, 0.9238795325112867385, 1.000000000000000000, 0.9238795325112867385, 1.000000000000000000, 0.9238795325112867385, 1.000000000000000000, 0.9994185280871451527, 0.9988459397136745244 ) ) 
 REPRESENTATION_ITEM ( '' )  );
#3122 = CARTESIAN_POINT ( 'NONE',  ( -1.616381074783569405, 7.135157891003982122, 1.615549682510057927 ) ) ;
#3123 = FACE_OUTER_BOUND ( 'NONE', #341, .T. ) ;
#3124 = ORIENTED_EDGE ( 'NONE', *, *, #4060, .F. ) ;
#3125 = EDGE_CURVE ( 'NONE', #3687, #2167, #2193, .T. ) ;
#3126 = CARTESIAN_POINT ( 'NONE',  ( -3.045926682568935728, 3.504947230050694529, 1.231664351094882814 ) ) ;
#3127 = CARTESIAN_POINT ( 'NONE',  ( -2.749999999999997780, -5.258472758984491513, -9.659738873110522393E-15 ) ) ;
#3128 = CARTESIAN_POINT ( 'NONE',  ( 0.0005878831144296093247, -9.239842108996018766, -2.285320154807698234 ) ) ;
#3129 = EDGE_LOOP ( 'NONE', ( #4012, #3147, #3275, #1055, #1609, #1400 ) ) ;
#3130 = CARTESIAN_POINT ( 'NONE',  ( -2.749999999999993783, -2.320632406416704985, -1.130362027696529159 ) ) ;
#3131 = CARTESIAN_POINT ( 'NONE',  ( 1.615549682510060814, -10.61484210899601877, 1.616381074783570515 ) ) ;
#3132 = CARTESIAN_POINT ( 'NONE',  ( -0.9471984856003555775, 1.197657891003982122, 2.285076645648612459 ) ) ;
#3133 = CARTESIAN_POINT ( 'NONE',  ( 0.02443065694201679294, -2.172131448042730284, 3.035320154807698234 ) ) ;
#3134 = APPROVAL_PERSON_ORGANIZATION ( #1256, #1077, #2172 ) ;
#3135 = CARTESIAN_POINT ( 'NONE',  ( -2.749959571463118646, -6.257653664090716106, 0.01491158336210037481 ) ) ;
#3136 = CARTESIAN_POINT ( 'NONE',  ( 0.01608712857282511635, -7.972034372820478332, -2.749952945832760953 ) ) ;
#3137 = CARTESIAN_POINT ( 'NONE',  ( 1.155154934624599727, -5.034534372820479220, -2.743289438998258500 ) ) ;
#3138 = CARTESIAN_POINT ( 'NONE',  ( 2.750000000000001776, 4.778406969182384501, 0.008043633102135430007 ) ) ;
#3139 = CARTESIAN_POINT ( 'NONE',  ( -0.0005878831144244668454, -2.739842108996017878, 2.285320154807698234 ) ) ;
#3140 = CARTESIAN_POINT ( 'NONE',  ( 0.9471984856003575759, 7.697657891003983011, -2.285076645648612459 ) ) ;
#3141 = DIRECTION ( 'NONE',  ( -1.224646799147353454E-16, 1.000000000000000000, -0.000000000000000000 ) ) ;
#3142 = ORIENTED_EDGE ( 'NONE', *, *, #2086, .T. ) ;
#3143 = CARTESIAN_POINT ( 'NONE',  ( 3.035320154807699566, 4.942447230050696305, 0.02560642317086780570 ) ) ;
#3144 =( BOUNDED_CURVE ( )  B_SPLINE_CURVE ( 2, ( #4048, #4028, #2401, #408, #3704, #4069, #2033, #2725, #785, #2681, #81 ),
 .UNSPECIFIED., .F., .F. ) 
 B_SPLINE_CURVE_WITH_KNOTS ( ( 3, 2, 2, 2, 2, 3 ),
 ( 0.1667121359399463265, 0.1726190476190476164, 0.1785714285714285754, 0.1845238095238095344, 0.1904761904761904656, 0.1905216597494701347 ),
 .UNSPECIFIED. ) 
 CURVE ( )  GEOMETRIC_REPRESENTATION_ITEM ( )  RATIONAL_B_SPLINE_CURVE ( ( 0.9988459397136748574, 0.9244610044241413638, 1.000000000000000000, 0.9238795325112867385, 1.000000000000000000, 0.9238795325112867385, 1.000000000000000000, 0.9238795325112867385, 1.000000000000000000, 0.9994185280871453747, 0.9988459397136748574 ) ) 
 REPRESENTATION_ITEM ( '' )  );
#3145 = CARTESIAN_POINT ( 'NONE',  ( -0.01491158336209936000, 6.492346335909283894, -2.749959571463121311 ) ) ;
#3146 = CARTESIAN_POINT ( 'NONE',  ( -0.9471984856003546893, -6.802342108996017878, 2.285076645648612459 ) ) ;
#3147 = ORIENTED_EDGE ( 'NONE', *, *, #951, .T. ) ;
#3148 = CARTESIAN_POINT ( 'NONE',  ( -1.955885693645929013, 0.4029656271795215017, 1.933135058238605763 ) ) ;
#3149 = CARTESIAN_POINT ( 'NONE',  ( 2.285076645648613791, 2.447657891003983455, 0.9471984856003577979 ) ) ;
#3150 = EDGE_CURVE ( 'NONE', #625, #2295, #3468, .T. ) ;
#3151 = CARTESIAN_POINT ( 'NONE',  ( -2.163570547729263716, -1.547131448042731616, -2.129020381344183477 ) ) ;
#3152 = PERSON_AND_ORGANIZATION ( #3910, #3882 ) ;
#3153 = CARTESIAN_POINT ( 'NONE',  ( -2.749952945832759177, -0.7220343728204794420, -0.01608712857282233039 ) ) ;
#3154 = CARTESIAN_POINT ( 'NONE',  ( -2.749999999999992895, -8.320632406416706317, -1.130362027696529159 ) ) ;
#3155 = CARTESIAN_POINT ( 'NONE',  ( 2.750000000000002220, 4.241527241015509375, 9.486758998627150629E-15 ) ) ;
#3156 = CARTESIAN_POINT ( 'NONE',  ( -0.02443065694201139101, -12.67213144804273028, -3.035320154807698234 ) ) ;
#3157 = AXIS2_PLACEMENT_3D ( 'NONE', #1227, #905, #4089 ) ;
#3158 = CARTESIAN_POINT ( 'NONE',  ( -2.749999999999996891, -7.721150626953492413, -4.714944516953152182E-16 ) ) ;
#3159 = DIRECTION ( 'NONE',  ( -1.000000000000000000, 0.000000000000000000, 0.000000000000000000 ) ) ;
#3160 = CARTESIAN_POINT ( 'NONE',  ( 0.9471984856003589082, -3.302342108996019654, -2.285076645648612459 ) ) ;
#3161 = VECTOR ( 'NONE', #1831, 1000.000000000000000 ) ;
#3162 = CARTESIAN_POINT ( 'NONE',  ( 0.02560642317087067840, -5.807552769949304583, -3.035320154807698234 ) ) ;
#3163 = DIRECTION ( 'NONE',  ( -1.224646799147353454E-16, 1.000000000000000000, -0.000000000000000000 ) ) ;
#3164 = ORIENTED_EDGE ( 'NONE', *, *, #3486, .T. ) ;
#3165 = CARTESIAN_POINT ( 'NONE',  ( 2.128188989070673109, 2.817447230050696305, 2.164401940002777636 ) ) ;
#3166 = CARTESIAN_POINT ( 'NONE',  ( -0.0005878831144233646454, -11.73984210899601699, 2.285320154807698234 ) ) ;
#3167 = AXIS2_PLACEMENT_3D ( 'NONE', #4055, #3369, #1744 ) ;
#3168 = CARTESIAN_POINT ( 'NONE',  ( 1.615549682510060148, -4.614842108996017878, 1.616381074783570515 ) ) ;
#3169 = ORIENTED_EDGE ( 'NONE', *, *, #3307, .T. ) ;
#3170 =( BOUNDED_CURVE ( )  B_SPLINE_CURVE ( 2, ( #3221, #3588, #4189, #289, #2907, #1070, #1433, #3355, #97, #3631, #3332 ),
 .UNSPECIFIED., .F., .F. ) 
 B_SPLINE_CURVE_WITH_KNOTS ( ( 3, 2, 2, 2, 2, 3 ),
 ( 0.2857564341219337445, 0.2916666666666666297, 0.2976190476190475609, 0.3035714285714284921, 0.3095238095238095344, 0.3095659579314575804 ),
 .UNSPECIFIED. ) 
 CURVE ( )  GEOMETRIC_REPRESENTATION_ITEM ( )  RATIONAL_B_SPLINE_CURVE ( ( 0.9989296255183136575, 0.9244185364022912132, 1.000000000000000000, 0.9238795325112867385, 1.000000000000000000, 0.9238795325112867385, 1.000000000000000000, 0.9238795325112867385, 1.000000000000000000, 0.9994609961089955252, 0.9989296255183136575 ) ) 
 REPRESENTATION_ITEM ( '' )  );
#3171 = CARTESIAN_POINT ( 'NONE',  ( 1.124158967115632457, -10.57015366409071611, -2.756136151528160827 ) ) ;
#3172 = CARTESIAN_POINT ( 'NONE',  ( 0.0005878831144298572817, -11.23984210899601877, -2.285320154807698234 ) ) ;
#3173 = CARTESIAN_POINT ( 'NONE',  ( -0.9471984856003554665, 0.1976578910039828163, 2.285076645648612459 ) ) ;
#3174 = CARTESIAN_POINT ( 'NONE',  ( -2.129020381344182145, 2.702868551957268828, 2.163570547729265492 ) ) ;
#3175 = EDGE_CURVE ( 'NONE', #2958, #1427, #3655, .T. ) ;
#3176 = CARTESIAN_POINT ( 'NONE',  ( -2.000000000000000000, 12.50000000000000000, -1.154700538379251684 ) ) ;
#3177 = PLANE ( 'NONE',  #159 ) ;
#3178 = CARTESIAN_POINT ( 'NONE',  ( -2.749999999999999556, 7.500000000000000000, 0.000000000000000000 ) ) ;
#3179 = CARTESIAN_POINT ( 'NONE',  ( -2.749999999999997780, -6.258472758984491513, -9.659738873110522393E-15 ) ) ;
#3180 = CARTESIAN_POINT ( 'NONE',  ( 1.615549682510059482, -0.6148421089960178776, 1.616381074783570515 ) ) ;
#3181 = ORIENTED_EDGE ( 'NONE', *, *, #3763, .T. ) ;
#3182 = CARTESIAN_POINT ( 'NONE',  ( 1.282877197436620209, 6.129947230050694529, -3.024713627046460296 ) ) ;
#3183 = CARTESIAN_POINT ( 'NONE',  ( 2.750000000000002665, -0.2211506269534935509, 9.882727230318703812E-15 ) ) ;
#3184 = CARTESIAN_POINT ( 'NONE',  ( -2.285320154807696458, 1.010157891003981678, -0.0005878831144266431644 ) ) ;
#3185 = ADVANCED_FACE ( 'NONE', ( #2375 ), #3677, .T. ) ;
#3186 = CARTESIAN_POINT ( 'NONE',  ( -1.616381074783567628, -7.864842108996016989, 1.615549682510057927 ) ) ;
#3187 = ORIENTED_EDGE ( 'NONE', *, *, #775, .F. ) ;
#3188 = CYLINDRICAL_SURFACE ( 'NONE', #3714, 2.750000000000000000 ) ;
#3189 = CARTESIAN_POINT ( 'NONE',  ( 2.285563663966786674, -8.427342108996018766, -0.9460227193715035066 ) ) ;
#3190 = CARTESIAN_POINT ( 'NONE',  ( 2.285076645648613791, 0.4476578910039830661, 0.9471984856003577979 ) ) ;
#3191 = CARTESIAN_POINT ( 'NONE',  ( 0.02443065694201654661, -0.1721314480427303673, 3.035320154807698234 ) ) ;
#3192 = CARTESIAN_POINT ( 'NONE',  ( -2.749999999999995559, -9.659017934196080901, 1.129674997702176498 ) ) ;
#3193 = CARTESIAN_POINT ( 'NONE',  ( -1.933135058238603987, 1.152965627179520336, -1.955885693645930345 ) ) ;
#3194 = CARTESIAN_POINT ( 'NONE',  ( 2.289190396879109635, 7.499999999999998224, 0.3321637656131393723 ) ) ;
#3195 = EDGE_CURVE ( 'NONE', #1679, #4029, #2076, .T. ) ;
#3196 = CARTESIAN_POINT ( 'NONE',  ( 1.281701431207770137, -10.10963144804273206, 3.025200645364631402 ) ) ;
#3197 = VECTOR ( 'NONE', #402, 1000.000000000000000 ) ;
#3198 = DIRECTION ( 'NONE',  ( -1.224646799147353454E-16, 1.000000000000000000, -0.000000000000000000 ) ) ;
#3199 = CARTESIAN_POINT ( 'NONE',  ( -2.749959571463119534, -0.2576536640907151066, 0.01491158336210037481 ) ) ;
#3200 = CARTESIAN_POINT ( 'NONE',  ( 2.285320154807700455, -3.489842108996016989, 0.0005878831144263602961 ) ) ;
#3201 = CARTESIAN_POINT ( 'NONE',  ( -1.999999999999999556, 10.50000000000000000, 1.154700538379252128 ) ) ;
#3202 = EDGE_LOOP ( 'NONE', ( #213, #69, #944, #3900 ) ) ;
#3203 = CARTESIAN_POINT ( 'NONE',  ( 3.035320154807699566, 5.942447230050697193, 0.02560642317086780570 ) ) ;
#3204 = CARTESIAN_POINT ( 'NONE',  ( -1.153982133839829061, 6.554846335909284782, -2.743782991398082238 ) ) ;
#3205 = CARTESIAN_POINT ( 'NONE',  ( 1.616381074783572291, 0.6351578910039814563, -1.615549682510057927 ) ) ;
#3206 = ORIENTED_EDGE ( 'NONE', *, *, #2257, .T. ) ;
#3207 = CARTESIAN_POINT ( 'NONE',  ( 0.9471984856003589082, -5.302342108996019654, -2.285076645648612459 ) ) ;
#3208 = ORIENTED_EDGE ( 'NONE', *, *, #3125, .T. ) ;
#3209 = DIRECTION ( 'NONE',  ( -1.224646799147353454E-16, 1.000000000000000000, -0.000000000000000000 ) ) ;
#3210 = CARTESIAN_POINT ( 'NONE',  ( -0.9471984856003545783, -8.802342108996018766, 2.285076645648612459 ) ) ;
#3211 = CARTESIAN_POINT ( 'NONE',  ( 0.0005878831144277723610, 5.760157891003981234, -2.285320154807698234 ) ) ;
#3212 = CARTESIAN_POINT ( 'NONE',  ( 2.129020381344185253, 2.202868551957268384, -2.163570547729265492 ) ) ;
#3213 = PERSON_AND_ORGANIZATION_ROLE ( 'creator' ) ;
#3214 = CARTESIAN_POINT ( 'NONE',  ( 2.750000000000005329, 0.8409820658039200980, -1.129674997702171391 ) ) ;
#3215 = CARTESIAN_POINT ( 'NONE',  ( 2.750000000000005329, 5.840982065803917322, -1.129674997702171169 ) ) ;
#3216 = ADVANCED_FACE ( 'NONE', ( #3841 ), #2502, .T. ) ;
#3217 = CARTESIAN_POINT ( 'NONE',  ( -0.02443065694201175878, -9.672131448042732060, -3.035320154807698234 ) ) ;
#3218 = CARTESIAN_POINT ( 'NONE',  ( -1.122980677478950584, -5.909534372820478332, -2.756616452667264294 ) ) ;
#3219 = CARTESIAN_POINT ( 'NONE',  ( 2.000000000000001332, 10.50000000000000000, -1.154700538379252128 ) ) ;
#3220 = CARTESIAN_POINT ( 'NONE',  ( 1.615549682510059482, 0.3851578910039829551, 1.616381074783570515 ) ) ;
#3221 = CARTESIAN_POINT ( 'NONE',  ( -2.749999999999998668, 1.741527241015508931, -9.797953184584977129E-15 ) ) ;
#3222 = ORIENTED_EDGE ( 'NONE', *, *, #3195, .T. ) ;
#3223 = DIRECTION ( 'NONE',  ( 0.4999999999999997780, 6.123233995736766036E-17, -0.8660254037844388186 ) ) ;
#3224 = VECTOR ( 'NONE', #1736, 1000.000000000000000 ) ;
#3225 = CARTESIAN_POINT ( 'NONE',  ( 1.231664351094885035, 6.754947230050694529, 3.045926682568936172 ) ) ;
#3226 = CARTESIAN_POINT ( 'NONE',  ( 1.955885693645931678, 2.902965627179520336, -1.933135058238605763 ) ) ;
#3227 = CARTESIAN_POINT ( 'NONE',  ( -2.285076645648611127, 2.947657891003982122, -0.9471984856003564657 ) ) ;
#3228 = VERTEX_POINT ( 'NONE', #920 ) ;
#3229 = AXIS2_PLACEMENT_3D ( 'NONE', #3977, #3223, #3935 ) ;
#3230 =( BOUNDED_CURVE ( )  B_SPLINE_CURVE ( 2, ( #2267, #13, #3936, #4215, #318, #1968, #691, #1625, #2974, #3314, #3291 ),
 .UNSPECIFIED., .F., .F. ) 
 B_SPLINE_CURVE_WITH_KNOTS ( ( 3, 2, 2, 2, 2, 3 ),
 ( 0.8095692787970891757, 0.8154761904761904656, 0.8214285714285713969, 0.8273809523809523281, 0.8333333333333333703, 0.8333788026066130117 ),
 .UNSPECIFIED. ) 
 CURVE ( )  GEOMETRIC_REPRESENTATION_ITEM ( )  RATIONAL_B_SPLINE_CURVE ( ( 0.9988459397136756346, 0.9244610044241410307, 1.000000000000000000, 0.9238795325112867385, 1.000000000000000000, 0.9238795325112867385, 1.000000000000000000, 0.9238795325112867385, 1.000000000000000000, 0.9994185280871457078, 0.9988459397136756346 ) ) 
 REPRESENTATION_ITEM ( '' )  );
#3231 = CARTESIAN_POINT ( 'NONE',  ( -0.9460227193715006200, -6.177342108996017878, -2.285563663966784009 ) ) ;
#3232 = ORIENTED_EDGE ( 'NONE', *, *, #6, .T. ) ;
#3233 = CARTESIAN_POINT ( 'NONE',  ( -3.035320154807695570, -4.557552769949305471, -0.02560642317086817693 ) ) ;
#3234 = CARTESIAN_POINT ( 'NONE',  ( 2.749959571463123975, -4.757653664090715218, -0.01491158336210071135 ) ) ;
#3235 = CARTESIAN_POINT ( 'NONE',  ( 2.285076645648615123, -9.552342108996018766, 0.9471984856003577979 ) ) ;
#3236 = CARTESIAN_POINT ( 'NONE',  ( -0.0005878831144253241240, 4.260157891003983011, 2.285320154807698234 ) ) ;
#3237 = CARTESIAN_POINT ( 'NONE',  ( -3.035320154807696458, 1.577868551957269494, 0.02443065694201473556 ) ) ;
#3238 = CARTESIAN_POINT ( 'NONE',  ( -2.743289438998255392, -9.784534372820480996, -1.155154934624597285 ) ) ;
#3239 = CARTESIAN_POINT ( 'NONE',  ( 2.750000000000002665, -2.758472758984491513, 9.486758998627150629E-15 ) ) ;
#3240 = CARTESIAN_POINT ( 'NONE',  ( 2.750000000000002220, 0.2419372448705069678, -0.007455846486311910361 ) ) ;
#3241 = CARTESIAN_POINT ( 'NONE',  ( 1.282877197436622208, -7.870052769949305471, -3.024713627046460296 ) ) ;
#3242 = CARTESIAN_POINT ( 'NONE',  ( -1.232840117323734663, -9.234631448042732060, 3.045439664250764178 ) ) ;
#3243 = CARTESIAN_POINT ( 'NONE',  ( 4.468337651538803533E-16, 12.50000000000000000, 0.000000000000000000 ) ) ;
#3244 = CARTESIAN_POINT ( 'NONE',  ( -0.01608712857282095648, 3.527965627179520780, 2.749952945832760953 ) ) ;
#3245 = CARTESIAN_POINT ( 'NONE',  ( -0.0005878831144248341731, 0.2601578910039828441, 2.285320154807698234 ) ) ;
#3246 = CARTESIAN_POINT ( 'NONE',  ( -2.749999999999998668, -2.721150626953492857, 9.429889033906309885E-15 ) ) ;
#3247 = ORIENTED_EDGE ( 'NONE', *, *, #3961, .F. ) ;
#3248 = DIRECTION ( 'NONE',  ( -1.000000000000000000, -2.040851148208007998E-16, 0.000000000000000000 ) ) ;
#3249 = CARTESIAN_POINT ( 'NONE',  ( -2.128188989070670889, 8.317447230050696305, -2.164401940002777192 ) ) ;
#3250 = CARTESIAN_POINT ( 'NONE',  ( 0.9460227193715071703, -8.677342108996020542, 2.285563663966783565 ) ) ;
#3251 = CARTESIAN_POINT ( 'NONE',  ( -0.9471984856003555775, 1.197657891003982122, 2.285076645648612459 ) ) ;
#3252 = ORIENTED_EDGE ( 'NONE', *, *, #2732, .T. ) ;
#3253 = EDGE_CURVE ( 'NONE', #2144, #2977, #4111, .T. ) ;
#3254 = ORIENTED_EDGE ( 'NONE', *, *, #4060, .T. ) ;
#3255 = CARTESIAN_POINT ( 'NONE',  ( -0.02560642317086610220, -2.307552769949305027, 3.035320154807698234 ) ) ;
#3256 = CARTESIAN_POINT ( 'NONE',  ( -2.749952945832759621, 4.277965627179521668, -0.01608712857282233039 ) ) ;
#3257 = CARTESIAN_POINT ( 'NONE',  ( 0.9460227193715073923, -9.677342108996020542, 2.285563663966783565 ) ) ;
#3258 = CARTESIAN_POINT ( 'NONE',  ( -1.615549682510056373, 3.885157891003982567, -1.616381074783570293 ) ) ;
#3259 =( BOUNDED_CURVE ( )  B_SPLINE_CURVE ( 2, ( #4052, #1779, #3432, #1127, #3388, #2428, #3047, #811, #4008, #1079, #2382 ),
 .UNSPECIFIED., .F., .F. ) 
 B_SPLINE_CURVE_WITH_KNOTS ( ( 3, 2, 2, 2, 2, 3 ),
 ( 0.6905183388838385117, 0.6964285714285713969, 0.7023809523809523281, 0.7083333333333332593, 0.7142857142857141906, 0.7143278626933622366 ),
 .UNSPECIFIED. ) 
 CURVE ( )  GEOMETRIC_REPRESENTATION_ITEM ( )  RATIONAL_B_SPLINE_CURVE ( ( 0.9989296255183136575, 0.9244185364022912132, 1.000000000000000000, 0.9238795325112867385, 1.000000000000000000, 0.9238795325112867385, 1.000000000000000000, 0.9238795325112867385, 1.000000000000000000, 0.9994609961089955252, 0.9989296255183136575 ) ) 
 REPRESENTATION_ITEM ( '' )  );
#3260 = CARTESIAN_POINT ( 'NONE',  ( -1.232840117323736662, 2.765368551957268384, 3.045439664250764178 ) ) ;
#3261 = CARTESIAN_POINT ( 'NONE',  ( 2.750000000000002665, -9.221150626953495077, 1.322898101878941796E-16 ) ) ;
#3262 = CARTESIAN_POINT ( 'NONE',  ( 2.750000000000001776, -2.221150626953493301, -9.619843633150466576E-15 ) ) ;
#3263 = CARTESIAN_POINT ( 'NONE',  ( 0.02560642317087104616, -8.807552769949305471, -3.035320154807698234 ) ) ;
#3264 = CARTESIAN_POINT ( 'NONE',  ( 2.129020381344187030, -11.79713144804273028, -2.163570547729265492 ) ) ;
#3265 = CARTESIAN_POINT ( 'NONE',  ( 2.750000000000002665, -7.221150626953493301, 1.322898101878941796E-16 ) ) ;
#3266 = B_SPLINE_CURVE_WITH_KNOTS ( 'NONE', 3,
 ( #3322, #3989, #390, #1404, #1721, #413, #1698, #2384, #4010, #1081, #3685, #66, #3641, #723 ),
 .UNSPECIFIED., .F., .F.,
 ( 4, 2, 2, 2, 2, 2, 4 ),
 ( 0.000000000000000000, 0.0007830994200455896649, 0.001174649130068384714, 0.001566198840091180197, 0.001957748550113975246, 0.002349298260136769862, 0.003132397680182359527 ),
 .UNSPECIFIED. ) ;
#3267 = CARTESIAN_POINT ( 'NONE',  ( 2.750000000000001776, 3.778406969182382280, 0.008043633102135577459 ) ) ;
#3268 = CARTESIAN_POINT ( 'NONE',  ( -0.9460227193715018412, 2.822657891003981678, -2.285563663966784009 ) ) ;
#3269 = AXIS2_PLACEMENT_3D ( 'NONE', #1822, #189, #1104 ) ;
#3270 = CARTESIAN_POINT ( 'NONE',  ( -2.749999999999999556, 12.50000000000000000, 0.000000000000000000 ) ) ;
#3271 = ORIENTED_EDGE ( 'NONE', *, *, #636, .F. ) ;
#3272 = CARTESIAN_POINT ( 'NONE',  ( 3.045926682568936616, 8.004947230050696305, -1.231664351094883481 ) ) ;
#3273 = CARTESIAN_POINT ( 'NONE',  ( 0.9471984856003595743, -10.30234210899601877, -2.285076645648612459 ) ) ;
#3274 = CARTESIAN_POINT ( 'NONE',  ( -0.9471984856003560216, 2.197657891003983011, 2.285076645648612459 ) ) ;
#3275 = ORIENTED_EDGE ( 'NONE', *, *, #3981, .F. ) ;
#3276 = ORIENTED_EDGE ( 'NONE', *, *, #2467, .F. ) ;
#3277 = CARTESIAN_POINT ( 'NONE',  ( 2.164401940002779856, -4.932552769949304583, -2.128188989070671777 ) ) ;
#3278 = CARTESIAN_POINT ( 'NONE',  ( -2.749999999999999556, 12.50000000000000000, 0.000000000000000000 ) ) ;
#3279 = CARTESIAN_POINT ( 'NONE',  ( 0.0005878831144292450328, -6.239842108996017878, -2.285320154807698234 ) ) ;
#3280 = CARTESIAN_POINT ( 'NONE',  ( -2.285320154807696902, 4.010157891003983011, -0.0005878831144266401286 ) ) ;
#3281 = CARTESIAN_POINT ( 'NONE',  ( -3.035320154807696902, 5.577868551957267940, 0.02443065694201473556 ) ) ;
#3282 = ORIENTED_EDGE ( 'NONE', *, *, #3476, .F. ) ;
#3283 = EDGE_CURVE ( 'NONE', #1441, #409, #2089, .T. ) ;
#3284 = CARTESIAN_POINT ( 'NONE',  ( -2.749999999999994227, 0.6793675935832951263, -1.130362027696528715 ) ) ;
#3285 = CARTESIAN_POINT ( 'NONE',  ( -2.128188989070668669, -7.682552769949304583, -2.164401940002777192 ) ) ;
#3286 = CARTESIAN_POINT ( 'NONE',  ( -3.025200645364629626, -7.359631448042732060, 1.281701431207765474 ) ) ;
#3287 = CARTESIAN_POINT ( 'NONE',  ( 2.750000000000002665, -5.758062755129494725, -0.007455846486311910361 ) ) ;
#3288 = CARTESIAN_POINT ( 'NONE',  ( -0.9471984856003559106, 2.197657891003983011, 2.285076645648612459 ) ) ;
#3289 = CARTESIAN_POINT ( 'NONE',  ( -2.749952945832759177, -2.722034372820479220, -0.01608712857282233039 ) ) ;
#3290 = CARTESIAN_POINT ( 'NONE',  ( 2.750000000000005329, 1.840982065803921097, -1.129674997702171169 ) ) ;
#3291 = CARTESIAN_POINT ( 'NONE',  ( -2.749999999999999112, 5.278849373046508475, -1.022193187182612512E-14 ) ) ;
#3292 = CARTESIAN_POINT ( 'NONE',  ( 0.9471984856003593523, -8.302342108996016989, -2.285076645648612459 ) ) ;
#3293 = CARTESIAN_POINT ( 'NONE',  ( 0.9460227193715052829, 5.322657891003985675, 2.285563663966783565 ) ) ;
#3294 = VERTEX_POINT ( 'NONE', #1559 ) ;
#3295 = ORIENTED_EDGE ( 'NONE', *, *, #1084, .T. ) ;
#3296 = CARTESIAN_POINT ( 'NONE',  ( 0.02560642317087031064, -2.807552769949305471, -3.035320154807698234 ) ) ;
#3297 = CARTESIAN_POINT ( 'NONE',  ( -2.749999999999995115, -4.659017934196079125, 1.129674997702178718 ) ) ;
#3298 = CARTESIAN_POINT ( 'NONE',  ( -1.615549682510055485, -5.114842108996017878, -1.616381074783570293 ) ) ;
#3299 = VECTOR ( 'NONE', #2699, 1000.000000000000000 ) ;
#3300 = CARTESIAN_POINT ( 'NONE',  ( -1.616381074783569405, 6.135157891003981234, 1.615549682510057927 ) ) ;
#3301 = CARTESIAN_POINT ( 'NONE',  ( -2.163570547729264604, 7.452868551957269716, -2.129020381344183477 ) ) ;
#3302 = VERTEX_POINT ( 'NONE', #591 ) ;
#3303 = VERTEX_POINT ( 'NONE', #3178 ) ;
#3304 = CARTESIAN_POINT ( 'NONE',  ( 2.750000000000000444, 12.50000000000000000, 3.367778697655221012E-16 ) ) ;
#3305 = CARTESIAN_POINT ( 'NONE',  ( -3.035320154807695570, -6.557552769949305471, -0.02560642317086817693 ) ) ;
#3306 = CARTESIAN_POINT ( 'NONE',  ( 2.163570547729268156, -8.047131448042730284, 2.129020381344183921 ) ) ;
#3307 = EDGE_CURVE ( 'NONE', #2682, #795, #1916, .T. ) ;
#3308 = CARTESIAN_POINT ( 'NONE',  ( 2.750000000000002665, -9.221150626953495077, 1.322898101878941796E-16 ) ) ;
#3309 = FACE_OUTER_BOUND ( 'NONE', #3877, .T. ) ;
#3310 = CARTESIAN_POINT ( 'NONE',  ( 0.0005878831144280172822, 3.760157891003982567, -2.285320154807698234 ) ) ;
#3311 = DIRECTION ( 'NONE',  ( -1.224646799147353454E-16, 1.000000000000000000, -0.000000000000000000 ) ) ;
#3312 = CARTESIAN_POINT ( 'NONE',  ( -2.743782991398082238, 5.804846335909283894, 1.153982133839829727 ) ) ;
#3313 = DIRECTION ( 'NONE',  ( -1.224646799147360603E-16, 1.000000000000000000, -0.000000000000000000 ) ) ;
#3314 = CARTESIAN_POINT ( 'NONE',  ( -2.749999999999998668, 5.278406969182383612, -0.008043633102135766544 ) ) ;
#3315 = CARTESIAN_POINT ( 'NONE',  ( -2.285076645648609350, -8.052342108996016989, -0.9471984856003564657 ) ) ;
#3316 = CARTESIAN_POINT ( 'NONE',  ( -0.9471984856003562436, 6.197657891003981234, 2.285076645648612459 ) ) ;
#3317 = CARTESIAN_POINT ( 'NONE',  ( -1.955059142683992501, -9.382653664090717882, -1.933970979256855349 ) ) ;
#3318 = ORIENTED_EDGE ( 'NONE', *, *, #3195, .F. ) ;
#3319 = CARTESIAN_POINT ( 'NONE',  ( -3.035320154807695570, -3.557552769949304139, -0.02560642317086817693 ) ) ;
#3320 = ADVANCED_FACE ( 'NONE', ( #2519 ), #1893, .T. ) ;
#3321 = CARTESIAN_POINT ( 'NONE',  ( -0.9471984856003548003, -5.802342108996019654, 2.285076645648612459 ) ) ;
#3322 = CARTESIAN_POINT ( 'NONE',  ( -0.5071745914237755226, -11.49999999999999289, 2.702827026247541120 ) ) ;
#3323 = CARTESIAN_POINT ( 'NONE',  ( 2.285320154807701787, -12.48984210899601877, 0.0005878831144263602961 ) ) ;
#3324 = ORIENTED_EDGE ( 'NONE', *, *, #3459, .F. ) ;
#3325 = DIRECTION ( 'NONE',  ( 0.8660254037844387076, 0.000000000000000000, -0.4999999999999998335 ) ) ;
#3326 = CARTESIAN_POINT ( 'NONE',  ( -2.285076645648610683, -1.052342108996018322, -0.9471984856003564657 ) ) ;
#3327 = CARTESIAN_POINT ( 'NONE',  ( -0.02443065694201200511, -7.672131448042731172, -3.035320154807698234 ) ) ;
#3328 = DIRECTION ( 'NONE',  ( -1.000000000000000000, 0.000000000000000000, 0.000000000000000000 ) ) ;
#3329 = CARTESIAN_POINT ( 'NONE',  ( 2.750000000000000888, 7.241937244870507051, -0.007455846486311296269 ) ) ;
#3330 = CARTESIAN_POINT ( 'NONE',  ( -2.285076645648611571, 5.947657891003981234, -0.9471984856003564657 ) ) ;
#3331 = EDGE_CURVE ( 'NONE', #1269, #3892, #165, .T. ) ;
#3332 = CARTESIAN_POINT ( 'NONE',  ( 2.750000000000002220, 1.241527241015508931, 9.486758998627150629E-15 ) ) ;
#3333 = DIRECTION ( 'NONE',  ( -1.224646799147360603E-16, 1.000000000000000000, -0.000000000000000000 ) ) ;
#3334 = CARTESIAN_POINT ( 'NONE',  ( 2.750000000000000444, 12.50000000000000000, 3.367778697655221012E-16 ) ) ;
#3335 = AXIS2_PLACEMENT_3D ( 'NONE', #1793, #3978, #3103 ) ;
#3336 = CARTESIAN_POINT ( 'NONE',  ( -2.285076645648610238, -7.052342108996017878, -0.9471984856003564657 ) ) ;
#3337 = CARTESIAN_POINT ( 'NONE',  ( -0.0005878831144255720811, 6.260157891003981234, 2.285320154807698234 ) ) ;
#3338 = CYLINDRICAL_SURFACE ( 'NONE', #2275, 2.750000000000000000 ) ;
#3339 = AXIS2_PLACEMENT_3D ( 'NONE', #1117, #1047, #3038 ) ;
#3340 = ORIENTED_EDGE ( 'NONE', *, *, #1273, .T. ) ;
#3341 = CARTESIAN_POINT ( 'NONE',  ( 1.282877197436621319, -0.8700527699493052491, -3.024713627046460296 ) ) ;
#3342 = DIRECTION ( 'NONE',  ( -0.7071067811865400232, -0.7071067811865550112, 8.659560562354842879E-17 ) ) ;
#3343 = CARTESIAN_POINT ( 'NONE',  ( 1.616381074783572958, -5.364842108996017878, -1.615549682510057927 ) ) ;
#3344 = CARTESIAN_POINT ( 'NONE',  ( 1.059157164727557573E-15, 7.499999999999998224, 0.000000000000000000 ) ) ;
#3345 = CARTESIAN_POINT ( 'NONE',  ( 2.163570547729266380, 3.952868551957269716, 2.129020381344183921 ) ) ;
#3346 = ORIENTED_EDGE ( 'NONE', *, *, #3610, .F. ) ;
#3347 = APPROVAL ( #220, 'UNSPECIFIED' ) ;
#3348 = FACE_OUTER_BOUND ( 'NONE', #3202, .T. ) ;
#3349 = CARTESIAN_POINT ( 'NONE',  ( -0.0005878831144247117666, -0.7398421089960180996, 2.285320154807698234 ) ) ;
#3350 = CARTESIAN_POINT ( 'NONE',  ( 3.035320154807700899, -5.922131448042731172, -0.02443065694201510679 ) ) ;
#3351 = CARTESIAN_POINT ( 'NONE',  ( -2.743782991398081794, 1.804846335909285227, 1.153982133839829727 ) ) ;
#3352 = EDGE_CURVE ( 'NONE', #2704, #3638, #916, .T. ) ;
#3353 = CARTESIAN_POINT ( 'NONE',  ( -1.999999999999999556, 10.50000000000000000, 1.154700538379252128 ) ) ;
#3354 = CARTESIAN_POINT ( 'NONE',  ( 2.285076645648613791, 4.447657891003983899, 0.9471984856003577979 ) ) ;
#3355 = CARTESIAN_POINT ( 'NONE',  ( 2.743782991398084459, 1.304846335909284782, -1.153982133839830615 ) ) ;
#3356 = CARTESIAN_POINT ( 'NONE',  ( 1.955059142683997830, -5.882653664090716106, 1.933970979256855793 ) ) ;
#3357 = CARTESIAN_POINT ( 'NONE',  ( -2.749999999999998224, 2.278406969182383168, -0.008043633102135766544 ) ) ;
#3358 = DIRECTION ( 'NONE',  ( -1.224646799147353454E-16, 1.000000000000000000, -0.000000000000000000 ) ) ;
#3359 = CARTESIAN_POINT ( 'NONE',  ( -2.285320154807695570, -3.989842108996017433, -0.0005878831144266401286 ) ) ;
#3360 = CARTESIAN_POINT ( 'NONE',  ( 1.616381074783571403, 6.635157891003981234, -1.615549682510057927 ) ) ;
#3361 = CARTESIAN_POINT ( 'NONE',  ( -1.933970979256853129, -8.132653664090714329, 1.955059142683995166 ) ) ;
#3362 = ORIENTED_EDGE ( 'NONE', *, *, #484, .T. ) ;
#3363 = ADVANCED_FACE ( 'NONE', ( #4209 ), #2260, .T. ) ;
#3364 = CARTESIAN_POINT ( 'NONE',  ( -3.045926682568935728, 2.504947230050695861, 1.231664351094882814 ) ) ;
#3365 = CARTESIAN_POINT ( 'NONE',  ( 2.586195758820854618, -11.66380424117913961, 3.392057949005159829E-12 ) ) ;
#3366 = CARTESIAN_POINT ( 'NONE',  ( -2.285563663966782233, -3.927342108996017433, 0.9460227193715031735 ) ) ;
#3367 = CARTESIAN_POINT ( 'NONE',  ( -2.129020381344183033, 6.702868551957268828, 2.163570547729265492 ) ) ;
#3368 = ORIENTED_EDGE ( 'NONE', *, *, #3390, .T. ) ;
#3369 = DIRECTION ( 'NONE',  ( 1.224646799147353454E-16, -1.000000000000000000, 0.000000000000000000 ) ) ;
#3370 = CARTESIAN_POINT ( 'NONE',  ( 0.9471984856003586861, -2.302342108996017878, -2.285076645648612459 ) ) ;
#3371 = CARTESIAN_POINT ( 'NONE',  ( -1.281701431207763475, -5.609631448042731172, -3.025200645364631846 ) ) ;
#3372 = VECTOR ( 'NONE', #3888, 1000.000000000000114 ) ;
#3373 =( BOUNDED_CURVE ( )  B_SPLINE_CURVE ( 2, ( #621, #2851, #1922, #946, #2165, #4174, #2528, #1247, #3805, #210, #3785 ),
 .UNSPECIFIED., .F., .T. ) 
 B_SPLINE_CURVE_WITH_KNOTS ( ( 3, 2, 2, 2, 2, 3 ),
 ( 0.5476611960266958290, 0.5535714285714286031, 0.5595238095238095344, 0.5654761904761904656, 0.5714285714285713969, 0.5714707198362194429 ),
 .UNSPECIFIED. ) 
 CURVE ( )  GEOMETRIC_REPRESENTATION_ITEM ( )  RATIONAL_B_SPLINE_CURVE ( ( 0.9989296255183109929, 0.9244185364022926565, 1.000000000000000000, 0.9238795325112867385, 1.000000000000000000, 0.9238795325112867385, 1.000000000000000000, 0.9238795325112867385, 1.000000000000000000, 0.9994609961089955252, 0.9989296255183136575 ) ) 
 REPRESENTATION_ITEM ( '' )  );
#3374 = CARTESIAN_POINT ( 'NONE',  ( -2.749952945832757845, -8.722034372820479220, -0.01608712857282233039 ) ) ;
#3375 = CARTESIAN_POINT ( 'NONE',  ( -0.08398150718289749961, 7.496136154052672751, -2.749585041620008052 ) ) ;
#3376 = CARTESIAN_POINT ( 'NONE',  ( 2.222985023017307604, 7.441861669749104458, 1.009258171149429728 ) ) ;
#3377 = VECTOR ( 'NONE', #1222, 1000.000000000000000 ) ;
#3378 = CARTESIAN_POINT ( 'NONE',  ( -0.1529455385166017534, 7.499999999999998224, -2.745743553620380251 ) ) ;
#3379 = APPLICATION_PROTOCOL_DEFINITION ( 'international standard', 'config_control_design', 1994, #3431 ) ;
#3380 = CARTESIAN_POINT ( 'NONE',  ( -2.749999999999998668, 1.278849373046505811, -1.022193187182612512E-14 ) ) ;
#3381 = CARTESIAN_POINT ( 'NONE',  ( 8.608520293808963460E-16, 10.50000000000000000, -2.309401076758503368 ) ) ;
#3382 = FACE_OUTER_BOUND ( 'NONE', #2064, .T. ) ;
#3383 = CARTESIAN_POINT ( 'NONE',  ( 1.615549682510060148, -5.614842108996017878, 1.616381074783570515 ) ) ;
#3384 = CARTESIAN_POINT ( 'NONE',  ( 2.285563663966784897, 6.572657891003982122, -0.9460227193715035066 ) ) ;
#3385 = CARTESIAN_POINT ( 'NONE',  ( 2.749959571463124863, -9.757653664090717882, -0.01491158336210071135 ) ) ;
#3386 = ORIENTED_EDGE ( 'NONE', *, *, #452, .T. ) ;
#3387 = CARTESIAN_POINT ( 'NONE',  ( 3.024713627046460740, -1.120052769949303917, 1.282877197436620875 ) ) ;
#3388 = CARTESIAN_POINT ( 'NONE',  ( 0.01491158336210304108, -7.007653664090716994, 2.749959571463121311 ) ) ;
#3389 = CARTESIAN_POINT ( 'NONE',  ( 2.285320154807700455, -3.489842108996016989, 0.0005878831144263633318 ) ) ;
#3390 = EDGE_CURVE ( 'NONE', #3749, #2014, #3606, .T. ) ;
#3391 = CARTESIAN_POINT ( 'NONE',  ( -1.615549682510054597, -12.11484210899601699, -1.616381074783570293 ) ) ;
#3392 = ORIENTED_EDGE ( 'NONE', *, *, #4147, .T. ) ;
#3393 = CARTESIAN_POINT ( 'NONE',  ( 1.955059142683997830, -10.88265366409071611, 1.933970979256855793 ) ) ;
#3394 = CARTESIAN_POINT ( 'NONE',  ( -1.616381074783568073, -3.864842108996017433, 1.615549682510057927 ) ) ;
#3395 = CARTESIAN_POINT ( 'NONE',  ( 3.025200645364633179, -0.8596314480427309501, -1.281701431207766362 ) ) ;
#3396 = CARTESIAN_POINT ( 'NONE',  ( -0.1529455385167892978, -11.49999999999999289, -2.745743553620369148 ) ) ;
#3397 = CARTESIAN_POINT ( 'NONE',  ( 2.743289438998259389, -1.284534372820478554, 1.155154934624598617 ) ) ;
#3398 = CARTESIAN_POINT ( 'NONE',  ( 2.280236653855483464, 7.499999999999998224, 0.1523461781299133844 ) ) ;
#3399 =( BOUNDED_CURVE ( )  B_SPLINE_CURVE ( 2, ( #2778, #200, #3493, #1829, #3136, #2800, #241, #1870, #2173, #2859, #2516 ),
 .UNSPECIFIED., .F., .F. ) 
 B_SPLINE_CURVE_WITH_KNOTS ( ( 3, 2, 2, 2, 2, 3 ),
 ( 0.1905216597494701347, 0.1964285714285714246, 0.2023809523809523836, 0.2083333333333333426, 0.2142857142857142738, 0.2143311835589939429 ),
 .UNSPECIFIED. ) 
 CURVE ( )  GEOMETRIC_REPRESENTATION_ITEM ( )  RATIONAL_B_SPLINE_CURVE ( ( 0.9988459397136748574, 0.9244610044241413638, 1.000000000000000000, 0.9238795325112867385, 1.000000000000000000, 0.9238795325112867385, 1.000000000000000000, 0.9238795325112867385, 1.000000000000000000, 0.9994185280871453747, 0.9988459397136748574 ) ) 
 REPRESENTATION_ITEM ( '' )  );
#3400 = CARTESIAN_POINT ( 'NONE',  ( 1.955059142683996942, -1.882653664090714996, 1.933970979256855793 ) ) ;
#3401 = DIRECTION ( 'NONE',  ( -1.000000000000000000, 0.000000000000000000, 0.000000000000000000 ) ) ;
#3402 = CARTESIAN_POINT ( 'NONE',  ( 2.750000000000002220, 1.241527241015508931, 9.486758998627150629E-15 ) ) ;
#3403 = CARTESIAN_POINT ( 'NONE',  ( 1.615549682510060370, -7.614842108996017878, 1.616381074783570515 ) ) ;
#3404 = CARTESIAN_POINT ( 'NONE',  ( -0.02560642317086499892, -11.30755276994930369, 3.035320154807698234 ) ) ;
#3405 = CARTESIAN_POINT ( 'NONE',  ( 2.750000000000003553, -9.758062755129499166, -0.007455846486311910361 ) ) ;
#3406 = ORIENTED_EDGE ( 'NONE', *, *, #1067, .T. ) ;
#3407 = CIRCLE ( 'NONE', #3743, 3.999999999999999112 ) ;
#3408 = CARTESIAN_POINT ( 'NONE',  ( 2.128188989070673109, 0.8174472300506961941, 2.164401940002777636 ) ) ;
#3409 = CARTESIAN_POINT ( 'NONE',  ( -1.618588616329383223, -11.89863189998958859, 1.712288118187993202 ) ) ;
#3410 = CARTESIAN_POINT ( 'NONE',  ( -0.9471984856003553555, -0.8023421089960179886, 2.285076645648612459 ) ) ;
#3411 = APPROVAL_PERSON_ORGANIZATION ( #4227, #548, #3835 ) ;
#3412 = CARTESIAN_POINT ( 'NONE',  ( -2.285320154807694681, -10.98984210899601877, -0.0005878831144266401286 ) ) ;
#3413 = VERTEX_POINT ( 'NONE', #2904 ) ;
#3414 = CYLINDRICAL_SURFACE ( 'NONE', #1868, 2.750000000000000000 ) ;
#3415 = CARTESIAN_POINT ( 'NONE',  ( 2.285563663966785786, -1.427342108996018766, -0.9460227193715035066 ) ) ;
#3416 = CARTESIAN_POINT ( 'NONE',  ( 3.045439664250766398, -3.984631448042729840, 1.232840117323737994 ) ) ;
#3417 = EDGE_CURVE ( 'NONE', #3892, #3919, #1348, .T. ) ;
#3418 = CARTESIAN_POINT ( 'NONE',  ( -2.749999999999999556, 5.741527241015507599, -9.797953184584977129E-15 ) ) ;
#3419 = CARTESIAN_POINT ( 'NONE',  ( 0.01491158336210340885, -10.00765366409071788, 2.749959571463121311 ) ) ;
#3420 = CARTESIAN_POINT ( 'NONE',  ( 0.01491158336210132718, 6.992346335909284782, 2.749959571463121311 ) ) ;
#3421 = CARTESIAN_POINT ( 'NONE',  ( -0.9471984856003561326, 4.197657891003983011, 2.285076645648612459 ) ) ;
#3422 = CARTESIAN_POINT ( 'NONE',  ( -1.232840117323734219, -12.23463144804272851, 3.045439664250764178 ) ) ;
#3423 = CARTESIAN_POINT ( 'NONE',  ( -1.955885693645929013, 1.402965627179520780, 1.933135058238605763 ) ) ;
#3424 = CARTESIAN_POINT ( 'NONE',  ( 1.192491677072553991, 7.500000000000000000, -2.321856178052300823 ) ) ;
#3425 = CARTESIAN_POINT ( 'NONE',  ( -2.743289438998254948, -10.78453437282048100, -1.155154934624597285 ) ) ;
#3426 =( BOUNDED_SURFACE ( )  B_SPLINE_SURFACE ( 1, 2, ( 
 ( #547, #1452, #901, #510, #3156, #821, #224, #3496, #567, #3080, #2762, #3422, #4063, #489, #1141, #163, #2258, #590, #3264, #3560, #663, #2284, #264, #3585, #1961, #918, #283, #2563, #2215, #3515, #1891, #332, #1597, #1873, #1638, #1001, #1912, #2610, #1939, #2948, #2881, #3839, #4166, #5, #1320, #3196, #1577, #244, #4185, #1279, #3603, #1301, #3217, #2305, #3861, #938, #3881, #2234, #3538, #3242, #4232, #2631, #3906, #611, #2927, #2903, #637, #4207, #982, #1558, #311, #2585, #2862, #3931, #1239, #2540, #960, #1618, #3306, #30, #420, #2367, #1041, #1364, #3327, #113, #395, #2046, #1726, #3286, #2345, #4016, #2389, #3668, #3648, #3032, #751, #2714, #4038, #729, #1112, #352, #1066, #2068, #2023, #2672, #1705, #2650, #3010, #373, #1658, #1412, #3350, #1089, #72, #3691, #93, #3371, #773, #441, #1981, #1386, #3055, #1746, #2967, #1429, #1022, #2987, #2694, #2736, #3995, #2410, #2327, #3970, #3627, #685, #707, #2001, #1682, #50, #4100, #2494, #4120, #3416, #1193, #3791, #2757, #2132, #158, #4057, #1137, #2435, #875, #3437, #3713, #2171, #2837, #3755, #199, #858, #3472, #483, #1448, #1765, #543, #1848, #3733, #818, #798, #1786, #3116, #1215, #3133, #837, #4143, #3094, #1471, #1491, #2777, #4080, #2153, #1827, #3151, #1514, #1156, #525, #505, #2473, #2454, #2817, #2092, #3453, #1808, #3395, #219, #464, #1534, #178, #2798, #1175, #3075, #136, #4201, #2877, #3191, #933, #1956, #2229, #3875, #3556, #897, #4180, #1613, #4225, #1274, #1255, #630, #2579, #304, #1634, #2558, #2943, #2189, #2898, #3899, #3857, #259, #3531, #1867, #605, #2210, #3491, #3237, #956, #2921, #1908, #1297, #2252, #976, #1932, #2605, #3813, #3212, #657, #2277, #562, #3581, #1591, #2535, #278, #3174, #3260, #1574, #328, #1, #2514, #240, #1553, #2857, #4163, #1235, #3834, #915, #3512, #583, #1887, #2040, #1381, #1722, #2668, #3345, #1700, #4011, #3663, #1405, #2625, #1036, #3686, #3004, #3600, #1060, #391, #1338, #724, #3926, #2063, #368, #1358, #1978, #3622, #2341, #2709, #67, #2688, #681, #1678, #3281, #3990, #2363, #746, #24, #1082, #414, #89, #3027, #3946, #2385, #768, #347, #3966, #1997, #1655, #2963, #2647, #3367, #3642, #1316, #437, #1742, #2018, #3049, #997, #2300, #2322, #1017, #701, #3301, #2982, #46 ),
 ( #3323, #174, #539, #2753, #2128, #1485, #3391, #815, #3090, #2792, #4054, #520, #3787, #3767, #3709, #3748, #2811, #1152, #2450, #2108, #870, #1189, #4095, #131, #3412, #2166, #2489, #794, #1823, #852, #1466, #479, #458, #3071, #3467, #2468, #832, #2087, #3433, #1843, #1508, #1169, #1781, #1130, #109, #4115, #2148, #153, #2430, #3449, #1444, #2773, #3128, #194, #1426, #2731, #1761, #4034, #500, #1107, #2406, #3729, #4075, #1803, #3112, #1249, #2914, #927, #3807, #2203, #4158, #1230, #1290, #3525, #3186, #1882, #1608, #2270, #3574, #1548, #2598, #254, #2247, #600, #557, #3893, #1586, #2530, #274, #651, #1569, #3146, #970, #892, #2892, #4175, #4196, #3829, #1861, #1211, #910, #3231, #235, #2872, #1903, #2552, #1925, #3506, #212, #1529, #949, #578, #2852, #3850, #2224, #3207, #2573, #1268, #3870, #3550, #2184, #624, #2833, #4138, #2510, #3487, #3168, #297, #71, #135, #2434, #2409, #797, #3031, #2091, #2453, #418, #4037, #3394, #1065, #2713, #772, #463, #1725, #3732, #1470, #1447, #1385, #1428, #482, #3054, #112, #4015, #2776, #3093, #1764, #2045, #1088, #4079, #157, #2693, #817, #2756, #3370, #2388, #2366, #750, #1155, #4056, #2735, #3994, #1111, #3074, #1135, #394, #3690, #2113, #3415, #3712, #2067, #1785, #3754, #2022, #3326, #440, #1704, #3007, #3667, #3349, #1745, #92, #1411, #177, #874, #524, #504, #1552, #896, #1234, #2170, #2856, #1214, #3511, #3173, #914, #2131, #542, #3190, #2513, #3115, #560, #4142, #857, #217, #3436, #1573, #4119, #3471, #1490, #3132, #1847, #2208, #3812, #2188, #2797, #1192, #4099, #3490, #1866, #239, #3771, #582, #4162, #3833, #2534, #3451, #1886, #258, #1174, #3149, #1512, #2472, #2152, #1826, #2876, #1533, #836, #4179, #1254, #2836, #2557, #1807, #198, #2816, #2493, #3790, #1337, #1016, #4200, #955, #3854, #3554, #3258, #1357, #3280, #3898, #45, #2251, #3236, #1633, #2578, #1272, #996, #1976, #2646, #346, #4224, #679, #2276, #2624, #3874, #1654, #2228, #3925, #975, #3530, #23, #604, #3620, #3580, #2604, #628, #3211, #3599, #1315, #1296, #303, #656, #3300, #1955, #932, #1931, #326, #1907, #2962, #2942, #277, #1612, #2919, #4247, #2299, #3945, #2321, #700, #1995, #367, #1677, #2981, #1590, #2897, #2017, #3025, #3965, #745, #1380, #1034, #87, #2340, #2708 ) ),
 .UNSPECIFIED., .F., .F., .F. ) 
 B_SPLINE_SURFACE_WITH_KNOTS ( ( 2, 2 ),
 ( 3, 2, 2, 2, 2, 2, 2, 2, 2, 2, 2, 2, 2, 2, 2, 2, 2, 2, 2, 2, 2, 2, 2, 2, 2, 2, 2, 2, 2, 2, 2, 2, 2, 2, 2, 2, 2, 2, 2, 2, 2, 2, 2, 2, 2, 2, 2, 2, 2, 2, 2, 2, 2, 2, 2, 2, 2, 2, 2, 2, 2, 2, 2, 2, 2, 2, 2, 2, 2, 2, 2, 2, 2, 2, 2, 2, 2, 2, 2, 2, 2, 2, 2, 2, 2, 2, 2, 2, 2, 2, 2, 2, 2, 2, 2, 2, 2, 2, 2, 2, 2, 2, 2, 2, 2, 2, 2, 2, 2, 2, 2, 2, 2, 2, 2, 2, 2, 2, 2, 2, 2, 2, 2, 2, 2, 2, 2, 2, 2, 2, 2, 2, 2, 2, 2, 2, 2, 2, 2, 2, 2, 2, 2, 2, 2, 2, 2, 2, 2, 2, 2, 2, 2, 2, 2, 2, 2, 2, 2, 2, 2, 2, 2, 2, 3 ),
 ( 0.000000000000000000, 1.000000000000000000 ),
 ( 0.000000000000000000, 0.005952380952380952051, 0.01190476190476190410, 0.01785714285714285615, 0.02380952380952380820, 0.02976190476190476025, 0.03571428571428571230, 0.04166666666666666435, 0.04761904761904761640, 0.05357142857142856845, 0.05952380952380952051, 0.06547619047619047949, 0.07142857142857142461, 0.07738095238095238360, 0.08333333333333332871, 0.08928571428571428770, 0.09523809523809523281, 0.1011904761904761918, 0.1071428571428571369, 0.1130952380952380959, 0.1190476190476190410, 0.1250000000000000000, 0.1309523809523809590, 0.1369047619047619180, 0.1428571428571428492, 0.1488095238095238082, 0.1547619047619047672, 0.1607142857142857262, 0.1666666666666666574, 0.1726190476190476164, 0.1785714285714285754, 0.1845238095238095344, 0.1904761904761904656, 0.1964285714285714246, 0.2023809523809523836, 0.2083333333333333426, 0.2142857142857142738, 0.2202380952380952328, 0.2261904761904761918, 0.2321428571428571508, 0.2380952380952380820, 0.2440476190476190410, 0.2500000000000000000, 0.2559523809523809312, 0.2619047619047619180, 0.2678571428571428492, 0.2738095238095238360, 0.2797619047619047672, 0.2857142857142856984, 0.2916666666666666852, 0.2976190476190476164, 0.3035714285714285476, 0.3095238095238095344, 0.3154761904761904656, 0.3214285714285714524, 0.3273809523809523836, 0.3333333333333333148, 0.3392857142857143016, 0.3452380952380952328, 0.3511904761904761640, 0.3571428571428571508, 0.3630952380952380820, 0.3690476190476190688, 0.3750000000000000000, 0.3809523809523809312, 0.3869047619047619180, 0.3928571428571428492, 0.3988095238095238360, 0.4047619047619047672, 0.4107142857142856984, 0.4166666666666666852, 0.4226190476190476164, 0.4285714285714285476, 0.4345238095238095344, 0.4404761904761904656, 0.4464285714285714524, 0.4523809523809523836, 0.4583333333333333148, 0.4642857142857143016, 0.4702380952380952328, 0.4761904761904761640, 0.4821428571428571508, 0.4880952380952380820, 0.4940476190476190688, 0.5000000000000000000, 0.5059523809523809312, 0.5119047619047618625, 0.5178571428571429047, 0.5238095238095238360, 0.5297619047619047672, 0.5357142857142856984, 0.5416666666666666297, 0.5476190476190476719, 0.5535714285714286031, 0.5595238095238095344, 0.5654761904761904656, 0.5714285714285713969, 0.5773809523809523281, 0.5833333333333333703, 0.5892857142857143016, 0.5952380952380952328, 0.6011904761904761640, 0.6071428571428570953, 0.6130952380952381375, 0.6190476190476190688, 0.6250000000000000000, 0.6309523809523809312, 0.6369047619047618625, 0.6428571428571429047, 0.6488095238095238360, 0.6547619047619047672, 0.6607142857142856984, 0.6666666666666666297, 0.6726190476190476719, 0.6785714285714286031, 0.6845238095238095344, 0.6904761904761904656, 0.6964285714285713969, 0.7023809523809523281, 0.7083333333333333703, 0.7142857142857143016, 0.7202380952380952328, 0.7261904761904761640, 0.7321428571428570953, 0.7380952380952381375, 0.7440476190476190688, 0.7500000000000000000, 0.7559523809523809312, 0.7619047619047618625, 0.7678571428571429047, 0.7738095238095238360, 0.7797619047619047672, 0.7857142857142856984, 0.7916666666666666297, 0.7976190476190476719, 0.8035714285714286031, 0.8095238095238095344, 0.8154761904761904656, 0.8214285714285713969, 0.8273809523809523281, 0.8333333333333333703, 0.8392857142857143016, 0.8452380952380952328, 0.8511904761904761640, 0.8571428571428570953, 0.8630952380952381375, 0.8690476190476190688, 0.8750000000000000000, 0.8809523809523809312, 0.8869047619047618625, 0.8928571428571429047, 0.8988095238095238360, 0.9047619047619047672, 0.9107142857142856984, 0.9166666666666666297, 0.9226190476190476719, 0.9285714285714286031, 0.9345238095238095344, 0.9404761904761904656, 0.9464285714285713969, 0.9523809523809523281, 0.9583333333333333703, 0.9642857142857143016, 0.9702380952380952328, 0.9761904761904761640 ),
 .UNSPECIFIED. ) 
 GEOMETRIC_REPRESENTATION_ITEM ( )  RATIONAL_B_SPLINE_SURFACE ( (
 ( 1.000000000000000000, 0.9238795325112867385, 1.000000000000000000, 0.9238795325112867385, 1.000000000000000000, 0.9238795325112867385, 1.000000000000000000, 0.9238795325112867385, 1.000000000000000000, 0.9238795325112867385, 1.000000000000000000, 0.9238795325112867385, 1.000000000000000000, 0.9238795325112867385, 1.000000000000000000, 0.9238795325112867385, 1.000000000000000000, 0.9238795325112867385, 1.000000000000000000, 0.9238795325112867385, 1.000000000000000000, 0.9238795325112867385, 1.000000000000000000, 0.9238795325112867385, 1.000000000000000000, 0.9238795325112867385, 1.000000000000000000, 0.9238795325112867385, 1.000000000000000000, 0.9238795325112867385, 1.000000000000000000, 0.9238795325112867385, 1.000000000000000000, 0.9238795325112867385, 1.000000000000000000, 0.9238795325112867385, 1.000000000000000000, 0.9238795325112867385, 1.000000000000000000, 0.9238795325112867385, 1.000000000000000000, 0.9238795325112867385, 1.000000000000000000, 0.9238795325112867385, 1.000000000000000000, 0.9238795325112867385, 1.000000000000000000, 0.9238795325112867385, 1.000000000000000000, 0.9238795325112867385, 1.000000000000000000, 0.9238795325112867385, 1.000000000000000000, 0.9238795325112867385, 1.000000000000000000, 0.9238795325112867385, 1.000000000000000000, 0.9238795325112867385, 1.000000000000000000, 0.9238795325112867385, 1.000000000000000000, 0.9238795325112867385, 1.000000000000000000, 0.9238795325112867385, 1.000000000000000000, 0.9238795325112867385, 1.000000000000000000, 0.9238795325112867385, 1.000000000000000000, 0.9238795325112867385, 1.000000000000000000, 0.9238795325112867385, 1.000000000000000000, 0.9238795325112867385, 1.000000000000000000, 0.9238795325112867385, 1.000000000000000000, 0.9238795325112867385, 1.000000000000000000, 0.9238795325112867385, 1.000000000000000000, 0.9238795325112867385, 1.000000000000000000, 0.9238795325112867385, 1.000000000000000000, 0.9238795325112867385, 1.000000000000000000, 0.9238795325112867385, 1.000000000000000000, 0.9238795325112867385, 1.000000000000000000, 0.9238795325112867385, 1.000000000000000000, 0.9238795325112867385, 1.000000000000000000, 0.9238795325112867385, 1.000000000000000000, 0.9238795325112867385, 1.000000000000000000, 0.9238795325112867385, 1.000000000000000000, 0.9238795325112867385, 1.000000000000000000, 0.9238795325112867385, 1.000000000000000000, 0.9238795325112867385, 1.000000000000000000, 0.9238795325112867385, 1.000000000000000000, 0.9238795325112867385, 1.000000000000000000, 0.9238795325112867385, 1.000000000000000000, 0.9238795325112867385, 1.000000000000000000, 0.9238795325112867385, 1.000000000000000000, 0.9238795325112867385, 1.000000000000000000, 0.9238795325112867385, 1.000000000000000000, 0.9238795325112867385, 1.000000000000000000, 0.9238795325112867385, 1.000000000000000000, 0.9238795325112867385, 1.000000000000000000, 0.9238795325112867385, 1.000000000000000000, 0.9238795325112867385, 1.000000000000000000, 0.9238795325112867385, 1.000000000000000000, 0.9238795325112867385, 1.000000000000000000, 0.9238795325112867385, 1.000000000000000000, 0.9238795325112867385, 1.000000000000000000, 0.9238795325112867385, 1.000000000000000000, 0.9238795325112867385, 1.000000000000000000, 0.9238795325112867385, 1.000000000000000000, 0.9238795325112867385, 1.000000000000000000, 0.9238795325112867385, 1.000000000000000000, 0.9238795325112867385, 1.000000000000000000, 0.9238795325112867385, 1.000000000000000000, 0.9238795325112867385, 1.000000000000000000, 0.9238795325112867385, 1.000000000000000000, 0.9238795325112867385, 1.000000000000000000, 0.9238795325112867385, 1.000000000000000000, 0.9238795325112867385, 1.000000000000000000, 0.9238795325112867385, 1.000000000000000000, 0.9238795325112867385, 1.000000000000000000, 0.9238795325112867385, 1.000000000000000000, 0.9238795325112867385, 1.000000000000000000, 0.9238795325112867385, 1.000000000000000000, 0.9238795325112867385, 1.000000000000000000, 0.9238795325112867385, 1.000000000000000000, 0.9238795325112867385, 1.000000000000000000, 0.9238795325112867385, 1.000000000000000000, 0.9238795325112867385, 1.000000000000000000, 0.9238795325112867385, 1.000000000000000000, 0.9238795325112867385, 1.000000000000000000, 0.9238795325112867385, 1.000000000000000000, 0.9238795325112867385, 1.000000000000000000, 0.9238795325112867385, 1.000000000000000000, 0.9238795325112867385, 1.000000000000000000, 0.9238795325112867385, 1.000000000000000000, 0.9238795325112867385, 1.000000000000000000, 0.9238795325112867385, 1.000000000000000000, 0.9238795325112867385, 1.000000000000000000, 0.9238795325112867385, 1.000000000000000000, 0.9238795325112867385, 1.000000000000000000, 0.9238795325112867385, 1.000000000000000000, 0.9238795325112867385, 1.000000000000000000, 0.9238795325112867385, 1.000000000000000000, 0.9238795325112867385, 1.000000000000000000, 0.9238795325112867385, 1.000000000000000000, 0.9238795325112867385, 1.000000000000000000, 0.9238795325112867385, 1.000000000000000000, 0.9238795325112867385, 1.000000000000000000, 0.9238795325112867385, 1.000000000000000000, 0.9238795325112867385, 1.000000000000000000, 0.9238795325112867385, 1.000000000000000000, 0.9238795325112867385, 1.000000000000000000, 0.9238795325112867385, 1.000000000000000000, 0.9238795325112867385, 1.000000000000000000, 0.9238795325112867385, 1.000000000000000000, 0.9238795325112867385, 1.000000000000000000, 0.9238795325112867385, 1.000000000000000000, 0.9238795325112867385, 1.000000000000000000, 0.9238795325112867385, 1.000000000000000000, 0.9238795325112867385, 1.000000000000000000, 0.9238795325112867385, 1.000000000000000000, 0.9238795325112867385, 1.000000000000000000, 0.9238795325112867385, 1.000000000000000000, 0.9238795325112867385, 1.000000000000000000, 0.9238795325112867385, 1.000000000000000000, 0.9238795325112867385, 1.000000000000000000, 0.9238795325112867385, 1.000000000000000000, 0.9238795325112867385, 1.000000000000000000, 0.9238795325112867385, 1.000000000000000000, 0.9238795325112867385, 1.000000000000000000, 0.9238795325112867385, 1.000000000000000000, 0.9238795325112867385, 1.000000000000000000, 0.9238795325112867385, 1.000000000000000000, 0.9238795325112867385, 1.000000000000000000, 0.9238795325112867385, 1.000000000000000000, 0.9238795325112867385, 1.000000000000000000, 0.9238795325112867385, 1.000000000000000000, 0.9238795325112867385, 1.000000000000000000, 0.9238795325112867385, 1.000000000000000000, 0.9238795325112867385, 1.000000000000000000, 0.9238795325112867385, 1.000000000000000000, 0.9238795325112867385, 1.000000000000000000, 0.9238795325112867385, 1.000000000000000000, 0.9238795325112867385, 1.000000000000000000, 0.9238795325112867385, 1.000000000000000000, 0.9238795325112867385, 1.000000000000000000, 0.9238795325112867385, 1.000000000000000000, 0.9238795325112867385, 1.000000000000000000, 0.9238795325112867385, 1.000000000000000000, 0.9238795325112867385, 1.000000000000000000, 0.9238795325112867385, 1.000000000000000000, 0.9238795325112867385, 1.000000000000000000, 0.9238795325112867385, 1.000000000000000000, 0.9238795325112867385, 1.000000000000000000, 0.9238795325112867385, 1.000000000000000000, 0.9238795325112867385, 1.000000000000000000, 0.9238795325112867385, 1.000000000000000000, 0.9238795325112867385, 1.000000000000000000, 0.9238795325112867385, 1.000000000000000000, 0.9238795325112867385, 1.000000000000000000, 0.9238795325112867385, 1.000000000000000000),
 ( 1.000000000000000000, 0.9238795325112867385, 1.000000000000000000, 0.9238795325112867385, 1.000000000000000000, 0.9238795325112867385, 1.000000000000000000, 0.9238795325112867385, 1.000000000000000000, 0.9238795325112867385, 1.000000000000000000, 0.9238795325112867385, 1.000000000000000000, 0.9238795325112867385, 1.000000000000000000, 0.9238795325112867385, 1.000000000000000000, 0.9238795325112867385, 1.000000000000000000, 0.9238795325112867385, 1.000000000000000000, 0.9238795325112867385, 1.000000000000000000, 0.9238795325112867385, 1.000000000000000000, 0.9238795325112867385, 1.000000000000000000, 0.9238795325112867385, 1.000000000000000000, 0.9238795325112867385, 1.000000000000000000, 0.9238795325112867385, 1.000000000000000000, 0.9238795325112867385, 1.000000000000000000, 0.9238795325112867385, 1.000000000000000000, 0.9238795325112867385, 1.000000000000000000, 0.9238795325112867385, 1.000000000000000000, 0.9238795325112867385, 1.000000000000000000, 0.9238795325112867385, 1.000000000000000000, 0.9238795325112867385, 1.000000000000000000, 0.9238795325112867385, 1.000000000000000000, 0.9238795325112867385, 1.000000000000000000, 0.9238795325112867385, 1.000000000000000000, 0.9238795325112867385, 1.000000000000000000, 0.9238795325112867385, 1.000000000000000000, 0.9238795325112867385, 1.000000000000000000, 0.9238795325112867385, 1.000000000000000000, 0.9238795325112867385, 1.000000000000000000, 0.9238795325112867385, 1.000000000000000000, 0.9238795325112867385, 1.000000000000000000, 0.9238795325112867385, 1.000000000000000000, 0.9238795325112867385, 1.000000000000000000, 0.9238795325112867385, 1.000000000000000000, 0.9238795325112867385, 1.000000000000000000, 0.9238795325112867385, 1.000000000000000000, 0.9238795325112867385, 1.000000000000000000, 0.9238795325112867385, 1.000000000000000000, 0.9238795325112867385, 1.000000000000000000, 0.9238795325112867385, 1.000000000000000000, 0.9238795325112867385, 1.000000000000000000, 0.9238795325112867385, 1.000000000000000000, 0.9238795325112867385, 1.000000000000000000, 0.9238795325112867385, 1.000000000000000000, 0.9238795325112867385, 1.000000000000000000, 0.9238795325112867385, 1.000000000000000000, 0.9238795325112867385, 1.000000000000000000, 0.9238795325112867385, 1.000000000000000000, 0.9238795325112867385, 1.000000000000000000, 0.9238795325112867385, 1.000000000000000000, 0.9238795325112867385, 1.000000000000000000, 0.9238795325112867385, 1.000000000000000000, 0.9238795325112867385, 1.000000000000000000, 0.9238795325112867385, 1.000000000000000000, 0.9238795325112867385, 1.000000000000000000, 0.9238795325112867385, 1.000000000000000000, 0.9238795325112867385, 1.000000000000000000, 0.9238795325112867385, 1.000000000000000000, 0.9238795325112867385, 1.000000000000000000, 0.9238795325112867385, 1.000000000000000000, 0.9238795325112867385, 1.000000000000000000, 0.9238795325112867385, 1.000000000000000000, 0.9238795325112867385, 1.000000000000000000, 0.9238795325112867385, 1.000000000000000000, 0.9238795325112867385, 1.000000000000000000, 0.9238795325112867385, 1.000000000000000000, 0.9238795325112867385, 1.000000000000000000, 0.9238795325112867385, 1.000000000000000000, 0.9238795325112867385, 1.000000000000000000, 0.9238795325112867385, 1.000000000000000000, 0.9238795325112867385, 1.000000000000000000, 0.9238795325112867385, 1.000000000000000000, 0.9238795325112867385, 1.000000000000000000, 0.9238795325112867385, 1.000000000000000000, 0.9238795325112867385, 1.000000000000000000, 0.9238795325112867385, 1.000000000000000000, 0.9238795325112867385, 1.000000000000000000, 0.9238795325112867385, 1.000000000000000000, 0.9238795325112867385, 1.000000000000000000, 0.9238795325112867385, 1.000000000000000000, 0.9238795325112867385, 1.000000000000000000, 0.9238795325112867385, 1.000000000000000000, 0.9238795325112867385, 1.000000000000000000, 0.9238795325112867385, 1.000000000000000000, 0.9238795325112867385, 1.000000000000000000, 0.9238795325112867385, 1.000000000000000000, 0.9238795325112867385, 1.000000000000000000, 0.9238795325112867385, 1.000000000000000000, 0.9238795325112867385, 1.000000000000000000, 0.9238795325112867385, 1.000000000000000000, 0.9238795325112867385, 1.000000000000000000, 0.9238795325112867385, 1.000000000000000000, 0.9238795325112867385, 1.000000000000000000, 0.9238795325112867385, 1.000000000000000000, 0.9238795325112867385, 1.000000000000000000, 0.9238795325112867385, 1.000000000000000000, 0.9238795325112867385, 1.000000000000000000, 0.9238795325112867385, 1.000000000000000000, 0.9238795325112867385, 1.000000000000000000, 0.9238795325112867385, 1.000000000000000000, 0.9238795325112867385, 1.000000000000000000, 0.9238795325112867385, 1.000000000000000000, 0.9238795325112867385, 1.000000000000000000, 0.9238795325112867385, 1.000000000000000000, 0.9238795325112867385, 1.000000000000000000, 0.9238795325112867385, 1.000000000000000000, 0.9238795325112867385, 1.000000000000000000, 0.9238795325112867385, 1.000000000000000000, 0.9238795325112867385, 1.000000000000000000, 0.9238795325112867385, 1.000000000000000000, 0.9238795325112867385, 1.000000000000000000, 0.9238795325112867385, 1.000000000000000000, 0.9238795325112867385, 1.000000000000000000, 0.9238795325112867385, 1.000000000000000000, 0.9238795325112867385, 1.000000000000000000, 0.9238795325112867385, 1.000000000000000000, 0.9238795325112867385, 1.000000000000000000, 0.9238795325112867385, 1.000000000000000000, 0.9238795325112867385, 1.000000000000000000, 0.9238795325112867385, 1.000000000000000000, 0.9238795325112867385, 1.000000000000000000, 0.9238795325112867385, 1.000000000000000000, 0.9238795325112867385, 1.000000000000000000, 0.9238795325112867385, 1.000000000000000000, 0.9238795325112867385, 1.000000000000000000, 0.9238795325112867385, 1.000000000000000000, 0.9238795325112867385, 1.000000000000000000, 0.9238795325112867385, 1.000000000000000000, 0.9238795325112867385, 1.000000000000000000, 0.9238795325112867385, 1.000000000000000000, 0.9238795325112867385, 1.000000000000000000, 0.9238795325112867385, 1.000000000000000000, 0.9238795325112867385, 1.000000000000000000, 0.9238795325112867385, 1.000000000000000000, 0.9238795325112867385, 1.000000000000000000, 0.9238795325112867385, 1.000000000000000000, 0.9238795325112867385, 1.000000000000000000, 0.9238795325112867385, 1.000000000000000000, 0.9238795325112867385, 1.000000000000000000, 0.9238795325112867385, 1.000000000000000000, 0.9238795325112867385, 1.000000000000000000, 0.9238795325112867385, 1.000000000000000000, 0.9238795325112867385, 1.000000000000000000, 0.9238795325112867385, 1.000000000000000000, 0.9238795325112867385, 1.000000000000000000, 0.9238795325112867385, 1.000000000000000000, 0.9238795325112867385, 1.000000000000000000, 0.9238795325112867385, 1.000000000000000000, 0.9238795325112867385, 1.000000000000000000, 0.9238795325112867385, 1.000000000000000000, 0.9238795325112867385, 1.000000000000000000, 0.9238795325112867385, 1.000000000000000000, 0.9238795325112867385, 1.000000000000000000, 0.9238795325112867385, 1.000000000000000000, 0.9238795325112867385, 1.000000000000000000, 0.9238795325112867385, 1.000000000000000000, 0.9238795325112867385, 1.000000000000000000, 0.9238795325112867385, 1.000000000000000000, 0.9238795325112867385, 1.000000000000000000, 0.9238795325112867385, 1.000000000000000000, 0.9238795325112867385, 1.000000000000000000, 0.9238795325112867385, 1.000000000000000000) ) ) 
 REPRESENTATION_ITEM ( '' )  SURFACE ( )  );
#3427 = CARTESIAN_POINT ( 'NONE',  ( -3.024713627046456299, -11.62005276994930369, -1.282877197436619099 ) ) ;
#3428 = CARTESIAN_POINT ( 'NONE',  ( -2.749999999999994671, 3.679367593583295903, -1.130362027696529159 ) ) ;
#3429 = ORIENTED_EDGE ( 'NONE', *, *, #3912, .T. ) ;
#3430 = CARTESIAN_POINT ( 'NONE',  ( -1.231664351094881482, 1.254947230050694973, -3.045926682568936616 ) ) ;
#3431 = APPLICATION_CONTEXT ( 'configuration controlled 3d designs of mechanical parts and assemblies' ) ;
#3432 = CARTESIAN_POINT ( 'NONE',  ( 1.955059142683997830, -6.882653664090715218, 1.933970979256855793 ) ) ;
#3433 = CARTESIAN_POINT ( 'NONE',  ( -1.615549682510054819, -10.11484210899601699, -1.616381074783570293 ) ) ;
#3434 = ORIENTED_EDGE ( 'NONE', *, *, #1842, .T. ) ;
#3435 = CARTESIAN_POINT ( 'NONE',  ( -2.285563663966780901, -10.92734210899602054, 0.9460227193715031735 ) ) ;
#3436 = CARTESIAN_POINT ( 'NONE',  ( -1.615549682510056151, 0.8851578910039816783, -1.616381074783570293 ) ) ;
#3437 = CARTESIAN_POINT ( 'NONE',  ( -3.025200645364630070, -3.359631448042731172, 1.281701431207765474 ) ) ;
#3438 = CARTESIAN_POINT ( 'NONE',  ( 2.750000000000001776, 5.778406969182384501, 0.008043633102135577459 ) ) ;
#3439 = EDGE_CURVE ( 'NONE', #795, #1269, #475, .T. ) ;
#3440 = CARTESIAN_POINT ( 'NONE',  ( -1.955885693645929013, 4.402965627179521668, 1.933135058238605763 ) ) ;
#3441 = AXIS2_PLACEMENT_3D ( 'NONE', #2099, #512, #167 ) ;
#3442 = CARTESIAN_POINT ( 'NONE',  ( 2.285563663966786230, -1.427342108996018766, -0.9460227193715036176 ) ) ;
#3443 = CARTESIAN_POINT ( 'NONE',  ( 3.035320154807701343, -9.057552769949305471, 0.02560642317086780570 ) ) ;
#3444 = CARTESIAN_POINT ( 'NONE',  ( 1.933135058238607540, -3.347034372820478332, 1.955885693645930790 ) ) ;
#3445 = ORIENTED_EDGE ( 'NONE', *, *, #2715, .T. ) ;
#3446 = CARTESIAN_POINT ( 'NONE',  ( -3.045926682568936172, 6.504947230050693641, 1.231664351094882814 ) ) ;
#3447 =( BOUNDED_CURVE ( )  B_SPLINE_CURVE ( 2, ( #1563, #3428, #4133, #3822, #2162, #1503, #3462, #3108, #534, #516, #170 ),
 .UNSPECIFIED., .F., .F. ) 
 B_SPLINE_CURVE_WITH_KNOTS ( ( 3, 2, 2, 2, 2, 3 ),
 ( 0.1905183388838385117, 0.1964285714285713969, 0.2023809523809523281, 0.2083333333333332593, 0.2142857142857143016, 0.2143278626933623476 ),
 .UNSPECIFIED. ) 
 CURVE ( )  GEOMETRIC_REPRESENTATION_ITEM ( )  RATIONAL_B_SPLINE_CURVE ( ( 0.9989296255183136575, 0.9244185364022912132, 1.000000000000000000, 0.9238795325112867385, 1.000000000000000000, 0.9238795325112867385, 1.000000000000000000, 0.9238795325112867385, 1.000000000000000000, 0.9994609961089955252, 0.9989296255183136575 ) ) 
 REPRESENTATION_ITEM ( '' )  );
#3448 = CARTESIAN_POINT ( 'NONE',  ( 2.497190969530481031, -11.68706722932662245, 0.5960776721078701046 ) ) ;
#3449 = CARTESIAN_POINT ( 'NONE',  ( 2.285563663966786674, -9.427342108996020542, -0.9460227193715035066 ) ) ;
#3450 = EDGE_LOOP ( 'NONE', ( #4218, #3984, #3368, #330 ) ) ;
#3451 = CARTESIAN_POINT ( 'NONE',  ( -0.9471984856003560216, 2.197657891003983011, 2.285076645648612459 ) ) ;
#3452 = CC_DESIGN_PERSON_AND_ORGANIZATION_ASSIGNMENT ( #3152, #2581, ( #470 ) ) ;
#3453 = CARTESIAN_POINT ( 'NONE',  ( 3.045439664250766398, -0.9846314480427311722, 1.232840117323737994 ) ) ;
#3454 = DIRECTION ( 'NONE',  ( 1.000000000000000000, 0.000000000000000000, 0.000000000000000000 ) ) ;
#3455 = CARTESIAN_POINT ( 'NONE',  ( 1.955885693645932344, -1.097034372820479664, -1.933135058238605763 ) ) ;
#3456 = CARTESIAN_POINT ( 'NONE',  ( 2.749999999999998668, -9.820632406416706317, 1.130362027696530713 ) ) ;
#3457 = CARTESIAN_POINT ( 'NONE',  ( -0.5071745914237755226, -11.49999999999999289, 2.702827026247541120 ) ) ;
#3458 = CARTESIAN_POINT ( 'NONE',  ( -1.155154934624595731, -7.534534372820480108, 2.743289438998258056 ) ) ;
#3459 = EDGE_CURVE ( 'NONE', #2199, #2365, #2691, .T. ) ;
#3460 = CARTESIAN_POINT ( 'NONE',  ( 1.615549682510059704, -2.614842108996017878, 1.616381074783570515 ) ) ;
#3461 = CARTESIAN_POINT ( 'NONE',  ( 1.616381074783571403, 7.635157891003982122, -1.615549682510057927 ) ) ;
#3462 = CARTESIAN_POINT ( 'NONE',  ( 1.933970979256857126, 3.367346335909284782, -1.955059142683995166 ) ) ;
#3463 = VERTEX_POINT ( 'NONE', #1302 ) ;
#3464 = CARTESIAN_POINT ( 'NONE',  ( 0.02560642317086932879, 5.192447230050696305, -3.035320154807698234 ) ) ;
#3465 = ADVANCED_FACE ( 'NONE', ( #2612 ), #2235, .T. ) ;
#3466 = CARTESIAN_POINT ( 'NONE',  ( -2.749952945832759177, 3.277965627179520336, -0.01608712857282233039 ) ) ;
#3467 = CARTESIAN_POINT ( 'NONE',  ( 1.616381074783573402, -10.36484210899601877, -1.615549682510057927 ) ) ;
#3468 = B_SPLINE_CURVE_WITH_KNOTS ( 'NONE', 3,
 ( #1119, #3719, #77, #2441, #805, #2120, #3424, #4002, #491, #1370, #404, #3699, #2053, #1713, #1394, #2700, #2353, #780 ),
 .UNSPECIFIED., .F., .F.,
 ( 4, 2, 2, 2, 2, 2, 2, 2, 4 ),
 ( 0.003003923725571419276, 0.003538251338196110075, 0.004072578950820800875, 0.004606906563445490807, 0.005141234176070182474, 0.005675561788694870671, 0.006209889401319560603, 0.006744217013944249668, 0.007278544626568938733 ),
 .UNSPECIFIED. ) ;
#3469 = ORIENTED_EDGE ( 'NONE', *, *, #3649, .T. ) ;
#3470 = CARTESIAN_POINT ( 'NONE',  ( 2.749952945832762730, 0.7779656271795218903, 0.01608712857282199732 ) ) ;
#3471 = CARTESIAN_POINT ( 'NONE',  ( -2.285563663966783565, 1.072657891003981900, 0.9460227193715031735 ) ) ;
#3472 = CARTESIAN_POINT ( 'NONE',  ( 3.035320154807700455, -2.922131448042731172, -0.02443065694201510679 ) ) ;
#3473 = CARTESIAN_POINT ( 'NONE',  ( 2.749952945832762730, 5.777965627179523445, 0.01608712857282199732 ) ) ;
#3474 = CARTESIAN_POINT ( 'NONE',  ( -1.153982133839828617, 4.554846335909286559, -2.743782991398082238 ) ) ;
#3475 = CARTESIAN_POINT ( 'NONE',  ( -0.01491158336209837988, -1.507653664090716328, -2.749959571463121311 ) ) ;
#3476 = EDGE_CURVE ( 'NONE', #2660, #3302, #3009, .T. ) ;
#3477 = CARTESIAN_POINT ( 'NONE',  ( -1.955885693645928125, -6.597034372820479220, 1.933135058238605763 ) ) ;
#3478 = CARTESIAN_POINT ( 'NONE',  ( 1.749999999999997558, -12.50000000000000000, 2.755455298081540833E-16 ) ) ;
#3479 = CARTESIAN_POINT ( 'NONE',  ( -0.9471984856003552444, -1.802342108996017211, 2.285076645648612459 ) ) ;
#3480 = CARTESIAN_POINT ( 'NONE',  ( 1.282877197436622430, -9.870052769949305471, -3.024713627046460296 ) ) ;
#3481 = DIRECTION ( 'NONE',  ( -1.000000000000000000, 0.000000000000000000, 0.000000000000000000 ) ) ;
#3482 = ORIENTED_EDGE ( 'NONE', *, *, #2027, .T. ) ;
#3483 = CARTESIAN_POINT ( 'NONE',  ( -1.282877197436619321, 5.629947230050697193, 3.024713627046458964 ) ) ;
#3484 = CARTESIAN_POINT ( 'NONE',  ( -2.255476623296611027, -11.96467976957782398, 0.3681219327061906466 ) ) ;
#3485 = CARTESIAN_POINT ( 'NONE',  ( 1.616381074783572513, -1.364842108996018544, -1.615549682510057927 ) ) ;
#3486 = EDGE_CURVE ( 'NONE', #3742, #1228, #2522, .T. ) ;
#3487 = CARTESIAN_POINT ( 'NONE',  ( 0.9460227193715065042, -4.677342108996018766, 2.285563663966783565 ) ) ;
#3488 = ORIENTED_EDGE ( 'NONE', *, *, #1326, .F. ) ;
#3489 = CARTESIAN_POINT ( 'NONE',  ( -0.0005878831144233676812, -11.73984210899601699, 2.285320154807698234 ) ) ;
#3490 = CARTESIAN_POINT ( 'NONE',  ( 0.9471984856003581310, 1.697657891003982344, -2.285076645648612459 ) ) ;
#3491 = CARTESIAN_POINT ( 'NONE',  ( -3.045439664250763290, 1.515368551957269494, -1.232840117323736662 ) ) ;
#3492 = SECURITY_CLASSIFICATION_LEVEL ( 'unclassified' ) ;
#3493 = CARTESIAN_POINT ( 'NONE',  ( 1.955885693645933232, -8.097034372820479220, -1.933135058238605763 ) ) ;
#3494 = DIRECTION ( 'NONE',  ( -0.4999999999999998890, -6.123233995736766036E-17, -0.8660254037844387076 ) ) ;
#3495 = CARTESIAN_POINT ( 'NONE',  ( 2.749952945832764062, -10.22203437282047922, 0.01608712857282199732 ) ) ;
#3496 = CARTESIAN_POINT ( 'NONE',  ( -3.045439664250761513, -12.48463144804273028, -1.232840117323736662 ) ) ;
#3497 = CARTESIAN_POINT ( 'NONE',  ( 4.468337651538803533E-16, 12.50000000000000000, 0.000000000000000000 ) ) ;
#3498 = CARTESIAN_POINT ( 'NONE',  ( -2.749999999999997780, 0.7415272410155080429, -9.520676621074870057E-15 ) ) ;
#3499 = CARTESIAN_POINT ( 'NONE',  ( -1.616381074783568073, -2.864842108996018322, 1.615549682510057927 ) ) ;
#3500 = VECTOR ( 'NONE', #4214, 1000.000000000000000 ) ;
#3501 = CARTESIAN_POINT ( 'NONE',  ( -1.955885693645929901, 7.402965627179520780, 1.933135058238605763 ) ) ;
#3502 = ORIENTED_EDGE ( 'NONE', *, *, #3799, .T. ) ;
#3503 = CARTESIAN_POINT ( 'NONE',  ( -2.164401940002776303, 5.567447230050697193, 2.128188989070671777 ) ) ;
#3504 = CARTESIAN_POINT ( 'NONE',  ( -1.999999999999999556, 10.50000000000000000, -1.154700538379251684 ) ) ;
#3505 = CARTESIAN_POINT ( 'NONE',  ( 2.285563663966785342, 2.572657891003981234, -0.9460227193715035066 ) ) ;
#3506 = CARTESIAN_POINT ( 'NONE',  ( -0.9471984856003548003, -5.802342108996019654, 2.285076645648612459 ) ) ;
#3507 = ORIENTED_EDGE ( 'NONE', *, *, #2054, .T. ) ;
#3508 = CARTESIAN_POINT ( 'NONE',  ( -1.933135058238604875, 7.152965627179520780, -1.955885693645930345 ) ) ;
#3509 = EDGE_CURVE ( 'NONE', #1269, #2626, #1050, .T. ) ;
#3510 = CARTESIAN_POINT ( 'NONE',  ( 2.285563663966787118, -12.42734210899601877, -0.9460227193715035066 ) ) ;
#3511 = CARTESIAN_POINT ( 'NONE',  ( -1.616381074783568517, 0.1351578910039827330, 1.615549682510057927 ) ) ;
#3512 = CARTESIAN_POINT ( 'NONE',  ( -3.045439664250763734, 3.515368551957269272, -1.232840117323736662 ) ) ;
#3513 = CARTESIAN_POINT ( 'NONE',  ( -2.749999999999998224, -1.721593030817616832, -0.008043633102135766544 ) ) ;
#3514 = CARTESIAN_POINT ( 'NONE',  ( -2.749999999999994671, 4.679367593583297236, -1.130362027696528715 ) ) ;
#3515 = CARTESIAN_POINT ( 'NONE',  ( 1.281701431207770359, -11.10963144804273028, 3.025200645364631402 ) ) ;
#3516 = CARTESIAN_POINT ( 'NONE',  ( -2.749999999999997780, -9.258062755129495613, 0.007455846486311585967 ) ) ;
#3517 = FACE_OUTER_BOUND ( 'NONE', #601, .T. ) ;
#3518 = CARTESIAN_POINT ( 'NONE',  ( -2.285563663966782677, -2.927342108996018766, 0.9460227193715032845 ) ) ;
#3519 = CARTESIAN_POINT ( 'NONE',  ( -2.749999999999996891, -9.721150626953491525, -4.714944516953152182E-16 ) ) ;
#3520 = EDGE_LOOP ( 'NONE', ( #3362, #2984, #3318, #2469 ) ) ;
#3521 = CARTESIAN_POINT ( 'NONE',  ( 1.231664351094885479, 4.754947230050696305, 3.045926682568936172 ) ) ;
#3522 = CARTESIAN_POINT ( 'NONE',  ( 1.955885693645932344, -0.09703437282047894241, -1.933135058238605763 ) ) ;
#3523 = CARTESIAN_POINT ( 'NONE',  ( 2.285563663966785786, -0.4273421089960177666, -0.9460227193715035066 ) ) ;
#3524 =( BOUNDED_CURVE ( )  B_SPLINE_CURVE ( 2, ( #252, #1546, #1841, #3204, #3145, #1265, #4156, #233, #597, #271, #3826 ),
 .UNSPECIFIED., .F., .T. ) 
 B_SPLINE_CURVE_WITH_KNOTS ( ( 3, 2, 2, 2, 2, 3 ),
 ( 0.04766119602669561389, 0.05357142857142849213, 0.05952380952380953438, 0.06547619047619046562, 0.07142857142857139685, 0.07147071983621944291 ),
 .UNSPECIFIED. ) 
 CURVE ( )  GEOMETRIC_REPRESENTATION_ITEM ( )  RATIONAL_B_SPLINE_CURVE ( ( 0.9989296255183133244, 0.9244185364022913243, 1.000000000000000000, 0.9238795325112867385, 1.000000000000000000, 0.9238795325112867385, 1.000000000000000000, 0.9238795325112867385, 1.000000000000000000, 0.9994609961089955252, 0.9989296255183136575 ) ) 
 REPRESENTATION_ITEM ( '' )  );
#3525 = CARTESIAN_POINT ( 'NONE',  ( -2.285563663966781345, -7.927342108996016989, 0.9460227193715031735 ) ) ;
#3526 = ORIENTED_EDGE ( 'NONE', *, *, #761, .T. ) ;
#3527 = EDGE_CURVE ( 'NONE', #2225, #2853, #1449, .T. ) ;
#3528 = DIRECTION ( 'NONE',  ( -1.224646799147353454E-16, 1.000000000000000000, -0.000000000000000000 ) ) ;
#3529 = CARTESIAN_POINT ( 'NONE',  ( -2.285563663966781345, -9.927342108996020542, 0.9460227193715031735 ) ) ;
#3530 = CARTESIAN_POINT ( 'NONE',  ( 0.9460227193715052829, 5.322657891003985675, 2.285563663966783565 ) ) ;
#3531 = CARTESIAN_POINT ( 'NONE',  ( 1.232840117323737994, 1.265368551957269272, -3.045439664250765954 ) ) ;
#3532 = ORIENTED_EDGE ( 'NONE', *, *, #193, .T. ) ;
#3533 = CALENDAR_DATE ( 2026, 26, 5 ) ;
#3534 = AXIS2_PLACEMENT_3D ( 'NONE', #3243, #3862, #1280 ) ;
#3535 = CARTESIAN_POINT ( 'NONE',  ( -0.01608712857281936054, -9.472034372820479220, 2.749952945832760953 ) ) ;
#3536 = CARTESIAN_POINT ( 'NONE',  ( -2.749999999999996447, -11.25847275898449240, 6.189966096708809385E-17 ) ) ;
#3537 = CARTESIAN_POINT ( 'NONE',  ( 1.955885693645931678, 5.902965627179519892, -1.933135058238605763 ) ) ;
#3538 = CARTESIAN_POINT ( 'NONE',  ( -2.129020381344180812, -9.297131448042732060, 2.163570547729265492 ) ) ;
#3539 = EDGE_CURVE ( 'NONE', #2834, #4202, #2062, .T. ) ;
#3540 = DIRECTION ( 'NONE',  ( -1.000000000000000000, 0.000000000000000000, 0.000000000000000000 ) ) ;
#3541 = CARTESIAN_POINT ( 'NONE',  ( 0.01608712857282487002, -5.972034372820478332, -2.749952945832760953 ) ) ;
#3542 = CARTESIAN_POINT ( 'NONE',  ( -0.9460227193715018412, 1.822657891003982567, -2.285563663966784009 ) ) ;
#3543 = CARTESIAN_POINT ( 'NONE',  ( 1.955885693645932344, -3.097034372820479664, -1.933135058238605763 ) ) ;
#3544 = VERTEX_POINT ( 'NONE', #2412 ) ;
#3545 = FACE_OUTER_BOUND ( 'NONE', #2265, .T. ) ;
#3546 = CARTESIAN_POINT ( 'NONE',  ( 2.750000000000000444, 12.50000000000000000, 3.367778697655221012E-16 ) ) ;
#3547 = CARTESIAN_POINT ( 'NONE',  ( -1.933135058238603987, 3.152965627179520336, -1.955885693645930345 ) ) ;
#3548 = CARTESIAN_POINT ( 'NONE',  ( -1.616381074783568739, 1.135157891003981900, 1.615549682510057927 ) ) ;
#3549 = ORIENTED_EDGE ( 'NONE', *, *, #1686, .F. ) ;
#3550 = CARTESIAN_POINT ( 'NONE',  ( -2.285076645648610238, -5.052342108996018766, -0.9471984856003564657 ) ) ;
#3551 = VERTEX_POINT ( 'NONE', #3056 ) ;
#3552 = CARTESIAN_POINT ( 'NONE',  ( -2.743289438998257168, 7.215465627179521668, -1.155154934624597285 ) ) ;
#3553 = CARTESIAN_POINT ( 'NONE',  ( 2.285563663966786230, -6.427342108996018766, -0.9460227193715035066 ) ) ;
#3554 = CARTESIAN_POINT ( 'NONE',  ( -0.9460227193715018412, 3.822657891003982567, -2.285563663966784009 ) ) ;
#3555 =( BOUNDED_CURVE ( )  B_SPLINE_CURVE ( 2, ( #2051, #3976, #3356, #3632, #2008, #712, #380, #1515, #3135, #1688, #3060 ),
 .UNSPECIFIED., .F., .F. ) 
 B_SPLINE_CURVE_WITH_KNOTS ( ( 3, 2, 2, 2, 2, 3 ),
 ( 0.6428992912647908398, 0.6488095238095237249, 0.6547619047619046562, 0.6607142857142856984, 0.6666666666666666297, 0.6667088150743146757 ),
 .UNSPECIFIED. ) 
 CURVE ( )  GEOMETRIC_REPRESENTATION_ITEM ( )  RATIONAL_B_SPLINE_CURVE ( ( 0.9989296255183136575, 0.9244185364022912132, 1.000000000000000000, 0.9238795325112867385, 1.000000000000000000, 0.9238795325112867385, 1.000000000000000000, 0.9238795325112867385, 1.000000000000000000, 0.9994609961089955252, 0.9989296255183136575 ) ) 
 REPRESENTATION_ITEM ( '' )  );
#3556 = CARTESIAN_POINT ( 'NONE',  ( 3.025200645364632734, 0.1403685519572681895, -1.281701431207766362 ) ) ;
#3557 = CARTESIAN_POINT ( 'NONE',  ( 1.155154934624599283, -2.034534372820479220, -2.743289438998258500 ) ) ;
#3558 = CARTESIAN_POINT ( 'NONE',  ( -2.749999999999999556, 12.50000000000000000, 0.000000000000000000 ) ) ;
#3559 = CARTESIAN_POINT ( 'NONE',  ( -1.282877197436617989, -5.370052769949304583, 3.024713627046458964 ) ) ;
#3560 = CARTESIAN_POINT ( 'NONE',  ( 1.232840117323739326, -11.73463144804273206, -3.045439664250765954 ) ) ;
#3561 = CARTESIAN_POINT ( 'NONE',  ( 2.749999999999996447, 4.179367593583297236, 1.130362027696530713 ) ) ;
#3562 = LINE ( 'NONE', #1043, #1664 ) ;
#3563 = CARTESIAN_POINT ( 'NONE',  ( -1.616381074783568961, 3.135157891003982122, 1.615549682510057927 ) ) ;
#3564 = ADVANCED_FACE ( 'NONE', ( #3650 ), #115, .T. ) ;
#3565 = DIRECTION ( 'NONE',  ( -1.224646799147353454E-16, 1.000000000000000000, -0.000000000000000000 ) ) ;
#3566 = EDGE_LOOP ( 'NONE', ( #1694, #3887, #3572, #1231 ) ) ;
#3567 = DIRECTION ( 'NONE',  ( 1.224646799147353454E-16, -1.000000000000000000, 0.000000000000000000 ) ) ;
#3568 = VECTOR ( 'NONE', #3100, 1000.000000000000000 ) ;
#3569 = CARTESIAN_POINT ( 'NONE',  ( 0.02560642317086908593, 7.192447230050694529, -3.035320154807698234 ) ) ;
#3570 = CARTESIAN_POINT ( 'NONE',  ( 0.0005878831144298542460, -11.23984210899601877, -2.285320154807698234 ) ) ;
#3571 = CARTESIAN_POINT ( 'NONE',  ( 2.285563663966785342, 0.5726578910039814563, -0.9460227193715035066 ) ) ;
#3572 = ORIENTED_EDGE ( 'NONE', *, *, #377, .F. ) ;
#3573 = CIRCLE ( 'NONE', #2278, 4.250000000000000888 ) ;
#3574 = CARTESIAN_POINT ( 'NONE',  ( 1.615549682510060370, -7.614842108996017878, 1.616381074783570515 ) ) ;
#3575 = ORIENTED_EDGE ( 'NONE', *, *, #2564, .T. ) ;
#3576 = CARTESIAN_POINT ( 'NONE',  ( -3.035320154807696014, -2.557552769949305027, -0.02560642317086817693 ) ) ;
#3577 = CARTESIAN_POINT ( 'NONE',  ( -1.122980677478951916, 7.090465627179521668, -2.756616452667264294 ) ) ;
#3578 = AXIS2_PLACEMENT_3D ( 'NONE', #1748, #1414, #3057 ) ;
#3579 = CARTESIAN_POINT ( 'NONE',  ( -2.285320154807695570, -6.989842108996018766, -0.0005878831144266431644 ) ) ;
#3580 = CARTESIAN_POINT ( 'NONE',  ( 2.285563663966784897, 5.572657891003980346, -0.9460227193715035066 ) ) ;
#3581 = CARTESIAN_POINT ( 'NONE',  ( -2.163570547729263716, 2.452868551957268384, -2.129020381344183477 ) ) ;
#3582 = CARTESIAN_POINT ( 'NONE',  ( 1.955885693645932122, 0.9029656271795202249, -1.933135058238605763 ) ) ;
#3583 = CARTESIAN_POINT ( 'NONE',  ( -1.124158967115627794, -5.070153664090716106, 2.756136151528160383 ) ) ;
#3584 = CARTESIAN_POINT ( 'NONE',  ( 3.024713627046462072, -8.120052769949305471, 1.282877197436620875 ) ) ;
#3585 = CARTESIAN_POINT ( 'NONE',  ( -3.045439664250761513, -11.48463144804273206, -1.232840117323736662 ) ) ;
#3586 = CARTESIAN_POINT ( 'NONE',  ( -1.955059142683992945, -5.382653664090716106, -1.933970979256855349 ) ) ;
#3587 = CARTESIAN_POINT ( 'NONE',  ( 1.616381074783572291, 0.6351578910039814563, -1.615549682510057927 ) ) ;
#3588 = CARTESIAN_POINT ( 'NONE',  ( -2.749999999999994227, 1.679367593583295903, -1.130362027696529159 ) ) ;
#3589 = PLANE ( 'NONE',  #3229 ) ;
#3590 = CARTESIAN_POINT ( 'NONE',  ( 3.024713627046460740, 6.879947230050694529, 1.282877197436620875 ) ) ;
#3591 = CARTESIAN_POINT ( 'NONE',  ( -0.0005878831144236095667, -9.739842108996018766, 2.285320154807698234 ) ) ;
#3592 = CARTESIAN_POINT ( 'NONE',  ( -2.285563663966783565, 2.072657891003982567, 0.9460227193715031735 ) ) ;
#3593 = VERTEX_POINT ( 'NONE', #1430 ) ;
#3594 = EDGE_LOOP ( 'NONE', ( #948, #1462, #3164, #1046 ) ) ;
#3595 = EDGE_CURVE ( 'NONE', #1679, #83, #4059, .T. ) ;
#3596 = CARTESIAN_POINT ( 'NONE',  ( -3.035320154807696014, -1.557552769949304139, -0.02560642317086817693 ) ) ;
#3597 = CARTESIAN_POINT ( 'NONE',  ( 0.01608712857282328101, 7.027965627179520780, -2.749952945832760953 ) ) ;
#3598 = CARTESIAN_POINT ( 'NONE',  ( 0.9471984856003590192, -6.302342108996017878, -2.285076645648612459 ) ) ;
#3599 = CARTESIAN_POINT ( 'NONE',  ( -0.9460227193715021743, 5.822657891003981234, -2.285563663966784009 ) ) ;
#3600 = CARTESIAN_POINT ( 'NONE',  ( -3.045439664250763734, 4.515368551957270604, -1.232840117323736662 ) ) ;
#3601 = CARTESIAN_POINT ( 'NONE',  ( -2.749999999999997335, -5.258062755129496502, 0.007455846486291935887 ) ) ;
#3602 = CARTESIAN_POINT ( 'NONE',  ( -2.164401940002774971, -6.432552769949305471, 2.128188989070671777 ) ) ;
#3603 = CARTESIAN_POINT ( 'NONE',  ( 2.129020381344186585, -9.797131448042732060, -2.163570547729265492 ) ) ;
#3604 = VECTOR ( 'NONE', #799, 1000.000000000000000 ) ;
#3605 =( BOUNDED_CURVE ( )  B_SPLINE_CURVE ( 2, ( #1179, #1851, #3440, #142, #3816, #879, #1159, #2781, #3777, #3138, #2822 ),
 .UNSPECIFIED., .F., .F. ) 
 B_SPLINE_CURVE_WITH_KNOTS ( ( 3, 2, 2, 2, 2, 3 ),
 ( 0.7857597549875653398, 0.7916666666666666297, 0.7976190476190476719, 0.8035714285714286031, 0.8095238095238095344, 0.8095692787970891757 ),
 .UNSPECIFIED. ) 
 CURVE ( )  GEOMETRIC_REPRESENTATION_ITEM ( )  RATIONAL_B_SPLINE_CURVE ( ( 0.9988459397136756346, 0.9244610044241410307, 1.000000000000000000, 0.9238795325112867385, 1.000000000000000000, 0.9238795325112867385, 1.000000000000000000, 0.9238795325112867385, 1.000000000000000000, 0.9994185280871457078, 0.9988459397136756346 ) ) 
 REPRESENTATION_ITEM ( '' )  );
#3606 = LINE ( 'NONE', #1342, #396 ) ;
#3607 = CYLINDRICAL_SURFACE ( 'NONE', #2764, 2.750000000000000000 ) ;
#3608 = CARTESIAN_POINT ( 'NONE',  ( -2.285563663966783565, 0.07265789100398267752, 0.9460227193715032845 ) ) ;
#3609 = CYLINDRICAL_SURFACE ( 'NONE', #1390, 2.750000000000000000 ) ;
#3610 = EDGE_CURVE ( 'NONE', #2580, #387, #1113, .T. ) ;
#3611 = DIRECTION ( 'NONE',  ( -1.224646799147353454E-16, 1.000000000000000000, -0.000000000000000000 ) ) ;
#3612 = CARTESIAN_POINT ( 'NONE',  ( -2.749999999999999112, 5.278849373046508475, -1.022193187182612512E-14 ) ) ;
#3613 = CARTESIAN_POINT ( 'NONE',  ( -2.285076645648609350, -10.05234210899601877, -0.9471984856003564657 ) ) ;
#3614 = CARTESIAN_POINT ( 'NONE',  ( 1.615549682510058815, 5.385157891003983899, 1.616381074783570515 ) ) ;
#3615 = ORIENTED_EDGE ( 'NONE', *, *, #1833, .F. ) ;
#3616 = ORIENTED_EDGE ( 'NONE', *, *, #1063, .F. ) ;
#3617 = CARTESIAN_POINT ( 'NONE',  ( -3.045926682568934396, -3.495052769949304139, 1.231664351094882814 ) ) ;
#3618 = CARTESIAN_POINT ( 'NONE',  ( 8.608520293808963460E-16, 10.50000000000000000, -2.309401076758503368 ) ) ;
#3619 = CARTESIAN_POINT ( 'NONE',  ( 2.285076645648615123, -7.552342108996018766, 0.9471984856003577979 ) ) ;
#3620 = CARTESIAN_POINT ( 'NONE',  ( 2.285320154807699566, 5.510157891003983899, 0.0005878831144263602961 ) ) ;
#3621 = EDGE_CURVE ( 'NONE', #2922, #2525, #2219, .T. ) ;
#3622 = CARTESIAN_POINT ( 'NONE',  ( 3.025200645364632290, 5.140368551957268828, -1.281701431207766362 ) ) ;
#3623 = ORIENTED_EDGE ( 'NONE', *, *, #3610, .T. ) ;
#3624 = ORIENTED_EDGE ( 'NONE', *, *, #2282, .T. ) ;
#3625 = LINE ( 'NONE', #1318, #2081 ) ;
#3626 = CARTESIAN_POINT ( 'NONE',  ( -3.045926682568933952, -7.495052769949306359, 1.231664351094882814 ) ) ;
#3627 = CARTESIAN_POINT ( 'NONE',  ( -2.163570547729263271, -4.547131448042731172, -2.129020381344183477 ) ) ;
#3628 = CARTESIAN_POINT ( 'NONE',  ( 2.580651085931780830, -11.65015669574599144, -0.3630973157433663445 ) ) ;
#3629 = CARTESIAN_POINT ( 'NONE',  ( 2.750000000000002220, 6.778849373046505811, 9.882727230318703812E-15 ) ) ;
#3630 = CARTESIAN_POINT ( 'NONE',  ( 0.0005878831144282622035, 1.760157891003982344, -2.285320154807698234 ) ) ;
#3631 = CARTESIAN_POINT ( 'NONE',  ( 2.750000000000002220, 1.241937244870506385, -0.007455846486311910361 ) ) ;
#3632 = CARTESIAN_POINT ( 'NONE',  ( 1.153982133839833502, -5.945153664090716994, 2.743782991398082238 ) ) ;
#3633 = FACE_OUTER_BOUND ( 'NONE', #1317, .T. ) ;
#3634 = CARTESIAN_POINT ( 'NONE',  ( 2.285563663966787118, -9.427342108996020542, -0.9460227193715036176 ) ) ;
#3635 = CARTESIAN_POINT ( 'NONE',  ( 0.0005878831144277753967, 5.760157891003981234, -2.285320154807698234 ) ) ;
#3636 = CARTESIAN_POINT ( 'NONE',  ( -2.749999999999992895, -9.320632406416708093, -1.130362027696529159 ) ) ;
#3638 = VERTEX_POINT ( 'NONE', #2497 ) ;
#3637 = VECTOR ( 'NONE', #734, 1000.000000000000000 ) ;
#3639 = CARTESIAN_POINT ( 'NONE',  ( 3.035320154807700455, -3.057552769949303695, 0.02560642317086780570 ) ) ;
#3640 = CARTESIAN_POINT ( 'NONE',  ( 2.285563663966785786, -2.427342108996017878, -0.9460227193715035066 ) ) ;
#3641 = CARTESIAN_POINT ( 'NONE',  ( -2.255965419640428404, -11.92205013778830569, 0.6297740720093896183 ) ) ;
#3642 = CARTESIAN_POINT ( 'NONE',  ( -1.232840117323736662, 6.765368551957270604, 3.045439664250764178 ) ) ;
#3643 = EDGE_LOOP ( 'NONE', ( #2597, #1445, #3087, #3788 ) ) ;
#3644 = AXIS2_PLACEMENT_3D ( 'NONE', #4086, #1477, #449 ) ;
#3645 = ADVANCED_FACE ( 'NONE', ( #2839, #2134 ), #160, .F. ) ;
#3646 = CARTESIAN_POINT ( 'NONE',  ( -0.01608712857282046382, -0.4720343728204792200, 2.749952945832760953 ) ) ;
#3647 = CARTESIAN_POINT ( 'NONE',  ( -1.231664351094880150, -8.745052769949305471, -3.045926682568936616 ) ) ;
#3648 = CARTESIAN_POINT ( 'NONE',  ( 2.163570547729267712, -7.047131448042731172, 2.129020381344183921 ) ) ;
#3649 = EDGE_CURVE ( 'NONE', #3809, #2704, #3399, .T. ) ;
#3650 = FACE_OUTER_BOUND ( 'NONE', #1481, .T. ) ;
#3651 = CARTESIAN_POINT ( 'NONE',  ( 2.750000000000002220, 4.241527241015509375, 9.486758998627150629E-15 ) ) ;
#3652 = CARTESIAN_POINT ( 'NONE',  ( -1.955885693645927237, -10.59703437282048100, 1.933135058238605763 ) ) ;
#3653 = CARTESIAN_POINT ( 'NONE',  ( 1.955885693645932788, -4.097034372820478332, -1.933135058238605763 ) ) ;
#3654 = CARTESIAN_POINT ( 'NONE',  ( -1.155154934624596619, 1.465465627179520780, 2.743289438998258056 ) ) ;
#3655 = LINE ( 'NONE', #3334, #2380 ) ;
#3656 = CARTESIAN_POINT ( 'NONE',  ( 0.0005878831144296093247, -9.239842108996018766, -2.285320154807698234 ) ) ;
#3657 = CARTESIAN_POINT ( 'NONE',  ( 0.9471984856003575759, 6.697657891003982122, -2.285076645648612459 ) ) ;
#3658 = ORIENTED_EDGE ( 'NONE', *, *, #327, .F. ) ;
#3659 = CARTESIAN_POINT ( 'NONE',  ( 3.035320154807700455, -2.057552769949304583, 0.02560642317086780570 ) ) ;
#3660 = LINE ( 'NONE', #743, #191 ) ;
#3661 = CARTESIAN_POINT ( 'NONE',  ( -2.285320154807695570, -3.989842108996017433, -0.0005878831144266431644 ) ) ;
#3662 = DIRECTION ( 'NONE',  ( -1.224646799147353454E-16, 1.000000000000000000, -0.000000000000000000 ) ) ;
#3663 = CARTESIAN_POINT ( 'NONE',  ( 3.025200645364632290, 4.140368551957269716, -1.281701431207766362 ) ) ;
#3664 = EDGE_CURVE ( 'NONE', #2490, #2240, #564, .T. ) ;
#3665 = ORIENTED_EDGE ( 'NONE', *, *, #610, .F. ) ;
#3666 = CARTESIAN_POINT ( 'NONE',  ( -2.749999999999996447, -11.25847275898449240, 6.189966096708809385E-17 ) ) ;
#3667 = CARTESIAN_POINT ( 'NONE',  ( -0.9471984856003553555, -0.8023421089960179886, 2.285076645648612459 ) ) ;
#3668 = CARTESIAN_POINT ( 'NONE',  ( 1.281701431207769692, -7.109631448042731172, 3.025200645364631402 ) ) ;
#3669 =( BOUNDED_CURVE ( )  B_SPLINE_CURVE ( 2, ( #3239, #2582, #3001, #2684, #308, #1615, #4205, #1594, #2924, #411, #4228 ),
 .UNSPECIFIED., .F., .F. ) 
 B_SPLINE_CURVE_WITH_KNOTS ( ( 3, 2, 2, 2, 2, 3 ),
 ( 0.5000421484076480461, 0.5059523809523809312, 0.5119047619047618625, 0.5178571428571427937, 0.5238095238095237249, 0.5238516722171717710 ),
 .UNSPECIFIED. ) 
 CURVE ( )  GEOMETRIC_REPRESENTATION_ITEM ( )  RATIONAL_B_SPLINE_CURVE ( ( 0.9989296255183136575, 0.9244185364022912132, 1.000000000000000000, 0.9238795325112867385, 1.000000000000000000, 0.9238795325112867385, 1.000000000000000000, 0.9238795325112867385, 1.000000000000000000, 0.9994609961089955252, 0.9989296255183136575 ) ) 
 REPRESENTATION_ITEM ( '' )  );
#3670 = CARTESIAN_POINT ( 'NONE',  ( -1.155154934624597285, 5.465465627179523445, 2.743289438998258056 ) ) ;
#3671 = FACE_OUTER_BOUND ( 'NONE', #2749, .T. ) ;
#3672 = CARTESIAN_POINT ( 'NONE',  ( 1.616381074783571403, 6.635157891003981234, -1.615549682510057927 ) ) ;
#3673 = B_SPLINE_CURVE_WITH_KNOTS ( 'NONE', 3,
 ( #498, #2106, #456, #107, #2729, #2146, #831, #3409, #434, #477, #3683, #4093, #4073, #1759, #3069, #1801, #4032, #129, #2791, #3766, #850, #151, #2060, #1464, #2404, #766, #3448, #2772, #519, #3365 ),
 .UNSPECIFIED., .F., .F.,
 ( 4, 2, 2, 2, 2, 2, 2, 2, 2, 2, 2, 2, 2, 2, 4 ),
 ( 0.000000000000000000, 0.0004524369563945177431, 0.0009048739127890354861, 0.001357310869183553067, 0.001809747825578070972, 0.002714621738367107000, 0.003619495651156143246, 0.004071932607550662019, 0.004524369563945180792, 0.004976806520339698697, 0.005429243476734217470, 0.005881680433128736243, 0.006334117389523254149, 0.006786554345917773789, 0.007238991302312291695 ),
 .UNSPECIFIED. ) ;
#3674 = CARTESIAN_POINT ( 'NONE',  ( 2.750000000000002220, 2.241527241015508043, 9.486758998627150629E-15 ) ) ;
#3675 = CARTESIAN_POINT ( 'NONE',  ( -1.124158967115629126, 5.929846335909283894, 2.756136151528160383 ) ) ;
#3676 = LINE ( 'NONE', #4044, #2416 ) ;
#3677 = CYLINDRICAL_SURFACE ( 'NONE', #680, 2.750000000000000000 ) ;
#3678 = CARTESIAN_POINT ( 'NONE',  ( -0.9460227193715005090, -7.177342108996017878, -2.285563663966784009 ) ) ;
#3679 = CARTESIAN_POINT ( 'NONE',  ( 2.285320154807699566, 6.510157891003981234, 0.0005878831144263633318 ) ) ;
#3680 = DIRECTION ( 'NONE',  ( -1.224646799147353454E-16, 1.000000000000000000, -0.000000000000000000 ) ) ;
#3681 = VERTEX_POINT ( 'NONE', #1810 ) ;
#3682 = CARTESIAN_POINT ( 'NONE',  ( 3.045926682568938393, -0.9950527699493053602, -1.231664351094883481 ) ) ;
#3683 = CARTESIAN_POINT ( 'NONE',  ( -0.8775803365469247996, -11.85968354772846389, 2.243674774690314955 ) ) ;
#3684 = CARTESIAN_POINT ( 'NONE',  ( 2.285076645648614679, -4.552342108996018766, 0.9471984856003577979 ) ) ;
#3685 = CARTESIAN_POINT ( 'NONE',  ( -2.086227650430140468, -11.81809737451652254, 1.256175603799531970 ) ) ;
#3686 = CARTESIAN_POINT ( 'NONE',  ( -1.281701431207764585, 4.390368551957270604, -3.025200645364631846 ) ) ;
#3687 = VERTEX_POINT ( 'NONE', #860 ) ;
#3688 = CARTESIAN_POINT ( 'NONE',  ( -2.749999999999996891, -9.721150626953491525, -4.714944516953152182E-16 ) ) ;
#3689 = CARTESIAN_POINT ( 'NONE',  ( -2.749999999999996447, -11.25847275898449240, 6.189966096708809385E-17 ) ) ;
#3690 = CARTESIAN_POINT ( 'NONE',  ( 2.285076645648614235, -1.552342108996017211, 0.9471984856003577979 ) ) ;
#3691 = CARTESIAN_POINT ( 'NONE',  ( 1.232840117323738882, -5.734631448042731172, -3.045439664250765954 ) ) ;
#3692 = CARTESIAN_POINT ( 'NONE',  ( 2.749999999999997335, 2.179367593583296348, 1.130362027696530713 ) ) ;
#3693 = CARTESIAN_POINT ( 'NONE',  ( 2.750000000000001332, 7.241527241015509375, 9.486758998627150629E-15 ) ) ;
#3694 = CARTESIAN_POINT ( 'NONE',  ( -0.9460227193715022853, 6.822657891003983011, -2.285563663966784009 ) ) ;
#3695 =( BOUNDED_CURVE ( )  B_SPLINE_CURVE ( 2, ( #4040, #2116, #1769, #3735, #3011, #116, #1788, #3397, #74, #4061, #2738 ),
 .UNSPECIFIED., .F., .F. ) 
 B_SPLINE_CURVE_WITH_KNOTS ( ( 3, 2, 2, 2, 2, 3 ),
 ( 0.5000454692732796413, 0.5059523809523809312, 0.5119047619047618625, 0.5178571428571429047, 0.5238095238095238360, 0.5238549930828034773 ),
 .UNSPECIFIED. ) 
 CURVE ( )  GEOMETRIC_REPRESENTATION_ITEM ( )  RATIONAL_B_SPLINE_CURVE ( ( 0.9988459397136756346, 0.9244610044241410307, 1.000000000000000000, 0.9238795325112867385, 1.000000000000000000, 0.9238795325112867385, 1.000000000000000000, 0.9238795325112867385, 1.000000000000000000, 0.9994185280871457078, 0.9988459397136756346 ) ) 
 REPRESENTATION_ITEM ( '' )  );
#3696 = CARTESIAN_POINT ( 'NONE',  ( -2.749999999999998668, 2.278849373046507143, -1.022193187182612512E-14 ) ) ;
#3697 = CARTESIAN_POINT ( 'NONE',  ( -2.749999999999996891, -8.721150626953495077, -4.714944516953152182E-16 ) ) ;
#3698 = FACE_OUTER_BOUND ( 'NONE', #1670, .T. ) ;
#3699 = CARTESIAN_POINT ( 'NONE',  ( 2.116354668095023595, 7.499999999999992895, -1.248672531732996083 ) ) ;
#3700 = EDGE_CURVE ( 'NONE', #893, #2873, #3117, .T. ) ;
#3701 = CARTESIAN_POINT ( 'NONE',  ( 1.155154934624600394, -11.03453437282048100, -2.743289438998258500 ) ) ;
#3702 = CARTESIAN_POINT ( 'NONE',  ( -2.285563663966781345, -4.927342108996017878, 0.9460227193715032845 ) ) ;
#3703 = CARTESIAN_POINT ( 'NONE',  ( -0.9471984856003561326, 5.197657891003983899, 2.285076645648612459 ) ) ;
#3704 = CARTESIAN_POINT ( 'NONE',  ( -0.01608712857281948544, -8.472034372820479220, 2.749952945832760953 ) ) ;
#3705 = ORIENTED_EDGE ( 'NONE', *, *, #141, .T. ) ;
#3706 = CARTESIAN_POINT ( 'NONE',  ( -1.282877197436618655, -0.3700527699493048606, 3.024713627046458964 ) ) ;
#3707 = FACE_OUTER_BOUND ( 'NONE', #3450, .T. ) ;
#3708 = CARTESIAN_POINT ( 'NONE',  ( -2.285320154807696014, -2.989842108996018322, -0.0005878831144266431644 ) ) ;
#3709 = CARTESIAN_POINT ( 'NONE',  ( 1.615549682510061036, -11.61484210899601699, 1.616381074783570515 ) ) ;
#3710 = AXIS2_PLACEMENT_3D ( 'NONE', #3015, #2328, #3540 ) ;
#3711 = LINE ( 'NONE', #2408, #1863 ) ;
#3712 = CARTESIAN_POINT ( 'NONE',  ( 1.616381074783572513, -1.364842108996018544, -1.615549682510057927 ) ) ;
#3713 = CARTESIAN_POINT ( 'NONE',  ( -2.129020381344181700, -3.297131448042731616, 2.163570547729265492 ) ) ;
#3714 = AXIS2_PLACEMENT_3D ( 'NONE', #256, #1571, #2874 ) ;
#3715 = CARTESIAN_POINT ( 'NONE',  ( -2.749999999999999556, 12.50000000000000000, 0.000000000000000000 ) ) ;
#3716 = CARTESIAN_POINT ( 'NONE',  ( 2.285076645648613791, 6.447657891003981234, 0.9471984856003577979 ) ) ;
#3717 = VECTOR ( 'NONE', #2492, 1000.000000000000114 ) ;
#3718 = CARTESIAN_POINT ( 'NONE',  ( 4.774499351325650278E-16, 12.24999999999999289, 0.000000000000000000 ) ) ;
#3719 = CARTESIAN_POINT ( 'NONE',  ( 0.02621759324694784496, 7.500000000000002665, -2.738418662589931607 ) ) ;
#3720 = CARTESIAN_POINT ( 'NONE',  ( -1.124158967115628460, 0.9298463359092842273, 2.756136151528160383 ) ) ;
#3721 = CARTESIAN_POINT ( 'NONE',  ( 0.9460227193715067262, -6.677342108996017878, 2.285563663966783565 ) ) ;
#3722 = CARTESIAN_POINT ( 'NONE',  ( -0.02560642317086524178, -9.307552769949305471, 3.035320154807698234 ) ) ;
#3723 = CARTESIAN_POINT ( 'NONE',  ( 0.01491158336210316251, -8.007653664090716106, 2.749959571463121311 ) ) ;
#3724 = ORIENTED_EDGE ( 'NONE', *, *, #62, .F. ) ;
#3725 = CARTESIAN_POINT ( 'NONE',  ( 3.035320154807700455, -1.057552769949305471, 0.02560642317086780570 ) ) ;
#3726 = CARTESIAN_POINT ( 'NONE',  ( 4.468337651538803533E-16, 12.50000000000000000, 0.000000000000000000 ) ) ;
#3727 = CARTESIAN_POINT ( 'NONE',  ( 0.0005878831144286326754, -1.239842108996018544, -2.285320154807698234 ) ) ;
#3728 = EDGE_CURVE ( 'NONE', #1422, #1441, #1783, .T. ) ;
#3729 = CARTESIAN_POINT ( 'NONE',  ( 0.9460227193715072813, -8.677342108996018766, 2.285563663966783565 ) ) ;
#3730 = ORIENTED_EDGE ( 'NONE', *, *, #3621, .T. ) ;
#3731 = CARTESIAN_POINT ( 'NONE',  ( -2.749999999999996447, -11.25806275512949206, 0.007455846486331235180 ) ) ;
#3732 = CARTESIAN_POINT ( 'NONE',  ( 2.285320154807700455, -3.489842108996016989, 0.0005878831144263602961 ) ) ;
#3733 = CARTESIAN_POINT ( 'NONE',  ( -2.163570547729263716, -2.547131448042730728, -2.129020381344183477 ) ) ;
#3734 = CARTESIAN_POINT ( 'NONE',  ( -2.749999999999997780, -5.721150626953492413, 9.429889033906309885E-15 ) ) ;
#3735 = CARTESIAN_POINT ( 'NONE',  ( -1.155154934624596175, -1.534534372820478776, 2.743289438998258056 ) ) ;
#3736 = DIRECTION ( 'NONE',  ( -1.224646799147353454E-16, 1.000000000000000000, -0.000000000000000000 ) ) ;
#3737 = CARTESIAN_POINT ( 'NONE',  ( 2.750000000000000444, 12.50000000000000000, 3.367778697655221012E-16 ) ) ;
#3738 = DIRECTION ( 'NONE',  ( -1.224646799147353454E-16, 1.000000000000000000, -0.000000000000000000 ) ) ;
#3739 = FACE_OUTER_BOUND ( 'NONE', #645, .T. ) ;
#3740 = CARTESIAN_POINT ( 'NONE',  ( -0.0005878831144239770028, -6.739842108996017878, 2.285320154807698234 ) ) ;
#3741 = CARTESIAN_POINT ( 'NONE',  ( 1.231664351094887033, -9.245052769949305471, 3.045926682568936172 ) ) ;
#3742 = VERTEX_POINT ( 'NONE', #1237 ) ;
#3743 = AXIS2_PLACEMENT_3D ( 'NONE', #468, #144, #1418 ) ;
#3744 = CARTESIAN_POINT ( 'NONE',  ( 1.231664351094885923, -0.2450527699493047495, 3.045926682568936172 ) ) ;
#3745 =( BOUNDED_CURVE ( )  B_SPLINE_CURVE ( 2, ( #842, #181, #1518, #1474, #3475, #2518, #3795, #2439, #2478, #1538, #4103 ),
 .UNSPECIFIED., .F., .F. ) 
 B_SPLINE_CURVE_WITH_KNOTS ( ( 3, 2, 2, 2, 2, 3 ),
 ( 0.4286135769790765382, 0.4345238095238095344, 0.4404761904761904656, 0.4464285714285713969, 0.4523809523809523281, 0.4524231007886003741 ),
 .UNSPECIFIED. ) 
 CURVE ( )  GEOMETRIC_REPRESENTATION_ITEM ( )  RATIONAL_B_SPLINE_CURVE ( ( 0.9989296255183136575, 0.9244185364022912132, 1.000000000000000000, 0.9238795325112867385, 1.000000000000000000, 0.9238795325112867385, 1.000000000000000000, 0.9238795325112867385, 1.000000000000000000, 0.9994609961089955252, 0.9989296255183136575 ) ) 
 REPRESENTATION_ITEM ( '' )  );
#3746 = DIRECTION ( 'NONE',  ( -1.224646799147353454E-16, 1.000000000000000000, -0.000000000000000000 ) ) ;
#3747 = VECTOR ( 'NONE', #908, 1000.000000000000000 ) ;
#3748 = CARTESIAN_POINT ( 'NONE',  ( 2.285076645648616012, -11.55234210899601699, 0.9471984856003577979 ) ) ;
#3749 = VERTEX_POINT ( 'NONE', #1177 ) ;
#3750 = PRODUCT_DEFINITION_SHAPE ( 'NONE', 'NONE',  #4108 ) ;
#3751 = CARTESIAN_POINT ( 'NONE',  ( -0.01491158336209727660, -10.50765366409071433, -2.749959571463121311 ) ) ;
#3752 = EDGE_CURVE ( 'NONE', #595, #2181, #2799, .T. ) ;
#3753 = CARTESIAN_POINT ( 'NONE',  ( -1.155154934624596397, 0.4654656271795216127, 2.743289438998258056 ) ) ;
#3754 = CARTESIAN_POINT ( 'NONE',  ( -0.9460227193715013971, -1.177342108996018322, -2.285563663966784009 ) ) ;
#3755 = CARTESIAN_POINT ( 'NONE',  ( 1.281701431207769026, -3.109631448042731172, 3.025200645364631402 ) ) ;
#3756 = CARTESIAN_POINT ( 'NONE',  ( -0.01491158336209923857, 5.492346335909283006, -2.749959571463121311 ) ) ;
#3757 = LINE ( 'NONE', #202, #3568 ) ;
#3758 = CARTESIAN_POINT ( 'NONE',  ( -2.749999999999998668, -3.258472758984492401, -9.797953184584977129E-15 ) ) ;
#3759 = DIRECTION ( 'NONE',  ( -1.224646799147360110E-16, 1.000000000000000000, -0.000000000000000000 ) ) ;
#3760 = CARTESIAN_POINT ( 'NONE',  ( 2.285563663966786674, -6.427342108996017878, -0.9460227193715036176 ) ) ;
#3761 = CARTESIAN_POINT ( 'NONE',  ( 3.035320154807701343, -10.05755276994930547, 0.02560642317086780570 ) ) ;
#3762 = FACE_OUTER_BOUND ( 'NONE', #584, .T. ) ;
#3763 = EDGE_CURVE ( 'NONE', #4176, #1570, #788, .T. ) ;
#3764 = ORIENTED_EDGE ( 'NONE', *, *, #2687, .T. ) ;
#3765 = CARTESIAN_POINT ( 'NONE',  ( -3.024713627046458519, 6.379947230050693641, -1.282877197436619099 ) ) ;
#3766 = CARTESIAN_POINT ( 'NONE',  ( 1.688831989265946687, -11.74740871923787111, 1.852999084203522884 ) ) ;
#3767 = CARTESIAN_POINT ( 'NONE',  ( 0.9460227193715075034, -11.67734210899601877, 2.285563663966783565 ) ) ;
#3768 = ORIENTED_EDGE ( 'NONE', *, *, #2467, .T. ) ;
#3769 = CARTESIAN_POINT ( 'NONE',  ( 3.385986083107527755E-15, -11.49999999999999289, 0.000000000000000000 ) ) ;
#3770 = CARTESIAN_POINT ( 'NONE',  ( -0.0005878831144234901961, -10.73984210899601877, 2.285320154807698234 ) ) ;
#3771 = CARTESIAN_POINT ( 'NONE',  ( -1.615549682510056151, 1.885157891003982567, -1.616381074783570293 ) ) ;
#3772 = EDGE_CURVE ( 'NONE', #3413, #3749, #448, .T. ) ;
#3773 = AXIS2_PLACEMENT_3D ( 'NONE', #249, #3141, #3481 ) ;
#3774 = CARTESIAN_POINT ( 'NONE',  ( 2.743289438998259389, 5.715465627179523445, 1.155154934624598617 ) ) ;
#3775 = DIRECTION ( 'NONE',  ( -1.000000000000000000, 0.000000000000000000, 0.000000000000000000 ) ) ;
#3776 = VECTOR ( 'NONE', #137, 1000.000000000000000 ) ;
#3777 = CARTESIAN_POINT ( 'NONE',  ( 2.749952945832762730, 4.777965627179522556, 0.01608712857282199732 ) ) ;
#3778 = EDGE_CURVE ( 'NONE', #3028, #2793, #282, .T. ) ;
#3779 = AXIS2_PLACEMENT_3D ( 'NONE', #904, #1241, #3159 ) ;
#3780 = CARTESIAN_POINT ( 'NONE',  ( 2.285076645648614679, -0.5523421089960178776, 0.9471984856003577979 ) ) ;
#3781 = CARTESIAN_POINT ( 'NONE',  ( -2.128188989070668669, -9.682552769949303695, -2.164401940002777192 ) ) ;
#3782 = CARTESIAN_POINT ( 'NONE',  ( 1.933970979256858458, -7.632653664090716106, -1.955059142683995166 ) ) ;
#3783 = ORIENTED_EDGE ( 'NONE', *, *, #2944, .T. ) ;
#3784 = CARTESIAN_POINT ( 'NONE',  ( -0.02560642317086695915, 4.692447230050696305, 3.035320154807698234 ) ) ;
#3785 = CARTESIAN_POINT ( 'NONE',  ( -2.749999999999997780, -4.258472758984491513, -9.797953184584977129E-15 ) ) ;
#3786 = CARTESIAN_POINT ( 'NONE',  ( 0.9460227193715061711, -1.677342108996016989, 2.285563663966783565 ) ) ;
#3787 = CARTESIAN_POINT ( 'NONE',  ( -0.0005878831144233646454, -11.73984210899601699, 2.285320154807698234 ) ) ;
#3788 = ORIENTED_EDGE ( 'NONE', *, *, #1363, .T. ) ;
#3789 = CARTESIAN_POINT ( 'NONE',  ( -2.285320154807695125, -9.989842108996016989, -0.0005878831144266431644 ) ) ;
#3790 = CARTESIAN_POINT ( 'NONE',  ( 2.285076645648613347, 3.447657891003982122, 0.9471984856003577979 ) ) ;
#3791 = CARTESIAN_POINT ( 'NONE',  ( 3.025200645364633179, -3.859631448042732060, -1.281701431207766362 ) ) ;
#3792 = EDGE_CURVE ( 'NONE', #3551, #2144, #3669, .T. ) ;
#3793 = CARTESIAN_POINT ( 'NONE',  ( 1.028540994748873589E-15, 7.749999999999998224, 0.000000000000000000 ) ) ;
#3794 = CARTESIAN_POINT ( 'NONE',  ( 0.3788392448654274158, 7.499999999999995559, 2.641075938328202977 ) ) ;
#3795 = CARTESIAN_POINT ( 'NONE',  ( 1.933970979256857570, -1.632653664090716328, -1.955059142683995166 ) ) ;
#3796 = CARTESIAN_POINT ( 'NONE',  ( 2.749999999999998668, -8.820632406416704541, 1.130362027696530713 ) ) ;
#3797 = CYLINDRICAL_SURFACE ( 'NONE', #1054, 2.750000000000000000 ) ;
#3798 = CARTESIAN_POINT ( 'NONE',  ( 2.285563663966786230, -3.427342108996019210, -0.9460227193715036176 ) ) ;
#3799 = EDGE_CURVE ( 'NONE', #231, #2034, #2937, .T. ) ;
#3800 = CARTESIAN_POINT ( 'NONE',  ( 3.024713627046462072, -10.12005276994930547, 1.282877197436620875 ) ) ;
#3801 = CARTESIAN_POINT ( 'NONE',  ( -2.749999999999997780, -7.258472758984493289, -9.659738873110522393E-15 ) ) ;
#3802 = ORIENTED_EDGE ( 'NONE', *, *, #2866, .T. ) ;
#3803 =( BOUNDED_CURVE ( )  B_SPLINE_CURVE ( 2, ( #3402, #1120, #2421, #2960, #20, #3720, #3083, #4187, #1853, #921, #3498 ),
 .UNSPECIFIED., .F., .F. ) 
 B_SPLINE_CURVE_WITH_KNOTS ( ( 3, 2, 2, 2, 2, 3 ),
 ( 0.3095659579314575804, 0.3154761904761904656, 0.3214285714285713969, 0.3273809523809523281, 0.3333333333333332593, 0.3333754817409813054 ),
 .UNSPECIFIED. ) 
 CURVE ( )  GEOMETRIC_REPRESENTATION_ITEM ( )  RATIONAL_B_SPLINE_CURVE ( ( 0.9989296255183136575, 0.9244185364022912132, 1.000000000000000000, 0.9238795325112867385, 1.000000000000000000, 0.9238795325112867385, 1.000000000000000000, 0.9238795325112867385, 1.000000000000000000, 0.9994609961089955252, 0.9989296255183136575 ) ) 
 REPRESENTATION_ITEM ( '' )  );
#3804 = CARTESIAN_POINT ( 'NONE',  ( 2.164401940002778968, 3.067447230050694529, -2.128188989070671777 ) ) ;
#3805 = CARTESIAN_POINT ( 'NONE',  ( -2.749959571463118646, -4.257653664090715218, 0.01491158336210037481 ) ) ;
#3806 = CARTESIAN_POINT ( 'NONE',  ( 2.285320154807700455, -1.489842108996018766, 0.0005878831144263633318 ) ) ;
#3807 = CARTESIAN_POINT ( 'NONE',  ( 0.0005878831144294868099, -8.239842108996016989, -2.285320154807698234 ) ) ;
#3808 = VECTOR ( 'NONE', #397, 1000.000000000000000 ) ;
#3809 = VERTEX_POINT ( 'NONE', #2232 ) ;
#3810 = CARTESIAN_POINT ( 'NONE',  ( -1.615549682510054597, -12.11484210899601699, -1.616381074783570293 ) ) ;
#3811 = VECTOR ( 'NONE', #791, 1000.000000000000000 ) ;
#3812 = CARTESIAN_POINT ( 'NONE',  ( 1.615549682510059259, 1.385157891003982122, 1.616381074783570515 ) ) ;
#3813 = CARTESIAN_POINT ( 'NONE',  ( 3.025200645364632734, 2.140368551957267940, -1.281701431207766362 ) ) ;
#3814 = PERSON_AND_ORGANIZATION ( #3910, #3882 ) ;
#3815 = CARTESIAN_POINT ( 'NONE',  ( 0.8826527806082157257, 7.499999999999999112, 2.457844879136107163 ) ) ;
#3816 = CARTESIAN_POINT ( 'NONE',  ( -0.01608712857282107445, 4.527965627179521668, 2.749952945832760953 ) ) ;
#3817 = DIRECTION ( 'NONE',  ( -1.224646799147353454E-16, 1.000000000000000000, -0.000000000000000000 ) ) ;
#3818 = CARTESIAN_POINT ( 'NONE',  ( -1.124158967115628460, -0.07015366409071494003, 2.756136151528160383 ) ) ;
#3819 = CARTESIAN_POINT ( 'NONE',  ( 0.9460227193715061711, -1.677342108996017211, 2.285563663966783565 ) ) ;
#3820 = CARTESIAN_POINT ( 'NONE',  ( -3.024713627046457187, -5.620052769949303695, -1.282877197436619099 ) ) ;
#3821 = B_SPLINE_CURVE_WITH_KNOTS ( 'NONE', 3,
 ( #861, #3194, #2498, #1555, #1219, #4102, #2213, #900, #528, #3815, #1576, #3794, #2880, #263, #180, #2192 ),
 .UNSPECIFIED., .F., .F.,
 ( 4, 2, 2, 2, 2, 2, 2, 4 ),
 ( 0.000000000000000000, 0.0005324552452390379905, 0.001064910490478075981, 0.002129820980956151528, 0.002662276226195189194, 0.003194731471434226425, 0.003727186716673264091, 0.004259641961912301322 ),
 .UNSPECIFIED. ) ;
#3822 = CARTESIAN_POINT ( 'NONE',  ( -1.153982133839828617, 3.554846335909284782, -2.743782991398082238 ) ) ;
#3823 = ORIENTED_EDGE ( 'NONE', *, *, #2842, .T. ) ;
#3824 = EDGE_CURVE ( 'NONE', #2853, #3302, #1488, .T. ) ;
#3825 = CARTESIAN_POINT ( 'NONE',  ( -3.035320154807696458, 3.442447230050694973, -0.02560642317086817693 ) ) ;
#3826 = CARTESIAN_POINT ( 'NONE',  ( 2.750000000000002220, 6.241527241015508487, 9.486758998627150629E-15 ) ) ;
#3827 = CARTESIAN_POINT ( 'NONE',  ( -0.0005878831144250822385, 2.260157891003983011, 2.285320154807698234 ) ) ;
#3828 =( BOUNDED_CURVE ( )  B_SPLINE_CURVE ( 2, ( #3693, #2760, #1114, #1068, #3420, #2094, #422, #800, #2779, #776, #4082 ),
 .UNSPECIFIED., .F., .F. ) 
 B_SPLINE_CURVE_WITH_KNOTS ( ( 3, 2, 2, 2, 2, 3 ),
 ( 0.02385167221717188549, 0.02976190476190476719, 0.03571428571428569843, 0.04166666666666662966, 0.04761904761904756089, 0.04766119602669561389 ),
 .UNSPECIFIED. ) 
 CURVE ( )  GEOMETRIC_REPRESENTATION_ITEM ( )  RATIONAL_B_SPLINE_CURVE ( ( 0.9989296255183136575, 0.9244185364022912132, 1.000000000000000000, 0.9238795325112867385, 1.000000000000000000, 0.9238795325112867385, 1.000000000000000000, 0.9238795325112867385, 1.000000000000000000, 0.9994609961089954142, 0.9989296255183133244 ) ) 
 REPRESENTATION_ITEM ( '' )  );
#3829 = CARTESIAN_POINT ( 'NONE',  ( 2.285563663966786230, -6.427342108996018766, -0.9460227193715035066 ) ) ;
#3830 = ORIENTED_EDGE ( 'NONE', *, *, #1892, .T. ) ;
#3831 = CARTESIAN_POINT ( 'NONE',  ( 1.155154934624598617, 3.965465627179521668, -2.743289438998258500 ) ) ;
#3832 = CARTESIAN_POINT ( 'NONE',  ( -2.749999999999997780, -4.258472758984491513, -9.797953184584977129E-15 ) ) ;
#3833 = CARTESIAN_POINT ( 'NONE',  ( -2.285563663966783565, 2.072657891003982567, 0.9460227193715031735 ) ) ;
#3834 = CARTESIAN_POINT ( 'NONE',  ( -1.281701431207764585, 3.390368551957269272, -3.025200645364631846 ) ) ;
#3835 = APPROVAL_ROLE ( '' ) ;
#3836 = CARTESIAN_POINT ( 'NONE',  ( 1.122980677478954581, 6.590465627179521668, 2.756616452667262962 ) ) ;
#3837 = FACE_OUTER_BOUND ( 'NONE', #3594, .T. ) ;
#3838 = CARTESIAN_POINT ( 'NONE',  ( -1.153982133839828839, 5.554846335909283894, -2.743782991398082238 ) ) ;
#3839 = CARTESIAN_POINT ( 'NONE',  ( -3.025200645364629182, -10.35963144804273028, 1.281701431207765474 ) ) ;
#3840 = VECTOR ( 'NONE', #2589, 1000.000000000000227 ) ;
#3841 = FACE_OUTER_BOUND ( 'NONE', #1267, .T. ) ;
#3842 = CARTESIAN_POINT ( 'NONE',  ( 2.749959571463123975, -6.757653664090715218, -0.01491158336210071135 ) ) ;
#3843 = CARTESIAN_POINT ( 'NONE',  ( 0.9460227193715059490, -0.6773421089960179886, 2.285563663966783565 ) ) ;
#3844 = LINE ( 'NONE', #2220, #1188 ) ;
#3846 = ORIENTED_EDGE ( 'NONE', *, *, #3792, .T. ) ;
#3845 = AXIS2_PLACEMENT_3D ( 'NONE', #1811, #2476, #3775 ) ;
#3847 = CARTESIAN_POINT ( 'NONE',  ( -2.128188989070670445, 4.317447230050695417, -2.164401940002777192 ) ) ;
#3848 = CARTESIAN_POINT ( 'NONE',  ( -2.749999999999998224, 3.278406969182381836, -0.008043633102135766544 ) ) ;
#3849 = CARTESIAN_POINT ( 'NONE',  ( 0.9471984856003582420, -0.3023421089960176555, -2.285076645648612459 ) ) ;
#3850 = CARTESIAN_POINT ( 'NONE',  ( 2.285563663966786230, -5.427342108996018766, -0.9460227193715035066 ) ) ;
#3851 = ORIENTED_EDGE ( 'NONE', *, *, #2564, .F. ) ;
#3852 = CARTESIAN_POINT ( 'NONE',  ( 1.955885693645931678, 3.902965627179521224, -1.933135058238605763 ) ) ;
#3853 = CARTESIAN_POINT ( 'NONE',  ( -2.285076645648610238, -6.052342108996017878, -0.9471984856003564657 ) ) ;
#3854 = CARTESIAN_POINT ( 'NONE',  ( 0.0005878831144280172822, 3.760157891003982567, -2.285320154807698234 ) ) ;
#3855 =( BOUNDED_CURVE ( )  B_SPLINE_CURVE ( 2, ( #1468, #3130, #1550, #2854, #2491, #1487, #502, #1845, #2452, #4097, #2168 ),
 .UNSPECIFIED., .F., .F. ) 
 B_SPLINE_CURVE_WITH_KNOTS ( ( 3, 2, 2, 2, 2, 3 ),
 ( 0.4762326245981242101, 0.4821428571428570953, 0.4880952380952380820, 0.4940476190476190133, 0.5000000000000000000, 0.5000421484076480461 ),
 .UNSPECIFIED. ) 
 CURVE ( )  GEOMETRIC_REPRESENTATION_ITEM ( )  RATIONAL_B_SPLINE_CURVE ( ( 0.9989296255183136575, 0.9244185364022912132, 1.000000000000000000, 0.9238795325112867385, 1.000000000000000000, 0.9238795325112867385, 1.000000000000000000, 0.9238795325112867385, 1.000000000000000000, 0.9994609961089955252, 0.9989296255183136575 ) ) 
 REPRESENTATION_ITEM ( '' )  );
#3856 = EDGE_CURVE ( 'NONE', #740, #816, #759, .T. ) ;
#3857 = CARTESIAN_POINT ( 'NONE',  ( 3.025200645364632734, 1.140368551957269050, -1.281701431207766362 ) ) ;
#3858 = PERSON_AND_ORGANIZATION_ROLE ( 'design_owner' ) ;
#3859 = CARTESIAN_POINT ( 'NONE',  ( -1.210305293431169327, -11.44075933316423388, -2.686845679884640958 ) ) ;
#3860 = CARTESIAN_POINT ( 'NONE',  ( -2.749999999999999112, 6.278849373046506699, -1.022193187182612512E-14 ) ) ;
#3861 = CARTESIAN_POINT ( 'NONE',  ( -2.163570547729262827, -9.547131448042732060, -2.129020381344183477 ) ) ;
#3862 = DIRECTION ( 'NONE',  ( -1.224646799147353454E-16, 1.000000000000000000, -0.000000000000000000 ) ) ;
#3863 = DIRECTION ( 'NONE',  ( -1.000000000000000000, 0.000000000000000000, 0.000000000000000000 ) ) ;
#3864 = CARTESIAN_POINT ( 'NONE',  ( -0.9471984856003553555, -0.8023421089960179886, 2.285076645648612459 ) ) ;
#3865 = CARTESIAN_POINT ( 'NONE',  ( -2.255476623296611027, -11.96467976957782398, 0.3681219327061906466 ) ) ;
#3866 = VERTEX_POINT ( 'NONE', #1958 ) ;
#3867 = CARTESIAN_POINT ( 'NONE',  ( -2.136875799098758577, -11.91345502988716909, 1.094787101813298857 ) ) ;
#3868 = CARTESIAN_POINT ( 'NONE',  ( -0.9460227193715017302, 0.8226578910039817893, -2.285563663966784009 ) ) ;
#3869 = ORIENTED_EDGE ( 'NONE', *, *, #2583, .F. ) ;
#3870 = CARTESIAN_POINT ( 'NONE',  ( -1.615549682510055485, -5.114842108996017878, -1.616381074783570293 ) ) ;
#3871 = ORIENTED_EDGE ( 'NONE', *, *, #3390, .F. ) ;
#3872 = DIRECTION ( 'NONE',  ( 3.755786496842895113E-16, 0.000000000000000000, -1.000000000000000000 ) ) ;
#3873 = CARTESIAN_POINT ( 'NONE',  ( -0.9471984856003546893, -7.802342108996018766, 2.285076645648612459 ) ) ;
#3874 = CARTESIAN_POINT ( 'NONE',  ( -2.285320154807696902, 5.010157891003983899, -0.0005878831144266401286 ) ) ;
#3875 = CARTESIAN_POINT ( 'NONE',  ( 3.035320154807700010, 0.07786855195726985479, -0.02443065694201510679 ) ) ;
#3876 = UNCERTAINTY_MEASURE_WITH_UNIT (LENGTH_MEASURE( 1.000000000000000082E-05 ), #56, 'distance_accuracy_value', 'NONE');
#3877 = EDGE_LOOP ( 'NONE', ( #4013, #2246, #2690, #2915 ) ) ;
#3878 = CALENDAR_DATE ( 2026, 26, 5 ) ;
#3879 = EDGE_CURVE ( 'NONE', #3681, #3544, #3660, .T. ) ;
#3880 = CARTESIAN_POINT ( 'NONE',  ( -1.933135058238604653, 6.152965627179519892, -1.955885693645930345 ) ) ;
#3881 = CARTESIAN_POINT ( 'NONE',  ( -3.035320154807695125, -9.422131448042732060, 0.02443065694201473556 ) ) ;
#3882 = ORGANIZATION ( 'UNSPECIFIED', 'UNSPECIFIED', '' ) ;
#3883 = CARTESIAN_POINT ( 'NONE',  ( 1.155154934624599727, -6.034534372820478332, -2.743289438998258500 ) ) ;
#3884 = CARTESIAN_POINT ( 'NONE',  ( 0.01491158336210157004, 4.992346335909286559, 2.749959571463121311 ) ) ;
#3885 = CARTESIAN_POINT ( 'NONE',  ( 0.9460227193715059490, 0.3226578910039828996, 2.285563663966783565 ) ) ;
#3886 = CARTESIAN_POINT ( 'NONE',  ( 2.750000000000001776, -3.221150626953491969, -9.619843633150466576E-15 ) ) ;
#3887 = ORIENTED_EDGE ( 'NONE', *, *, #1374, .F. ) ;
#3888 = DIRECTION ( 'NONE',  ( -0.8660254037844387076, 0.000000000000000000, -0.4999999999999997780 ) ) ;
#3889 = CARTESIAN_POINT ( 'NONE',  ( -2.128188989070670445, 7.317447230050695417, -2.164401940002777192 ) ) ;
#3890 = CARTESIAN_POINT ( 'NONE',  ( -0.9460227193715003979, -10.17734210899601877, -2.285563663966784009 ) ) ;
#3891 = CARTESIAN_POINT ( 'NONE',  ( 0.9471984856003582420, 0.6976578910039816783, -2.285076645648612459 ) ) ;
#3892 = VERTEX_POINT ( 'NONE', #3127 ) ;
#3893 = CARTESIAN_POINT ( 'NONE',  ( -0.9460227193715005090, -7.177342108996017878, -2.285563663966784009 ) ) ;
#3894 = EDGE_LOOP ( 'NONE', ( #3730, #47, #1671, #2848 ) ) ;
#3895 = CARTESIAN_POINT ( 'NONE',  ( -1.282877197436618211, -3.370052769949303695, 3.024713627046458964 ) ) ;
#3896 = CARTESIAN_POINT ( 'NONE',  ( 2.750000000000002220, 6.241527241015508487, 9.486758998627150629E-15 ) ) ;
#3897 = CARTESIAN_POINT ( 'NONE',  ( 1.615549682510060370, -6.614842108996017878, 1.616381074783570515 ) ) ;
#3898 = CARTESIAN_POINT ( 'NONE',  ( -2.285563663966783565, 4.072657891003983011, 0.9460227193715031735 ) ) ;
#3899 = CARTESIAN_POINT ( 'NONE',  ( 3.035320154807700010, 1.077868551957269050, -0.02443065694201510679 ) ) ;
#3900 = ORIENTED_EDGE ( 'NONE', *, *, #2663, .F. ) ;
#3901 = CARTESIAN_POINT ( 'NONE',  ( 2.743289438998260721, -9.284534372820479220, 1.155154934624598617 ) ) ;
#3902 = CARTESIAN_POINT ( 'NONE',  ( 2.750000000000001776, 6.778406969182381836, 0.008043633102135430007 ) ) ;
#3903 = CARTESIAN_POINT ( 'NONE',  ( 2.750000000000002220, 0.2415272410155094029, 9.486758998627150629E-15 ) ) ;
#3904 = CARTESIAN_POINT ( 'NONE',  ( 1.282877197436621985, -6.870052769949306359, -3.024713627046460296 ) ) ;
#3905 = ADVANCED_FACE ( 'NONE', ( #3707 ), #1168, .T. ) ;
#3906 = CARTESIAN_POINT ( 'NONE',  ( 2.163570547729268156, -9.047131448042732060, 2.129020381344183921 ) ) ;
#3907 = DIRECTION ( 'NONE',  ( -1.224646799147353454E-16, 1.000000000000000000, -0.000000000000000000 ) ) ;
#3908 = DIRECTION ( 'NONE',  ( -1.000000000000000000, 0.000000000000000000, 0.000000000000000000 ) ) ;
#3909 = CARTESIAN_POINT ( 'NONE',  ( -2.285076645648611127, 2.947657891003981678, -0.9471984856003564657 ) ) ;
#3910 = PERSON ( 'UNSPECIFIED', 'UNSPECIFIED', 'UNSPECIFIED', ('UNSPECIFIED'), ('UNSPECIFIED'), ('UNSPECIFIED') ) ;
#3911 = VECTOR ( 'NONE', #4005, 1000.000000000000000 ) ;
#3912 = EDGE_CURVE ( 'NONE', #4029, #348, #1424, .T. ) ;
#3913 = CARTESIAN_POINT ( 'NONE',  ( 2.749999999999998668, -3.159017934196079125, -1.129674997702179606 ) ) ;
#3914 = CARTESIAN_POINT ( 'NONE',  ( 1.955885693645932122, 1.902965627179521002, -1.933135058238605763 ) ) ;
#3915 = AXIS2_PLACEMENT_3D ( 'NONE', #1232, #2532, #912 ) ;
#3916 = CARTESIAN_POINT ( 'NONE',  ( 2.164401940002778080, 8.067447230050696305, -2.128188989070671777 ) ) ;
#3917 = CARTESIAN_POINT ( 'NONE',  ( -0.0005878831144234871603, -10.73984210899601877, 2.285320154807698234 ) ) ;
#3918 = CARTESIAN_POINT ( 'NONE',  ( 2.285320154807700010, 1.510157891003982122, 0.0005878831144263633318 ) ) ;
#3919 = VERTEX_POINT ( 'NONE', #2127 ) ;
#3920 = VECTOR ( 'NONE', #1014, 1000.000000000000000 ) ;
#3921 = CARTESIAN_POINT ( 'NONE',  ( -3.024713627046457631, -1.620052769949304139, -1.282877197436619099 ) ) ;
#3922 = DIRECTION ( 'NONE',  ( 1.224646799147353947E-16, -1.000000000000000000, 0.000000000000000000 ) ) ;
#3923 = AXIS2_PLACEMENT_3D ( 'NONE', #2286, #3952, #709 ) ;
#3924 = CARTESIAN_POINT ( 'NONE',  ( 0.9471984856003592412, -8.302342108996018766, -2.285076645648612459 ) ) ;
#3925 = CARTESIAN_POINT ( 'NONE',  ( -0.9471984856003561326, 5.197657891003983899, 2.285076645648612459 ) ) ;
#3926 = CARTESIAN_POINT ( 'NONE',  ( 0.02443065694201593599, 4.827868551957270604, 3.035320154807698234 ) ) ;
#3927 = CARTESIAN_POINT ( 'NONE',  ( 1.933135058238608428, -9.347034372820479220, 1.955885693645930790 ) ) ;
#3928 = CARTESIAN_POINT ( 'NONE',  ( -2.743782991398080462, -5.195153664090716106, 1.153982133839829727 ) ) ;
#3929 = CARTESIAN_POINT ( 'NONE',  ( 0.02560642317087079983, -6.807552769949304583, -3.035320154807698234 ) ) ;
#3930 = ADVANCED_FACE ( 'NONE', ( #2751 ), #1149, .T. ) ;
#3931 = CARTESIAN_POINT ( 'NONE',  ( -3.025200645364629182, -8.359631448042730284, 1.281701431207765474 ) ) ;
#3932 = CARTESIAN_POINT ( 'NONE',  ( 2.743289438998259389, 3.715465627179520780, 1.155154934624598617 ) ) ;
#3933 = CARTESIAN_POINT ( 'NONE',  ( 1.615549682510059259, 2.385157891003983011, 1.616381074783570515 ) ) ;
#3934 = CARTESIAN_POINT ( 'NONE',  ( 2.750000000000002220, 2.778849373046505367, 9.882727230318703812E-15 ) ) ;
#3935 = DIRECTION ( 'NONE',  ( -0.8660254037844387076, 0.000000000000000000, -0.4999999999999997224 ) ) ;
#3936 = CARTESIAN_POINT ( 'NONE',  ( 1.955885693645931678, 4.902965627179522556, -1.933135058238605763 ) ) ;
#3937 = ADVANCED_FACE ( 'NONE', ( #2466 ), #2448, .T. ) ;
#3938 = CARTESIAN_POINT ( 'NONE',  ( -2.285563663966781345, -9.927342108996016989, 0.9460227193715032845 ) ) ;
#3939 = CARTESIAN_POINT ( 'NONE',  ( -2.285076645648611571, 6.947657891003981234, -0.9471984856003564657 ) ) ;
#3940 = ORIENTED_EDGE ( 'NONE', *, *, #961, .T. ) ;
#3941 = ORIENTED_EDGE ( 'NONE', *, *, #2715, .F. ) ;
#3942 = CARTESIAN_POINT ( 'NONE',  ( 3.024713627046460740, -2.120052769949304583, 1.282877197436620875 ) ) ;
#3943 = LINE ( 'NONE', #2722, #3920 ) ;
#3944 = CARTESIAN_POINT ( 'NONE',  ( 0.9471984856003591302, -7.302342108996017878, -2.285076645648612459 ) ) ;
#3945 = CARTESIAN_POINT ( 'NONE',  ( -2.285076645648611571, 6.947657891003981234, -0.9471984856003564657 ) ) ;
#3946 = CARTESIAN_POINT ( 'NONE',  ( 3.025200645364632290, 6.140368551957269716, -1.281701431207766362 ) ) ;
#3947 = ORIENTED_EDGE ( 'NONE', *, *, #88, .F. ) ;
#3948 = CARTESIAN_POINT ( 'NONE',  ( -1.955885693645927237, -9.597034372820479220, 1.933135058238605763 ) ) ;
#3949 = LINE ( 'NONE', #1680, #223 ) ;
#3950 = CARTESIAN_POINT ( 'NONE',  ( 2.128188989070674442, -8.182552769949305471, 2.164401940002777636 ) ) ;
#3951 = CARTESIAN_POINT ( 'NONE',  ( 0.01491158336210169320, 3.992346335909285671, 2.749959571463121311 ) ) ;
#3952 = DIRECTION ( 'NONE',  ( 1.000000000000000000, 1.224646799147353454E-16, 3.755786496842895113E-16 ) ) ;
#3953 = CARTESIAN_POINT ( 'NONE',  ( -0.0005878831144250792028, 2.260157891003983011, 2.285320154807698234 ) ) ;
#3954 = CC_DESIGN_APPROVAL ( #548, ( #2316 ) ) ;
#3955 = CARTESIAN_POINT ( 'NONE',  ( -2.749999999999997780, 0.7415272410155080429, -9.520676621074870057E-15 ) ) ;
#3956 = CARTESIAN_POINT ( 'NONE',  ( -2.743289438998256724, 2.215465627179521224, -1.155154934624597285 ) ) ;
#3957 = DIRECTION ( 'NONE',  ( -1.224646799147353454E-16, 1.000000000000000000, -0.000000000000000000 ) ) ;
#3958 = CARTESIAN_POINT ( 'NONE',  ( 2.285076645648615123, -10.55234210899602054, 0.9471984856003577979 ) ) ;
#3959 = CARTESIAN_POINT ( 'NONE',  ( -1.616381074783568961, 4.135157891003983011, 1.615549682510057927 ) ) ;
#3960 = ORIENTED_EDGE ( 'NONE', *, *, #1363, .F. ) ;
#3961 = EDGE_CURVE ( 'NONE', #1406, #236, #3259, .T. ) ;
#3962 = ORIENTED_EDGE ( 'NONE', *, *, #561, .F. ) ;
#3963 = CARTESIAN_POINT ( 'NONE',  ( 1.282877197436621763, -4.870052769949304583, -3.024713627046460296 ) ) ;
#3964 = CARTESIAN_POINT ( 'NONE',  ( 0.9471984856003589082, -5.302342108996019654, -2.285076645648612459 ) ) ;
#3965 = CARTESIAN_POINT ( 'NONE',  ( 1.616381074783571403, 7.635157891003982122, -1.615549682510057927 ) ) ;
#3966 = CARTESIAN_POINT ( 'NONE',  ( -1.281701431207764807, 6.390368551957269716, -3.025200645364631846 ) ) ;
#3967 = VERTEX_POINT ( 'NONE', #1484 ) ;
#3968 = CARTESIAN_POINT ( 'NONE',  ( 2.750000000000002665, -9.221150626953495077, 1.322898101878941796E-16 ) ) ;
#3969 = CARTESIAN_POINT ( 'NONE',  ( 3.045926682568938837, -5.995052769949304583, -1.231664351094883481 ) ) ;
#3970 = CARTESIAN_POINT ( 'NONE',  ( -1.281701431207763697, -4.609631448042731172, -3.025200645364631846 ) ) ;
#3971 =( BOUNDED_CURVE ( )  B_SPLINE_CURVE ( 2, ( #247, #864, #2503, #549, #1560, #1520, #2217, #1260, #3842, #1181, #2520 ),
 .UNSPECIFIED., .F., .T. ) 
 B_SPLINE_CURVE_WITH_KNOTS ( ( 3, 2, 2, 2, 2, 3 ),
 ( 0.6667088150743146757, 0.6726190476190476719, 0.6785714285714286031, 0.6845238095238095344, 0.6904761904761904656, 0.6905183388838385117 ),
 .UNSPECIFIED. ) 
 CURVE ( )  GEOMETRIC_REPRESENTATION_ITEM ( )  RATIONAL_B_SPLINE_CURVE ( ( 0.9989296255183136575, 0.9244185364022912132, 1.000000000000000000, 0.9238795325112867385, 1.000000000000000000, 0.9238795325112867385, 1.000000000000000000, 0.9238795325112867385, 1.000000000000000000, 0.9994609961089955252, 0.9989296255183136575 ) ) 
 REPRESENTATION_ITEM ( '' )  );
#3972 = CARTESIAN_POINT ( 'NONE',  ( 2.743289438998260277, -5.284534372820480108, 1.155154934624598617 ) ) ;
#3973 = CARTESIAN_POINT ( 'NONE',  ( -2.750000000000002665, 3.340982065803920431, 1.129674997702170502 ) ) ;
#3974 = CARTESIAN_POINT ( 'NONE',  ( -2.285563663966783565, 4.072657891003983011, 0.9460227193715032845 ) ) ;
#3975 = CARTESIAN_POINT ( 'NONE',  ( 2.750000000000002220, 2.241937244870505275, -0.007455846486311910361 ) ) ;
#3976 = CARTESIAN_POINT ( 'NONE',  ( 2.749999999999998224, -5.820632406416704541, 1.130362027696530713 ) ) ;
#3977 = CARTESIAN_POINT ( 'NONE',  ( 2.000000000000001332, 10.50000000000000000, -1.154700538379252128 ) ) ;
#3978 = DIRECTION ( 'NONE',  ( -1.224646799147353454E-16, 1.000000000000000000, -0.000000000000000000 ) ) ;
#3979 = CARTESIAN_POINT ( 'NONE',  ( -2.285076645648609350, -11.05234210899602054, -0.9471984856003564657 ) ) ;
#3980 = CARTESIAN_POINT ( 'NONE',  ( 1.615549682510058815, 4.385157891003983011, 1.616381074783570515 ) ) ;
#3981 = EDGE_CURVE ( 'NONE', #379, #2660, #3673, .T. ) ;
#3982 = CARTESIAN_POINT ( 'NONE',  ( 2.000000000000000444, 10.50000000000000000, 1.154700538379252572 ) ) ;
#3984 = ORIENTED_EDGE ( 'NONE', *, *, #3772, .T. ) ;
#3983 = VECTOR ( 'NONE', #1665, 1000.000000000000000 ) ;
#3985 = CARTESIAN_POINT ( 'NONE',  ( 2.128188989070673554, -1.182552769949303917, 2.164401940002777636 ) ) ;
#3986 = CARTESIAN_POINT ( 'NONE',  ( -2.750000000000008438, -11.32063240641670454, -1.130362027696512284 ) ) ;
#3987 = CARTESIAN_POINT ( 'NONE',  ( 0.9471984856003589082, -3.302342108996019210, -2.285076645648612459 ) ) ;
#3988 = AXIS2_PLACEMENT_3D ( 'NONE', #2309, #3313, #3248 ) ;
#3989 = CARTESIAN_POINT ( 'NONE',  ( -0.7560459677011349688, -11.53574220557146646, 2.619761294803455431 ) ) ;
#3990 = CARTESIAN_POINT ( 'NONE',  ( -3.025200645364631402, 5.640368551957269716, 1.281701431207765474 ) ) ;
#3991 = ORIENTED_EDGE ( 'NONE', *, *, #1833, .T. ) ;
#3992 = EDGE_CURVE ( 'NONE', #2977, #2873, #3373, .T. ) ;
#3993 = CARTESIAN_POINT ( 'NONE',  ( -2.749999999999998668, -0.7211506269534939673, -1.022193187182612512E-14 ) ) ;
#3994 = CARTESIAN_POINT ( 'NONE',  ( -1.616381074783568295, -1.864842108996017211, 1.615549682510057927 ) ) ;
#3995 = CARTESIAN_POINT ( 'NONE',  ( 2.129020381344186141, -4.797131448042731172, -2.163570547729265492 ) ) ;
#3996 = CARTESIAN_POINT ( 'NONE',  ( 0.01491158336210193953, 1.992346335909285004, 2.749959571463121311 ) ) ;
#3997 = FACE_OUTER_BOUND ( 'NONE', #2314, .T. ) ;
#3998 = CARTESIAN_POINT ( 'NONE',  ( 0.9460227193715053939, 4.322657891003983899, 2.285563663966783565 ) ) ;
#3999 = CARTESIAN_POINT ( 'NONE',  ( -2.749999999999996891, -3.721593030817616832, -0.008043633102125939335 ) ) ;
#4000 = CARTESIAN_POINT ( 'NONE',  ( 2.750000000000002220, 6.241527241015508487, 9.486758998627150629E-15 ) ) ;
#4001 = DIRECTION ( 'NONE',  ( -1.000000000000000000, -2.040851148208007998E-16, 0.000000000000000000 ) ) ;
#4002 = CARTESIAN_POINT ( 'NONE',  ( 1.477174785865020157, 7.500000000000000000, -2.105345205364048677 ) ) ;
#4003 = CARTESIAN_POINT ( 'NONE',  ( 0.9471984856003591302, -6.302342108996017878, -2.285076645648612459 ) ) ;
#4004 = CARTESIAN_POINT ( 'NONE',  ( -1.616381074783569183, 5.135157891003983899, 1.615549682510057927 ) ) ;
#4005 = DIRECTION ( 'NONE',  ( -1.224646799147353454E-16, 1.000000000000000000, -0.000000000000000000 ) ) ;
#4006 = ORIENTED_EDGE ( 'NONE', *, *, #2231, .F. ) ;
#4007 = CARTESIAN_POINT ( 'NONE',  ( 0.02560642317086970002, 2.192447230050695861, -3.035320154807698234 ) ) ;
#4008 = CARTESIAN_POINT ( 'NONE',  ( -2.749959571463118646, -7.257653664090716994, 0.01491158336210037481 ) ) ;
#4009 = CARTESIAN_POINT ( 'NONE',  ( 1.615549682510060148, -5.614842108996017878, 1.616381074783570515 ) ) ;
#4010 = CARTESIAN_POINT ( 'NONE',  ( -1.910947925540985581, -11.75931463891704354, 1.602581684034674270 ) ) ;
#4011 = CARTESIAN_POINT ( 'NONE',  ( 3.035320154807699566, 4.077868551957269716, -0.02443065694201510679 ) ) ;
#4012 = ORIENTED_EDGE ( 'NONE', *, *, #2732, .F. ) ;
#4013 = ORIENTED_EDGE ( 'NONE', *, *, #4031, .F. ) ;
#4014 = CARTESIAN_POINT ( 'NONE',  ( -1.124158967115627350, -11.07015366409071611, 2.756136151528160383 ) ) ;
#4015 = CARTESIAN_POINT ( 'NONE',  ( -2.285320154807696014, -2.989842108996018322, -0.0005878831144266401286 ) ) ;
#4016 = CARTESIAN_POINT ( 'NONE',  ( -1.232840117323734885, -7.234631448042731172, 3.045439664250764178 ) ) ;
#4017 = DIRECTION ( 'NONE',  ( -1.224646799147353454E-16, 1.000000000000000000, -0.000000000000000000 ) ) ;
#4018 = CARTESIAN_POINT ( 'NONE',  ( 2.285320154807699566, 5.510157891003983899, 0.0005878831144263602961 ) ) ;
#4019 = CARTESIAN_POINT ( 'NONE',  ( 1.153982133839833057, -1.945153664090714996, 2.743782991398082238 ) ) ;
#4020 = AXIS2_PLACEMENT_3D ( 'NONE', #3062, #3016, #1143 ) ;
#4021 = CARTESIAN_POINT ( 'NONE',  ( -2.749959571463120422, 5.742346335909283894, 0.01491158336210037481 ) ) ;
#4022 = CARTESIAN_POINT ( 'NONE',  ( 4.468337651538803533E-16, 12.50000000000000000, 0.000000000000000000 ) ) ;
#4023 = CARTESIAN_POINT ( 'NONE',  ( 2.749999999999996447, 3.179367593583295459, 1.130362027696530713 ) ) ;
#4024 = LINE ( 'NONE', #492, #644 ) ;
#4025 = AXIS2_PLACEMENT_3D ( 'NONE', #3793, #2475, #2537 ) ;
#4026 =( BOUNDED_CURVE ( )  B_SPLINE_CURVE ( 2, ( #3886, #3913, #3543, #689, #1985, #668, #2885, #643, #3289, #1943, #3246 ),
 .UNSPECIFIED., .F., .F. ) 
 B_SPLINE_CURVE_WITH_KNOTS ( ( 3, 2, 2, 2, 2, 3 ),
 ( 0.4286168978447082445, 0.4345238095238095344, 0.4404761904761904656, 0.4464285714285714524, 0.4523809523809523836, 0.4524264216542320804 ),
 .UNSPECIFIED. ) 
 CURVE ( )  GEOMETRIC_REPRESENTATION_ITEM ( )  RATIONAL_B_SPLINE_CURVE ( ( 0.9988459397136740803, 0.9244610044241416968, 1.000000000000000000, 0.9238795325112867385, 1.000000000000000000, 0.9238795325112867385, 1.000000000000000000, 0.9238795325112867385, 1.000000000000000000, 0.9994185280871450416, 0.9988459397136741913 ) ) 
 REPRESENTATION_ITEM ( '' )  );
#4027 = CARTESIAN_POINT ( 'NONE',  ( -1.615549682510056373, 3.885157891003982567, -1.616381074783570293 ) ) ;
#4028 = CARTESIAN_POINT ( 'NONE',  ( -2.749999999999997335, -8.659017934196079125, 1.129674997702174277 ) ) ;
#4029 = VERTEX_POINT ( 'NONE', #3504 ) ;
#4030 = CARTESIAN_POINT ( 'NONE',  ( 1.231664351094885701, 2.754947230050696305, 3.045926682568936172 ) ) ;
#4031 = EDGE_CURVE ( 'NONE', #740, #3967, #926, .T. ) ;
#4032 = CARTESIAN_POINT ( 'NONE',  ( 1.043367114064382095, -11.77824132687277725, 2.245828322571899349 ) ) ;
#4033 = CARTESIAN_POINT ( 'NONE',  ( -2.285563663966783121, -2.927342108996018766, 0.9460227193715031735 ) ) ;
#4034 = CARTESIAN_POINT ( 'NONE',  ( -2.285563663966781345, -8.927342108996018766, 0.9460227193715031735 ) ) ;
#4035 = ORIENTED_EDGE ( 'NONE', *, *, #3459, .T. ) ;
#4036 = CARTESIAN_POINT ( 'NONE',  ( -2.749999999999997780, -3.721150626953492857, 9.429889033906309885E-15 ) ) ;
#4037 = CARTESIAN_POINT ( 'NONE',  ( -2.285563663966782233, -3.927342108996017433, 0.9460227193715031735 ) ) ;
#4038 = CARTESIAN_POINT ( 'NONE',  ( 2.129020381344186141, -6.797131448042731172, -2.163570547729265492 ) ) ;
#4039 = CARTESIAN_POINT ( 'NONE',  ( 8.608520293808963460E-16, 10.50000000000000000, -2.309401076758503368 ) ) ;
#4040 = CARTESIAN_POINT ( 'NONE',  ( -2.749999999999998668, -1.721150626953493079, -1.022193187182612512E-14 ) ) ;
#4041 = CARTESIAN_POINT ( 'NONE',  ( -1.615549682510056595, 5.885157891003981234, -1.616381074783570293 ) ) ;
#4042 = CARTESIAN_POINT ( 'NONE',  ( 2.749999999999999112, -4.159017934196079125, -1.129674997702179606 ) ) ;
#4043 = CARTESIAN_POINT ( 'NONE',  ( 2.750000000000000444, 12.50000000000000000, 3.367778697655221012E-16 ) ) ;
#4044 = CARTESIAN_POINT ( 'NONE',  ( 2.750000000000000444, 12.50000000000000000, 3.367778697655221012E-16 ) ) ;
#4045 = CARTESIAN_POINT ( 'NONE',  ( -1.124158967115628682, 2.929846335909284338, 2.756136151528160383 ) ) ;
#4046 = CARTESIAN_POINT ( 'NONE',  ( 2.285320154807700899, -4.489842108996017878, 0.0005878831144263602961 ) ) ;
#4047 = CARTESIAN_POINT ( 'NONE',  ( 1.615549682510058593, 7.385157891003982122, 1.616381074783570515 ) ) ;
#4048 = CARTESIAN_POINT ( 'NONE',  ( -2.749999999999996891, -8.721150626953495077, -4.714944516953152182E-16 ) ) ;
#4049 = ORIENTED_EDGE ( 'NONE', *, *, #114, .T. ) ;
#4050 = CARTESIAN_POINT ( 'NONE',  ( 3.045926682568937949, 1.004947230050694529, -1.231664351094883481 ) ) ;
#4051 =( BOUNDED_CURVE ( )  B_SPLINE_CURVE ( 2, ( #2332, #2616, #619, #57, #36, #1624, #1945, #2953, #338, #1328, #1667 ),
 .UNSPECIFIED., .F., .T. ) 
 B_SPLINE_CURVE_WITH_KNOTS ( ( 3, 2, 2, 2, 2, 3 ),
 ( 0.2381407073685177511, 0.2440476190476190410, 0.2500000000000000000, 0.2559523809523809312, 0.2619047619047619180, 0.2619502311780416148 ),
 .UNSPECIFIED. ) 
 CURVE ( )  GEOMETRIC_REPRESENTATION_ITEM ( )  RATIONAL_B_SPLINE_CURVE ( ( 0.9988459397136748574, 0.9244610044241413638, 1.000000000000000000, 0.9238795325112867385, 1.000000000000000000, 0.9238795325112867385, 1.000000000000000000, 0.9238795325112867385, 1.000000000000000000, 0.9994185280871450416, 0.9988459397136741913 ) ) 
 REPRESENTATION_ITEM ( '' )  );
#4052 = CARTESIAN_POINT ( 'NONE',  ( 2.750000000000002665, -6.758472758984491513, 9.486758998627150629E-15 ) ) ;
#4053 = CARTESIAN_POINT ( 'NONE',  ( 0.0005878831144288775967, -3.239842108996018322, -2.285320154807698234 ) ) ;
#4054 = CARTESIAN_POINT ( 'NONE',  ( -1.616381074783566962, -11.86484210899601699, 1.615549682510057927 ) ) ;
#4055 = CARTESIAN_POINT ( 'NONE',  ( 3.508450763022264875E-15, -12.50000000000000000, 0.000000000000000000 ) ) ;
#4056 = CARTESIAN_POINT ( 'NONE',  ( -2.285320154807696014, -1.989842108996017433, -0.0005878831144266401286 ) ) ;
#4057 = CARTESIAN_POINT ( 'NONE',  ( -1.281701431207763697, -3.609631448042731616, -3.025200645364631846 ) ) ;
#4058 = AXIS2_PLACEMENT_3D ( 'NONE', #844, #3759, #1098 ) ;
#4059 = LINE ( 'NONE', #4039, #3808 ) ;
#4060 = EDGE_CURVE ( 'NONE', #370, #2337, #2667, .T. ) ;
#4061 = CARTESIAN_POINT ( 'NONE',  ( 2.750000000000002220, -1.221593030817618164, 0.008043633102135430007 ) ) ;
#4062 = CARTESIAN_POINT ( 'NONE',  ( 0.0005878831144276499545, 6.760157891003981234, -2.285320154807698234 ) ) ;
#4063 = CARTESIAN_POINT ( 'NONE',  ( 0.02443065694201801766, -12.17213144804273028, 3.035320154807698234 ) ) ;
#4064 = PLANE ( 'NONE',  #2550 ) ;
#4065 = CARTESIAN_POINT ( 'NONE',  ( -2.749999999999997780, 2.741527241015508487, -9.520676621074870057E-15 ) ) ;
#4066 = CARTESIAN_POINT ( 'NONE',  ( -0.01608712857281997810, -4.472034372820479220, 2.749952945832760953 ) ) ;
#4067 = CARTESIAN_POINT ( 'NONE',  ( 2.285563663966786674, -4.427342108996018766, -0.9460227193715036176 ) ) ;
#4068 = CARTESIAN_POINT ( 'NONE',  ( 2.128188989070674442, -10.18255276994930547, 2.164401940002777636 ) ) ;
#4069 = CARTESIAN_POINT ( 'NONE',  ( 1.122980677478956579, -8.409534372820480996, 2.756616452667262962 ) ) ;
#4070 = ORIENTED_EDGE ( 'NONE', *, *, #1513, .F. ) ;
#4071 = EDGE_CURVE ( 'NONE', #4139, #1530, #3524, .T. ) ;
#4072 = CARTESIAN_POINT ( 'NONE',  ( -0.02560642317086634853, -0.3075527699493048051, 3.035320154807698234 ) ) ;
#4073 = CARTESIAN_POINT ( 'NONE',  ( 0.008555836409000294393, -11.82211934522547558, 2.446502821719536591 ) ) ;
#4074 = CARTESIAN_POINT ( 'NONE',  ( 0.9471984856003583531, -1.302342108996018544, -2.285076645648612459 ) ) ;
#4075 = CARTESIAN_POINT ( 'NONE',  ( 1.615549682510060592, -8.614842108996018766, 1.616381074783570515 ) ) ;
#4076 = VERTEX_POINT ( 'NONE', #2548 ) ;
#4077 = CARTESIAN_POINT ( 'NONE',  ( 2.750000000000003553, -10.75806275512949561, -0.007455846486311910361 ) ) ;
#4078 = CARTESIAN_POINT ( 'NONE',  ( 2.285563663966786674, -10.42734210899602054, -0.9460227193715035066 ) ) ;
#4079 = CARTESIAN_POINT ( 'NONE',  ( 1.615549682510059704, -2.614842108996017878, 1.616381074783570515 ) ) ;
#4080 = CARTESIAN_POINT ( 'NONE',  ( 1.232840117323738216, -1.734631448042731838, -3.045439664250765954 ) ) ;
#4081 = DIRECTION ( 'NONE',  ( 0.000000000000000000, 0.000000000000000000, 1.000000000000000000 ) ) ;
#4082 = CARTESIAN_POINT ( 'NONE',  ( -2.749999999999999556, 6.741527241015509375, -9.797953184584977129E-15 ) ) ;
#4083 = EDGE_CURVE ( 'NONE', #2958, #966, #2362, .T. ) ;
#4084 = CARTESIAN_POINT ( 'NONE',  ( 2.750000000000000444, 12.50000000000000000, 3.367778697655221012E-16 ) ) ;
#4085 = CARTESIAN_POINT ( 'NONE',  ( -1.153982133839827728, -3.445153664090716550, -2.743782991398082238 ) ) ;
#4086 = CARTESIAN_POINT ( 'NONE',  ( 4.468337651538803533E-16, 12.50000000000000000, 0.000000000000000000 ) ) ;
#4087 = CARTESIAN_POINT ( 'NONE',  ( -0.9471984856003548003, -5.802342108996018766, 2.285076645648612459 ) ) ;
#4088 = CARTESIAN_POINT ( 'NONE',  ( -0.9460227193715023963, 7.822657891003983011, -2.285563663966784009 ) ) ;
#4089 = DIRECTION ( 'NONE',  ( -1.000000000000000000, 0.000000000000000000, 0.000000000000000000 ) ) ;
#4090 = ORIENTED_EDGE ( 'NONE', *, *, #2449, .F. ) ;
#4091 = VECTOR ( 'NONE', #2420, 1000.000000000000000 ) ;
#4092 = CARTESIAN_POINT ( 'NONE',  ( 3.035320154807700010, 0.9424472300506963052, 0.02560642317086780570 ) ) ;
#4093 = CARTESIAN_POINT ( 'NONE',  ( -0.3001886016196696483, -11.83403091240436034, 2.416072108888893677 ) ) ;
#4094 = EDGE_CURVE ( 'NONE', #4110, #2020, #1565, .T. ) ;
#4095 = CARTESIAN_POINT ( 'NONE',  ( -1.615549682510054819, -11.11484210899601877, -1.616381074783570293 ) ) ;
#4096 = ORIENTED_EDGE ( 'NONE', *, *, #1557, .T. ) ;
#4097 = CARTESIAN_POINT ( 'NONE',  ( 2.750000000000002665, -2.758062755129493837, -0.007455846486311910361 ) ) ;
#4098 = CARTESIAN_POINT ( 'NONE',  ( -0.9460227193714999538, -12.17734210899601877, -2.285563663966784009 ) ) ;
#4099 = CARTESIAN_POINT ( 'NONE',  ( 1.616381074783572069, 1.635157891003982344, -1.615549682510057927 ) ) ;
#4100 = CARTESIAN_POINT ( 'NONE',  ( 0.02443065694201703927, -4.172131448042730284, 3.035320154807698234 ) ) ;
#4101 = CARTESIAN_POINT ( 'NONE',  ( 1.933970979256858680, -8.632653664090717882, -1.955059142683995166 ) ) ;
#4102 = CARTESIAN_POINT ( 'NONE',  ( 1.953598244921861848, 7.500000000000000000, 1.523984290376110495 ) ) ;
#4103 = CARTESIAN_POINT ( 'NONE',  ( 2.750000000000002665, -1.758472758984492623, 9.486758998627150629E-15 ) ) ;
#4104 = CARTESIAN_POINT ( 'NONE',  ( -1.955059142683993390, -3.382653664090716106, -1.933970979256855349 ) ) ;
#4105 = CARTESIAN_POINT ( 'NONE',  ( 2.750000000000002220, 0.2415272410155094029, 9.486758998627150629E-15 ) ) ;
#4106 = CARTESIAN_POINT ( 'NONE',  ( -1.615549682510055707, -3.114842108996018322, -1.616381074783570293 ) ) ;
#4107 = CARTESIAN_POINT ( 'NONE',  ( -1.282877197436617323, -11.37005276994930369, 3.024713627046458964 ) ) ;
#4108 = PRODUCT_DEFINITION ( 'UNKNOWN', '', #470, #329 ) ;
#4109 = CARTESIAN_POINT ( 'NONE',  ( 4.468337651538803533E-16, 12.50000000000000000, 0.000000000000000000 ) ) ;
#4110 = VERTEX_POINT ( 'NONE', #2183 ) ;
#4111 =( BOUNDED_CURVE ( )  B_SPLINE_CURVE ( 2, ( #3758, #203, #4104, #4085, #903, #226, #569, #1519, #2195, #1852, #2863 ),
 .UNSPECIFIED., .F., .F. ) 
 B_SPLINE_CURVE_WITH_KNOTS ( ( 3, 2, 2, 2, 2, 3 ),
 ( 0.5238516722171717710, 0.5297619047619046562, 0.5357142857142856984, 0.5416666666666666297, 0.5476190476190476719, 0.5476611960266958290 ),
 .UNSPECIFIED. ) 
 CURVE ( )  GEOMETRIC_REPRESENTATION_ITEM ( )  RATIONAL_B_SPLINE_CURVE ( ( 0.9989296255183136575, 0.9244185364022912132, 1.000000000000000000, 0.9238795325112867385, 1.000000000000000000, 0.9238795325112867385, 1.000000000000000000, 0.9238795325112867385, 1.000000000000000000, 0.9994609961089941930, 0.9989296255183109929 ) ) 
 REPRESENTATION_ITEM ( '' )  );
#4112 = CARTESIAN_POINT ( 'NONE',  ( -2.164401940002776303, 4.567447230050696305, 2.128188989070671777 ) ) ;
#4113 = CARTESIAN_POINT ( 'NONE',  ( 2.750000000000000444, 12.50000000000000000, 3.367778697655221012E-16 ) ) ;
#4114 = EDGE_CURVE ( 'NONE', #379, #2295, #2802, .T. ) ;
#4115 = CARTESIAN_POINT ( 'NONE',  ( 0.9460227193715073923, -9.677342108996020542, 2.285563663966783565 ) ) ;
#4116 = ORIENTED_EDGE ( 'NONE', *, *, #1966, .T. ) ;
#4117 = LINE ( 'NONE', #1133, #642 ) ;
#4118 = CARTESIAN_POINT ( 'NONE',  ( -2.285076645648609350, -10.05234210899602054, -0.9471984856003564657 ) ) ;
#4119 = CARTESIAN_POINT ( 'NONE',  ( -2.285320154807696458, 1.010157891003981678, -0.0005878831144266401286 ) ) ;
#4120 = CARTESIAN_POINT ( 'NONE',  ( 2.163570547729267268, -4.047131448042730284, 2.129020381344183921 ) ) ;
#4121 = CARTESIAN_POINT ( 'NONE',  ( -1.933970979256854683, 5.867346335909283894, 1.955059142683995166 ) ) ;
#4122 = EDGE_CURVE ( 'NONE', #2269, #3228, #3121, .T. ) ;
#4123 = CARTESIAN_POINT ( 'NONE',  ( 0.01608712857282425940, -0.9720343728204796641, -2.749952945832760953 ) ) ;
#4124 = DIRECTION ( 'NONE',  ( -1.224646799147353454E-16, 1.000000000000000000, 0.000000000000000000 ) ) ;
#4125 = CARTESIAN_POINT ( 'NONE',  ( 2.750000000000002220, 4.241937244870508827, -0.007455846486311910361 ) ) ;
#4126 = VECTOR ( 'NONE', #2894, 1000.000000000000000 ) ;
#4127 = CARTESIAN_POINT ( 'NONE',  ( 2.750000000000002220, -4.221150626953493301, -9.619843633150466576E-15 ) ) ;
#4128 = CIRCLE ( 'NONE', #507, 2.750000000000000444 ) ;
#4129 = CARTESIAN_POINT ( 'NONE',  ( 2.750000000000002665, -6.221150626953493301, 1.002858522616689488E-14 ) ) ;
#4130 = CARTESIAN_POINT ( 'NONE',  ( 1.153982133839832835, 0.05484633590928517793, 2.743782991398082238 ) ) ;
#4131 = CARTESIAN_POINT ( 'NONE',  ( -0.9471984856003551334, -2.802342108996018322, 2.285076645648612459 ) ) ;
#4132 = CARTESIAN_POINT ( 'NONE',  ( 2.285076645648612903, 7.447657891003982122, 0.9471984856003577979 ) ) ;
#4133 = CARTESIAN_POINT ( 'NONE',  ( -1.955059142683993834, 3.617346335909285227, -1.933970979256855349 ) ) ;
#4134 = EDGE_LOOP ( 'NONE', ( #969, #480, #291, #3482 ) ) ;
#4135 = CARTESIAN_POINT ( 'NONE',  ( -2.164401940002775859, 3.567447230050694973, 2.128188989070671777 ) ) ;
#4136 = CARTESIAN_POINT ( 'NONE',  ( -2.749952945832759177, 0.2779656271795213907, -0.01608712857282233039 ) ) ;
#4137 = CARTESIAN_POINT ( 'NONE',  ( -0.0005878831144245923960, -1.739842108996017211, 2.285320154807698234 ) ) ;
#4138 = CARTESIAN_POINT ( 'NONE',  ( -0.9471984856003549114, -4.802342108996018766, 2.285076645648612459 ) ) ;
#4139 = VERTEX_POINT ( 'NONE', #2780 ) ;
#4140 = CARTESIAN_POINT ( 'NONE',  ( 2.750000000000002665, -8.758472758984492401, -3.400241650383879346E-16 ) ) ;
#4141 = CARTESIAN_POINT ( 'NONE',  ( -2.285563663966780901, -11.92734210899601877, 0.9460227193715031735 ) ) ;
#4142 = CARTESIAN_POINT ( 'NONE',  ( 0.9471984856003582420, 0.6976578910039816783, -2.285076645648612459 ) ) ;
#4143 = CARTESIAN_POINT ( 'NONE',  ( 2.163570547729267268, -2.047131448042730284, 2.129020381344183921 ) ) ;
#4144 = APPROVAL_DATE_TIME ( #563, #548 ) ;
#4145 = CARTESIAN_POINT ( 'NONE',  ( -0.01608712857282119935, 5.527965627179522556, 2.749952945832760953 ) ) ;
#4146 = FACE_BOUND ( 'NONE', #2271, .T. ) ;
#4147 = EDGE_CURVE ( 'NONE', #1289, #4242, #2, .T. ) ;
#4148 = CARTESIAN_POINT ( 'NONE',  ( 2.750000000000000444, 12.50000000000000000, 3.367778697655221012E-16 ) ) ;
#4149 = CARTESIAN_POINT ( 'NONE',  ( -1.155154934624595731, -6.534534372820480108, 2.743289438998258056 ) ) ;
#4150 = CARTESIAN_POINT ( 'NONE',  ( -1.933970979256854017, -0.1326536640907149955, 1.955059142683995166 ) ) ;
#4151 = CARTESIAN_POINT ( 'NONE',  ( -2.285076645648610683, -3.052342108996019210, -0.9471984856003564657 ) ) ;
#4152 = CARTESIAN_POINT ( 'NONE',  ( -2.164401940002774527, -7.432552769949305471, 2.128188989070671777 ) ) ;
#4153 = CARTESIAN_POINT ( 'NONE',  ( -1.153982133839827284, -7.445153664090716994, -2.743782991398082238 ) ) ;
#4154 = ORIENTED_EDGE ( 'NONE', *, *, #3175, .T. ) ;
#4155 = CARTESIAN_POINT ( 'NONE',  ( 2.128188989070673109, 3.817447230050695417, 2.164401940002777636 ) ) ;
#4156 = CARTESIAN_POINT ( 'NONE',  ( 1.933970979256856682, 6.367346335909283894, -1.955059142683995166 ) ) ;
#4157 = CARTESIAN_POINT ( 'NONE',  ( -2.285320154807696014, -0.9898421089960183217, -0.0005878831144266431644 ) ) ;
#4158 = CARTESIAN_POINT ( 'NONE',  ( -1.615549682510055041, -8.114842108996016989, -1.616381074783570293 ) ) ;
#4159 = ORIENTED_EDGE ( 'NONE', *, *, #3106, .T. ) ;
#4160 = CARTESIAN_POINT ( 'NONE',  ( 2.000000000000000444, 10.50000000000000000, 1.154700538379252572 ) ) ;
#4161 = CARTESIAN_POINT ( 'NONE',  ( -2.285076645648608906, -11.05234210899602232, -0.9471984856003564657 ) ) ;
#4162 = CARTESIAN_POINT ( 'NONE',  ( -2.285320154807696458, 2.010157891003982567, -0.0005878831144266401286 ) ) ;
#4163 = CARTESIAN_POINT ( 'NONE',  ( 1.232840117323737772, 3.265368551957269272, -3.045439664250765954 ) ) ;
#4164 = CARTESIAN_POINT ( 'NONE',  ( 2.750000000000003553, -8.758062755129497390, -0.007455846486311910361 ) ) ;
#4165 = CARTESIAN_POINT ( 'NONE',  ( -2.749999999999996891, -4.721593030817617276, -0.008043633102125939335 ) ) ;
#4166 = CARTESIAN_POINT ( 'NONE',  ( -2.129020381344180812, -10.29713144804273028, 2.163570547729265492 ) ) ;
#4167 = CARTESIAN_POINT ( 'NONE',  ( 4.468337651538803533E-16, 12.50000000000000000, 0.000000000000000000 ) ) ;
#4168 = CARTESIAN_POINT ( 'NONE',  ( 1.059157164727557179E-15, 7.500000000000000000, 0.000000000000000000 ) ) ;
#4169 = CARTESIAN_POINT ( 'NONE',  ( 1.616381074783572513, -2.364842108996017878, -1.615549682510057927 ) ) ;
#4170 = CARTESIAN_POINT ( 'NONE',  ( -2.749999999999999112, 6.278849373046506699, -1.022193187182612512E-14 ) ) ;
#4171 = ORIENTED_EDGE ( 'NONE', *, *, #889, .F. ) ;
#4172 = CARTESIAN_POINT ( 'NONE',  ( 1.282877197436620653, 4.129947230050695417, -3.024713627046460296 ) ) ;
#4173 = EDGE_CURVE ( 'NONE', #1530, #1289, #1325, .T. ) ;
#4174 = CARTESIAN_POINT ( 'NONE',  ( -1.124158967115628238, -4.070153664090715218, 2.756136151528160383 ) ) ;
#4175 = CARTESIAN_POINT ( 'NONE',  ( 2.285076645648614679, -6.552342108996018766, 0.9471984856003577979 ) ) ;
#4176 = VERTEX_POINT ( 'NONE', #1196 ) ;
#4177 = FACE_OUTER_BOUND ( 'NONE', #1509, .T. ) ;
#4178 = CARTESIAN_POINT ( 'NONE',  ( -2.285320154807695125, -8.989842108996018766, -0.0005878831144266431644 ) ) ;
#4179 = CARTESIAN_POINT ( 'NONE',  ( -2.285076645648611127, 2.947657891003982122, -0.9471984856003564657 ) ) ;
#4180 = CARTESIAN_POINT ( 'NONE',  ( 1.232840117323738216, 0.2653685519572682727, -3.045439664250765954 ) ) ;
#4181 = DATE_AND_TIME ( #3878, #2591 ) ;
#4182 = CARTESIAN_POINT ( 'NONE',  ( -2.749999999999999112, 6.278849373046506699, -1.022193187182612512E-14 ) ) ;
#4183 =( BOUNDED_CURVE ( )  B_SPLINE_CURVE ( 2, ( #3801, #2483, #828, #4153, #2124, #2198, #3782, #867, #2142, #1798, #2180 ),
 .UNSPECIFIED., .F., .F. ) 
 B_SPLINE_CURVE_WITH_KNOTS ( ( 3, 2, 2, 2, 2, 3 ),
 ( 0.7143278626933622366, 0.7202380952380952328, 0.7261904761904761640, 0.7321428571428570953, 0.7380952380952381375, 0.7381373865028861836 ),
 .UNSPECIFIED. ) 
 CURVE ( )  GEOMETRIC_REPRESENTATION_ITEM ( )  RATIONAL_B_SPLINE_CURVE ( ( 0.9989296255183136575, 0.9244185364022912132, 1.000000000000000000, 0.9238795325112867385, 1.000000000000000000, 0.9238795325112867385, 1.000000000000000000, 0.9238795325112867385, 1.000000000000000000, 0.9994609961089955252, 0.9989296255183136575 ) ) 
 REPRESENTATION_ITEM ( '' )  );
#4184 = FACE_OUTER_BOUND ( 'NONE', #3520, .T. ) ;
#4185 = CARTESIAN_POINT ( 'NONE',  ( 3.035320154807701343, -9.922131448042732060, -0.02443065694201510679 ) ) ;
#4186 = CARTESIAN_POINT ( 'NONE',  ( 2.336936523544838717, -11.61465161915892352, -1.231441778176083579 ) ) ;
#4187 = CARTESIAN_POINT ( 'NONE',  ( -2.743782991398081794, 0.8048463359092841163, 1.153982133839829727 ) ) ;
#4188 = CARTESIAN_POINT ( 'NONE',  ( -2.285320154807696014, -1.989842108996017433, -0.0005878831144266401286 ) ) ;
#4189 = CARTESIAN_POINT ( 'NONE',  ( -1.955059142683993390, 1.617346335909285004, -1.933970979256855349 ) ) ;
#4191 = ORIENTED_EDGE ( 'NONE', *, *, #1917, .T. ) ;
#4190 = VECTOR ( 'NONE', #487, 1000.000000000000000 ) ;
#4192 = CARTESIAN_POINT ( 'NONE',  ( 2.128188989070672665, 5.817447230050697193, 2.164401940002777636 ) ) ;
#4193 = CARTESIAN_POINT ( 'NONE',  ( 3.508450763022264875E-15, -12.50000000000000000, 0.000000000000000000 ) ) ;
#4194 = CARTESIAN_POINT ( 'NONE',  ( 2.285563663966785342, 1.572657891003982344, -0.9460227193715035066 ) ) ;
#4195 = ORIENTED_EDGE ( 'NONE', *, *, #616, .F. ) ;
#4196 = CARTESIAN_POINT ( 'NONE',  ( 2.285320154807700899, -6.489842108996017878, 0.0005878831144263602961 ) ) ;
#4197 = ORIENTED_EDGE ( 'NONE', *, *, #1298, .F. ) ;
#4198 = CARTESIAN_POINT ( 'NONE',  ( 2.750000000000002220, 6.778849373046505811, 9.882727230318703812E-15 ) ) ;
#4199 = CARTESIAN_POINT ( 'NONE',  ( -1.615549682510055041, -9.114842108996018766, -1.616381074783570293 ) ) ;
#4200 = CARTESIAN_POINT ( 'NONE',  ( 1.616381074783571847, 3.635157891003982567, -1.615549682510057927 ) ) ;
#4201 = CARTESIAN_POINT ( 'NONE',  ( -2.129020381344182145, -0.2971314480427305060, 2.163570547729265492 ) ) ;
#4202 = VERTEX_POINT ( 'NONE', #3697 ) ;
#4203 = PERSON_AND_ORGANIZATION ( #3910, #3882 ) ;
#4204 = CARTESIAN_POINT ( 'NONE',  ( 1.955885693645933232, -10.09703437282048100, -1.933135058238605763 ) ) ;
#4205 = CARTESIAN_POINT ( 'NONE',  ( -1.933970979256853795, -3.132653664090716550, 1.955059142683995166 ) ) ;
#4206 = CARTESIAN_POINT ( 'NONE',  ( 2.750000000000002665, -5.221150626953492413, 1.002858522616689488E-14 ) ) ;
#4207 = CARTESIAN_POINT ( 'NONE',  ( 1.232840117323739326, -8.734631448042730284, -3.045439664250765954 ) ) ;
#4208 = EDGE_CURVE ( 'NONE', #3638, #1406, #756, .T. ) ;
#4209 = FACE_OUTER_BOUND ( 'NONE', #1310, .T. ) ;
#4210 = CYLINDRICAL_SURFACE ( 'NONE', #1399, 2.750000000000000000 ) ;
#4211 = CARTESIAN_POINT ( 'NONE',  ( 2.285563663966785786, 0.5726578910039814563, -0.9460227193715036176 ) ) ;
#4212 = CYLINDRICAL_SURFACE ( 'NONE', #10, 2.750000000000000000 ) ;
#4213 = ORIENTED_EDGE ( 'NONE', *, *, #1686, .T. ) ;
#4214 = DIRECTION ( 'NONE',  ( 0.7071067811865511255, 0.7071067811865440200, 8.659560562354979697E-17 ) ) ;
#4215 = CARTESIAN_POINT ( 'NONE',  ( 1.155154934624598395, 4.965465627179522556, -2.743289438998258500 ) ) ;
#4216 = CARTESIAN_POINT ( 'NONE',  ( -1.615549682510054819, -10.11484210899601699, -1.616381074783570293 ) ) ;
#4217 = CARTESIAN_POINT ( 'NONE',  ( 1.615549682510059482, 0.3851578910039829551, 1.616381074783570515 ) ) ;
#4218 = ORIENTED_EDGE ( 'NONE', *, *, #3008, .F. ) ;
#4219 = ORIENTED_EDGE ( 'NONE', *, *, #3879, .F. ) ;
#4220 = CARTESIAN_POINT ( 'NONE',  ( 3.045926682568938837, -3.995052769949304583, -1.231664351094883481 ) ) ;
#4221 = CARTESIAN_POINT ( 'NONE',  ( -1.122980677478951694, 4.090465627179521668, -2.756616452667264294 ) ) ;
#4222 = EDGE_CURVE ( 'NONE', #3919, #1897, #3555, .T. ) ;
#4223 = CARTESIAN_POINT ( 'NONE',  ( -0.0005878831144238575238, -7.739842108996017878, 2.285320154807698234 ) ) ;
#4224 = CARTESIAN_POINT ( 'NONE',  ( 0.0005878831144278948758, 4.760157891003983011, -2.285320154807698234 ) ) ;
#4225 = CARTESIAN_POINT ( 'NONE',  ( -1.281701431207764585, 0.3903685519572683837, -3.025200645364631846 ) ) ;
#4226 = ORIENTED_EDGE ( 'NONE', *, *, #3352, .T. ) ;
#4227 = PERSON_AND_ORGANIZATION ( #3910, #3882 ) ;
#4228 = CARTESIAN_POINT ( 'NONE',  ( -2.749999999999998668, -3.258472758984492401, -9.797953184584977129E-15 ) ) ;
#4229 = EDGE_CURVE ( 'NONE', #3302, #2225, #954, .T. ) ;
#4230 = CARTESIAN_POINT ( 'NONE',  ( 2.749959571463123087, 0.2423463359092853653, -0.01491158336210071135 ) ) ;
#4231 = CARTESIAN_POINT ( 'NONE',  ( 2.128188989070673998, -5.182552769949304583, 2.164401940002777636 ) ) ;
#4232 = CARTESIAN_POINT ( 'NONE',  ( 0.02443065694201764990, -9.172131448042732060, 3.035320154807698234 ) ) ;
#4233 = CARTESIAN_POINT ( 'NONE',  ( -2.749952945832758289, -5.722034372820478332, -0.01608712857282233039 ) ) ;
#4234 = CARTESIAN_POINT ( 'NONE',  ( 2.750000000000002220, -2.221593030817617720, 0.008043633102125679127 ) ) ;
#4235 = CARTESIAN_POINT ( 'NONE',  ( 2.285076645648614235, 2.447657891003983011, 0.9471984856003577979 ) ) ;
#4236 = DIRECTION ( 'NONE',  ( 1.000000000000000000, 0.000000000000000000, 0.000000000000000000 ) ) ;
#4237 = DIRECTION ( 'NONE',  ( -1.000000000000000000, -2.168404344971010347E-16, 0.000000000000000000 ) ) ;
#4238 = CYLINDRICAL_SURFACE ( 'NONE', #1132, 2.750000000000000000 ) ;
#4239 = CARTESIAN_POINT ( 'NONE',  ( 2.285563663966787118, -8.427342108996018766, -0.9460227193715036176 ) ) ;
#4240 = CARTESIAN_POINT ( 'NONE',  ( -2.285076645648611127, 1.947657891003982567, -0.9471984856003564657 ) ) ;
#4241 = ORIENTED_EDGE ( 'NONE', *, *, #182, .T. ) ;
#4242 = VERTEX_POINT ( 'NONE', #2351 ) ;
#4243 = CARTESIAN_POINT ( 'NONE',  ( -2.128188989070669113, -3.682552769949304583, -2.164401940002777192 ) ) ;
#4244 = EDGE_CURVE ( 'NONE', #231, #4139, #735, .T. ) ;
#4245 = CARTESIAN_POINT ( 'NONE',  ( -2.749999999999993339, -4.320632406416703652, -1.130362027696529159 ) ) ;
#4246 = CARTESIAN_POINT ( 'NONE',  ( -1.615549682510055263, -7.114842108996017878, -1.616381074783570293 ) ) ;
#4247 = CARTESIAN_POINT ( 'NONE',  ( -0.9460227193715022853, 6.822657891003981234, -2.285563663966784009 ) ) ;
ENDSEC;
END-ISO-10303-21;
